stco,year,actual,point,p10,p50,p90
17001,2005,129.0,116.98415645584905,90.41357493887627,124.0933380750989,157.98500098629174
17003,2005,147.0,128.78786559057247,93.10340273202912,136.10395160044797,160.26522483557707
17005,2005,114.0,126.0267266448801,88.4212024231209,125.22285009228078,153.8216393508467
17007,2005,116.0,132.40950969394004,107.6681050577497,143.7254930591802,171.59471543836565
17009,2005,135.0,110.96936243658315,87.7690545064208,117.5954576436085,153.99127251525073
17011,2005,136.0,115.25624756342651,90.67011179101553,124.99710948433732,143.4912186620295
17013,2005,134.0,107.47825152885626,80.04108735109963,109.48498455793403,146.4741485702698
17015,2005,163.0,133.18248399399178,91.07775530467283,134.33919733242368,167.2662612819412
17017,2005,139.0,123.08318246554806,103.1822864638617,134.42287820465057,161.39431498285526
17019,2005,164.0,138.76249597176627,109.47648266653475,141.02649794919358,169.27750024897816
17021,2005,181.0,140.00159638677425,101.66983248025933,147.20665562400217,167.82469338040337
17023,2005,142.0,130.59650459563005,88.55340882935008,137.62168645386578,159.4288787325027
17025,2005,116.0,113.34295544016963,73.3985314103942,116.80845300292326,144.79743665269166
17027,2005,135.0,130.67296417273283,85.4293748633394,126.36953566420648,154.19500281777064
17029,2005,149.0,136.09761329634844,104.43416572888503,139.85779655578943,163.68838584114943
17031,2005,120.0,107.18775927522543,88.21091186394456,123.24748808727044,153.2989130142794
17033,2005,133.0,128.67707160248884,88.39383492555382,130.01076052470583,155.42950365620223
17035,2005,136.0,126.2033599852722,86.36824761620112,129.6074068437719,150.30874640776855
17037,2005,146.0,120.66884425979003,98.455635050274,133.27590938851617,153.39358006803792
17039,2005,162.0,139.5895335172807,104.82107578973653,142.92658838519787,166.4244113941335
17041,2005,153.0,139.13135122292846,108.6267388402176,143.53942263841037,166.48471168211927
17043,2005,105.0,105.3987992107172,78.2844172923118,114.55016801903162,146.25546710097575
17045,2005,160.0,137.62508303738605,105.1191845068659,141.2267338217768,166.99483698655706
17047,2005,114.0,120.1160956116763,79.33396319413535,124.89013521011073,148.5999180070754
17049,2005,119.0,119.0475397910092,83.73170885815269,127.25509089428691,150.63565125264986
17051,2005,117.0,129.1595450997892,86.38331653591312,129.58765571734037,147.54580776137175
17053,2005,158.0,119.6620720264012,93.56816317895496,124.08168451476092,161.74683791586637
17055,2005,117.0,116.85311426965245,71.7209614749994,120.66997003804913,145.32571362074796
17057,2005,130.0,133.14182489325407,93.61558779012127,128.8984858134832,158.73283990794613
17059,2005,145.0,125.66645533162233,89.62622584805365,131.21034157495453,156.59876130403828
17061,2005,136.0,118.52533195515292,88.38055346784162,121.5551858626629,154.05197135661513
17063,2005,122.0,109.22934437823378,87.3746581685668,124.84347172476956,158.26081890350633
17065,2005,134.0,107.10798161732806,78.79923607221058,117.15630501232106,146.28523265528062
17067,2005,142.0,135.2040708278146,98.82908857869695,129.52787549514096,166.19493270436521
17069,2005,119.0,107.92817190609009,68.40781804815538,115.37392820714587,143.75587145886803
17071,2005,155.0,133.0296520431177,93.90837189868796,132.35934343024246,165.6091690064604
17073,2005,127.0,118.42546222317333,93.68643494347805,125.73583224788328,153.9043934087967
17075,2005,167.0,127.24339162838328,101.7643057472628,130.50091033280881,166.56767717967966
17077,2005,141.0,134.60178094861348,86.97891050955225,137.45794460292228,153.3039702926406
17079,2005,120.0,125.14004093976911,85.67236506949544,129.11553037826786,149.23494441990658
17081,2005,122.0,110.98032483198793,68.19431903874596,117.77511214359468,146.65377736372935
17083,2005,136.0,121.10920640472145,81.42436568757554,123.353878688376,153.44072381775322
17085,2005,165.0,133.0722185654066,87.1515390882811,128.91389235397406,161.97027177784165
17087,2005,129.0,109.960450945744,67.77442168848755,115.61385061567267,147.22033964753194
17089,2005,121.0,110.60719678480415,94.70953734056118,128.89785673099803,154.42287396371148
17091,2005,137.0,125.74297715511695,98.45844374339435,131.91589120692146,168.99275415879015
17093,2005,110.0,111.07427982127099,92.13088852448575,126.55353356472503,155.45602456395395
17095,2005,123.0,129.20232715206464,92.38360838007543,137.0091343770954,165.50687848357109
17097,2005,84.0,95.18270991688452,69.15542646078175,110.63355341933506,148.53074452106233
17099,2005,139.0,102.77091672249243,84.46893671229756,123.01923107140783,145.7954333196854
17101,2005,135.0,119.92895885044112,84.72843939205613,126.28103252539401,154.14928554629577
17103,2005,142.0,118.35396542085475,102.50599387323861,130.52447384837856,169.58456735363856
17105,2005,145.0,94.366588938361,81.34899316985991,117.51810329430302,147.43543282252583
17107,2005,144.0,137.07425282625258,107.32483461290371,144.9935605198026,167.72036890997538
17109,2005,160.0,146.09635175525034,107.0250286699858,142.5895786375755,169.6850163075496
17111,2005,117.0,112.74397723205652,106.35096595233034,126.81735012881788,161.60234180935237
17113,2005,161.0,125.74093419035229,99.68367156661787,139.75894326648591,162.99552405068738
17115,2005,175.0,141.92889612322762,105.19840981543358,147.95960970710206,174.6538105320968
17117,2005,153.0,131.41800867246587,93.25741690054889,136.58460420616524,158.7143241055307
17119,2005,136.0,120.56154807737606,93.76117850822303,127.110368191694,157.07829761371565
17121,2005,129.0,123.86752599881034,74.09932408169365,119.77027756352223,149.1635165389439
17123,2005,142.0,117.15640813320539,87.39936660213368,122.93301712143254,146.35094864355165
17125,2005,123.0,111.28275744820584,84.27371082398965,115.92273339326339,150.66465550173902
17127,2005,139.0,124.75260685491217,90.95624559400683,125.05294172028748,152.32837148043603
17129,2005,132.0,127.34533488042257,103.03116751967667,135.6920302240096,163.68080298055565
17131,2005,155.0,120.85380574908638,93.41672898056923,131.82565193972434,162.95066142829037
17133,2005,130.0,128.80940824199547,84.52060553058932,131.96173958418498,155.54875313887416
17135,2005,159.0,126.38219056248394,94.20781474180077,132.91313914368294,158.9310993125485
17137,2005,146.0,137.59241300054737,101.39571445099301,145.17974507606922,168.3085432865962
17139,2005,172.0,133.64995076788153,104.9579896710678,138.90405206876335,159.84798204436893
17141,2005,139.0,127.72016385921148,97.05504531545655,137.32654838334463,167.34879886759384
17143,2005,119.0,120.74761286090462,88.85208515180553,119.91274801889794,147.34512790342325
17145,2005,119.0,127.46403935475007,82.4010018337327,134.91627265701,152.0744847630371
17147,2005,171.0,143.94457658586938,112.51363782130498,151.74583780008112,175.19095075738463
17149,2005,137.0,118.30502470663596,84.30542950909539,119.13855778248096,152.72926052348893
17151,2005,109.0,109.9510496144567,68.3243567117738,117.57001017049464,145.75885627973952
17153,2005,138.0,125.18822766805846,90.96381756046156,133.68383407874595,153.1779074238919
17155,2005,138.0,122.16299536637315,88.93173994330354,124.66143463891957,148.6885780631526
17157,2005,120.0,133.25528929800947,91.57576969694603,137.8583577685712,158.2344148569088
17159,2005,109.0,104.862290161103,74.10657780399217,110.02144458645334,144.1189693340517
17161,2005,140.0,118.96937223233465,84.67712382031178,125.13921654405722,153.64325635690673
17163,2005,147.0,135.9376111230775,91.91844546625009,137.91330556443202,159.00580069771163
17165,2005,139.0,120.18400960608085,82.24375008965393,126.48123895792357,152.0547352627242
17167,2005,169.0,144.00477415395548,107.31525881390546,151.28855965032452,168.900879117534
17169,2005,135.0,123.14971093085477,92.57471854372116,126.47174648689622,157.5695876737598
17171,2005,129.0,120.19665256793573,95.87291580668567,121.84963595848401,154.59799591460148
17173,2005,149.0,126.85739423372524,95.57403611975798,131.97004473723302,154.69542975635238
17175,2005,123.0,121.18431440995177,96.38301410655048,124.82858190098797,150.881904901754
17177,2005,146.0,130.210779642795,93.83157420902475,135.62694447215978,164.26700407397922
17179,2005,142.0,120.55965143058856,91.44545194408256,130.7459377090821,159.5160979796103
17181,2005,150.0,137.5256441553912,93.63606510516514,137.76700863268908,156.60377429314573
17183,2005,165.0,134.05273132173454,102.28023957049326,142.16699301024633,168.93431007445704
17185,2005,137.0,130.08763291413808,88.65058000347189,133.45115507814407,162.03568940905586
17187,2005,158.0,131.50593323332717,95.47463216100205,138.6146767414058,164.59883752815304
17189,2005,128.0,133.80257611915403,86.44640963306999,136.4818513493721,155.74291004040853
17191,2005,124.0,120.50622827701042,74.84741871633369,124.25236272532747,147.9895758743568
17193,2005,130.0,129.07272830236002,85.49476213389225,129.1851551482481,154.8928733707912
17195,2005,126.0,114.5731730180645,93.84746203817569,123.16297709758165,160.24774871816606
17197,2005,122.0,118.58924828965665,96.22782532782281,130.5332552063379,160.3939182999438
17199,2005,139.0,113.21812414493357,71.43802493821572,124.11425696534796,146.21791318352572
17201,2005,130.0,127.88112154973649,101.46009655064232,137.13062128687048,169.74308014826283
17203,2005,144.0,112.10301466103881,84.99606812166326,122.51755625047035,145.7419539924759
18001,2005,139.1,135.58682488943657,98.99099699145428,132.28360541045387,165.5376465279417
18003,2005,157.2,121.53795349462519,98.510280050804,127.93945665903775,159.21149416208544
18005,2005,145.3,140.80851571068624,107.54245847414902,138.64091072916526,171.25118690363846
18007,2005,166.0,146.8662615841091,107.78201806193947,144.90740369843078,184.0510376395899
18009,2005,154.5,132.77493948110973,98.11644047115655,134.9831774325463,163.76487712081814
18011,2005,163.6,157.40183092277908,120.26435960872618,156.45121455991512,182.41016072349086
18015,2005,178.6,155.96387502517013,113.74068165870403,152.51261532145944,183.8496903319226
18017,2005,171.9,143.76978657560883,115.30768510369853,146.61189827516165,177.09078131980246
18019,2005,109.4,110.85617364890828,85.06923616151961,116.56465806817378,142.11726807104696
18021,2005,162.6,146.37234629501484,101.30959637343098,143.04600538119436,174.42889593146762
18023,2005,170.0,154.7357747588043,112.72565760216361,158.08354857248491,184.13970131508339
18027,2005,158.4,137.55757548036635,105.33043478883283,139.25807912217945,171.22935157763837
18029,2005,138.0,98.8057794883007,67.47201156446276,104.84745097765763,140.33400762739598
18031,2005,157.2,143.60422577899064,108.94146576097533,142.79066035291245,174.9496570752776
18033,2005,151.4,124.77968842594322,96.43783388588143,121.5794217418802,159.14146674523113
18035,2005,165.4,150.3480352448989,114.66568648938764,152.73957040106157,178.24845449972705
18037,2005,144.6,115.66177967423106,72.3106398400485,117.81269949987939,152.38233555700447
18039,2005,142.4,131.96415390850004,105.14251805132027,135.0505328442084,162.3585788070531
18041,2005,150.5,146.79704829011806,105.02613070024421,143.0025081831573,176.97318878788653
18045,2005,158.4,149.31727845934384,108.66620768634986,154.93886260753087,175.75032577495605
18047,2005,149.7,138.15761729615912,98.89062649019284,134.4749062787184,172.193057546311
18049,2005,158.9,128.30725567174906,105.68192426388705,129.3447352110307,157.91460630064077
18051,2005,155.7,140.7387130192592,100.92744832640395,142.58336431060673,172.38701839198114
18053,2005,166.5,147.57498847318772,111.54248256309472,147.85063233930236,171.3355582623371
18055,2005,162.0,131.41729111941325,96.21277027801173,138.89059293279766,157.5850741552618
18057,2005,146.5,153.9936607343567,117.44841102123539,153.10364000010054,186.5486369173236
18059,2005,148.5,156.92536210426587,122.14816827828207,154.0441877327394,184.9481750869995
18061,2005,125.7,96.67988567570984,70.2439235154583,107.53578585948085,135.61463852982973
18063,2005,145.7,152.61424946507987,116.5201044353249,152.54844470845327,182.81650818798548
18065,2005,154.1,153.69186188420076,113.66747501225154,150.5519271845297,180.53654284480936
18067,2005,168.6,154.44831029361885,116.07060605603468,153.7020881011046,184.32357959493484
18069,2005,157.5,117.45958298244845,93.29472419750344,125.26963595538058,156.74952075924784
18071,2005,128.1,127.84272803471026,95.18358053128244,129.77987271708813,162.00147576748145
18073,2005,159.7,134.60613568763262,100.67635228614897,133.5669804762692,164.76638101840064
18075,2005,139.1,124.87747392738453,91.53215625719868,130.55398683849026,157.87564022745076
18077,2005,124.0,116.292524887925,78.39399009804686,117.94748019317855,151.67951992576215
18079,2005,141.2,130.9654840629693,93.97305751429002,130.30789162287803,159.4733477804113
18081,2005,150.5,148.78997930846745,109.8675904656611,147.1485320732741,178.698620203697
18083,2005,157.7,143.18110620948428,107.4809911783934,142.88315350419057,171.55111756916327
18085,2005,148.5,124.39003857465374,101.14622470039956,126.15427632080836,160.82052157671643
18087,2005,112.7,123.46395360448064,100.8685677909001,126.96666762329825,163.09796665495787
18089,2005,136.0,118.86530139125242,91.72852286148331,122.3093236809645,163.91568595218135
18091,2005,137.1,123.4383700366628,99.06362550581646,122.64144319548866,161.38811234685164
18093,2005,130.8,107.75087292089574,75.34776599833427,119.58661100871484,139.6123043885604
18095,2005,158.9,154.49339107223804,116.27982238308618,152.42158388970756,181.2077773635494
18097,2005,145.1,149.4356574510635,111.21603453189772,147.78137958038238,180.80109781087504
18099,2005,149.9,125.67673697557103,105.60474731690941,129.29380097986564,158.0985788916185
18101,2005,155.1,126.0865172679871,90.80863635487111,132.633620398916,158.2812022514415
18103,2005,164.3,141.9640087497499,111.8403424192123,138.16875690156212,175.8194802085455
18105,2005,139.5,124.72437914702176,92.65937859766592,125.46549839814979,149.98853467600526
18107,2005,157.7,155.36054860105867,110.71931176619312,156.89293428319215,182.73111937069874
18109,2005,150.8,151.60925616364656,109.8105519652298,151.22363822191159,178.24658660959665
18111,2005,157.9,131.5377498588012,99.6876059306933,133.44831645295832,175.72579513166653
18113,2005,142.0,128.62414721681924,105.1858422396077,124.41077661706912,169.82127978499878
18117,2005,144.0,113.89107166055352,77.86674662871525,117.23104220829653,141.24268336171113
18119,2005,146.0,147.29676350756995,98.30026512440234,140.4440318427106,161.77648373393927
18121,2005,154.0,149.34734953534308,107.90482243275048,153.47218541386744,174.15763232454998
18123,2005,147.9,112.25710609428702,81.0097208661423,116.08859562285468,147.4587867268702
18125,2005,145.3,123.91404816799277,84.45898879155996,127.49840631463724,153.9877694362632
18127,2005,137.1,128.68317947846427,104.24520400435532,128.06834616182184,165.01294950142363
18129,2005,151.2,137.05612560121443,89.59789843470377,142.95670739582337,163.1903541337128
18131,2005,151.6,134.67182754840013,103.81643748069254,130.73616133183057,163.97144667047093
18133,2005,159.3,152.01272473175155,112.25846121106882,156.00488687036784,180.37204039615918
18135,2005,152.0,148.98026181121932,105.87388279788836,144.02340599495767,174.7536561726115
18137,2005,149.6,123.78671992690921,96.39592119499231,129.1687192779817,158.68743682999084
18139,2005,155.0,150.32443971541062,113.353069036373,150.54500137398668,181.84276790833633
18141,2005,147.2,119.20660738869691,100.19641897675339,126.18044666429805,157.32597274515624
18143,2005,132.3,115.85244479465736,76.08157283715305,116.22058881721412,146.21918826817037
18145,2005,147.3,148.7134803782447,107.76840986825056,148.02651061655897,176.27778741156777
18147,2005,135.4,124.23292812089386,81.9131292103786,128.26528491334463,153.318823271756
18149,2005,137.2,118.19988315340183,97.30338593261206,117.91595516076045,158.238571304384
18151,2005,149.5,127.9195427807596,106.29207695146154,124.91779097379371,170.12614886307463
18153,2005,159.2,136.348997328466,105.85484384591437,140.47446984480686,169.92629329838167
18157,2005,169.8,148.3117874000122,110.93132634366593,153.721073016462,175.9158950741544
18159,2005,166.8,160.37123706595054,121.48088224417853,163.76020639934586,186.89400797215166
18161,2005,169.1,144.59914171341563,105.88200857878165,142.74567816509037,177.9976054414723
18163,2005,155.4,131.3446836548216,87.15465183528832,134.9978763295064,154.96107335421098
18165,2005,160.9,144.70572371128299,101.50929772548628,150.40476781497492,168.64594360325083
18167,2005,157.1,151.65072908881348,111.97118701126949,158.57447271885727,177.082896120809
18169,2005,165.5,144.08605047422705,111.30813014358975,139.15110400692097,177.75201971642437
18171,2005,158.6,152.19802954180886,107.38104405126012,154.34479054316427,178.4053480985725
18173,2005,143.9,122.09899547089405,83.46062219506268,129.1602643463447,156.49646923560317
18175,2005,124.5,111.19322688449857,77.01261015075782,116.8703194426581,135.81129806145688
18177,2005,148.5,146.53423466500587,105.166770826805,139.97041808935322,177.1272419069539
18179,2005,151.1,127.58184452111367,98.43155836729048,132.03277996977548,163.80268561723506
18181,2005,175.1,142.61845965865797,107.27892109635201,143.93139495185932,178.9785940938491
18183,2005,156.0,127.85690180737629,96.63493544778352,129.2754625083537,168.3839955889645
19001,2005,159.0,141.79921377818368,107.51315901229096,138.6224439232734,165.07235667636104
19003,2005,157.1,136.30024099652948,101.96495991605424,134.49362787044225,158.68013502853594
19005,2005,177.4,143.90722106021292,106.63913972756764,145.07700793306483,181.15914441746784
19007,2005,150.0,106.71436718331401,59.8906071047268,110.24421194741106,142.20902830543898
19009,2005,172.1,157.49484565385404,123.00116627101372,152.52944306544708,180.29411876512327
19011,2005,170.0,155.30522068647875,124.3084139762046,152.17824965556497,181.27723564275632
19013,2005,180.7,164.87888673374135,132.3071680021489,164.2233409723175,190.76070573778318
19015,2005,192.4,162.94560891142388,131.00129801186833,162.46916079861717,184.223833012394
19017,2005,193.0,164.47452983503157,131.95313579927893,168.27879402641975,195.29915109475732
19019,2005,178.7,158.36947152041435,124.93359500469941,159.9063266917208,189.11627928694963
19021,2005,185.3,162.81763582992187,135.55696542451454,159.56546440308114,189.20423694776198
19023,2005,185.6,163.93077740583323,129.0256789302032,165.58335733074665,193.49317822953648
19025,2005,182.5,166.07046743559545,135.90087015984756,163.86544360498658,185.9666759783542
19027,2005,177.0,160.98570583082446,129.5466245459454,155.3862304314049,182.0624582783037
19029,2005,168.2,148.7033088830818,113.97702105360904,147.891374073181,169.84856328542284
19031,2005,144.4,120.64484768448592,90.45493634301155,124.52571374011288,156.45806121144895
19033,2005,184.0,166.36608386546578,130.8505619552525,165.13601193601244,189.07889907682454
19035,2005,185.5,161.2436528211644,132.64086856184844,157.9091091357077,188.66045604970273
19037,2005,187.2,162.2924017356738,131.33527994569252,162.78036019241182,192.74095890672706
19039,2005,146.3,110.66825017558503,73.83294745374764,114.91585021709201,143.48260685371736
19041,2005,183.1,162.58407199024148,135.02014839107164,162.4621961099981,189.50925217748372
19043,2005,180.9,155.50948352840444,108.9318058710764,154.9064506480582,180.33857917223568
19045,2005,116.8,124.86951832870298,86.54452264569265,131.23078280081737,152.98781151642612
19047,2005,179.2,154.16133043184067,126.49961791616025,148.62762908469875,178.20783567856927
19049,2005,181.7,157.87404939422967,127.71154137263852,156.51793582507634,179.45924747191887
19051,2005,115.0,105.35986772138457,61.88600500207504,105.16853309759287,143.9776344423119
19053,2005,163.9,114.35311156916389,81.59243622468031,119.81484694520923,149.05891940621422
19055,2005,177.1,157.38190546608175,115.39618816514388,155.69472136701768,185.91614219815543
19057,2005,154.5,114.48533987502243,76.49001833323508,122.07226200053422,153.6240135236721
19059,2005,170.4,167.46393791370394,134.19112325922228,164.14899929422324,190.5270455343886
19061,2005,183.0,147.8834275100362,103.53472904085947,141.9842070702049,183.0507870830368
19063,2005,182.7,168.91752244681385,135.2253204367851,168.60132554270115,189.557894374807
19065,2005,189.8,163.9845405069111,129.33977972021597,160.55216173278953,194.8111221575771
19067,2005,184.2,162.77268050357833,129.21780525840276,161.3432812926901,193.90323451133747
19069,2005,185.2,166.41155646747345,133.64293820227772,167.12833380062685,190.77425449723353
19071,2005,161.3,154.1586472002217,110.46431883294798,156.0882699774487,167.76888319815436
19073,2005,185.3,162.21481348163505,126.73752541570633,158.9143998307497,182.204672548969
19075,2005,189.9,163.67632165200257,132.19578186753296,164.4290435178366,190.29319042342092
19077,2005,161.2,155.75922948879247,117.15252738834482,150.8553725928789,181.42237712019096
19079,2005,189.0,167.32270941762238,134.66413605767218,166.61596967082522,188.2159661622822
19081,2005,182.3,166.32332167403536,134.85581572496343,163.86374517586523,188.49123570693246
19083,2005,188.6,164.7932892812919,134.41034985541432,162.85235089015612,188.19655425893416
19085,2005,155.0,146.9491282848861,110.1230681850129,144.34324792897394,174.61064096601
19087,2005,153.0,114.95033432537684,75.43141862652057,123.36600653618744,150.65483100682064
19089,2005,183.8,160.02437176794206,124.09847746488117,157.11454768050407,191.98360365728664
19091,2005,188.2,164.543699436711,135.9977797065428,161.60611388840772,190.23815998535375
19093,2005,177.0,158.40221003167827,131.77002806268595,155.5943516762888,185.02639856784282
19095,2005,147.3,138.83092880998498,94.06202878839687,136.3212726734231,162.86971542622427
19097,2005,124.2,137.24204623780074,78.68197097482205,128.85378912994398,160.62971502487568
19099,2005,188.5,152.23918529429494,116.27546146966984,149.6588474249881,180.93616716917518
19101,2005,143.6,111.96939859573716,69.15707540247585,124.04267110806022,144.75125549420616
19103,2005,135.8,127.68808645015832,82.79313599194128,130.6652853790854,149.37237645495867
19105,2005,148.3,136.75796364361523,95.32955792947558,137.4661194897443,169.09829797646802
19107,2005,135.0,123.43368314026891,90.73393993379898,123.69286248523944,157.30290216233368
19109,2005,187.5,165.61665476588422,134.5038909785834,166.90326538765407,188.7972084878144
19111,2005,129.4,113.60229339273968,68.7665615017192,115.32578119748877,150.2433668693633
19113,2005,152.0,148.0995017932885,107.93158693149384,145.35959804353047,176.74890643855474
19115,2005,133.5,107.52051591851345,82.18451091039303,116.50003055965054,144.26577557282036
19117,2005,154.8,111.3544914689579,73.87555204449004,115.74031744720139,143.68453030430865
19119,2005,185.2,163.0359174933528,127.90524577633047,160.68076521916896,189.550579805578
19121,2005,154.9,144.4923691747454,107.94757578244305,142.58407377362008,164.72765681937707
19123,2005,160.5,135.83420849448703,94.88348403195624,136.5305839271601,159.4869185560719
19125,2005,159.9,126.26828088541251,91.45193681211954,127.52854396618412,155.1868123989634
19127,2005,191.9,161.7936813654525,130.45641310866893,160.74597104212643,189.82881607066864
19129,2005,163.7,149.08242532239328,110.33597511495454,150.30198359503976,166.9375046122685
19131,2005,186.6,166.21675033407672,132.903483222181,164.94767714550602,195.47330470979574
19133,2005,157.1,128.90196922950042,96.70540357241639,131.71543387188763,158.86996466569903
19135,2005,154.3,112.90655343144981,75.5292197147895,116.83230503811362,145.99891159683557
19137,2005,158.1,149.1006140150622,110.1046914123052,149.571433368187,167.60392131605073
19139,2005,135.3,111.26064835257529,75.1813124414994,116.96240758880317,139.67385264987638
19141,2005,185.0,167.62510103430785,135.29095719805014,163.9549107375273,189.76126893368942
19143,2005,185.8,165.619334643031,135.1443907109892,162.94751271660738,192.57054772439668
19145,2005,164.7,145.40373959804876,104.95658076840004,145.39065954437277,165.04349078433444
19147,2005,186.5,165.76715145023303,135.91125495207015,165.95532072228286,190.46674887005727
19149,2005,171.8,150.23002206758784,117.82949646077199,145.9333688318344,176.2597436258786
19151,2005,183.3,165.47017005675332,135.8019889124329,162.87253472690315,188.05247650936545
19153,2005,174.7,157.56976809534808,127.44583172537895,156.9444057542617,180.40755749585935
19155,2005,171.1,149.27180077474242,112.99163816321291,146.15325932187005,175.91946252632945
19157,2005,176.4,137.37647590469558,101.45386306635167,135.86120414924298,159.6164199261852
19159,2005,153.8,124.38139837600794,89.26916846361897,126.34724333185933,155.4261853535284
19161,2005,185.8,162.42683788228717,134.8375188783217,157.9793327942645,187.97442476983042
19163,2005,148.9,117.29566427812945,84.98073044532136,123.61880192761966,147.23534890270375
19165,2005,171.7,154.5312230675047,119.0604684062724,150.38943585876865,182.17050117823052
19167,2005,185.3,166.0331916085074,133.35457168182964,165.2128234526362,189.98295288220984
19169,2005,187.6,164.9881269098675,138.1487928875582,164.16318449466712,186.74574593315447
19171,2005,181.4,158.58868509144517,127.53679432277673,156.08051381340658,184.19114848170085
19173,2005,156.8,130.26047749681433,89.1883276120658,129.3571801982099,156.44109393107934
19175,2005,157.2,134.13899044546318,100.85172965496488,132.87118039294,157.67975024608032
19177,2005,124.0,100.65392372216053,61.02167099011851,110.97527052464332,141.42483044848476
19179,2005,136.1,124.3185674205216,79.4188097500655,124.50316795385615,152.21991975501075
19181,2005,157.1,124.37360450005137,88.9175552888057,132.18517619828563,154.07071721456313
19183,2005,153.0,118.20943199048189,78.22634648576046,131.7229082073619,149.70148956978056
19185,2005,157.0,114.1933975483354,76.70875144726895,118.15647940136057,148.437364088916
19187,2005,190.1,165.52374699038353,131.17434082068482,161.99741842484042,186.49306446198324
19189,2005,189.6,162.14856738183977,130.69843001149908,161.1225850765586,185.88986614284698
19191,2005,186.4,159.13184941105692,121.34927173006201,155.89222297650153,189.62324851262437
19193,2005,172.2,148.756018884358,114.62444267995258,138.54811483539027,171.2983881946361
19195,2005,187.9,166.74729545128122,132.6173025825026,164.69391638284475,189.34915148687804
19197,2005,183.0,164.69141816812385,134.77968889632777,165.49718023725285,190.0102039943581
20001,2005,106.0,97.77968375227259,72.6844090425237,99.92946636186872,121.19064180436618
20003,2005,101.0,94.9894359187181,74.76736486409969,98.37934926108522,121.72043790275413
20005,2005,121.0,106.17092742143515,73.06394008743952,108.37794121062568,140.89403578742537
20007,2005,116.0,144.20424509678918,89.24683992501569,141.44639837394683,177.95041709998176
20009,2005,144.0,139.12222862164128,84.27535199382041,139.84351661149614,169.49930285990172
20011,2005,117.0,86.34954476338409,63.70834278510888,86.63371230959855,119.84649920677441
20013,2005,142.0,112.39181342826834,80.96056942603462,108.52080107753605,147.92650064183297
20015,2005,90.0,99.23126522579913,72.74664468221178,97.30318283829281,128.6458797786313
20017,2005,87.0,93.0060006841313,67.55610234958422,96.05942497123245,122.79395208666243
20019,2005,109.0,82.3280392811252,63.262366839429504,83.03969130973098,122.2432402301556
20021,2005,123.0,88.745700366483,56.42224831541671,91.53242581072091,132.4885846269147
20023,2005,141.0,142.68928349753767,94.53117499407114,144.57639372963908,168.50404689498995
20025,2005,190.0,154.73650136596146,93.15217339360468,150.49308583049773,180.41735517992709
20027,2005,150.0,134.74503679600483,90.56989672584739,137.54530154164217,168.0718683997294
20029,2005,156.0,136.17537730344316,88.59238059652004,132.1102880835625,168.330813672996
20031,2005,101.0,102.8904307184617,77.25191972949914,107.89248972600157,124.79535992242211
20033,2005,152.0,151.9006327351347,78.70190831217263,140.50588679226573,179.3750167863833
20035,2005,94.0,95.3260889360966,63.110317225390546,93.78208255390868,144.71073100498512
20037,2005,103.0,85.87223425645624,56.17924477857741,87.6870548094052,123.88360154761902
20039,2005,81.0,96.66948536412089,65.40912209830488,94.51822997610032,176.89050123004597
20041,2005,98.0,88.60472103168203,61.2160048983108,100.45317424479103,139.4649217775705
20043,2005,156.0,128.66554477572333,92.16454845707229,126.4454224052223,158.4441426569196
20045,2005,108.0,113.09412867212075,77.43786621804576,112.95224594195436,140.63630991419717
20047,2005,169.0,153.99157391714695,96.90244721655971,154.34901187512267,182.52654829498135
20049,2005,98.0,94.27280419330363,62.580716659145324,92.21176520602306,122.46389057627381
20051,2005,59.0,103.67489632912375,68.33094936059807,111.32563693684996,154.96729071672112
20055,2005,191.0,161.52278812304647,103.74887519311164,167.26849226508787,193.9286482469795
20057,2005,164.0,156.8378806171009,82.26698344514723,150.64822214416657,186.0381915150952
20059,2005,96.0,103.6283677415039,72.52543597554971,103.18979684580674,124.28348941170263
20061,2005,143.0,117.22441112845546,79.98432130859265,116.43111552775608,151.1773176448356
20063,2005,79.0,115.226330090049,83.9501228087295,119.59950453455579,168.20359087981944
20065,2005,76.0,118.63004802346806,85.94703229218422,124.3467165625446,176.6880656180934
20067,2005,192.0,162.33415091912016,95.48864473514917,163.24723347050715,194.13909608232362
20069,2005,193.0,175.7318002216203,100.53023896422728,167.72355708532172,199.4139663666354
20071,2005,102.0,112.61523372217235,82.54593686256658,143.4588309740524,183.89247872522085
20073,2005,89.0,101.99212033737057,73.10854152628247,104.2015854822548,125.51610523974102
20075,2005,142.0,140.07390626570805,97.50998722468331,155.2973720163017,195.03150378240903
20077,2005,131.0,128.604212581265,77.9928804699673,134.34654591889498,178.6299664522304
20079,2005,122.0,128.83541283122244,76.13147901590585,121.44388124567597,155.204875044183
20081,2005,191.0,169.23020107480477,103.45041990245677,164.34894358791277,192.7793157860179
20083,2005,178.0,133.22464818735165,80.37894914396021,132.07888225190908,162.210557149265
20085,2005,110.0,98.22681135846388,65.39238678325707,98.92203248277501,135.69743551752487
20087,2005,117.0,103.99015255942977,71.0466988848186,103.22658340245566,134.17774900776104
20089,2005,131.0,125.7463512433953,81.69919886555768,120.66323550712306,162.9569865046194
20091,2005,108.0,101.04808515640583,77.90276898960796,104.9750748106387,130.3461791114667
20093,2005,173.0,162.2245601208808,105.50250765235037,159.69339217760964,194.70283350353168
20095,2005,164.0,145.13647698364116,103.05480230676578,142.70241555428697,183.2992996838809
20097,2005,170.0,158.60739609719283,110.11070680721099,153.332770851352,192.19391236024802
20099,2005,106.0,77.457599846477,56.00294385124073,85.56952126400819,121.57809077613716
20101,2005,100.0,122.95167141657444,89.45799512022931,120.68326716457746,175.6809692285777
20103,2005,120.0,98.07293122356211,73.22162698194802,100.09828369999069,136.49010811700052
20105,2005,92.0,82.5705494258389,52.27471884855885,91.13606036904834,156.07045336324683
20107,2005,83.0,91.10379035444758,69.33896907015233,88.23697342518672,119.89307664536537
20109,2005,80.0,104.992540366933,70.77049986901162,128.3116562622249,175.1518733878619
20111,2005,89.0,98.09674627476946,71.52867824297218,99.6119838330341,123.4883154037715
20113,2005,158.0,129.36567147680884,75.1555722444824,130.30912795003894,163.65524476491635
20115,2005,78.0,85.93796514828004,57.472447325046204,83.18914825169732,125.55630621542974
20117,2005,119.0,101.96037432107755,76.73261892404544,105.6432494919258,140.34322439463975
20119,2005,206.0,168.23785771146964,94.00339430017692,159.7185489836126,200.2939518319711
20121,2005,108.0,97.39050444317775,76.39703869959176,97.51509244473094,122.8187020317671
20123,2005,129.0,115.94791035829677,72.4327856328628,113.12049212690573,158.33005592617778
20125,2005,98.0,81.82784790990986,55.32540188997213,83.6763820632475,119.13683734474596
20127,2005,83.0,85.89066292261931,64.00824392241161,88.02169497443951,126.2206694395081
20129,2005,138.0,146.5583631015148,94.74470527115838,156.02509656413588,196.67982992620617
20131,2005,116.0,110.93517938355292,71.61541256110341,106.64773968720583,142.8625871694026
20133,2005,101.0,90.24971527791176,66.07126278650757,94.92077640465853,120.07270362601504
20135,2005,77.0,97.62010310558051,73.88647660903943,111.33824435531007,156.2565293798204
20137,2005,94.0,108.6141477279603,77.15639504166013,99.31562969916729,174.66143042689004
20139,2005,98.0,99.66719369754689,72.42202047818822,100.8115328893635,122.13351339081875
20141,2005,100.0,123.29956030004536,72.18987515936408,123.15679027315949,160.75320048925929
20143,2005,118.0,102.21250609731001,70.88420356066611,98.72075390004758,158.0342352673423
20145,2005,170.0,150.42343318463534,87.61117837373018,149.01634354998023,179.25703976522755
20147,2005,93.0,105.99801205038116,74.61403460164493,94.06426642556366,162.9674728650367
20149,2005,146.0,120.40821343163493,76.57992100139734,121.16254581140551,151.01116082025146
20151,2005,166.0,157.69564692475694,92.11774592068397,148.42034077118706,181.99560976912795
20153,2005,77.0,112.86750533780268,73.22196751988346,116.12148054962759,165.8116504187416
20155,2005,142.0,144.8732910670976,97.1073673249467,143.19232857795674,176.73035911022933
20157,2005,133.0,140.4518297335282,95.12813553072691,129.64202247890088,167.6650836866021
20159,2005,130.0,132.51654889047163,83.87510127416463,135.52053247688804,168.0445665113183
20163,2005,76.0,99.0404705183673,67.30143077369237,108.45450034511327,160.9341065874473
20165,2005,101.0,125.89583994600356,84.60239196961089,123.4897192590604,158.97048809822257
20169,2005,111.0,96.06460799861742,66.35084325126333,98.9187863057233,159.45623814623062
20171,2005,123.0,137.89705651586473,89.04195548046599,143.4654615674693,184.51122439308182
20173,2005,141.0,133.74552465985678,87.64553460655578,121.85455295761973,162.8834211042374
20175,2005,196.0,149.9804841247891,99.17012589862966,159.48822586908193,183.57813192007427
20177,2005,136.0,118.91769680479764,76.48906292297202,119.40930509596153,143.8199261518249
20179,2005,141.0,168.6726617146251,101.30018975096985,162.9425162359715,180.707700296084
20181,2005,144.0,146.4430180649901,94.30498055142957,140.3611773850386,167.92470519180938
20183,2005,105.0,118.3838002166381,77.49669377350435,119.06526981714487,163.81518506309587
20185,2005,152.0,149.8224869963905,101.23262974636413,145.00910566440407,180.22982977144832
20187,2005,171.0,162.67749388177458,98.23710642882119,165.33071127966687,198.44013697676758
20189,2005,188.0,152.35089070604417,95.5303302810783,157.42159380960592,179.87593665803863
20191,2005,115.0,99.48174231640627,60.25704987230455,88.87012986499558,150.35260357268677
20193,2005,126.0,154.46884352120136,93.35676807125256,142.33180366689368,171.53266482336267
20195,2005,79.0,110.71636934124425,77.04203175723471,117.91844568823744,168.9409105618658
20197,2005,136.0,105.74640265037658,73.0345872845954,105.25721108926352,138.2394874476683
20199,2005,132.0,123.6750492830935,84.90004936555118,130.86443027445156,170.48774028902284
20201,2005,112.0,112.65424294257362,80.94236532034242,113.41391797853545,159.05914116463723
20203,2005,133.0,138.21925921618478,89.94160234839492,152.2715719186074,189.72566698762287
20205,2005,104.0,99.84584462858892,67.72664633396427,101.2695245848893,122.75825131403967
20207,2005,94.0,103.28722333053142,78.37554722096085,109.7392254703081,128.10768069273809
27003,2005,96.0,102.1033132676962,80.31526457716897,105.38081248656312,141.34294227496997
27005,2005,125.0,105.83320188067357,77.23306683418575,113.6885891673115,148.6315464424759
27009,2005,142.0,111.54094701866909,83.3568451367491,117.08151825223248,148.3824376757051
27011,2005,169.0,126.36593778722376,93.25421375876158,129.21875002744073,155.2699851543842
27013,2005,184.0,146.9083606285375,110.98821013149161,147.57260456779647,176.07707491901854
27015,2005,176.0,156.6779846385165,122.4464615550734,159.77247061402483,182.8683838774583
27019,2005,171.0,144.3634081036725,118.27837623146794,147.92325695329617,176.79307937032203
27021,2005,124.0,97.3988187350474,56.15860843213471,102.35842837344373,139.16066480493348
27023,2005,176.0,146.3977354861667,113.27773295874758,153.45939090932114,173.93462760422412
27025,2005,127.0,96.8930717289369,78.74025463808205,107.15284361989504,138.62732446238195
27027,2005,145.0,113.19466938224868,87.16109818324739,115.10370696330551,141.52661129043412
27029,2005,91.0,100.14592831502901,72.96193497076509,110.60629381011175,146.10403034628308
27033,2005,184.0,157.84073852493995,122.39889789160233,161.70418693070388,188.73137494205693
27035,2005,91.0,82.89882180346915,54.196614813368555,93.7635708839746,126.12604767563957
27037,2005,174.0,127.73830465220856,97.255775892084,130.4015055747108,168.52473271339113
27039,2005,187.0,150.59280291595724,123.03397823743359,154.22050807310387,189.20648834041555
27041,2005,160.0,119.92960951232287,95.2478680420752,127.77641253560309,156.90662072107583
27043,2005,190.0,158.6576470114321,120.96900876889191,152.0311263802585,186.75548838447577
27045,2005,191.0,151.32902918974804,104.70348340223615,144.62409728571933,179.3110254430215
27047,2005,184.0,157.22099053160898,124.28892637081975,159.7860191853827,184.10291411030573
27049,2005,176.0,151.55397176173375,111.46234510400511,151.00694719890942,183.1326865143913
27051,2005,166.0,127.76253603722039,91.39752077443634,125.51013881338226,157.38037679436943
27053,2005,156.0,139.91760956258798,106.59258822865094,141.2237480049726,168.85751498941204
27055,2005,183.0,141.59021523118113,101.40564576632985,138.29485710079612,178.47989930202147
27057,2005,156.0,116.25684409602322,72.73082214232194,115.18173672876672,155.52531637053647
27059,2005,107.0,101.97232998448706,79.0871520647022,104.91483197324288,141.61712215013887
27063,2005,186.0,160.19592761839993,122.57414499248105,157.89740187124573,187.0724134607675
27065,2005,71.0,94.55231208549469,72.43356245413713,106.74654261322426,133.9222057024147
27067,2005,178.0,136.21842124432717,105.39062738192644,139.52046158105358,168.07732310197355
27073,2005,165.0,137.69467091283556,111.67959846451627,143.5866425806463,166.26897439190589
27079,2005,160.0,142.14114473207732,111.86495936153294,146.67300594891353,171.43087187032242
27081,2005,176.0,150.1235339766616,113.59005777991993,149.30948458535107,182.2834644716278
27083,2005,180.0,156.3216309862512,114.7901079105284,155.42996315641085,180.74179880301435
27085,2005,181.0,156.66806120472202,121.33848512759229,159.52547536681993,181.17118174326868
27087,2005,124.0,105.48638720813342,84.20284068497146,109.32244707780194,139.8496639685194
27089,2005,90.0,104.5319300689073,73.12964895676512,102.94265077113556,136.5642900567973
27091,2005,190.0,164.83382656101682,124.21743809229977,163.2481528934196,187.74996516470964
27093,2005,159.0,141.34192963258496,115.19525653510621,141.86115767438773,165.4838804692558
27095,2005,114.0,102.30224390775602,76.315082744878,110.00588383261751,138.12189200588145
27097,2005,131.0,103.2430917397669,71.95232584588594,109.289945367225,140.58829594633937
27099,2005,178.0,153.2128360504959,119.16345278102514,155.97744025001197,181.04695682077684
27101,2005,182.0,158.81290097178655,122.49487360175138,156.7089995123531,186.21875813517835
27103,2005,174.0,159.63099693074534,125.4691347392511,163.08031656024673,186.259677074001
27105,2005,187.0,157.3612141943376,123.76200849436529,155.69339491340054,188.172095732102
27107,2005,131.0,108.136258845282,82.749521288673,109.71774844082461,141.02659855359616
27109,2005,187.0,147.99821666324218,104.90789055120426,149.42053526448444,178.79752930213968
27111,2005,139.0,117.68820151866021,95.30790016822395,120.13975845586309,149.1957904947419
27115,2005,99.0,92.20652931981648,67.5594620517877,102.44826883503501,132.82225837276505
27117,2005,176.0,146.25941955534265,105.5623872466704,147.46687138417494,176.23961127249893
27119,2005,124.0,109.55747117870541,85.75557573177446,110.4448121681964,140.98998176876506
27121,2005,165.0,133.59651667462262,101.40766773283686,131.72304745088485,163.2795094213061
27125,2005,118.0,108.09961644680693,84.10112779866003,107.82913977096891,143.34385889344688
27127,2005,183.0,154.89712750365973,116.81289222299839,162.1086436630613,182.53121951050932
27129,2005,183.0,153.9987943710417,123.64139051378783,159.88773143207237,183.29388039297314
27131,2005,173.0,151.72731871140925,119.88257768509752,155.81947492172702,179.75635675316573
27133,2005,190.0,156.94989061689284,123.65779515515544,153.9265647165269,185.52791261696635
27135,2005,111.0,100.90927382856687,78.82275324494113,106.37805370837286,137.42999041036444
27139,2005,163.0,144.37975176884183,115.3194579392576,151.99310534091188,174.8494628606998
27141,2005,158.0,107.9496212491359,82.32794301166821,110.86262036965488,147.91892126386358
27143,2005,182.0,158.09088174063154,125.13608302107755,161.79002900091558,183.28857370387928
27145,2005,144.0,117.85872680338052,98.70824714038112,123.77880238983342,150.6533477838664
27147,2005,182.0,152.17206940620093,121.89305008963865,156.43580076040666,181.1784187283643
27149,2005,170.0,133.40457046612124,97.41217096809052,133.1943610213772,166.40607953620128
27151,2005,180.0,143.4282773342927,110.96460691656947,149.8815231126498,163.88484218783788
27153,2005,131.0,97.83793241078511,83.60953207874225,109.34365610689815,144.12445994111948
27155,2005,160.0,141.47059833489206,96.70380865495382,132.479058073574,161.5140106827034
27157,2005,186.0,152.80661142208734,113.52606569999622,151.97627023741248,186.73683360740418
27159,2005,148.0,103.68897053055095,74.83861415391566,106.75656897934778,142.55380939505133
27161,2005,187.0,152.83272691117463,121.67372025535957,156.55946189295003,181.80530977082836
27163,2005,168.0,119.2655007352794,84.54139096816252,113.20932322102846,154.53916447476723
27165,2005,188.0,155.95268829594463,122.6775147109735,156.17696055329452,184.6324449905158
27167,2005,142.0,125.42863976432663,96.67240804414506,123.08690280536806,145.3316440420446
27169,2005,185.0,148.02809101294872,106.86526320425756,146.09316188096366,182.5394259781664
27171,2005,152.0,137.95341018006917,110.91074844840826,142.19955583034312,168.61646764641281
27173,2005,166.0,150.3506212605205,114.81204546330855,154.45478593206656,175.28185174773995
29001,2005,90.6,89.0602634375239,44.444094768384055,92.1760626054233,131.4486638831064
29003,2005,135.3,111.61951093334326,79.1793595019521,111.3007319481842,143.11688918694796
29005,2005,159.5,134.58656676019496,94.95770657287878,133.85750319394896,160.25926315780922
29007,2005,55.5,83.05177178534422,39.29955522276458,98.34860577412574,124.76445833174277
29009,2005,80.0,73.36509233001124,40.17677220815889,80.01000235984783,122.20384819573964
29011,2005,102.5,108.19752446777403,55.57642330377479,95.84254236120087,143.99102982468898
29013,2005,108.5,85.12064309770886,56.99959003264347,88.89635172626735,123.00126906611021
29015,2005,61.3,63.77621878566715,33.9404720660833,70.60475339384426,121.79584172416777
29017,2005,122.3,130.49028099723873,81.30315511184406,127.69765909892445,154.66643544523683
29019,2005,68.3,81.79866733299109,43.7939420814269,88.87235193830749,126.81418651584535
29021,2005,131.7,124.49525046640659,86.2639380336534,121.36411507641952,146.61595538428176
29023,2005,127.6,133.47919307158807,80.47941045896557,139.90621566288854,167.4748639254946
29025,2005,75.0,96.3332781940126,57.449800156583265,92.94482754581965,137.31198456911875
29027,2005,73.1,78.26576661400888,44.03722066800857,93.32992840057433,127.93939315125844
29031,2005,133.1,132.5406853335519,86.58536175130429,133.39615960446875,163.18483037375975
29033,2005,137.3,99.22712686248076,61.7758487346578,102.63177344721667,137.08824150920623
29037,2005,112.7,93.87162238003376,60.91736246690361,99.26331082176021,131.0354611185212
29039,2005,84.5,68.62837100490023,34.037639694295855,68.52703249230143,116.49185501269352
29041,2005,116.5,93.0357126484521,51.794804910440604,91.04788654523206,133.35669578036004
29045,2005,105.6,90.85591252704342,50.38564413194685,94.45820884238876,129.4456257367874
29047,2005,122.4,113.49383316790929,75.18988473496223,110.20446247232277,146.41618048087554
29049,2005,103.4,110.16521769244663,67.18139571733624,101.83499775065569,141.53077782238915
29051,2005,78.6,79.6258898903987,34.68889511590791,88.71870593998814,120.47596019886103
29053,2005,68.2,85.1320319019461,52.76162303432301,89.88425044888457,134.9155504728408
29057,2005,66.6,81.59318900341523,39.745280160443194,78.40030553118818,134.3574400536191
29061,2005,94.0,90.89326582387771,50.542846101770564,92.79989293327496,135.3863819580157
29063,2005,105.8,98.91167515713113,63.35935984621911,100.19585841134885,136.63409432788438
29069,2005,137.2,144.26821541356634,73.60110644488472,128.00290056436577,169.93991748930904
29071,2005,103.9,106.9827171727021,55.29317216438767,100.7013710551963,134.62932437610866
29073,2005,90.8,86.99662396153875,43.96379825714024,90.0365620729162,122.62430952248008
29075,2005,140.7,102.78838792639573,61.76752982628096,100.45579149151088,134.94239794315013
29079,2005,110.1,91.41745280808186,54.80605475863129,94.2750752474631,137.2672547063646
29081,2005,127.3,112.3198449338156,71.38219860431045,109.40174979018363,141.62731762533997
29083,2005,96.4,80.16426221351554,49.596286705417356,89.13835767718209,146.01880131127504
29085,2005,55.3,60.697934788022884,35.331885951295604,63.09126677641471,115.90420784384116
29087,2005,146.0,135.8623202818475,91.69875810162769,129.08530478134423,151.53215068322578
29089,2005,95.0,95.57366254382922,63.440176421348156,98.33071778590707,138.7504107359233
29095,2005,134.4,112.77706596820477,73.87588904748297,110.75629888635046,147.32695515617868
29097,2005,90.8,98.37009812358016,46.858385036892116,93.68644746238873,138.179984311132
29099,2005,70.8,123.45558990005316,78.29013964504972,111.56313552939137,150.78168761190207
29101,2005,90.0,84.7662047227503,54.40548199088484,82.85440003287401,136.50164202304882
29103,2005,60.9,81.17015456333623,37.394289875073405,84.2573133531112,124.49730549722655
29105,2005,78.0,61.31164190674007,27.724756719345628,64.9189022573937,115.40880134315826
29107,2005,131.0,121.60723297852634,75.31315560537288,115.02706653134625,151.22790223815886
29109,2005,79.7,79.90698213402626,44.73269410438432,80.3636912773019,122.95191823294519
29111,2005,71.6,84.33456976764916,46.898932100090285,91.5661110603253,123.11775331668433
29113,2005,86.3,88.23829756435268,41.8769167217199,89.1563889525443,126.54454774030235
29115,2005,88.6,88.9347892567899,45.31325153329856,87.00808294892344,129.14292079913986
29117,2005,96.5,92.66286369336557,49.55997105286208,88.18452770818486,134.60327235737924
29121,2005,86.8,82.4792298045819,36.00016881339351,84.4961671673114,125.1083023536648
29125,2005,60.0,73.31282507600709,28.43069414466858,73.12073765987262,115.84083572437355
29127,2005,63.9,92.80594912861224,50.402567473900476,100.37468452553318,131.03296030436508
29129,2005,108.2,101.76390450988382,59.84933315900727,104.62223680282155,140.2035338813845
29131,2005,68.2,74.17332545429481,25.328566028666245,75.30061818652885,112.59043809796789
29133,2005,146.9,139.72732782020216,86.00476929559,143.21192735147844,165.93573923502416
29135,2005,62.3,73.52169593032085,35.04002415969925,76.46411101143907,124.89752968173323
29137,2005,56.0,71.9757920876738,29.916871165986933,80.99859611365846,122.82573013038949
29139,2005,65.7,91.50015274868299,42.648396099086575,96.19271867160114,126.48741598912004
29141,2005,58.5,72.33820558795273,29.252536883793958,76.35935098124341,122.72887814301374
29143,2005,149.5,148.1517847088032,63.26996186272345,124.01508510019067,171.4108735762267
29145,2005,68.2,81.1077819376951,46.56647521179496,84.43227871660376,123.72240000508873
29147,2005,142.8,122.69427894000916,86.13245863294192,116.7083674968513,150.0209783257396
29151,2005,91.4,83.08109478472775,37.09800198017596,87.60189902618386,123.16490938491715
29155,2005,133.9,123.63516886577035,61.74912656561719,114.28614625504284,158.053857781082
29157,2005,114.6,141.77463749047058,89.52779216374644,141.55726275041252,157.96152365269333
29159,2005,69.6,74.39016675218585,46.93192054368276,85.70381489924381,132.5677402102232
29163,2005,70.3,91.30747071120412,51.624320319668215,101.36493000943814,127.90957911964526
29165,2005,135.3,121.71851949432278,82.59861931648932,120.22237108640564,149.48996441610686
29167,2005,60.6,62.93315488699615,27.405963482592945,67.72619655617903,116.48706768844566
29171,2005,117.0,97.3493436354615,58.504085068092664,97.54989473508378,141.09182709739508
29173,2005,50.2,86.28127039223263,48.839491628739566,97.3484088755294,126.02925774017572
29175,2005,63.6,74.9373190208769,30.783486450094735,78.75443552002658,119.85838219183977
29177,2005,147.2,106.55135731811231,68.40423738540639,106.29916481719168,140.0106822778733
29181,2005,119.0,113.92868682572367,63.15279014421412,102.8392867372594,150.42375162923258
29183,2005,119.0,123.89338361108567,75.32342754003172,118.76484417476628,149.01287490375572
29185,2005,85.9,68.27762765863862,42.20481513211003,77.92360998673617,135.2242736152738
29186,2005,115.7,133.03670391620568,83.33749163811105,129.4726307320547,155.48215578600832
29187,2005,100.0,127.45879150601075,80.47210697110114,126.77699097517485,152.2516571639789
29189,2005,115.6,121.85243483220937,88.29129376565412,126.8595185378916,159.63798118426288
29195,2005,126.6,100.16103439196631,71.41627180955196,107.57398998128505,147.56518034023202
29197,2005,85.4,96.53265869554315,56.12595012580633,90.99979885151934,135.42062875817535
29199,2005,80.8,90.25779654848259,49.075546793315986,89.81291185606796,132.86279422935883
29201,2005,151.8,140.81644890577192,104.15192481399826,144.83947925094347,173.83335036372034
29205,2005,64.5,80.30267751063512,38.32142183501865,88.60311348994139,123.8147141772409
29207,2005,140.8,145.65099464740445,78.93775134779152,151.4424200278282,173.7890782160955
29211,2005,85.9,99.32573266358358,54.95579373878702,99.018761655168,137.44859343824254
29217,2005,124.2,98.06583209690208,54.840288875730124,91.66446613578886,140.74815914129562
29219,2005,85.1,95.49534352554576,52.12954937588698,103.82027628011899,134.21936130455856
29223,2005,117.5,125.16793597895006,81.48117762009687,119.14659514631333,151.69096576343702
29227,2005,143.5,109.20315363363234,81.17559436904607,108.87343097063935,144.24283988884912
31001,2005,174.5,158.13727257493431,93.32803411266065,145.96812083334785,185.4665976943085
31003,2005,164.1,122.5147805985376,100.74424652537174,127.87148268745585,165.51548944606046
31005,2005,160.0,134.9625318911857,87.93661343988559,131.64553723044114,178.169900269041
31007,2005,125.0,129.30950675521342,82.06522575169512,134.60420996516945,173.22628323263046
31009,2005,145.0,139.14671856560722,100.43327247602787,125.19932765804126,176.35657891755716
31011,2005,162.5,122.52894116627482,92.73048727245015,123.9825332651954,158.9411535587141
31013,2005,171.1,147.94625276667747,93.59731473786344,146.8085329427967,181.22856647948444
31015,2005,59.6,92.72938639768815,59.744659221528636,90.82222366547052,150.8713927669823
31017,2005,176.3,141.54432186504144,93.01089963325569,131.7082891322115,181.70128377054434
31019,2005,173.0,153.43164786157553,100.77825866300732,154.5527375566451,189.2322384511547
31021,2005,145.8,138.1842781935191,96.04198548444225,141.34396461445232,158.68825357310993
31023,2005,141.4,143.22389401806566,92.25301559479101,135.92375116279027,168.72779101274597
31025,2005,134.6,131.21529596588695,91.76782628073232,128.17815407319466,159.72813098677562
31027,2005,149.0,124.9813298998465,91.38760995913849,123.62594342278186,157.05768217173207
31029,2005,177.6,160.9224479654293,100.96210767120505,161.93392596222017,194.4070463805972
31031,2005,182.4,141.47572004242872,90.953478893273,132.00030122261361,184.90389388097682
31033,2005,156.6,134.6765734583993,90.26299518521029,140.0073316055103,169.98221261648038
31035,2005,173.0,162.36278090538622,94.78840639739938,151.3113635985402,183.69898050734372
31037,2005,144.7,132.79230786944368,93.16972556249239,129.82007953538653,159.21144115955053
31039,2005,158.3,132.0530965641334,98.47129225895756,130.41006592787653,162.0135936822811
31041,2005,155.4,155.26087889245642,103.27090668902575,154.92625854350493,189.5862184216514
31043,2005,158.6,132.2499130298824,90.34069005561794,131.70284355223512,160.11277826582005
31045,2005,140.0,128.1417306626938,69.18270646715662,127.93966209143892,169.37408559372565
31047,2005,174.7,170.50783235728034,103.03223085719918,170.02727629350474,201.02854782200737
31049,2005,143.1,138.55912398671225,96.35499303427112,142.4080617986479,177.38824075198983
31051,2005,149.7,128.11170356024297,95.99338330452753,122.73818184005108,163.05476562319652
31053,2005,151.7,137.60216882193942,90.38613823565855,138.54438380726566,159.07846152800084
31055,2005,147.9,138.72864322432932,99.16979346277799,136.67594751808213,171.51100629581128
31057,2005,158.4,157.04073274277067,109.78553582475342,158.6898138439938,188.64073999350273
31059,2005,162.5,162.6473796606105,95.71478273931456,148.13546077371666,172.2905224980318
31061,2005,161.5,155.85512871690563,94.16367251194973,143.14778337496116,186.58688472268406
31063,2005,117.4,128.31550452506093,86.29324482690664,136.72775227593462,183.15642543647064
31065,2005,107.9,117.700692393597,77.51226122772107,121.77594846556637,179.50392064215214
31067,2005,128.9,126.29790778783206,84.59789506003388,119.76416383052572,149.57270122198994
31069,2005,164.8,140.16319762332944,89.88121455392506,140.36520121099127,176.4592457817891
31071,2005,152.6,133.91308759141359,106.8062056497319,131.06968044256266,168.93783783309797
31073,2005,167.2,165.52297979083073,92.07485580894809,161.01450866083292,189.22764891364594
31077,2005,157.8,129.46635182358546,97.69137453653373,139.3205189039413,171.63331458750824
31079,2005,177.1,151.21536973274334,101.98435695874444,155.50149853493937,185.70943710526495
31081,2005,183.2,162.53155563285395,101.85324675574071,156.93682672351662,188.2711808983405
31083,2005,150.5,149.32537970930866,104.68043835314953,140.01189651527002,187.3950184206191
31085,2005,132.2,148.6977855341727,96.33545335567544,150.27208568614563,183.28269711134604
31087,2005,104.6,125.11408415803662,86.22634731441543,122.17296969630475,171.328046523031
31089,2005,168.5,145.43095116359183,100.40386630742579,136.7804017639105,186.67060865658482
31093,2005,157.2,137.67228581374584,105.41753608043318,147.74171543441983,178.44934057350568
31095,2005,142.7,139.62104649032153,92.448625227931,135.95276477994338,161.22703314888108
31097,2005,103.4,117.67728768073823,80.37733641848958,115.26339092804044,145.57714833335098
31099,2005,184.8,166.22395675246943,103.03389687131998,152.12779030509395,195.103548023209
31101,2005,150.3,143.68683864466362,92.93192281235139,147.8272056313469,172.0006465182662
31103,2005,112.5,114.88017812634476,86.85017974294021,112.87942986836163,171.1632268658307
31105,2005,136.0,112.24036384209259,81.17813041545945,116.95445487877593,171.4917212583185
31107,2005,129.0,112.96610941671221,84.92634855202803,116.91375604218248,157.61632671256288
31109,2005,107.9,114.48210970030817,84.23185979882952,114.95390193792615,147.23693340571833
31111,2005,159.0,156.50327920427603,100.07049442796078,152.95298962838845,190.5250222732998
31113,2005,140.0,142.5517861375707,102.20282443597493,142.82812062860214,186.92534305736055
31115,2005,144.7,132.0378702419099,104.36767300741182,128.79789873572886,170.49645527811137
31117,2005,188.0,146.97072298738112,96.17300961444688,139.67747569286823,189.74985191461602
31119,2005,148.4,120.72279577904612,92.44763319287684,121.56407529973376,160.92062024124957
31121,2005,163.5,130.63669867986624,98.69986414004913,129.90373796547263,176.05763582539407
31123,2005,165.3,154.02546760258417,98.12859767064108,147.61573265621897,181.507908560887
31125,2005,149.4,127.9623085108155,91.33235628807446,126.8070838974368,163.57790782123996
31127,2005,127.7,117.63403172737716,83.4019144854451,119.60128798271676,152.94323407425912
31129,2005,136.8,142.21298870134012,94.13269697805111,137.6535626330704,168.9919607108513
31131,2005,108.9,117.35169288850796,83.08628206022688,121.34660404604709,148.50835190474504
31133,2005,118.7,113.65843344175534,80.87225085253789,111.63902760665088,144.38743884377246
31135,2005,141.1,147.79647309279173,94.66502201397344,149.63765538202537,176.47688763888047
31137,2005,197.4,178.15504420812846,114.91283815789254,167.9647249282505,202.6809319574994
31139,2005,149.4,123.31322840444356,94.38502937712637,125.60479601177474,160.1410834786527
31141,2005,163.9,132.75742523248397,97.06641599335182,130.8284170255968,159.59440020072117
31143,2005,162.3,152.65642584300898,101.9169834840652,155.11104593736394,177.22523739252915
31145,2005,117.4,135.36347725595445,91.40763297963954,136.9730257796146,186.57988513722825
31147,2005,142.2,124.44962101248372,84.27930733797605,120.42109332096753,146.48189133121943
31149,2005,163.9,138.68923542974653,95.0576986978667,130.22464945979803,180.65301402185608
31151,2005,129.5,133.85085101628502,91.599053986316,133.84949347241042,159.21446340323163
31153,2005,147.9,128.67100755214162,95.04635479192636,131.61590310973287,172.54532162914282
31155,2005,140.8,137.94121497451098,98.14027816946053,133.85839859438718,166.4529633437878
31157,2005,171.0,146.2930127975865,101.92863683875382,145.15536452296894,177.63660834042358
31159,2005,144.9,135.10110584902594,89.33876709319576,133.22292294744534,159.20715725876727
31161,2005,159.9,143.3087821931727,91.53974829060273,134.299529551019,176.63015828713085
31163,2005,150.2,154.12872879576614,103.64134557376455,147.7781577138645,177.81381250571738
31165,2005,165.4,149.09276113360957,97.09932325710682,141.72885320188,179.60605696475045
31167,2005,150.0,127.90875702317076,97.07938291899316,123.9539736167234,163.04553039402995
31169,2005,151.6,141.08933149015166,94.87553989612236,137.56984113645524,168.75078798915484
31173,2005,155.2,133.81145054466234,95.04179657786062,127.69290554303828,158.61199016748782
31175,2005,162.1,150.2972418646903,105.01267426228966,148.94907599504418,183.73117502958982
31177,2005,140.8,134.34475818187173,103.75935503871533,132.1852107965068,163.66233128801898
31179,2005,156.6,127.5904125389812,96.93637714946013,124.38698263620009,163.49782859471026
31181,2005,137.9,142.98405172102628,86.94835258507692,133.9311394728194,175.61290956590045
31183,2005,161.0,133.30385392404747,100.1692528492787,130.25262374655236,177.75927760858886
31185,2005,177.7,168.58230458262585,99.7800801581423,155.98114734374053,184.71608943556546
38001,2005,53.0,59.68094908252168,30.722282503355068,61.31132744662325,122.89114295293653
38003,2005,146.0,114.11659058061167,80.88494844995661,106.99925452611342,134.74066120987214
38005,2005,96.1,100.74982699538246,74.57173012940085,100.96072169344885,135.64648309304346
38007,2005,66.7,61.077317166480334,30.89890043239283,58.96937289398709,119.55416723494953
38011,2005,60.0,58.19484774678677,23.665085513391162,58.42570172699452,132.12625998747257
38015,2005,106.7,102.11791426492587,63.72941428275584,98.66520775533216,131.98379029136558
38017,2005,144.0,112.02581693002053,82.16736013780653,113.95020693922041,137.74676648105358
38021,2005,142.3,113.68282498620572,77.24038021484692,111.88540583552175,139.03083214793017
38025,2005,67.4,75.41416350371814,47.418780935507925,75.12877080876403,121.92197113239659
38027,2005,124.7,88.05712541642782,60.49765838891166,83.70834135100598,128.37085598963438
38029,2005,112.6,103.84465440965835,61.71508620338045,95.89567772466908,135.99018993588058
38031,2005,115.8,92.91933419624057,63.30691527860067,91.42867598391022,127.10116156157308
38033,2005,89.7,76.20911429573326,47.71228094256708,76.88885372621051,129.15107166542623
38035,2005,110.5,103.10325826224536,72.68783751079351,104.74239747934193,135.18189922371562
38039,2005,135.4,103.3030191118434,64.69871030083702,98.38240865675013,125.93630452941093
38041,2005,62.4,68.98642570535917,37.53124097857192,69.24959129534341,119.77680285083936
38043,2005,131.9,124.655114064531,69.98972100925538,105.27195997790614,146.08058097896975
38045,2005,146.6,118.01098695785124,83.54048907574663,112.19490779091247,140.26103496947928
38047,2005,116.2,98.68141182932713,73.1502075670117,95.9246461567862,132.05879506295133
38049,2005,95.5,102.75258124764422,73.81684838975761,93.52132074831525,139.7649092747817
38051,2005,121.5,81.22690548170164,58.39225677294927,82.70923453971511,130.80488745778646
38053,2005,96.7,80.16124412717402,42.14034365812453,76.83412284281476,122.92535783906528
38055,2005,95.9,103.8671966930143,72.32966740676163,108.61262288016694,137.95383406216465
38057,2005,66.2,97.08197324373718,64.05824264205643,89.67695675570842,137.22577618998525
38059,2005,95.5,83.72564803657338,52.31754266170039,83.15493183433465,125.62841083923004
38063,2005,103.9,95.7059309581494,64.70961398707539,94.72951677028256,127.08000673327169
38065,2005,112.7,100.38661917867456,66.3082732666133,95.33286199811052,135.5251884853484
38069,2005,89.1,102.68177159431767,76.15259197949591,96.68779726906556,138.95122894020855
38071,2005,105.1,101.56125206871867,72.77565475816023,99.22445619650948,128.62293444820878
38073,2005,137.5,119.44257468102745,75.87493214654796,117.99578835830575,146.04611338815266
38077,2005,134.3,121.21586302467864,91.59570657665455,119.829037739246,144.09660146005157
38081,2005,144.2,119.59885189568395,80.18481450421838,118.23719453270223,143.85257301880506
38083,2005,107.1,104.16588938600249,73.45809457194677,105.12616648670031,139.04569310234103
38087,2005,66.0,62.163255275487465,29.358818293589856,63.533744133797626,124.17058295962926
38089,2005,73.3,72.62588534629589,49.6861914727249,72.14353180671276,122.9494044241481
38091,2005,128.2,110.49412628426005,79.24337635365917,106.85729305810645,140.12352731753626
38093,2005,123.7,113.90666931328202,80.43854517369351,105.31711807171848,134.01854540686045
38097,2005,127.4,118.06495842001848,89.55398538506105,113.32485621582497,141.72907438404258
38099,2005,123.3,109.68417257006473,81.67108013703485,101.19544787740335,139.81039635519664
38101,2005,95.6,103.74467205512343,77.39168703633511,102.95618130728413,136.81310065380723
38103,2005,115.9,100.60703865953644,69.80568760079831,102.97829052954297,132.16127406096578
38105,2005,90.0,77.7948575295411,38.99528310449159,78.19711673879777,120.08073974381455
39001,2005,119.8,88.50461722543041,65.47001259952113,101.63211918618522,145.15852298481994
39003,2005,154.2,125.86360399556659,90.17292193204189,122.32369918224931,156.499607427692
39005,2005,142.0,123.443778611547,89.97476500433348,126.27942260260124,155.51848416567984
39007,2005,142.7,120.65282780302664,90.07957168872875,122.59397575328147,157.467105327329
39009,2005,118.5,106.18643108031522,74.77885039658094,110.30592124336948,147.52001201013582
39011,2005,156.4,126.82959456034492,91.57921720282911,120.40690951626095,159.7067452422747
39013,2005,75.5,100.121392827604,64.62146217703301,107.40420514364679,141.7419135718092
39015,2005,139.5,115.8488424461783,80.30473908826337,117.18756452097693,153.4240212863134
39017,2005,144.0,107.78286641004493,80.51366579960575,110.88687189667355,155.51778253839697
39019,2005,82.7,96.81182693668727,61.85841700913326,102.36281841595103,140.91582937954243
39021,2005,107.6,129.7453075174597,98.37447421163328,129.4094676558908,159.7358420584427
39023,2005,131.9,127.18979442450785,99.92278814054539,125.40451471673417,158.00315057462183
39025,2005,140.4,110.29078905919673,70.332718201404,125.16688843378256,152.30057735254752
39027,2005,142.8,136.50226105019448,102.46658144223251,138.98674844378874,161.80203210829544
39029,2005,118.8,105.73427048682585,75.59421479816172,108.57126164241058,149.97010855146203
39031,2005,131.3,119.52193691142516,89.67656346903443,122.97195665493804,157.15737497348803
39033,2005,159.1,126.13515185280136,95.03902715915818,120.75065687639713,160.58661994257503
39037,2005,137.0,133.87599591720664,102.30178716417197,128.87751527764658,165.0564927035391
39039,2005,154.2,122.70396092399723,86.07226001834788,114.53996256367898,158.2877770265082
39041,2005,143.0,126.71778855836479,91.72988971344915,125.36106110240752,159.9506918913648
39043,2005,154.3,124.67614138469739,94.25715405700068,119.74056122597011,156.75421680851565
39045,2005,107.8,126.44124396246511,96.3338639685311,124.41674011002115,157.06513107180507
39047,2005,121.7,120.12379377125303,89.90382547304999,118.7933247509491,158.69984945197925
39049,2005,101.2,123.41430058866688,95.62327923595954,127.2657982319548,158.9193634248561
39051,2005,170.2,117.77170685695609,84.67507643440484,109.42293634204867,156.61541561040642
39053,2005,79.1,94.96940812027208,62.265736691135245,96.374150068192,137.81356739291306
39055,2005,127.5,100.18432069618112,76.29798433447604,99.42976717476381,147.8160559234941
39057,2005,146.5,120.686465971503,86.33503218084965,124.06916838602972,156.6193812008094
39059,2005,86.3,112.78744931309362,77.7919445308975,115.13829937130524,149.253816089543
39061,2005,135.6,106.37152801627471,76.64539185441696,106.97244365548949,153.52708232481157
39063,2005,163.3,127.2034221565466,94.3225768650979,125.53872724543209,159.26086007766037
39065,2005,154.3,122.854012405683,94.02882117617595,120.40691552933708,160.54767003744215
39067,2005,110.4,89.6259633022072,63.499315806606546,97.20448087551728,142.78979907211865
39069,2005,170.0,119.16741970276006,76.96748805601379,112.49735201614234,170.30583676816624
39071,2005,137.3,125.40498599668254,91.95419471020352,129.3427350401365,159.03686893212753
39073,2005,96.8,101.56985052566931,77.70774981457149,112.89796619977112,145.375147534323
39075,2005,142.5,123.85773695009982,87.99292528769047,132.79042584928075,152.52140995420456
39077,2005,159.4,124.72258210254482,97.22915806090641,118.65937555042225,159.9985152881208
39079,2005,96.1,98.95302395489716,61.434389453810354,100.93523427606684,140.49271856556695
39081,2005,73.6,93.1601560955013,53.1384775936459,100.85347815053194,142.71413839472956
39083,2005,145.6,126.58547012632256,91.66195796203135,126.30371373732348,156.7294469572525
39087,2005,63.9,94.84075735465562,68.26908938225009,97.13692134700773,139.97245873820762
39089,2005,127.6,129.67263836840334,95.56972974831842,126.4621646768299,158.07996081132723
39091,2005,142.5,127.89186388397839,93.44920532451903,118.4824747648477,155.77289267249543
39093,2005,150.8,107.09861333632625,76.98468195767565,102.54467857908318,148.32218485598375
39095,2005,178.1,123.07897730722743,89.55073985368969,110.71983174332242,165.02945540254413
39097,2005,128.2,120.474152169768,88.53005708127209,121.77696195915956,157.02526532159163
39099,2005,120.7,104.1449655605917,78.56375001296375,104.30553310878753,150.21371484468622
39101,2005,157.3,128.06192937941836,92.72388926408219,123.13085220608991,158.6222432612802
39103,2005,138.8,126.94615124240862,91.21410618151913,120.54592039982367,153.78089198672228
39105,2005,123.5,91.3365458475694,56.23992161258711,98.47432541199774,139.8495486666245
39107,2005,145.8,129.29436731889726,90.13884376199273,119.28262537313992,161.1856627745339
39109,2005,131.5,123.2250349648374,94.95395286513718,122.02864552601255,158.64594345282532
39111,2005,95.9,103.13189880254986,67.66246892952273,110.51817866593964,141.6477817412145
39113,2005,117.5,114.30746066402087,82.85801407019385,112.67875122558738,153.807355053884
39115,2005,118.6,108.86622183745361,76.57113323659948,116.77968417760184,154.17007323510973
39117,2005,148.4,132.90771157058165,98.21978778613642,127.58530852806996,161.88375030301955
39119,2005,137.8,121.087494415377,87.11870398634193,123.0075756173864,151.4141121748423
39121,2005,95.4,110.82613984819461,72.4247731830703,111.22852121954284,148.6780242773605
39123,2005,168.1,118.79263793561415,86.35156831631099,112.10500998421232,159.07292734732948
39125,2005,148.4,105.85553265480078,77.85939752513589,105.08452567844247,154.92106714138313
39127,2005,121.0,118.97621319120928,85.93519642944334,119.17579838630415,151.6058782920627
39129,2005,97.0,110.43889647853241,79.82428382545487,116.00634591028532,153.7972713388635
39131,2005,123.6,93.97541351321635,74.23023653643976,102.66503419829094,140.6250749886857
39133,2005,134.2,107.60889041091025,89.27317142751458,109.83488155354547,151.9765422079745
39135,2005,140.1,126.92779182653868,97.53502380808628,123.76118384167646,158.95070777495047
39137,2005,153.5,120.27540746214618,84.92881731955242,106.83758760599018,165.40319902665155
39139,2005,143.4,132.6761527094288,99.07981624728467,129.1258518166288,158.84509830758452
39141,2005,110.4,119.85702300169265,88.92175825422898,122.23850267897924,154.58842951488182
39143,2005,178.5,125.06409646471249,79.36178131593375,115.95609147746733,161.27123134308357
39145,2005,103.6,97.54372827299389,75.3081570151002,106.14573560693964,139.6491463081224
39147,2005,152.2,127.2799011173705,90.18004813903165,119.60233796625765,158.280561462872
39149,2005,137.8,127.8659280350664,91.15214832955714,119.17662505276866,158.32579163064307
39151,2005,139.2,121.39815110609851,90.49045721859363,124.54925571847494,150.6367519140992
39153,2005,139.4,113.24980411145215,85.92698498681841,118.6056378043993,145.1955857368873
39155,2005,135.3,108.50576962429106,85.89842345026265,105.13388736112675,152.38480734787694
39157,2005,130.6,113.68346468248717,83.47207469495484,114.3020471087166,150.18697764997518
39159,2005,145.7,125.14333053446846,85.15224287177871,116.6035510151249,155.50160249382012
39161,2005,153.1,117.6944865367105,79.79416557331908,104.17860614393985,160.63246005841262
39163,2005,143.6,98.90343133092952,67.82320393097494,100.61464551181338,142.68703478597695
39165,2005,136.8,123.20626255462496,82.26435933680423,117.47637711389356,157.50010149774124
39167,2005,100.8,98.50918507473322,55.08778314874898,106.03679233089827,141.22904134506052
39169,2005,146.1,129.10384273128403,98.22805694563571,132.6324669239114,159.07519771226185
39171,2005,159.8,111.92270049671626,89.09389381905912,107.0792890941376,151.09796622633687
39173,2005,171.8,121.63212710970599,85.6999428761434,109.12845446327815,167.30325719313723
39175,2005,153.6,121.61795660396415,88.70100129974249,119.1567635893913,156.30664715839467
46003,2005,59.9,74.86758478748938,45.268419673587054,72.16155484197735,125.77335732401379
46005,2005,110.0,86.40180395587996,55.47025810902093,83.35978713346013,127.7606572705631
46007,2005,106.5,97.46920989381258,50.42959224864666,91.29155308091411,145.87681410686469
46009,2005,81.8,87.2257906046367,59.28866480492711,81.53944191612493,132.0833706308884
46011,2005,159.4,125.60604736130357,97.05126051692665,124.67499671404326,150.18709057924085
46013,2005,141.0,110.9455485591843,70.36066955864007,104.20305197717359,134.4922036825391
46015,2005,66.5,78.51462969018066,39.877053121777685,68.26561308174946,125.25215317440065
46017,2005,80.8,87.12453729190443,33.816940139401325,76.11495949519424,127.31163988377283
46019,2005,123.1,123.90213040100583,35.05045336572308,107.27962424154855,140.3382158275631
46021,2005,100.0,89.39900986663284,53.29071354866231,86.59910557752416,123.30347825440077
46023,2005,75.4,80.17218240430815,48.78650997336694,78.41122042520115,128.67487382471484
46025,2005,141.0,108.79894228301941,71.16887472313512,110.69214482886085,136.88083898754053
46027,2005,133.0,114.50292111187971,78.49008914979167,106.7620316768945,148.73259296486648
46029,2005,155.2,116.456251429201,81.01231741746366,116.56232705517363,138.82320189055935
46031,2005,70.0,69.89249393780837,38.60976521590235,64.14453029085506,111.0945391594917
46035,2005,77.1,86.3629273805184,55.73005413648386,81.42702677166251,131.55678837611066
46037,2005,150.2,110.2947193973027,70.96889662268397,106.65654050932862,139.34319211308377
46039,2005,155.9,123.94348632514993,92.74963668798372,124.88728892608592,150.78161145976637
46041,2005,77.0,44.145921109335916,18.18007486694784,44.312039346134746,104.46388595855939
46043,2005,69.6,77.49493857557802,50.23586552588016,72.00870281783219,129.6060534109385
46045,2005,124.9,83.96733919919026,53.78158803869063,88.1813197508999,116.99512596104123
46049,2005,108.2,82.81294582470798,52.52192387070599,85.58567174563241,121.80295725156634
46051,2005,143.4,118.3458854711913,80.24592200168871,108.66111585290614,142.33679211371447
46053,2005,61.9,64.13421651255094,36.14015255456107,64.12460647503733,126.2483602600336
46055,2005,35.1,62.97762873471051,30.592657521364977,56.05837567202982,112.11835947551268
46057,2005,150.0,123.17639666252587,92.5327733434107,121.53792087695484,148.67145555411088
46059,2005,97.6,93.43139529058348,51.07373699837079,81.39424846296824,128.29719023142354
46063,2005,0.0,53.90041903129213,18.638172140442286,62.97764689418891,143.74207845514135
46065,2005,72.4,89.54101186236103,35.90951278512244,69.78450069021189,127.33991886639171
46069,2005,78.1,77.44695836168015,42.505458016235565,70.78889888458346,129.41488427660005
46071,2005,48.6,73.22549423823119,26.712857752584412,69.84812373401377,138.56775011895198
46073,2005,71.4,82.2988721654877,47.44418636832757,76.03651292042018,126.27000867776057
46075,2005,66.1,59.70413554091213,27.772004843544785,50.603681250256535,111.01318067589482
46077,2005,117.8,115.34441837223886,84.92099965360832,113.75881579561003,141.59231642970548
46079,2005,150.8,128.8808932704064,90.71070649808938,127.08439121610802,153.912222687735
46081,2005,0.0,48.852129690199284,10.862363150512408,62.30866501334109,120.59641719353046
46083,2005,147.4,131.7823522244122,101.48924531309983,136.42739316742814,158.23056234776104
46085,2005,63.5,81.93726844476826,28.177423058623866,66.68968398504083,130.93246587609758
46089,2005,110.5,88.51989315161555,58.34794540565514,82.75401609342751,126.40767911070819
46091,2005,133.7,117.78507520268865,79.91141499652934,116.07667516620867,143.18111976410034
46093,2005,86.4,78.35381332773417,17.24121737382676,77.88173142080045,147.96737832523073
46095,2005,24.2,44.77590778901214,19.752936437119104,39.462690677428135,117.19120162054551
46097,2005,109.5,104.10393910593395,75.1862633965785,97.51817624236078,139.427838553561
46099,2005,157.6,130.41274846648062,106.49042268935581,134.01812846497756,163.0340676205895
46101,2005,172.1,139.893660840023,106.83707729365365,144.70866625509828,163.31286773171723
46103,2005,30.6,32.09756338181199,9.393776722531264,41.368857190853056,115.88282398969064
46105,2005,65.0,69.7484160498333,28.179563313954525,63.83935448825149,116.8503394422463
46107,2005,100.2,82.1868890839341,45.29022135208876,82.02711864157052,125.24643980366763
46109,2005,159.5,114.14166427068515,77.49760223156709,110.12145581196737,143.90784668050554
46111,2005,89.4,76.3384476246885,53.488899297402014,73.11951219790345,133.34855050404752
46115,2005,128.4,90.96774353281143,60.34265021784674,86.25852941310701,128.14515252335036
46117,2005,71.2,63.07614350534131,18.4433970510934,75.21709795450333,145.89777327097414
46119,2005,80.4,85.10642427117511,40.6321188391332,74.06993479196007,129.7057650373251
46121,2005,118.0,98.71395881853593,64.00443434084563,98.02480839917698,161.05428030524962
46123,2005,55.6,59.03606065788477,29.423640307424584,52.798619500778855,121.44542390979731
46125,2005,121.4,116.20976123716916,82.878864822105,107.94879654953176,149.95133598713593
46127,2005,163.0,133.598922995105,97.51413511499565,139.17803241424167,160.99329903796874
46129,2005,117.4,83.12967841833441,47.329869155945296,79.72826962009054,124.04975128439142
46137,2005,42.1,46.056093005920545,17.823319823573875,52.103134853323205,126.20099658185862
48013,2005,95.5,72.28953714334116,31.892970325905218,75.00172150442569,112.54040598690837
48015,2005,78.7,65.92791292850029,34.49983364450489,67.14437891036053,117.01487194805958
48017,2005,224.1,145.98209853197892,103.84969826982453,150.77047894023667,200.9448835785158
48021,2005,80.8,62.10433098111265,34.63991636053137,67.29743783016684,119.72590520523245
48025,2005,66.0,50.18581659816498,20.454312765353052,53.5968886065475,106.93946824502537
48027,2005,64.0,74.19737578996069,46.453440212137345,82.44458307266801,114.61654349212645
48029,2005,77.4,66.18657908178865,22.341947076359695,66.56343832009772,109.98291374950627
48035,2005,57.3,61.30344342233738,27.107089478597878,63.21938641382436,103.44579938669165
48037,2005,88.0,73.0513747739209,34.76319897355853,88.38429737654597,130.9835178009866
48039,2005,98.5,69.14976471961226,36.68810015426372,74.83634652176241,120.52802512537207
48041,2005,93.7,67.56235672772264,34.60593211144287,70.72177042504603,116.4648442235909
48045,2005,105.9,147.79667579272618,85.23178692182839,138.71595855840116,187.8322864565648
48051,2005,95.5,60.68344231339359,34.85101932242197,68.33581153365957,116.00989114241465
48055,2005,69.6,64.02033669102815,35.70416481009981,69.7311196877241,113.91284185559844
48057,2005,118.5,86.35265533267129,47.42516100053265,82.94578139118819,116.55987693380203
48061,2005,95.7,77.90340671621738,39.5063526495206,76.4730437141751,113.37246257826273
48065,2005,187.9,152.74739861587955,86.2233585810667,145.52638984298284,199.9782412273718
48069,2005,205.4,181.0506063261733,99.60475245914951,164.54051335415386,208.36389829875608
48079,2005,198.5,134.604264894406,87.01535669793837,137.92740322835655,183.39754704872303
48085,2005,60.4,48.79101062293021,35.47722356248255,66.61567588450632,101.67456818266008
48089,2005,114.2,75.13834094647821,43.97035269363512,68.00380661908726,118.1309929147891
48097,2005,60.3,66.95064698656536,36.555561600607064,71.16587639127555,126.68856287234772
48099,2005,58.5,65.78658319099901,34.27112288579441,72.50727290353282,108.41282783930842
48111,2005,177.5,175.54397145174673,97.5443563966487,165.27550532054866,211.7052508388942
48113,2005,44.5,56.37286223632104,33.978347659459544,73.05864046823302,105.20702436137516
48117,2005,159.9,178.94848991936607,112.18835293375454,173.0085373219887,210.7766517312966
48119,2005,76.2,53.97329373983265,36.33993919387898,70.78206864646185,111.32129538316907
48121,2005,38.9,45.67561627436559,25.963432390646155,55.78008394710367,105.37789726726807
48123,2005,76.9,49.84564124685159,38.68257361551162,54.10983450586796,118.92436612320961
48129,2005,141.8,115.31379281867514,75.72385700673348,115.01181909655638,168.85751415048256
48139,2005,67.6,61.17316787888442,38.66213503932541,76.9300678472173,103.95997106528552
48145,2005,71.1,64.01706894687885,39.790809161371115,78.75953406578998,118.51653128372942
48147,2005,74.6,57.551336970305144,39.60964902615407,70.33283005700143,116.11924267589048
48149,2005,68.9,54.92263408075548,31.161235012637263,63.3584791821125,110.91714163987204
48153,2005,162.3,154.14029656787002,96.73090143818898,148.06931969701574,191.47207061041286
48157,2005,100.6,81.19458666031292,40.39713594894894,69.01494686973561,120.78838192073258
48163,2005,138.4,95.25289745197293,32.184169551622055,85.9774737335138,133.90551520657002
48171,2005,70.0,89.01390838545693,37.847249133614724,99.76383757904932,142.1192843443244
48175,2005,73.6,45.950402372804255,34.8700280138497,55.79499566904878,120.04158036642362
48177,2005,81.5,71.6969195680236,30.22054998527186,66.38704909156723,120.46066846719535
48179,2005,176.8,149.19832986285135,76.77425544055033,135.4520712067146,181.03956048177514
48181,2005,62.2,61.91130976905017,35.25819795862565,67.99174279012539,117.70687778730803
48185,2005,25.2,62.17977772148976,32.653424546918366,61.60449792098945,113.4690000227356
48187,2005,55.1,64.76440020919202,35.05951559815662,71.37758594137878,108.28440593644264
48189,2005,178.8,167.61068829256337,98.18978567417273,159.95166380454833,198.06071306834968
48193,2005,95.3,66.33477757022384,32.18429818500616,71.8338348674952,131.21869514203416
48195,2005,189.9,167.21491909787076,84.05399491486483,153.02716841067064,195.94384699317376
48201,2005,58.4,75.08021386522032,39.08407103162367,71.53291439506654,120.35524518258968
48205,2005,196.4,178.07859610530235,101.77377249720416,176.45006253379358,226.8944403402302
48209,2005,50.9,72.22302241420637,34.60268935958614,80.5151024002593,111.68008843867088
48215,2005,88.2,65.40675584903421,32.2259697401003,65.5225430079857,107.9529752243724
48217,2005,73.4,66.13163798152767,38.42172501348922,79.37240812738041,107.10964335226667
48223,2005,60.7,80.59283046007866,32.65550315269702,79.93367591909153,115.95160249825094
48225,2005,44.3,90.72589433120314,33.214389414572594,79.42700687761265,140.73876893625823
48231,2005,57.2,55.60394880125203,32.53011590167872,63.91091229493106,102.90771635629153
48233,2005,208.8,164.869752838755,101.0042589697635,159.59885808089768,192.1076320751194
48239,2005,96.3,79.32894532000182,48.089704235519754,72.45670612014055,117.00979508570762
48249,2005,58.6,43.91730208488268,15.970194249753433,47.27132013755595,118.32080708769965
48251,2005,66.1,64.2797856232502,33.12172889647503,70.45843503677257,102.0819123773897
48255,2005,51.8,50.25077612639332,23.826503250020416,53.09998852799577,102.66319209244624
48257,2005,66.5,60.10958265166122,34.55103786750073,73.23498471192319,107.42646396523979
48273,2005,60.0,47.554528453617195,12.9427367551436,48.22195890286164,114.54653754241285
48277,2005,63.5,54.03154167532003,33.215868143812756,70.18583686879509,116.20666972099873
48279,2005,186.3,159.1490490259905,98.40090642728434,153.69240236355233,193.53213761908034
48285,2005,60.0,54.19145910855106,33.82432582807522,58.23005824350106,119.05995242709221
48287,2005,59.0,74.76242621997422,33.54311396767634,75.35475518909853,124.02891211883768
48291,2005,60.6,56.163733430709705,29.710440038027457,60.695275613047436,120.5743755042085
48293,2005,57.9,59.012375941540284,30.437253949377563,68.40197509370309,111.95664733363957
48295,2005,182.5,137.24851098421541,77.99100578238205,117.77029386537764,178.849766075653
48297,2005,67.1,45.46297645435025,15.952597974517055,50.65047797625369,106.3456023298028
48309,2005,67.5,68.14196013255219,42.07904292501579,75.29875237522903,107.16326709071954
48321,2005,115.4,69.56585575953618,39.60110416016815,79.48383648281373,118.84639393340198
48325,2005,106.6,81.70261265367579,39.82771010097146,81.91934447819975,118.92714425057073
48331,2005,58.7,66.65343200785738,40.33040597980613,77.62907144762549,115.47679902920252
48341,2005,197.1,170.48488729407268,84.93861868640651,157.24995334073014,210.77421125963713
48349,2005,72.7,63.05107606886508,37.939593201664664,78.29988519679462,110.15404209539905
48355,2005,50.7,70.35839617396464,34.3065281519537,57.943653680846474,121.034828774183
48357,2005,229.4,151.9932901061203,87.6079126186227,136.67213194990407,174.8359862581185
48369,2005,184.8,187.49264782120255,111.66901766228926,178.60334940492726,218.38835487033114
48381,2005,193.3,169.73840151484677,105.25974604323893,166.8882591193096,219.13783158386198
48387,2005,60.4,62.09568455348763,32.03376472532827,73.5951624841859,118.17460647694011
48391,2005,74.3,74.65662804143105,43.48596769915194,75.10066665379537,113.03723066688713
48393,2005,208.4,145.8016909773385,80.082105726045,125.70980069719323,181.19589750251288
48395,2005,115.3,72.68293073896434,36.75070406105036,73.41433216581163,120.64521917306774
48397,2005,39.5,49.86716604046905,39.6955944328386,67.07679751572621,99.72244504422855
48409,2005,77.9,65.51117101575277,37.32948491122966,66.38352082925381,118.40550149601223
48421,2005,195.4,155.98755136900797,97.05665948208335,149.912786882214,191.57086706039738
48427,2005,60.0,67.34737526766666,18.324808511722452,61.14344206189215,114.72708111531217
48437,2005,186.4,169.88785658624064,88.98313782180898,161.53892274512742,210.34934883876645
48439,2005,66.5,57.523901819203004,29.15311078915972,66.18333197138496,98.9048757249268
48445,2005,121.0,143.85524620486967,92.7869731204574,147.58291667920537,181.13105058312397
48451,2005,180.5,137.6587888285493,87.50589977634468,132.29536279689043,170.76607779003345
48453,2005,55.2,66.2484750753173,41.898318730205546,78.29989762525027,114.53940382022414
48463,2005,119.8,102.03708439868484,49.129550919971734,96.63862323201154,134.95711715389484
48469,2005,90.9,76.21580411447876,47.13980373862023,67.84581355898601,119.66882432558884
48471,2005,60.6,65.0074346643576,28.082049775290116,67.70266027594661,115.35128216619248
48473,2005,62.0,73.18643627032218,37.56721868810723,68.03298794195769,122.16178830532944
48481,2005,111.5,84.39918487372265,47.34505104281545,78.4290519490718,126.74958375654658
48485,2005,93.3,64.76133507460962,31.905412525770934,63.46701431945067,123.80901875823592
48487,2005,97.0,93.15422366748268,37.04664141967948,97.72081934363032,137.61597213541597
48489,2005,37.9,74.38094946389059,31.986797553937457,69.76549329307632,102.67145515117143
48491,2005,75.2,74.11893097914282,46.73249157654807,81.95504385144535,113.61052537087019
48493,2005,64.6,59.13529719203383,22.30267389327838,57.0102962701258,106.9186185556933
48507,2005,98.6,80.53970241854087,50.63450927964492,81.19639308518246,128.82176151208438
55001,2005,130.0,117.93865308930651,85.70482964699609,113.33523451557151,147.94159251215166
55005,2005,123.0,101.37086681633454,74.2028268517075,108.97190214930019,134.17965181133195
55009,2005,141.0,124.80978050051147,87.49151396710583,123.78333214857776,153.08116777608765
55011,2005,150.0,134.05500177059523,99.47320476018812,135.28036961296075,166.40191744097245
55013,2005,102.0,96.30053499496029,64.59392177369519,108.14891240638464,136.7942167469708
55015,2005,164.0,116.79174470451338,78.49129502731738,120.62625379139044,150.74455439658092
55017,2005,128.0,112.61223367161635,80.93909389018835,109.34843200866953,139.6466201233763
55019,2005,145.0,111.00874138750372,83.48861491361198,111.43196012940669,142.9992720067249
55021,2005,155.0,132.1667457988815,99.13325823235608,128.64936961597775,152.00183300561176
55023,2005,174.0,146.83158585155005,104.14293919096184,135.80057375495642,169.73797410178847
55025,2005,161.0,133.02290979962052,98.07415440645025,131.11996829695528,154.09957766246913
55027,2005,165.0,138.3966368894221,107.0040945835716,135.60607475909973,158.1429667334539
55029,2005,93.0,116.48882412655865,81.55074602651587,112.23792208915216,148.65815322502354
55033,2005,143.0,120.38350757821632,86.40676585717313,116.81052640842347,149.67445561344212
55035,2005,151.0,113.09591786474407,82.5438420335182,117.36753126687434,142.6814741168156
55039,2005,155.0,126.50436829900949,97.82528380091463,127.95810296108317,151.7571470731968
55043,2005,167.0,142.3136883643475,97.00404939370489,134.76102569923503,166.13131002172918
55045,2005,143.0,126.15372295924634,93.72802938410554,117.7123565266421,151.76462625573916
55047,2005,133.0,123.35975273650254,91.44454604385474,121.62186804521798,149.94968232884133
55049,2005,173.0,133.29202383084422,98.26442681095034,126.37843867619742,157.24303515108784
55053,2005,156.0,124.65555862854605,99.05683720115634,124.10377562380215,157.40236615395608
55055,2005,168.0,122.98860684266238,97.21723736035915,120.80420565470831,149.99949942293205
55057,2005,145.0,119.8323621163672,87.8939618544891,116.3308824221778,154.75536548366523
55059,2005,98.0,111.29867033260766,77.83404509292119,113.2649970225891,140.46939427315118
55061,2005,128.0,120.4064533996782,91.61628845279598,124.5291372142966,151.92148293829908
55063,2005,161.0,136.29991959654228,103.52694398953435,132.7115984861962,166.35375559541635
55065,2005,166.0,133.53514223052636,94.4172408217239,127.31166138459155,161.53349599253667
55067,2005,102.0,112.05307365299849,78.5881675906211,116.62551362964854,144.31861910651128
55069,2005,111.0,106.28048460026139,71.52006471134845,110.90573253327943,139.3142384460661
55071,2005,144.0,115.06686146015089,75.29369098385101,117.33632606074744,147.9544745580171
55073,2005,124.0,114.05225451169999,88.89189685605619,114.24891993261616,144.36291434776518
55075,2005,92.0,114.5596819994442,76.25393894849441,113.46767778145494,143.15281471536937
55077,2005,113.0,108.4382188383925,86.49269779535987,108.31189739939853,144.38862151453097
55079,2005,121.0,114.45172761251467,78.87198769077003,113.20040871704204,147.13059464523943
55081,2005,143.0,133.2855601496932,98.50025940733966,125.61772290916502,158.46619931875773
55083,2005,119.0,118.42097021715485,81.87490340162302,117.1646671056489,145.60345150482075
55087,2005,159.0,121.74606454422707,91.68630192582522,129.0396805003085,155.6948929478968
55089,2005,153.0,126.11013793042171,86.85617337682449,125.19689476033615,149.584644907401
55091,2005,153.0,129.74960210157258,94.37723256638029,130.69296286348163,155.97398188480955
55093,2005,166.0,137.29415817218415,99.29238094566311,134.32104058087813,170.77148800061178
55095,2005,140.0,103.56269444029245,68.82413622432847,110.31698755396737,136.65726345887197
55097,2005,134.0,125.04834187774186,90.75156113025459,120.37624737741481,152.5949807159969
55099,2005,94.0,108.81482021913972,72.70906613011958,109.91496532783916,137.07151111035162
55101,2005,101.0,109.95418403651013,72.61344380745894,117.17590525756832,151.63554974868975
55103,2005,169.0,141.7374912438312,98.91312606732491,130.63132348180912,160.5042548951522
55105,2005,148.0,129.41630942772838,103.38611699473117,128.1538619147245,157.75293653151618
55107,2005,115.0,104.41372332917743,77.30083648101139,108.93253725449513,136.56352534991066
55109,2005,158.0,121.7522604423863,84.94826166394246,115.38075039402844,149.74508529537482
55111,2005,165.0,133.3990276440444,103.55153584064945,125.99698666084393,158.26056679684493
55113,2005,74.0,96.24160563342292,65.91648640085972,106.19563380994471,132.51209727533808
55115,2005,131.0,123.00744587671387,90.69820147724822,125.46082099715906,150.9421928434566
55117,2005,120.0,115.24890249840409,76.0194592498265,116.54194517701174,148.08246127551666
55119,2005,140.0,113.52012534458316,79.09161331907482,111.43665903561427,138.23216887226334
55121,2005,158.0,122.8601881641192,98.20652534574249,125.81900039472272,158.75258970519428
55123,2005,168.0,143.82824147509672,110.14463021319347,136.85571382265258,164.55459548392642
55127,2005,131.0,131.5057246999722,100.09795046503864,128.572384477675,153.88934775739432
55129,2005,71.0,96.55235549144024,60.59533596184079,109.55162707152193,132.09817191980017
55131,2005,145.0,127.26863172279302,97.11924714758943,121.57013844811573,152.021587746618
55133,2005,141.0,116.17347055685472,88.49218148212479,110.82398432935295,147.2401238530199
55135,2005,144.0,120.89593120802844,94.72452915896532,121.38597619721966,150.60954614619584
55137,2005,156.0,120.65057976708675,92.41776270895795,118.44839048841435,148.74938374439338
55139,2005,145.0,123.81477400179998,94.39737584201345,120.4875006789933,152.76059148545096
55141,2005,150.0,118.93212837740558,91.81982601931362,118.19860119473424,151.454072002761
17001,2006,129.0,153.69482708233977,120.21192892750935,161.6410797671344,187.251808509885
17003,2006,152.0,147.31768611684535,109.1383801060289,143.8100067791773,171.62985689722277
17005,2006,119.0,126.53540086166498,98.45473989310497,120.23608157236413,162.43320259763615
17007,2006,172.0,173.1204936776763,147.22409479759634,173.78408088115265,187.19911781237903
17009,2006,138.0,153.16348360064478,119.59323883553643,154.3592221729448,183.4599343428859
17011,2006,178.0,168.0559455410541,141.48783447267235,168.21109753079156,183.64676469449194
17013,2006,148.0,138.76239083806442,108.13930388167114,138.49650472010768,168.40403675902525
17015,2006,185.0,176.63563687419725,146.41009134937892,174.84777153272526,194.05294385802992
17017,2006,155.0,163.5187526617674,125.47353529089284,167.47757710620553,189.27876657126518
17019,2006,180.0,171.3536938750197,141.31947814613648,166.69907557411912,189.9185616083694
17021,2006,172.0,171.92100205761903,130.54225556367717,173.09566699595737,189.00947930598574
17023,2006,153.0,152.73010521975985,123.18713735905763,153.41384612366085,174.03211999216273
17025,2006,130.0,129.89169540469527,102.6364775132495,131.88602719091494,149.15977976444853
17027,2006,126.0,127.09283029196993,105.38686479634151,128.4228199226008,158.26362500722246
17029,2006,168.0,168.84340471305546,134.1502223794381,163.52609455897547,185.31755426399914
17031,2006,151.0,160.6235017892701,143.3133995705537,160.1188377353766,177.94936560392915
17033,2006,138.0,137.49012314834053,116.51019708268998,136.30454756330735,164.4020116790193
17035,2006,148.0,137.3770219215739,118.4130888266155,142.24495388694385,162.04933662518192
17037,2006,181.0,174.5319872366689,149.83704032421622,172.30267021814785,193.3769040758624
17039,2006,178.0,177.31849135137708,142.52850769075886,180.22318719412007,189.86191027136874
17041,2006,168.0,170.45420685635614,139.06815138196373,168.88501103276243,190.62131561593702
17043,2006,155.0,160.02942088672262,133.76320055033023,161.24194435859206,179.92174779536364
17045,2006,167.0,162.17204959292172,134.84920993644175,161.58930625940184,184.6956548509164
17047,2006,123.0,143.38536360661212,112.81588191979137,139.02175570138803,158.0941378885446
17049,2006,145.0,139.4543355603543,111.74231126978188,137.12827466205883,162.992170602479
17051,2006,121.0,134.159005572466,105.81538385256346,131.93939641251708,161.06279476637084
17053,2006,168.0,158.09566819055564,126.89084284818813,154.64575421187067,179.4592451138031
17055,2006,130.0,128.3001707959249,96.55196372331827,127.12417209025097,149.13883203845987
17057,2006,160.0,156.25962014087287,126.48650924620077,163.6778722786376,187.42828552314492
17059,2006,153.0,148.34563772650344,121.96814756378774,151.97120676277893,177.12383247639943
17061,2006,137.0,145.00236889645086,110.45396470438209,141.28836303662175,180.59534720715533
17063,2006,170.0,161.37461847322137,134.613904476378,163.07853753299227,182.7618846239401
17065,2006,140.0,137.2543605618591,108.15343465028184,133.19492754793555,156.79934819912197
17067,2006,152.0,144.9968335170185,117.47312196240293,159.79812024525953,180.6304984076063
17069,2006,111.0,135.6823504813041,92.1692467535926,125.9274150275564,154.53864011947718
17071,2006,161.0,142.9423543459095,113.2144569492437,143.8326146718789,179.47589482472665
17073,2006,171.0,166.57391604322237,136.93694020045572,167.244798242553,188.79741298912762
17075,2006,170.0,159.4457973578204,134.64056241220464,159.58638993233214,184.39256798141608
17077,2006,142.0,143.73870327033924,106.80224812019381,133.50452638782843,165.28024360481993
17079,2006,145.0,143.80702887248898,117.64075318949116,141.88844896017085,170.8903330018333
17081,2006,117.0,126.87345310038022,98.28421665875709,123.85401091417293,147.63888765322042
17083,2006,132.0,143.1026015532836,108.5110278552722,140.75739719819626,179.38027091839118
17085,2006,166.0,165.01495280985,139.77956358871023,164.8896554905548,181.10286788878582
17087,2006,131.0,129.60677386322797,89.16205844828738,126.58286500807824,150.73461276771042
17089,2006,178.0,167.5603345116413,146.43150257470984,170.44809553828782,185.05812164855996
17091,2006,167.0,160.50992291661197,133.01930708010178,159.16297627168095,184.02491439969063
17093,2006,184.0,161.8359516682531,140.2160805506584,163.27292534111848,184.55022395541155
17095,2006,168.0,167.19696702857107,136.87887096810562,171.74106708939476,189.42077419692922
17097,2006,136.0,147.3088121854406,129.90064266797899,151.63034884008934,166.3383761756877
17099,2006,182.0,158.67144307797946,136.0467042142885,159.3288790554115,182.97091361568422
17101,2006,142.0,141.88616264592147,118.14303403131467,139.87944814917697,171.7003136442752
17103,2006,188.0,169.40585595597042,148.011074782888,171.27460992969353,193.73350195084734
17105,2006,176.0,155.74890609275073,129.3354634662786,150.89592521306665,177.56548458273608
17107,2006,171.0,174.75610891610467,144.186266199435,178.8471310243262,195.60535740542446
17109,2006,174.0,156.3956009311781,126.14830774833703,162.83151805826674,187.68154749278537
17111,2006,170.0,161.63619552510164,145.4532750957494,162.03470457417296,177.6903030910053
17113,2006,182.0,174.79188904422958,140.4269717664303,175.43126852711256,190.6499968569466
17115,2006,179.0,172.6558147140744,139.51184116022733,177.05423812424027,187.7541363140288
17117,2006,144.0,150.92960561715785,115.64227398568573,150.64253694859738,180.02369964621863
17119,2006,112.0,136.41367684443435,107.06821336939967,135.24800485836678,175.8418421583828
17121,2006,117.0,132.0841220906389,98.47443363851733,134.14644320134158,161.2252468399042
17123,2006,174.0,164.2546954638118,131.7031704655567,161.92378501991558,186.80046871617753
17125,2006,155.0,153.0981825276906,120.35961956420408,157.41071046258523,180.67625393435742
17127,2006,130.0,142.9258194227728,106.34335035662531,128.54461609293796,158.4088505944857
17129,2006,166.0,169.18526522313687,139.2795559643832,179.10886521538623,192.93342403066
17131,2006,170.0,157.3973623230142,123.05631843484736,162.4345354074224,186.89359215471202
17133,2006,113.0,137.24820745926579,102.65033622601496,122.04701684059185,167.1310611270278
17135,2006,139.0,144.95881809132229,114.47825457762391,146.97342698560925,176.7455709938527
17137,2006,171.0,169.22019586975873,134.36020277930825,176.27706248066113,193.98454443284174
17139,2006,173.0,170.64617517352912,135.85558247068442,169.00723670774997,188.09588877627482
17141,2006,179.0,172.4903416494374,148.21924725433513,170.51142431661594,186.77285107034285
17143,2006,171.0,164.93438250173907,132.4154501229524,165.054779234127,189.33079107484903
17145,2006,111.0,137.28430354186136,102.2023114838351,126.39980408172485,168.24103426059543
17147,2006,182.0,183.48657671561423,144.12902072708636,180.63958972088884,198.93553547927235
17149,2006,160.0,153.89822018607276,118.71074368302143,152.35081148120517,180.06529230168098
17151,2006,125.0,130.7501685429356,90.42345551932866,125.17514800837012,152.8875540977535
17153,2006,141.0,150.92441938515952,112.77121462421181,138.4424489029515,168.35531119029403
17155,2006,181.0,170.44170589163983,136.608757411216,170.46301170160197,183.98043150698916
17157,2006,110.0,123.06603521085162,102.2189829770767,118.60014593794703,170.81122535106235
17159,2006,126.0,127.78843176581928,102.15801382392098,131.95743998627097,153.1089091869984
17161,2006,165.0,164.77748404313965,130.95355156092467,163.0897078117824,184.26957257185268
17163,2006,126.0,136.78713404634695,111.63235256203214,134.2444113625361,170.4660529843066
17165,2006,150.0,139.1377480329001,109.03091899753383,135.23581657196002,157.8166836799355
17167,2006,174.0,173.51497628343898,143.06769342338958,182.7213762505601,192.09589759264725
17169,2006,140.0,147.71672662864907,121.09315625919271,163.6206466491909,185.49418496806123
17171,2006,167.0,150.01722406084127,120.2837552113989,153.16940949536186,185.40836331535138
17173,2006,147.0,154.15040733644855,130.76734412990592,158.21786234282834,177.89155050949054
17175,2006,179.0,172.47480496419394,134.04793028800245,167.7840871917086,191.60113285726976
17177,2006,175.0,168.31427728019955,143.66991441820807,166.6117634987618,187.1388271270151
17179,2006,176.0,166.56350144127134,135.72354717377135,173.20726380385742,186.67746078574964
17181,2006,147.0,148.98735833260312,112.51062195876011,136.14989978000128,171.0901379133904
17183,2006,173.0,156.17757987095848,136.18529879453268,162.45542776590398,182.00686858954626
17185,2006,140.0,156.92429890331164,122.0937416799222,147.78019225469026,175.8355434205566
17187,2006,173.0,154.46354301685636,125.70807035419264,157.4497992100463,190.0904708599811
17189,2006,117.0,132.57768168912776,106.57331057791075,131.52625018355374,169.6207248259041
17191,2006,130.0,140.45454531417184,109.39451778063997,132.4029612439312,156.5709039715976
17193,2006,150.0,158.15821021881533,121.96721600325705,146.26472709150363,175.3322353597186
17195,2006,174.0,164.4281060112296,138.5278339320227,162.18099132419508,183.0459407069549
17197,2006,163.0,160.90759986850495,133.8514881370257,158.5783473451081,181.42122819164322
17199,2006,140.0,128.2472917093703,91.22303289443028,122.9825378479679,148.44751248411444
17201,2006,158.0,166.73016496485207,144.11597573685214,168.39128487738347,185.7206103438978
17203,2006,177.0,168.78559524710352,132.02261096756553,170.35250580461798,184.75468730599988
18001,2006,147.1,162.92143795864507,137.04920372057293,163.092868086511,184.72680917384014
18003,2006,165.3,163.27843239538464,140.98112521837618,159.52146627504945,180.82725871289074
18005,2006,153.5,159.98957383846832,133.6157629263641,159.68256766539068,179.5048971552376
18007,2006,167.2,168.34356098765292,138.27571659787216,165.88647446724124,184.639047976069
18009,2006,151.7,162.9121400806472,144.97537812443227,156.05680538494695,181.1658979398402
18011,2006,163.9,166.9741140577982,138.8865224315351,166.25682766288455,182.2450010371316
18015,2006,174.0,172.71623862906117,147.12089423132463,172.60325042457086,189.4146945639806
18017,2006,153.7,167.45466644344214,143.55399270848713,168.2879316375083,181.5215915877796
18019,2006,138.0,142.00559177304402,123.56233850973533,138.3865943963883,156.761930622328
18021,2006,151.7,152.93776091813604,124.7299805907337,150.77699180323506,179.05900316547255
18023,2006,165.1,166.18787335703118,144.55253737184313,168.56124241359166,182.58659460286512
18027,2006,152.8,154.55429240830608,124.3496371307422,148.6786978172174,180.28770643406037
18029,2006,143.7,137.754630719692,114.25798299414194,136.78082038425384,166.4328635028438
18031,2006,164.0,162.55670450956345,136.2376779094553,160.32965145193702,180.55999318135977
18033,2006,146.9,162.60156640251444,140.30730790019368,159.8048029192323,174.9083003846904
18035,2006,154.4,170.93636551554104,150.29402757602932,169.60668251739514,185.75498215999707
18037,2006,147.5,136.69978005271312,100.12915658831432,132.70828097351276,155.54269773651544
18039,2006,157.8,166.28906392777222,143.85241717788662,164.44583711403533,177.48775267353378
18041,2006,155.3,163.42720510955522,135.65526657647882,165.43682287971455,179.28418444847046
18045,2006,163.4,165.8297323984576,138.90536411393128,165.0108578562019,181.72518209509855
18047,2006,154.1,159.22252870878353,131.7521375752414,157.3170544770821,178.66282089962223
18049,2006,148.3,158.10943542192237,141.1415534822344,157.54293849923226,168.30424078209145
18051,2006,163.8,161.97423782605784,129.16987137785932,157.950752811658,187.1116406416376
18053,2006,159.5,168.30887322795846,143.83377389952113,165.88975212646955,187.56037887426297
18055,2006,143.8,147.04346448790736,122.93703571427105,147.5468562667144,171.78353935548733
18057,2006,166.4,167.3568141684772,140.5704000213386,166.24571471096868,180.19618726080614
18059,2006,155.4,167.04075112527994,139.79915006680116,164.558851269634,179.75237957452774
18061,2006,142.3,129.93958450803333,105.73233629297206,128.68771506429974,144.44114341946818
18063,2006,154.9,167.70032305679518,139.1752588545384,165.436008828269,181.4091039031969
18065,2006,157.4,170.74041171599947,143.33058212269137,165.74799247727225,183.04828398338523
18067,2006,166.4,169.76853411131628,147.0247911729266,170.862364480779,185.21811279128073
18069,2006,156.6,161.4440075760416,142.47457448515547,162.47974362598475,183.1255865827134
18071,2006,135.4,148.7390851819847,121.12279075184753,142.77609139908347,173.75232516313991
18073,2006,158.6,157.5762519638617,134.00860054514746,158.5912682887914,174.58580839998524
18075,2006,134.0,160.57018332963918,137.21528046135913,155.97294615452017,178.42218545477542
18079,2006,142.5,147.71139358107717,129.96691299343564,143.52949739572622,160.25998616996696
18081,2006,152.1,164.6723129479889,139.7591541081176,160.7700209695536,180.73424067319922
18083,2006,152.6,160.42581454318255,130.84089184471432,159.14552997325143,185.18757685223298
18085,2006,164.4,159.69874684393122,144.22230729538953,160.13508678062726,171.29659821820968
18087,2006,144.1,155.02173649729315,135.908889345349,154.99008028050955,171.07607466528074
18089,2006,162.8,153.98728688118925,133.5782623274355,158.21905933733217,171.60712851364661
18091,2006,165.4,159.18278290761128,132.67222382329987,156.7127272010138,176.11104188084772
18093,2006,144.9,132.59535667272726,108.38668713590627,130.97325891518585,146.70607538168287
18095,2006,163.2,171.04365350148836,149.35609195061622,170.1444905221324,183.77833820454657
18097,2006,140.0,165.25356183854942,139.93787932665833,163.38052372244164,180.52609006308552
18099,2006,162.9,159.00461511570487,146.24086686134007,158.3861909609919,169.34433577151026
18101,2006,140.7,141.51066925064336,118.23827916913686,147.3338295368585,165.84978198964274
18103,2006,161.3,167.3517757572321,144.78386001882325,163.2638708243188,180.74412976275315
18105,2006,136.0,142.4745476359201,115.41718826131512,142.18376511720336,158.22379589763733
18107,2006,166.9,167.32009019764794,138.88014975442496,167.7522929791426,183.39200347313744
18109,2006,153.0,165.0435256086337,138.73887080204992,162.8225749686849,183.82669911060785
18111,2006,163.0,160.1432275097269,133.65039738774942,160.29993931596138,183.9450604052963
18113,2006,150.3,159.315603392324,143.82610446816923,154.62738425752786,167.98691533230516
18117,2006,153.8,137.08582447041044,110.05897756125631,137.71703040551813,154.65185760622177
18119,2006,132.5,146.37030878905395,115.76166968233667,144.15890919696812,161.0311291523511
18121,2006,156.5,167.65648431763285,142.1796512648647,164.61652248348074,183.68135765581027
18123,2006,131.3,135.3342347298259,105.05884332482128,133.0629469678184,150.57024615006816
18125,2006,144.6,149.56601115886724,116.11257890577986,138.52538156294307,170.40058431141512
18127,2006,158.8,163.9364524549186,141.98540104270188,161.46726457657465,177.39129228824143
18129,2006,162.5,161.27486773960456,121.64869228117749,159.50650778799235,183.55688335059642
18131,2006,152.7,157.40602246387718,131.63212719526433,156.7595485904436,172.50216105140478
18133,2006,155.5,163.00837256176166,136.84360683137118,161.69980766284266,181.11764519381262
18135,2006,145.6,172.06054814457224,147.26104056499906,166.0925379401961,182.54431001994516
18137,2006,152.6,149.9121250367916,121.2767869297137,147.4057946097922,160.0436980559385
18139,2006,152.5,164.52234413206776,140.41521456890933,163.96472890453634,181.06889965210308
18141,2006,157.5,159.2487878463972,147.81291610530113,158.89659687427908,170.7630176662446
18143,2006,129.0,142.58814585456156,119.19898059980275,138.92974583976314,159.17627757291345
18145,2006,150.4,162.116675694821,135.6732227129537,161.87684305889724,178.54823514712993
18147,2006,136.0,140.59319443285221,107.96892105889091,142.09423400368635,155.8707075738686
18149,2006,154.1,146.55858561778425,122.64556934651822,144.64851141778786,162.28303118522714
18151,2006,148.8,155.30655206692063,140.35430878671082,156.40430559589996,172.57226158882227
18153,2006,155.7,152.98937798733883,126.13737392029222,149.44000051205717,179.03512174067066
18157,2006,164.3,168.41630023480644,145.24708001238318,169.37495821971828,186.14885549121905
18159,2006,177.1,174.31375300198476,147.75474269432647,171.98590952254682,189.67559411991135
18161,2006,171.2,163.95889115999822,138.75371045914204,162.67518450727866,183.7226482033184
18163,2006,150.7,161.31125845148074,119.64654342139613,154.9053641869732,180.7357806902608
18165,2006,170.3,160.81487970738283,135.20962058816633,160.43364733049953,182.8274557761011
18167,2006,152.6,166.53880784538535,139.63657358679757,159.29026412647232,186.0725480316471
18169,2006,159.9,168.74531259255548,147.72078947304843,167.6489151285775,185.52793954362525
18171,2006,169.1,159.23835985685946,134.8106795649713,167.10859278394167,183.42532618820647
18173,2006,143.6,144.66988609239252,110.33689704399603,147.92406241667433,165.7389160506479
18175,2006,143.0,139.0911798569403,112.77368650563312,132.4376879737667,149.71269579769086
18177,2006,156.0,163.48440180807853,138.63687218890462,160.90004996507795,179.6945943971145
18179,2006,154.4,167.5951498579012,141.60587219640453,165.94816338746995,184.60983774071127
18181,2006,159.8,164.60851256563967,140.04184084895238,163.50639757906356,185.25845876641608
18183,2006,161.3,165.2489260294172,141.23938672464195,163.70815584865284,177.55910641780574
19001,2006,164.9,133.64028301723283,107.42039301965562,132.70959641188023,175.71610899980885
19003,2006,145.4,131.5988617865118,110.03516930537342,121.77360666102379,171.93428293773215
19005,2006,166.2,153.90195825555222,126.42494446926807,151.92360725075667,181.31749468277346
19007,2006,157.7,110.04583408086724,81.74321964843355,104.0295279674273,157.78184764043095
19009,2006,173.9,138.9065960158595,118.4480354321758,135.08708477864832,176.56619848292476
19011,2006,171.4,164.68430867072803,130.24739622415785,157.52836809036583,187.30156040992682
19013,2006,185.5,168.40702946864158,139.2871159615062,165.03170262763268,190.01584119237725
19015,2006,172.7,171.26016019334674,137.6833525642248,167.13397673362115,188.97315802065242
19017,2006,183.1,171.43931612019782,141.69125479245548,168.81201760339954,190.14488716092544
19019,2006,180.8,167.74987882645567,139.81542179201764,165.72245195546944,188.45297183446354
19021,2006,143.3,133.51892877713388,119.22936548776622,147.94271052669265,176.06006084031566
19023,2006,176.6,168.14613815502628,133.02580001141527,164.63414317773098,187.83507344092646
19025,2006,165.5,149.24910700224697,126.88200104241196,152.2781624614769,181.386303436913
19027,2006,162.5,140.77667660056386,125.75747290055872,144.56538718160303,176.91576925466453
19029,2006,170.8,149.5301529611803,119.90753141140186,141.83851450065197,175.43643315577972
19031,2006,181.6,172.85882087995952,142.23811713872246,168.76409041486943,189.0386484865013
19033,2006,169.1,162.39156616859128,137.95238489388254,166.47801911330566,188.0495049487362
19035,2006,144.4,135.22565849688038,115.51128174311941,143.71041998412073,176.24483828848557
19037,2006,174.6,169.46085299504352,144.97000630433106,167.15581435987872,187.47218169966266
19039,2006,147.0,107.45185828255056,83.6467775160252,105.01336974949874,160.24479436830268
19041,2006,159.6,133.18688736745054,117.31653116091817,144.98748513927697,170.7662301935654
19043,2006,173.2,160.51421251279797,131.4672800065043,162.41509170083725,180.58515236666815
19045,2006,173.8,171.66851806831744,146.17728368463295,167.43754937677883,189.96951604799324
19047,2006,138.7,120.07062999928817,110.7236108933264,131.80101638664286,167.29766935593312
19049,2006,164.3,161.75746724224916,132.32341512012812,160.51014412723305,187.48675695410947
19051,2006,161.5,100.30238544062834,80.70683917848746,106.01799963888942,160.520134243954
19053,2006,157.5,110.28494784528085,84.54955605574688,110.51471772327885,159.35750572996102
19055,2006,180.5,167.60336083428567,140.31836548808707,165.58435310992104,187.46659313624806
19057,2006,159.2,112.92927466811688,101.17156291039701,119.7056392247627,169.4253546089514
19059,2006,159.0,138.023521378824,118.17819291817219,141.66159426500664,174.19299732021153
19061,2006,182.6,173.27318725355272,146.7808226000344,170.67337304067772,193.6185825099508
19063,2006,165.9,145.25180141976082,118.94622265281657,156.4438298857886,180.07462564807176
19065,2006,173.9,173.16051986620326,148.51379721268262,167.063155206078,189.44709958306902
19067,2006,165.0,160.19949735240354,133.54226125676212,163.7174571617476,187.47120255886702
19069,2006,177.6,172.3346507234243,143.31512695748066,171.8144277764375,191.62914391126893
19071,2006,146.3,132.0993225441008,109.68207273879841,143.17987049096357,174.8963059733536
19073,2006,170.6,158.10495884516575,130.26306280703972,160.532313735648,182.68103735951738
19075,2006,176.8,169.0565263781039,139.62406855801893,164.3269969334533,188.26086415691387
19077,2006,159.2,147.36156058480597,120.51486478467447,145.07264181080615,176.30361517933375
19079,2006,184.7,171.04838897572287,136.49964153634048,170.43542819292998,189.98144439984085
19081,2006,175.9,169.1343700173763,136.24149350393407,166.52954563627407,186.6883483136161
19083,2006,183.5,176.00354672906667,137.1385852221647,168.13088103008926,188.79576918540647
19085,2006,142.1,120.94942733668688,105.92339161236967,124.65304017151308,162.195661376649
19087,2006,167.9,117.71360947193607,101.37854019991704,127.47176552969613,172.41147176120026
19089,2006,165.3,166.95242814951436,136.8031805115563,164.45603430449606,188.47210988880678
19091,2006,181.3,162.8728188858556,128.70767968342577,157.47881740976104,186.14272345160552
19093,2006,125.5,128.39794607349697,112.28576447838515,145.7402397481182,171.6720661632946
19095,2006,178.1,143.5913646127854,118.85563275946453,145.5312145556198,182.05457280771128
19097,2006,166.5,166.02617957055682,138.84758770043567,161.63714289335547,184.66593757851564
19099,2006,173.9,156.42107473190453,125.23786234624731,150.0011224166823,182.9658464274239
19101,2006,170.7,119.90943078311066,90.87643686209191,127.8568798914289,166.45760053053345
19103,2006,171.8,156.6088280241479,123.56200977451181,148.14776818542992,184.91183893710325
19105,2006,175.5,171.9961061198692,140.67362719117114,164.36602309419362,186.5104584393686
19107,2006,166.6,129.44961413953186,110.25504372520055,138.59065357760016,176.51130843143824
19109,2006,177.2,156.64195257903913,128.47532710928905,158.13534800381004,184.35259196058715
19111,2006,144.1,119.79191563579421,92.75412784349169,124.7967287525197,172.11433988357618
19113,2006,176.2,163.36310759250156,131.53429259718064,163.91782109697016,187.4865711964941
19115,2006,170.1,129.84936800382448,108.08027339937593,135.3812676554468,176.13443660795917
19117,2006,137.8,115.05320058751639,85.93464973562845,112.50173473198568,161.2255764619406
19119,2006,163.9,138.72738860743064,114.1938728614216,145.88054180616462,175.02977517346287
19121,2006,158.4,140.36830715656862,107.16246530900139,138.58041966723155,177.61958200295223
19123,2006,166.0,129.99075647610135,114.92535702127506,136.07188507146282,177.77732952780082
19125,2006,156.3,131.3721582821356,107.83324286922993,131.96948665977038,170.80247942728778
19127,2006,184.3,161.33983681066525,128.3790889835786,162.20504111839577,185.7579479036592
19129,2006,159.5,130.08915706694845,109.93905228332463,136.71822636551596,173.1363008511559
19131,2006,170.5,165.45059540216351,143.83617822599544,163.22782529761037,189.64406016028673
19133,2006,109.3,96.32657458613252,81.10259505716195,103.59650067568063,150.77536402159856
19135,2006,137.0,116.3623668919184,92.78356642207686,114.72185979147822,165.01254700669082
19137,2006,163.9,133.8243881651293,116.10887830062589,135.82842176143424,174.6901094821229
19139,2006,166.4,155.57171559242414,119.93984288659811,152.46313033526235,181.6008231634129
19141,2006,166.0,145.01349211640851,117.19102364865452,150.5052506222739,183.68231448785235
19143,2006,165.4,142.76990160272013,119.07988899511756,145.9963128736319,177.7340212425351
19145,2006,152.5,125.51899229800833,106.42316234132684,130.6771241580362,175.57554887817216
19147,2006,163.0,140.77890876725726,119.5042239492713,154.27831639338876,177.44956564479605
19149,2006,137.1,132.56742976347817,111.6482971579581,136.85279683211328,173.46494245134184
19151,2006,166.5,140.78868553996995,123.48096988896816,149.56789939052305,176.89054844902455
19153,2006,171.9,165.26757768125324,135.47850274145082,163.57602263660732,188.1347133449332
19155,2006,171.6,124.43329256579516,113.89215160060738,126.89856699411403,168.04446215136394
19157,2006,182.3,133.25018574439522,112.76542618750207,137.54869945230928,176.058284003242
19159,2006,142.3,115.33326118329651,92.8269151523256,112.37882119858459,164.7617817749349
19161,2006,134.0,131.45031452870472,118.00386450435553,143.26157239993339,173.30004833422467
19163,2006,170.5,171.58508204330363,142.48052816421807,169.0041826656333,189.51549089884946
19165,2006,171.2,125.84649787106886,110.56124355200316,131.41734130977648,166.31076810276312
19167,2006,162.9,144.27545588662684,115.56789042053506,151.58888825758225,180.74079096854697
19169,2006,184.1,170.11871603405046,138.77942870031896,168.36274542288328,188.29843856320892
19171,2006,172.7,158.46634512978932,121.38462228664119,160.05789024133375,186.17022980387566
19173,2006,142.4,115.30127079126031,91.53236718481136,111.1935702532253,163.70565445226612
19175,2006,153.6,126.93699873556636,103.20494425899136,123.79429976802717,169.54992837491326
19177,2006,157.8,122.7304472333412,79.24911259324756,118.53177111599597,158.20677703562637
19179,2006,164.9,121.25425619810756,100.46514358234094,121.99010714920225,171.61653114149814
19181,2006,164.9,125.52530139814753,103.59573904375748,123.24281171584823,169.95715486626705
19183,2006,184.4,124.7821132471892,109.89439948514027,136.52540823582441,179.60717172248286
19185,2006,145.0,114.21980414511543,90.76878542212464,106.95955434288774,159.6571627807833
19187,2006,173.3,166.82761946220128,131.07560646208702,157.81659284301833,187.17605019462218
19189,2006,173.9,153.1120952545951,130.78061776903107,160.10076927265877,179.68172980986506
19191,2006,171.9,165.65048778837746,141.3646518602387,161.20555090325848,188.98693368288997
19193,2006,129.4,123.79662271674333,112.08821206286899,130.31160344818844,169.82907686568453
19195,2006,172.5,161.4383988100332,134.500344669961,157.70205666751514,187.27384312187303
19197,2006,181.5,171.3287113957964,137.07689661235426,170.3763007212687,191.70747357102644
20001,2006,89.0,88.31524955671836,54.948547207124506,87.21062776839989,118.41346874379093
20003,2006,83.0,84.36153255021259,63.41699436448717,80.9170333092916,121.09751586163287
20005,2006,111.0,89.11706419846647,68.99965460791552,92.17074379881495,145.78801520225633
20007,2006,129.0,123.63753646372686,86.36327979778068,138.59902435071317,146.3006664034765
20009,2006,138.0,133.8968281295765,81.13953252956043,136.70641590568172,169.90312283613534
20011,2006,97.0,82.77623257976421,59.89251433362304,77.29423575229946,117.51187856068037
20013,2006,118.0,104.7268591675707,81.70813847480179,99.65252782856258,153.95537976913408
20015,2006,68.0,76.40177034621777,47.772385201089605,77.90880382468183,117.49748086015721
20017,2006,71.0,74.06471473363658,49.66183636313184,73.24041693950221,113.59117089911868
20019,2006,56.0,71.00855338634253,49.55418725399381,72.93603200570837,120.2979469301459
20021,2006,103.0,83.48852169155249,51.1711949512422,85.17901254447904,132.5356082791398
20023,2006,146.0,143.7315065247474,96.27902700425263,136.6639802145438,190.5886922778558
20025,2006,147.0,140.11830707559673,83.10586625777306,137.14915512858065,167.74288093851618
20027,2006,134.0,132.8524223171841,95.41885040938551,138.81883828486923,167.9017739567477
20029,2006,111.0,139.40763031080132,96.66691589938502,142.96383178920183,171.92280100352815
20031,2006,80.0,85.01070318803619,66.55877936907739,79.97026366101862,116.73441562634808
20035,2006,68.0,65.1474489786642,44.669959470594605,78.38122351449977,122.96090535729113
20037,2006,86.0,81.26995046924452,47.1929153565838,77.85178819292969,119.58672138064685
20039,2006,59.0,69.92623917205934,54.97593752537174,94.05161882127909,194.43919818714525
20041,2006,71.0,81.35239473782642,58.239938789939785,93.06657136697356,151.92931297870922
20043,2006,139.0,121.9096607412136,94.29848256838378,119.39789972452746,159.13226737231085
20045,2006,82.0,93.38407793617904,71.57104466092488,91.34538296438376,140.4118762143926
20047,2006,149.0,150.26101598599178,100.01243507289841,160.03445793677605,167.44008338684662
20049,2006,79.0,81.86845516294191,49.06795185460978,74.58569553744701,120.24607756515836
20053,2006,42.0,92.01725730655141,65.93800971658544,112.29385643810247,164.08868086878184
20055,2006,164.0,169.505947374141,127.01728327465392,156.0576749484626,210.6650998758605
20057,2006,158.0,148.8238639937532,84.6646727475379,148.74325858539436,177.45090482592641
20059,2006,90.0,84.82685450108393,67.2780881486986,78.21653015719924,126.05331078997824
20061,2006,103.0,107.83425912363175,76.08596512326014,113.0128973472408,153.20053706049848
20063,2006,49.0,96.93688276421372,67.18613240344939,114.88914268509826,181.78002582612288
20065,2006,58.0,112.77655350746107,86.05336178159583,125.22791899322284,172.8695806568648
20067,2006,154.0,149.7868740729564,115.01918070239724,148.17108851925715,202.1896013150329
20069,2006,163.0,175.3509447825824,113.3843476424798,154.55531690672746,212.52662193964392
20071,2006,90.0,109.15429205602084,92.66599565266927,109.07436473810921,194.2498241030562
20073,2006,83.0,83.30370146054413,51.746538819024735,76.28884518575963,116.89396601813304
20075,2006,104.0,158.97804848525527,127.82368795855871,150.72726152602016,204.73910737718035
20079,2006,113.0,124.24613065665817,65.16485923916781,122.03314931060117,154.48815697184872
20081,2006,170.0,138.83833319145916,96.4343480453388,139.34539765601787,187.4436364145381
20083,2006,143.0,131.45348528994168,74.78751139387612,128.0030720565001,169.11785512493344
20085,2006,104.0,84.93757386007911,64.96628980304337,86.71087682675355,122.25060373283904
20087,2006,102.0,93.68564123732371,70.12395807095749,88.30862878790617,137.54720184134794
20089,2006,113.0,123.09987934292259,90.03982956981227,125.01323854162573,163.1638632450334
20091,2006,98.0,94.02142346608798,70.54459092011928,85.71023923317713,133.2361020303645
20093,2006,170.0,157.42799201929753,119.49021223083754,148.4654128120054,206.55255626709885
20095,2006,144.0,145.124451087214,111.09223458667131,152.8419481396868,158.72009578590837
20097,2006,157.0,159.38917946945654,111.37763602818052,161.28290162502535,174.49584351148772
20099,2006,80.0,81.8471195890279,47.78878488484395,77.05705756596159,119.79897878778819
20101,2006,85.0,120.55757428144182,95.31885319637952,120.54905103619467,188.53313837138626
20103,2006,96.0,89.28322427907253,66.62123476463617,83.50504417639411,141.5956534853479
20105,2006,37.0,78.10923559038883,51.87454096963097,95.58268950583525,159.15563091227983
20107,2006,77.0,83.1898394185235,63.04516758627665,77.11241073543543,121.273544921226
20109,2006,53.0,91.3308308637507,70.6017847299634,107.6817665389896,182.9539581170965
20111,2006,75.0,88.55055057954662,63.783957355805796,82.35447390521917,116.04497428680756
20113,2006,125.0,124.33201212217114,74.00723299688818,130.39437135105257,168.03155451691717
20115,2006,56.0,75.20896989696325,52.00174639911524,69.56099871997068,122.1579680902919
20117,2006,84.0,86.16209848748784,67.18963520560784,98.36710416986944,150.6958232630282
20119,2006,186.0,157.91804878424406,87.93053307227471,142.98337413530578,183.67991043712706
20121,2006,98.0,86.96173970913182,69.08120992818479,78.58571908122609,116.25504421249732
20123,2006,88.0,118.34007735025087,77.48582184198284,126.92055867822414,163.58425122335578
20125,2006,83.0,82.38938086147105,48.9982005861712,76.23755741057533,120.67880519332526
20127,2006,61.0,70.17831519574521,46.43447483776849,70.43525625263412,116.1284841536966
20129,2006,144.0,139.75877419299226,106.12761526441896,146.1326316354432,203.36986378062443
20131,2006,94.0,99.97790384872312,71.24907096609053,94.35384428810042,141.94875910682205
20133,2006,75.0,83.22711630134798,52.69905749932025,74.05062861216213,116.1420039261097
20135,2006,66.0,93.97847817641296,63.83250999327585,110.00373274425989,182.23203836779427
20137,2006,65.0,88.11829188987409,69.30057426313782,97.97062466319652,176.32510464133208
20139,2006,72.0,79.96812458520834,70.2564683787275,79.09586743457027,117.55256678163371
20141,2006,58.0,121.67533228963755,83.97257809055611,131.74636932101836,162.53840149208187
20143,2006,87.0,103.95653221561074,77.89804699718155,101.60970236755315,158.62641259555122
20145,2006,134.0,143.93735248297352,84.34445820286321,148.36421346681288,169.06142599633668
20147,2006,60.0,93.2793275737109,74.2079850221663,113.50422894173037,164.09213781943936
20149,2006,114.0,107.7883024742874,66.58255118366999,99.26050990894322,156.42167233020695
20151,2006,155.0,149.3178686966771,94.08459018012778,157.9138666330111,166.04704794844338
20153,2006,65.0,98.91071676470052,71.39716627985668,116.14595260624365,180.8150318684034
20155,2006,128.0,147.74963049652467,106.94278745482214,152.23625665123728,165.0866617040901
20157,2006,124.0,141.23608180371798,94.95268475968818,133.89974633152985,172.8539652365789
20159,2006,106.0,125.98886379526088,86.059489042223,129.13120865913157,169.7935387391212
20161,2006,103.0,103.34035449249353,66.83885431472429,107.35412641856551,157.57539138743817
20163,2006,71.0,106.54324080858589,74.08629745730995,123.77570462184782,162.21203354473946
20165,2006,116.0,120.37128501060874,81.36201912978744,132.05446412028877,162.17358339700252
20169,2006,78.0,97.11543642679807,64.69093237363681,105.29242803354106,153.9881860874265
20171,2006,115.0,134.35724110480848,101.66252689141392,125.5737745674644,187.96980124450408
20173,2006,123.0,132.48501982733234,79.00630376994553,131.47875675156206,154.66597825848154
20175,2006,171.0,151.754851002769,102.14546385884091,151.7103376681085,181.23961900057859
20177,2006,98.0,100.07771233246716,66.86767006088235,97.16151938440615,133.34896059564247
20179,2006,97.0,134.724014879518,86.79368396943109,137.33522554323818,199.78679245198109
20181,2006,134.0,120.78277846180853,103.53136310805249,121.10383307795296,189.03053525823202
20183,2006,72.0,115.75252454111256,76.76762327650152,119.30799325949542,164.28031539390378
20185,2006,142.0,142.0139152843077,93.97193295764964,150.22876550762024,166.09096349455257
20187,2006,158.0,138.04049964159648,102.32187095281272,135.68155857259555,206.41295654824853
20189,2006,154.0,150.45838293900098,108.10204778505903,152.3373326811104,202.15608156593726
20191,2006,70.0,66.51150848569289,47.01561364749574,84.24983328188364,138.34288413408655
20193,2006,118.0,122.64746278931796,85.31990404686422,128.42852563884725,188.14440301424227
20195,2006,42.0,120.54855267935487,84.42423043782127,129.66040273755277,170.65132231416183
20197,2006,93.0,92.08911701959492,71.78356180826502,82.28944764451649,128.03864633476587
20199,2006,132.0,108.3333418135719,89.25995264417615,99.26953977072266,182.89815374509834
20201,2006,75.0,106.5022296452053,64.29293831120233,105.22225924430676,162.60247650341623
20203,2006,135.0,120.79640433978304,101.60525865457568,130.73277013303883,198.4237025320862
20205,2006,85.0,84.43224506376538,54.93376508574003,74.51878171255575,116.42117799831988
20207,2006,76.0,83.14790744005779,53.31011810713288,86.85908760388705,122.44335623892852
20209,2006,110.0,100.51717713533994,67.86463042916611,95.50559672773866,155.05738865104507
27003,2006,98.0,105.38692867339064,74.92238765892984,104.19512628377458,130.79097005921403
27005,2006,126.0,113.73803084924903,93.25068458387179,123.33678237590914,138.7084898920313
27009,2006,110.0,109.4331611015605,79.40807272661783,115.10153243726892,136.84472649852242
27011,2006,155.0,114.5918904325289,83.18614358578384,127.34335512110783,134.68394240991137
27013,2006,175.0,140.4421482302491,100.56270658120559,132.31159292138017,151.80329374645632
27015,2006,173.0,140.7566675880129,112.14593558959987,144.30895624602005,154.0713840955128
27019,2006,163.0,131.15170020581598,105.20312767784387,130.66605587025202,158.54209184471236
27023,2006,167.0,135.42368748508267,108.08926019848329,141.58017930345966,162.6568499049639
27025,2006,113.0,106.22493660285961,84.89959266701925,107.91025084289197,131.1226466609852
27027,2006,124.0,105.53558455003048,80.26693335191935,115.84135856113718,128.5615855975425
27029,2006,68.0,98.21417758916995,77.03111893071427,102.6879573757486,120.41075551813266
27033,2006,172.0,143.60119994313837,118.23895662990742,140.7920073040096,164.88170376433644
27035,2006,67.0,86.47489168203205,60.0076579396948,91.87309621915722,114.96258100954226
27037,2006,167.0,127.43900275237704,102.35759470192556,129.05930559277292,147.33305704585527
27039,2006,178.0,156.77806897783685,128.9045822966342,150.2073351787177,176.02014970940886
27041,2006,119.0,115.78504995771026,87.08223886136713,129.27295020203553,140.23430605114493
27043,2006,180.0,153.33094264041932,124.32306790017358,148.44857034150078,171.99744198858738
27045,2006,173.0,151.4326136037574,120.9833493625259,150.55159406504313,159.9496255153103
27047,2006,173.0,160.05056807429142,126.75538508109892,151.47606138990116,173.33815167159426
27049,2006,178.0,149.9466475498418,121.58384787469163,149.3043038717108,174.3113990856589
27051,2006,146.0,117.7331284251975,81.51540958646089,128.70861029420823,137.44151003695092
27053,2006,135.0,124.83594522971634,106.0582338316118,129.3369463409938,156.1965811073299
27055,2006,166.0,147.26511554130315,116.87897960043455,147.34418752827222,158.57563987998134
27059,2006,102.0,102.1348088532463,78.92373740015194,105.17022940581748,128.36425778552984
27063,2006,160.0,134.64398343017857,115.19524538983859,144.35863348868594,163.46517070332158
27065,2006,78.0,103.02779602056012,81.87169981192167,115.90025648362555,131.58159539042552
27067,2006,160.0,125.03295070676917,89.34919086714402,135.26325298526393,142.93949388052278
27069,2006,98.0,67.83177589579216,59.146411343828355,82.96122250349156,115.77563844482505
27073,2006,159.0,124.20941789349143,100.7753821960556,140.55301109705482,143.19087359453704
27079,2006,170.0,140.56846074917522,101.0119553999057,138.32141197033698,145.7537617763465
27081,2006,151.0,128.6121176076679,110.97373230145584,135.5968720535583,157.52283487047444
27083,2006,165.0,134.07696042260758,111.13731123095206,138.96759775944312,160.95948506621272
27085,2006,176.0,139.18120521071123,113.44932369926337,142.97161365868757,167.86584532592795
27087,2006,124.0,97.8187281291881,71.34857267601821,100.74194384225322,123.04084973261384
27089,2006,99.0,86.55336889657684,62.79001078641262,84.01644048827941,106.62999953800409
27091,2006,181.0,148.53641425442655,118.80022230461017,150.63651177793824,170.69534991360018
27093,2006,149.0,122.270350368928,97.550979402036,137.6305556165,143.25182015474957
27095,2006,91.0,101.04639050915603,79.69891031040225,117.33688184027525,132.25972116560044
27097,2006,88.0,100.33483813942314,68.09621948701238,104.54571189064234,129.12986958709752
27099,2006,176.0,157.21044388378266,120.62706474383921,153.47527532009366,161.06116341432534
27101,2006,165.0,137.326291055949,115.46633789526987,143.22067561713465,161.88822696902494
27103,2006,180.0,150.12355962909803,118.747173331352,149.81659269403133,172.12752091353806
27105,2006,164.0,142.7515589416637,118.92998817505617,141.7996243688481,164.70963308181473
27107,2006,123.0,94.50793983249089,73.67231135091204,106.00245857203166,121.47662110371066
27109,2006,176.0,147.37486757032698,120.6718641555643,145.33833055667625,160.09542404691302
27111,2006,124.0,122.13610822154546,94.5893425915553,124.59253823505227,140.2730142549621
27113,2006,80.0,93.39909492729046,79.81825999937926,106.54217494893665,137.97093686379245
27115,2006,97.0,108.18413166249637,82.73001467980907,111.80947050003455,128.6815415232807
27117,2006,151.0,116.69252834744178,90.29777872462671,125.54784664500335,137.21825028815417
27119,2006,102.0,87.14235546294785,76.58642400928618,99.439557918003,114.93334809151365
27121,2006,129.0,118.98177737150228,85.67856673017171,127.61938292343896,140.42506606624684
27125,2006,92.0,90.39671237652186,73.59147341079141,104.8962085976553,125.90978368987285
27127,2006,177.0,142.00828652064038,115.11984525899655,142.78937916585207,163.78482622779904
27129,2006,177.0,148.0852312325987,114.0407665807437,151.56527538049144,169.0689408473215
27131,2006,169.0,142.0234786741375,115.09411507685465,139.32414197084418,165.23051236573696
27133,2006,166.0,138.14191761990963,113.613398212721,138.42328838919784,162.26840272945205
27135,2006,94.0,76.76849755271793,67.57473770110626,88.02654852851643,109.1747852439472
27139,2006,155.0,136.04467049634184,112.23912587423666,135.4280004630575,160.14627202144476
27141,2006,140.0,115.0067225638063,78.9385352479801,118.40023785791318,136.9849014449296
27143,2006,181.0,144.48955669937183,118.7243775246192,146.20032449510975,171.110517184653
27145,2006,115.0,110.06742891475088,84.669806765457,114.8230068795032,137.08553595397288
27147,2006,178.0,153.71966209263854,127.8413784023995,146.0279898560135,172.9547015020112
27149,2006,161.0,119.72606026580685,82.04288948574758,129.8404230541889,137.4697630823855
27151,2006,161.0,131.47574340232606,107.22546825008928,139.18590496520335,159.60729997442343
27153,2006,91.0,103.6325368369576,83.53158313354177,105.51659233652282,129.87052477747437
27155,2006,145.0,124.56974040297054,87.38521396814502,126.61700599868303,139.28009691149188
27157,2006,172.0,150.32245864131863,122.48056081521469,148.75423762072296,173.58339969444174
27159,2006,96.0,100.7746991211883,81.93288270121437,108.25562494922549,130.91239299402076
27161,2006,181.0,150.0548761855343,127.0800532700994,146.4521831402752,169.2229564722967
27163,2006,138.0,126.00017805388185,88.69410267957386,118.77319883887108,145.67465585220845
27165,2006,178.0,143.1381790872373,111.34212226199105,144.60773726018826,161.5887174726647
27167,2006,130.0,111.40998392425509,82.7091567289009,126.16676301572303,130.7174379404725
27169,2006,171.0,147.17472055138154,119.61104896171739,148.16199385066153,162.37303893060093
27171,2006,132.0,130.6382770136328,106.59369286186762,129.45662331687546,158.5957308948112
27173,2006,156.0,135.33750712816837,108.5659832482003,141.0474228126273,160.39594866234958
29001,2006,153.0,96.22536464304288,74.11386763213582,97.73311344929257,135.13010884805263
29003,2006,148.0,92.26350198986518,88.58956994316206,98.278980280663,151.61770347260244
29005,2006,155.0,121.37892913258054,97.78582144755413,127.99851204111953,164.5918934083146
29007,2006,134.0,116.16552832771858,80.77376163102366,110.77053788604991,152.2333098488951
29011,2006,133.0,97.02590423200242,56.90156971558582,95.93556278026279,131.56464357537013
29013,2006,118.0,82.69545650389696,58.09007189920846,80.73409276897253,112.17776499021396
29015,2006,81.0,86.08231718105245,52.14867846376218,85.61070633723457,119.3718222447649
29017,2006,130.0,126.1252650557429,94.87686988082021,124.3639310478672,155.9167469671778
29019,2006,140.0,120.32026569848708,79.29703267782455,109.99004032179901,134.65601091878278
29021,2006,140.0,113.54267201040925,91.03382559712858,110.69098458262852,158.71634765869385
29023,2006,157.0,130.44369736692687,96.1455394150189,131.52561633893532,169.67318405871737
29025,2006,104.0,81.83369376123723,60.39216509733056,85.76890263341474,125.99085510948281
29027,2006,130.0,107.88905346066103,68.37744780186705,104.6477329486004,145.69647496661324
29031,2006,139.0,134.98516367439694,105.81704200005586,136.79217113469684,171.29182478411744
29033,2006,153.0,95.33067854446725,70.95832690869543,106.16313267177657,131.142417830894
29037,2006,121.0,90.65513298236299,69.4111363463389,88.63390911886357,121.11237853877658
29039,2006,100.0,82.37832107188785,53.2915078689571,75.62997379287583,113.33063832000764
29041,2006,151.0,111.18645403782939,85.2051648981093,107.74750962112402,144.03808366284443
29045,2006,138.0,105.60709726454378,78.86955449715171,107.06710059863994,145.274102743475
29047,2006,109.0,101.42611237275034,78.94616801892158,97.0530228697857,153.58702625009434
29049,2006,133.0,93.30744983066081,71.93266567377677,89.62997466253218,132.2431830735599
29051,2006,108.0,90.16095972651738,58.97011812511238,101.74426634449695,124.11199506845297
29053,2006,123.0,102.07611145644255,70.9086395552252,105.48408312435852,154.02540070290627
29057,2006,131.0,80.05394104381904,50.20025338579041,86.81273685985627,123.51219293457416
29061,2006,112.0,75.07385923952953,50.687545939366316,78.0076423132177,119.19958249305884
29063,2006,140.0,84.82978623160922,64.26627053367238,88.43902009130166,126.33860697368293
29069,2006,152.0,133.65270115441245,89.39992794059435,132.8491549467675,162.71923787563878
29071,2006,143.0,100.95109712559852,72.97638204897979,110.65321107191157,127.57247295454233
29073,2006,133.0,94.2270426468413,58.59666778284455,97.8341821099245,125.56884401929267
29075,2006,139.0,87.40309290931953,67.19389863196665,88.26059973048515,127.69154757254866
29079,2006,138.0,77.68314467254355,53.267280826482164,87.55995366343606,122.83728743583023
29081,2006,130.0,95.44172904747458,77.49472557346257,92.78140254647998,142.07337397738868
29083,2006,84.0,87.39728672940683,46.1441268442515,94.30791018775562,154.61936306858124
29087,2006,154.0,110.78174759525712,94.77598857833824,123.05841867585903,159.70883461066217
29089,2006,141.0,118.31713234349058,86.71480005194826,110.62493927673613,156.44121833773642
29095,2006,113.0,103.10632736048514,79.65669745004257,98.71309520789612,155.69945084387734
29097,2006,113.0,88.41241739065978,42.14653680175756,83.48684233538349,127.98671458141746
29099,2006,114.0,106.08417039933727,76.06606726879022,112.99361609233897,137.92460915870487
29101,2006,104.0,89.83508547653042,65.18608976340369,90.37551794243971,136.50663397223298
29103,2006,148.0,102.15994678440315,77.27971305705921,100.57512444132227,132.50593172489766
29107,2006,128.0,107.95205111500918,85.88985344275272,107.88995377925873,157.74406066707382
29109,2006,105.0,73.37797984045197,43.78072652303333,73.59850275614993,108.5707615829213
29111,2006,126.0,108.47304591861747,77.539407263508,108.38316828396292,148.91604125513746
29113,2006,128.0,111.12689474405487,78.85219698161978,103.72010179277315,128.64179336330875
29115,2006,149.0,94.83591227899731,63.92536537612975,97.69267037937418,127.01057731313858
29117,2006,144.0,75.8728064624759,60.368747769080784,85.55461104896915,131.70876855343406
29121,2006,150.0,113.96990167939522,80.38292842305967,107.15127967608613,131.66983782127804
29127,2006,145.0,110.02456400239366,88.91516770263709,112.1405640032717,161.17100945345365
29129,2006,148.0,92.01065440821549,68.16471294175525,94.07196263249529,130.96166569764725
29131,2006,96.0,83.35801827102206,47.904679126829336,91.79546607176631,116.47371344375722
29133,2006,172.0,138.73476994329863,98.04479973081507,140.14531201954185,166.4012550347909
29135,2006,102.0,83.11630684239346,53.776756447211966,93.49178455501894,126.78071197663645
29137,2006,131.0,116.69666762822963,80.33859738343025,113.51210545843787,154.17772480872085
29139,2006,128.0,102.05326985877447,69.53278628954652,96.17606111015743,147.74766948450477
29141,2006,71.0,79.46051265372792,47.75243441660477,88.10700641623936,118.9632847527637
29143,2006,169.0,133.3801876783158,78.46374021935648,115.86023802642865,164.7094416811571
29147,2006,140.0,108.44880535246178,89.10492418802089,100.81130291825862,155.0058496369216
29151,2006,107.0,97.30275163622505,57.78991001648144,105.65792035436348,126.02768840499645
29155,2006,155.0,128.95429771076715,78.11304578686602,116.90943415031228,153.0786697479525
29157,2006,129.0,128.267142358338,108.54259919398541,135.09155580668082,171.87895009381327
29159,2006,80.0,93.61486780709002,60.679561052626966,98.00538514712903,149.82799861316252
29163,2006,132.0,123.08632145697075,90.85153819783093,108.40621280489009,156.74760526049707
29165,2006,127.0,114.53511060848054,86.61096719427394,113.90883497063791,165.6673482801881
29171,2006,138.0,97.5852289986765,71.5005746474965,96.33867038957196,133.57024703669265
29173,2006,135.0,122.90483927918825,87.59307253640563,109.44893701597395,158.90987001205377
29175,2006,126.0,111.65025988974526,76.56476677686354,105.00902339343526,140.2586515436486
29177,2006,140.0,94.92061741108456,79.58904526884965,98.67314453641742,128.22513723701343
29183,2006,133.0,124.39647773722977,92.657029337267,127.51651732906761,157.46012420953315
29185,2006,109.0,90.9626388396345,54.31067563066495,88.77541703357423,128.1084248308793
29186,2006,135.0,128.95114587290198,90.54739434699866,116.97086429176943,152.3726588014766
29189,2006,120.0,121.15691938537637,95.51899321668529,125.37807534209406,160.49872639538853
29195,2006,152.0,104.61905501718084,85.76552341330247,113.27079700308073,156.00609132705537
29197,2006,132.0,95.73732062346697,73.94965972331823,92.9163623249865,132.3764002403194
29199,2006,149.0,98.08957158643055,74.26925399592781,95.20432682299182,132.275976568797
29201,2006,159.0,144.43432787698205,111.0469569216151,146.55639440803736,173.5316616772173
29205,2006,141.0,102.59469555995062,75.75477266583931,107.99026054170405,156.13002254651673
29207,2006,157.0,147.70070662902293,98.78362941970235,137.80316266873,181.6324172258302
29211,2006,137.0,101.136450190788,70.21985225794757,100.14991259561579,132.3724555493703
29217,2006,120.0,96.80693522965082,59.095976576337065,92.77726740960546,128.4514647520141
29219,2006,129.0,111.38040712737984,76.89512379600629,108.81480812222767,150.3242222205572
29227,2006,130.0,96.22715190984371,72.63877247564452,96.39775462814781,133.24532663302153
31001,2006,169.9,130.91601649479688,100.14528394813307,142.4357565845132,172.92632684845339
31003,2006,174.7,135.23288477662888,104.35738468378588,130.50086891337958,158.89961006636685
31005,2006,174.0,132.05112433445476,95.4560082724192,132.72593956323183,154.97205792642828
31007,2006,97.5,118.92147518529532,83.67765478218082,119.74335825372823,154.29343437769856
31009,2006,145.0,147.09672454477203,110.28282089775969,145.72632736246885,163.65966781181413
31011,2006,155.0,119.19648448039896,99.48222528207704,125.85170135881783,156.47442403199656
31013,2006,162.6,146.48126777684809,89.04574688712002,145.43138195947122,157.79985380226506
31015,2006,67.0,86.06177208677299,60.20515665067184,86.65606530714498,135.12726921988144
31017,2006,179.4,149.56054743664833,100.09256521368489,142.09278726971692,161.7755191552659
31019,2006,179.8,155.14770499007946,118.13910907877118,161.7635923291526,181.3494964680487
31021,2006,140.1,122.70234078550435,99.68364334192606,121.3717470444276,152.7709672168946
31023,2006,135.2,137.21465677797912,101.21973930304034,133.9778480775773,166.38971281965502
31025,2006,126.1,111.06980433471993,91.43581802346122,114.15295003912328,157.13926171073226
31027,2006,124.4,134.22177966424562,104.90896685304803,122.36140727421402,163.06917345688245
31029,2006,187.6,163.24934252387803,118.37298988619673,167.45821635910966,201.7356435646401
31031,2006,177.8,139.23346070825627,98.11587838419327,133.72522158548458,167.95792419561184
31033,2006,147.4,135.47542997640682,100.87714764903926,139.49776757858982,170.3730015951906
31035,2006,158.5,135.0672200970871,100.09926745530547,140.79665583988722,173.25544826842162
31037,2006,145.6,123.40779478390814,100.36611540290335,124.94345825513274,158.64472698195166
31039,2006,148.4,118.83101039626152,104.2243312188817,123.74842208346915,155.2695592913787
31041,2006,158.1,146.6367507623485,116.53714402481796,146.03283533411198,195.32501962478918
31043,2006,146.2,130.3670951884472,92.55441180181275,121.96230141297045,161.0989621589044
31045,2006,161.0,108.75845703371347,68.68449360245563,109.1875322809125,140.2825614565132
31047,2006,181.7,167.7320074212146,128.58515765913594,169.3105641572073,210.9081969307117
31049,2006,142.9,131.06381502109247,107.2076117881921,143.9648117818232,176.88276352745297
31051,2006,128.9,126.13555396367092,98.09581672382015,120.3732395431115,160.60030513431255
31053,2006,151.5,123.40548438590214,99.0177410181389,125.040950863418,156.68861469831785
31055,2006,133.9,124.06854240367262,95.60446741234128,125.29811000131878,166.87464376536516
31057,2006,170.5,156.76923893518244,124.2296783484128,165.40621993537525,189.57857675789128
31059,2006,162.2,136.14752970603826,92.47133650219536,137.81713880755976,169.0124998617019
31061,2006,160.3,152.6240326010755,99.83954040974307,150.8114326126875,172.77229855243812
31063,2006,123.9,131.54096924638648,111.76265741205758,141.65221404774206,196.75266742772607
31065,2006,96.6,116.7455376698874,93.83759951751759,125.36948752960606,172.00625026629237
31067,2006,137.8,125.83823304900213,89.26806711708585,116.49126406242252,160.32558214435574
31069,2006,152.0,134.52076347811945,110.03435448238778,147.80168999247402,175.1455842195581
31071,2006,153.5,137.47554230078572,113.9840442904099,136.86724031972636,157.31103821644615
31073,2006,164.1,165.71595816349722,120.15541723159168,173.10239777011444,208.2366242487825
31077,2006,146.1,138.5924794419293,108.26695930289009,134.57580154105148,173.60831179823936
31079,2006,186.2,146.96233963548565,111.85336742860895,147.42258202527123,185.29742886844656
31081,2006,183.7,154.78330064292462,107.7027082030086,157.20883509641337,180.73255808671894
31083,2006,140.0,144.5517190735251,117.7804832505006,148.3578916310864,184.23656322140596
31085,2006,142.0,147.3339197355379,118.29779151606958,151.4866232603288,203.73269188939707
31087,2006,103.5,119.38299271553686,99.92655017392279,122.8018878814517,186.29199609094854
31089,2006,184.3,157.22882081008106,111.6433290947736,142.52518991477436,179.26334760895492
31093,2006,162.7,147.7513527852118,118.0144854773438,138.55997011246134,183.50008153511249
31095,2006,146.2,130.2120323159418,98.52220315182137,123.51230160253428,163.75051091783328
31097,2006,109.0,110.50928195889284,86.73051514156252,107.26570416585182,156.34043760414983
31099,2006,182.8,160.5702331432399,114.43064245034529,156.1960373548368,186.78244557914897
31101,2006,152.0,137.68574096720354,110.5548132637397,145.74338825046394,177.97773578643148
31103,2006,157.7,115.95547359511572,92.20127379692055,117.94622865067399,156.85909554367677
31105,2006,126.4,98.02536549179422,73.09388233345939,113.39784655188372,176.84396544380797
31107,2006,114.9,126.4054309995261,91.01319326314724,114.9455119705241,166.28444722909182
31109,2006,122.5,92.38407843559384,78.6542921943628,104.97628516473463,150.4856703038357
31111,2006,163.0,146.19010973791404,124.56760055323774,159.28591419270106,190.5703978743877
31113,2006,145.2,144.3799917503315,124.21914883276398,163.34760244717418,188.63632674806533
31115,2006,144.0,142.11396636393962,105.58346142630492,144.9140509736082,160.02621790471565
31117,2006,177.0,141.58095146101974,115.47239428045933,151.5529880106506,187.07455987473142
31119,2006,145.0,123.38754427318301,105.66560230353043,125.11245175547977,161.08907318128954
31121,2006,172.2,140.18856256902535,100.39428787546885,136.1447941089433,165.2761436850586
31123,2006,175.4,145.04224319893513,106.16169262034339,146.4304864330905,185.21920734179864
31125,2006,151.2,125.53516792042683,106.17841106852607,130.87332189765868,165.72748579879686
31127,2006,110.1,106.26029850337557,88.75950184951746,109.79688999713164,162.19123250135243
31129,2006,117.5,130.51073260188514,96.55820561854222,132.99308898801644,167.45137535194254
31131,2006,125.3,110.94331925714391,89.83059534661622,106.73931343712766,154.3600185754866
31133,2006,108.6,117.3935041502134,81.24716093143617,108.47010959373739,157.41101674007402
31135,2006,147.1,141.98676519089645,115.8299689223799,148.45072350500962,182.04209604685457
31137,2006,185.3,174.78573922760177,127.63870139601462,169.61381822853048,196.3860923896689
31139,2006,147.3,134.86620851576254,104.03621569405655,130.7133422655175,158.85240043733165
31141,2006,165.3,123.86557139856808,106.46061946445953,133.28869787860899,161.2829396383246
31143,2006,162.3,142.56951968918165,105.54578777323613,147.1592033564859,170.68051031224817
31145,2006,106.2,126.21137570993189,99.67408427870929,139.98455739893893,203.67915437757358
31147,2006,137.5,110.3735858548254,86.0470054443858,109.31561227078059,159.25103985411747
31149,2006,171.9,144.42675408571657,108.25730738918561,140.07109411973644,166.5391124157194
31151,2006,144.0,128.36016708213188,97.85593526377514,131.01917310246617,159.62683546021557
31153,2006,121.9,106.00152463555203,87.65239324730837,116.20138395463323,164.56319582857105
31155,2006,135.7,119.27293136962787,93.22648687160788,118.23649195540725,155.87248180268594
31157,2006,154.8,134.73546737761353,102.25326972061467,135.71218419033318,179.52815683185693
31159,2006,133.0,118.30716617162292,91.44050141176066,124.63604329203534,159.3385450475088
31161,2006,137.6,138.69447676264537,99.55058544490666,134.34642034442555,153.01811232957988
31163,2006,162.3,145.19960735835966,116.8271327668862,143.48257739864334,176.20238727694488
31165,2006,175.0,139.04398506031868,87.54112640674192,138.8402009984983,155.09366652422645
31167,2006,128.3,119.44282097374008,102.56684560281552,122.01651877004777,161.63396998391272
31169,2006,156.7,132.35614206116446,95.99563654493721,128.22480983648515,170.33162277154545
31171,2006,150.0,140.10131301448897,106.55557378520265,138.61923893280044,183.91070575449672
31173,2006,130.9,125.01598976555064,93.9755375985774,116.8765769112601,156.7660543177023
31175,2006,164.4,145.13430243935684,114.45592714102557,140.42617266736295,172.9885744028359
31177,2006,147.0,124.02837513725451,101.31427021192755,122.74581656941385,156.94495900669085
31179,2006,115.3,128.1583014755796,99.31811645669494,123.06748091883308,160.69499998215346
31181,2006,112.7,123.63683960026277,98.39271927083006,131.26439898736723,166.87813739132685
31183,2006,174.8,135.9996795405277,108.39540032058272,133.14813654322953,164.01667966123551
31185,2006,170.6,154.9901895915379,106.17672233707592,148.3817802934151,175.67720670387925
38001,2006,22.5,32.95142397304439,17.242207737841156,47.09357467768413,111.98727615519348
38003,2006,103.6,78.8972436344943,55.08464986547151,82.00394029917445,103.53674330019166
38005,2006,81.4,72.91049944656005,47.33411041547779,62.73158518360075,101.02982912192482
38007,2006,27.5,45.18499313862698,24.07253848026347,39.80812218223964,101.64362272618342
38009,2006,62.9,50.609886837220266,37.863317818193785,52.86754384969701,106.85576151278204
38011,2006,50.0,34.254571807568404,21.034243064348303,43.82365370766391,109.06483203606389
38015,2006,50.6,66.0732902054223,48.688874782693965,69.91315639520582,109.22656236600567
38017,2006,125.9,85.2591989967699,51.9461318274732,95.53084488074056,118.20431508748135
38019,2006,68.0,68.07396769672775,50.30851998640565,68.99010358494533,98.3404642914567
38021,2006,126.1,76.70015750014389,53.71883871067117,80.14919566191767,101.53967598415231
38025,2006,47.9,39.232773245803884,23.607905345696814,47.07118537766675,99.23981068552935
38029,2006,44.1,85.39030590728186,45.2303990099939,80.51886086573631,122.64491901952725
38031,2006,85.8,76.10732607950968,49.85834471774333,69.9794850754154,104.40418100004392
38033,2006,55.9,70.63167009555069,37.56753855434382,63.57755758382315,119.04768513985258
38035,2006,90.2,73.84495597009003,45.930068756127916,79.01813042842363,105.5980813388001
38039,2006,92.9,79.92471598680987,53.65884679387177,77.43834655234409,103.40103218729016
38041,2006,30.7,40.47852581525645,19.107984818914908,55.036680956553454,96.42904067921774
38043,2006,135.3,105.64291643975311,64.48090770906808,101.18309780721683,136.46900243929727
38045,2006,123.1,82.66235311978434,62.49966216199773,90.92017544283657,139.6770072309287
38047,2006,74.1,77.93680580613602,54.0042279938734,78.19236581856751,116.93255640555226
38049,2006,87.1,71.61741238094078,39.72970108242567,69.7159782222393,109.17098227466029
38051,2006,66.9,62.45135166307947,45.61308672021417,71.60691206783997,116.22995525643708
38053,2006,67.8,78.25466665943814,37.376294685353336,66.22083840182715,115.96303368178403
38055,2006,96.7,64.22183294099906,48.787836209093676,84.28015975430665,120.85652973399837
38057,2006,86.1,58.009906157239286,39.471273339994404,60.50129300123195,107.96519845823642
38059,2006,68.8,61.75168060069224,31.84564523418706,67.68776935056654,112.43552828612845
38063,2006,77.6,71.44975876919031,46.37110028530356,65.79616254890664,100.03690765150021
38065,2006,70.6,55.83400788165465,39.44717638123107,64.91959750821432,111.28549813785932
38067,2006,101.7,81.90323732758071,55.236634008460605,83.4284998982169,107.05479422616247
38069,2006,72.1,68.83997393689232,44.438735766735924,59.8905033343128,102.86280630476807
38071,2006,83.4,69.05593687131382,41.902433507054944,63.635443804014045,98.1476300649366
38073,2006,139.2,94.27690526292142,62.90167613249905,97.85023789674611,118.10594264297201
38077,2006,138.5,103.70707916092204,74.13350612685772,109.54265580387889,127.9540748625441
38079,2006,60.0,53.81607360804957,40.14812238013784,61.89509830879874,96.78138100057146
38081,2006,130.3,97.48429258771066,62.551978091630374,89.4071310163342,121.75792914139384
38087,2006,50.8,39.96518374683488,21.914932724907647,46.25278694829892,108.79860703547494
38089,2006,55.5,34.885365506095255,20.147465751309735,37.44707898347969,94.76672484490734
38091,2006,110.1,82.08401286289865,51.589140890491514,81.04115037155452,101.01838992911046
38093,2006,101.1,79.26853517599666,55.37898494259226,78.38751726745079,114.300575940985
38095,2006,85.0,56.30595045368969,37.16625065881072,56.59145635713739,102.93635189926121
38097,2006,120.7,98.97823623524515,59.89319748624683,105.59508942908442,127.6938210027277
38099,2006,107.4,70.90640191113758,47.42292703309983,69.05232344998903,104.4778441834446
38101,2006,84.9,63.29695959807133,45.66233180879147,64.23314407295851,119.77991485383055
38103,2006,73.1,70.97828377051587,44.51006172589755,65.22220568358622,108.10925216073261
38105,2006,76.3,76.08131119181188,38.02665856124059,61.727821753053554,110.16283275837345
39001,2006,141.1,119.21831337090741,98.62980116722795,122.75830453687344,161.9527873136994
39003,2006,161.4,161.78970909018125,129.07895952011853,159.85463068050683,177.96055571376326
39005,2006,132.4,148.75255634522654,127.7619575266763,149.32674295497003,166.79456791128194
39007,2006,111.5,143.08073987272695,125.51244100331465,145.54562954348742,161.60040171370358
39009,2006,155.2,132.3734048270306,100.61936169547806,136.72736027018854,165.08540745676058
39011,2006,159.9,161.2635750478258,127.96300650689031,159.58530288284314,179.71219781912603
39015,2006,146.5,138.52664119578682,119.02393967175666,136.93125927977417,168.99624985698694
39017,2006,146.6,142.41960147560602,107.77300621199154,149.29607258925634,171.32545717471328
39019,2006,112.6,125.89787408231989,102.61144411669233,130.5362116818578,154.63633934029642
39021,2006,166.3,158.5868957096864,131.67628874548208,160.62676344798354,174.98235750295999
39023,2006,174.7,159.3269819022718,131.8682292666648,161.88879762195322,177.60246637449623
39025,2006,167.7,138.34485137352692,113.64102139831715,138.64055918681277,173.92676717208062
39027,2006,168.6,159.72108717448168,142.04487952202206,164.61301996139503,180.43206969952632
39029,2006,146.1,141.77915428131854,113.36985723626677,143.50674669170715,165.0927074404682
39031,2006,154.0,142.8487789436485,114.09317924673411,143.80101320414497,165.67011884001252
39033,2006,162.8,157.279501176858,130.20516634282933,155.83260421375724,175.42118644263664
39037,2006,163.3,160.72327096246414,129.45585415477194,160.9478851629928,179.02493037498033
39039,2006,145.4,154.14302346700836,122.77177442512811,153.35788717013824,174.04690804195724
39041,2006,148.3,152.8354185630864,126.68985413913549,154.59344927350162,173.2484425264602
39043,2006,161.5,155.44355782620943,132.97892831762894,158.7781482103781,174.8247561450884
39045,2006,165.7,155.51213956664674,135.43635972503859,160.24899282827437,174.78066754343672
39047,2006,160.9,154.66812138742554,130.24619576570294,156.61238293626414,176.12204744674233
39049,2006,161.3,146.84993909500534,125.64724417252239,151.00459272429535,172.97760159113614
39051,2006,178.0,160.67959216405308,125.93968592763883,160.2782558059758,178.4319747008772
39055,2006,118.0,133.57108192196648,112.90697401170122,136.44517700905874,154.7229700518109
39057,2006,175.9,155.9936585936309,132.12560108620832,161.1081719027252,176.55130652070466
39059,2006,124.3,134.04362850243712,102.04536509411457,131.52542464677228,162.69480669420122
39061,2006,137.4,141.65203654775533,117.05441156425434,148.087654398316,165.28603040231837
39063,2006,148.8,156.98876142854988,131.5844804252646,153.74218093544778,173.69816605632982
39065,2006,163.6,156.30529370234797,127.55870746238867,158.2330210687203,177.70713777740227
39067,2006,122.0,122.51458920599204,107.00857150001619,128.20532504026394,157.22587566892466
39069,2006,174.8,161.45861354061904,123.25537485901293,160.08309751855904,184.69207466593824
39071,2006,154.4,150.00403361686543,130.44517006553312,155.07398414772553,172.85178555589832
39073,2006,136.6,137.8242259133093,109.15818889130065,143.17456341878236,164.78370342373327
39075,2006,130.6,146.46762984600502,115.3368949268249,148.95512436681037,166.76066099001625
39077,2006,153.0,156.9826459330459,130.13427495072975,154.9139151538493,171.86710572643094
39079,2006,112.8,125.06777063278473,93.56042690659228,129.04781221191521,162.26157882779438
39083,2006,160.8,146.7042081443797,116.84613759851689,148.0903033247354,170.88957873131102
39089,2006,156.5,153.4185631111904,131.3195304074764,157.1880030785771,174.223628895506
39091,2006,165.5,159.92333865083327,132.73313230616756,157.28334876316515,180.09662619838218
39093,2006,124.8,145.3303887035953,119.12400132372221,148.24284873543718,170.8894343283247
39095,2006,168.8,158.5278605002061,124.57876273558381,160.17343543318677,182.36525219678882
39097,2006,181.0,152.10835929485177,124.78971852418985,156.1559476152345,173.60494634993313
39099,2006,128.9,146.53717130983793,114.76536763160081,146.56714312006758,165.6773595234899
39101,2006,153.0,154.76829301167066,125.04177075822699,154.47784863374022,176.60009937026607
39103,2006,124.7,148.47101959501364,126.22574383121804,150.4530631499372,168.29127122676783
39105,2006,121.7,116.35483464852825,90.28625895365676,120.15648105141709,154.7463282845924
39107,2006,160.3,159.17461864874298,126.29969625366189,157.6885149948347,177.22958942105797
39109,2006,169.2,154.66260478312827,128.26704614934962,160.27774253130016,174.9832490419454
39113,2006,181.7,147.72917477198166,126.00001450251833,151.7175021489815,171.00129529363565
39115,2006,144.7,132.013272232627,105.23492005577509,130.98499220641185,162.18346637605455
39117,2006,156.2,158.47793801912624,134.163179267212,158.0209897853576,172.03930731038827
39119,2006,162.7,138.92272012698905,109.20624732796014,137.9045219644506,164.92224120558927
39123,2006,145.5,150.84882161664098,122.11184408445115,152.30309492858228,175.75634572593347
39125,2006,150.6,150.67492667119748,118.6878149741228,151.9505585922177,172.19994042214674
39127,2006,145.8,143.79504184568287,113.72609180882446,146.7725147537911,168.45482050771216
39129,2006,168.3,145.96073385502368,121.37095885548473,149.82337874614225,172.03017300103363
39131,2006,135.0,134.92286177371508,108.05542516221834,138.93342283669557,163.89903905387098
39133,2006,111.7,138.29117465642082,120.9441085372948,141.38959518363723,161.29626667659716
39135,2006,174.3,154.14984261690694,129.8936505737606,157.5483215130057,173.26108065707837
39137,2006,158.4,154.13097831983302,120.79943257855257,156.74691885514656,176.75021628629807
39139,2006,142.9,148.62465258405865,128.99086931360395,149.60821210052399,169.2075128084535
39141,2006,159.7,145.8299991321664,125.03660696323365,149.3488251228561,170.58089628896033
39143,2006,159.2,150.99385272524583,124.48927030974471,154.39427823932166,179.42273969000266
39145,2006,114.8,141.8548443270631,112.56500788127713,144.9465357094735,166.95763489740506
39147,2006,141.1,152.90840999902127,128.09204682750166,153.30970595474616,172.36925674916552
39149,2006,170.3,161.52332403062587,130.31828850180204,158.34060446768802,179.87115874125126
39151,2006,130.2,145.30434060745156,123.56429972006836,144.853615253899,164.55628664880268
39153,2006,137.3,139.37925185522647,115.65822489258238,143.6357201808779,160.4667548637837
39155,2006,146.7,141.48877898736635,122.44435305073006,141.72930918442324,158.09101590066203
39157,2006,152.6,138.82042756332572,111.76172350079932,137.00189847259574,162.8134116446197
39159,2006,165.7,148.32843840925557,122.77938161313583,151.45068443952334,173.50158061356632
39161,2006,168.9,151.72105900265734,122.48688161800226,156.6983304396177,179.60348426766157
39163,2006,131.5,123.96159746119444,95.04239202209934,127.63931377207062,161.45314443702244
39165,2006,162.1,147.41852938088942,121.19115553424612,156.63227265249753,170.64698715829792
39167,2006,150.3,124.9613299519447,93.94895733889808,129.21783979229096,157.83754510730316
39169,2006,138.5,150.74661656842105,127.93958488091707,149.4083154988302,169.6593507365985
39171,2006,159.1,154.5617271212535,128.30170218805515,155.27992415161043,176.33546511933955
39173,2006,157.4,152.13569999335635,120.8331585604856,154.61403883142236,177.26125300435115
39175,2006,155.6,149.95613589885696,123.26636112399933,152.1841618020525,173.37965856180446
46003,2006,43.5,75.73895698159086,46.035709911911574,69.58147127117374,109.7855450437676
46005,2006,63.2,78.5213092208631,45.670831658263175,80.78835946690246,111.66220933508339
46007,2006,90.6,84.59533477185228,45.766050599147064,76.78199038722848,128.0679748590572
46009,2006,86.7,90.32236952142053,63.463058183748785,76.04392468790363,119.17713096348689
46011,2006,124.8,113.53239331163638,92.84765851138155,114.86525284185552,146.6013614620755
46013,2006,97.0,78.12652890051639,49.534227240502155,72.33568729221473,103.75438492913919
46015,2006,50.4,64.52017880131946,31.065263392346104,64.39411565500593,108.02610842582284
46017,2006,132.5,69.01433969895909,23.071225334263325,62.58206025353155,115.96632824360616
46019,2006,129.5,112.60845759480546,54.70974490933487,104.83551341134248,134.42357676993402
46021,2006,42.4,67.07817696865834,36.57935848927771,78.20253944040599,112.64762801335694
46023,2006,69.0,71.02184375678671,42.963422094857165,66.18993747995441,114.24548442509452
46025,2006,80.3,89.44401310242739,55.155611349392,89.93627880309168,122.16775258766371
46027,2006,120.7,104.52164401027001,68.4942177506295,88.35986500423957,123.73276179520157
46029,2006,98.8,97.49897047728913,72.26171234733333,108.37049657378574,142.0041792820304
46035,2006,49.0,87.20532939983575,59.961144985888225,77.57226703521329,120.29160121121426
46037,2006,106.6,86.59766162099059,60.38264384273397,79.61099123633736,113.04887252593214
46039,2006,117.8,103.63913914318212,81.99401078424887,100.81872892631185,124.04705069980429
46043,2006,56.8,75.99731301659796,53.8671076747617,67.52107591455169,113.66126138196128
46045,2006,38.6,70.60769717015377,36.99585444629418,69.53258690234588,97.76493174224753
46047,2006,80.7,75.3955288480651,30.596685877834425,79.0010968848525,133.9590429297668
46049,2006,35.2,66.032642101137,34.54466393700968,65.99620763978598,99.33006453964107
46051,2006,98.5,87.8152695757301,62.92595697837264,84.3658377627536,117.86898421687151
46053,2006,41.1,60.89326728229563,31.130196455787008,57.661859498765956,112.59070852938072
46055,2006,18.3,33.35363305386604,19.59337644005998,39.96739231611288,95.15073243943965
46057,2006,122.5,98.28229700047173,72.00080185798667,98.06233898363654,125.7020024152948
46059,2006,49.9,64.60565081500842,40.56423286538895,67.45628743334089,113.31913236313946
46063,2006,0.0,36.09038833445541,24.524867004367813,46.71866141840894,106.04601471055302
46065,2006,109.2,72.26620892771113,36.561498722787,68.74475204722239,118.89405888492958
46069,2006,38.0,58.310144283657515,29.87521213337385,60.41991277149976,114.21448123615569
46073,2006,55.5,74.13179601118615,43.07703102620115,74.54465856188185,113.20510081523719
46077,2006,99.9,96.47825133661746,64.25586013480414,90.95455967636407,121.94588505147416
46079,2006,131.9,109.622299043038,77.72786196918486,106.25130458410318,130.24446658656947
46081,2006,0.0,32.795039542445714,22.9022713609823,67.28925579067746,111.88270083132844
46083,2006,129.1,113.0745153208447,81.813329342162,106.65610969546849,134.30791425708443
46085,2006,101.8,68.0554597612401,20.95402895163148,56.11188339990402,112.53746548494719
46089,2006,46.9,56.578767373051505,33.24989911899548,65.35329206237662,108.77873706164434
46091,2006,142.0,97.29066566012438,60.91309156397495,87.19263094800483,119.1553376591296
46093,2006,42.5,64.2491593469477,21.668860069454304,71.8094030189144,121.55381565150957
46097,2006,92.4,90.64858507935107,67.13043172699503,76.37378485583957,119.7188074791602
46099,2006,140.9,124.86121535093538,95.57776922881851,126.30078881184575,157.9799083333037
46101,2006,149.3,120.17649282668081,95.31996751378708,116.05700055241728,138.2868278345369
46105,2006,42.3,43.54983996671957,24.965986998194424,56.17315633709026,97.7192667623267
46107,2006,37.9,67.42850452170991,39.707728410344444,72.35596834582043,120.74804004249866
46109,2006,113.6,89.58180061860905,59.54631828662167,86.53055061700782,123.63827299261455
46111,2006,44.7,80.67701061305495,56.15065670876571,71.55180506877107,117.83913874441792
46115,2006,80.4,66.90043014590127,41.126165162978346,69.36125011035023,105.02192948156694
46119,2006,72.8,69.97522821311676,41.360382529590055,74.0605732398136,128.20932625124908
46121,2006,148.7,100.57517021074561,70.05806218855258,99.61225570661618,144.78487878653004
46123,2006,35.9,45.6784436061901,29.497419390228465,61.767823430956746,110.3341440210852
46125,2006,108.7,108.57782484872371,75.59052449615473,99.3999278255786,130.10595098677317
46127,2006,112.5,126.89352144867512,95.37184795982853,122.06022860925796,148.4779282662929
46129,2006,44.8,73.12224839226877,36.375621558338565,72.1973599984143,113.62705798840024
48015,2006,119.0,58.83257904461423,35.05185815083642,60.979497047917185,123.02082712719859
48017,2006,166.0,151.88322258101522,102.94153487957355,149.40509089812775,187.11842173060862
48021,2006,57.0,48.072559607278684,25.713654806377303,56.00844646765555,106.32586434626609
48025,2006,71.0,33.89425056116847,20.553192190609238,34.684609339663645,98.84818312031499
48027,2006,83.0,61.53720691401331,45.25718871428995,64.46438484349152,109.77737069687562
48029,2006,78.0,61.89401015749244,18.591870598182883,59.36484375076176,89.96603300477445
48037,2006,110.0,101.84743390893706,51.95274649403039,96.81346159083714,144.41081023991197
48039,2006,75.0,77.6154031935002,54.16876387390093,82.98928723562031,125.90246384614748
48041,2006,91.0,70.07131499236104,33.39170559886054,68.35137760260565,112.89752223460926
48045,2006,189.0,120.66614429881439,99.57560468243176,132.96918148602666,186.95503736528062
48051,2006,113.0,67.46194357458822,32.8680565479677,66.93278572549471,112.57016516293695
48055,2006,30.0,45.78706265090386,20.295633863064026,38.98908422857052,103.55312646431996
48057,2006,85.0,73.15050048773317,53.71212861095158,79.12668642950402,126.21501683810303
48061,2006,79.0,70.34259343102407,55.90477140994135,74.74612833373979,120.0899116270441
48065,2006,171.0,143.27175725031145,103.19249388126546,149.25328831932143,189.5160063058377
48069,2006,203.0,174.63563853710764,118.67669803264067,168.42014847465083,220.63711640234666
48085,2006,43.0,49.86166446627216,30.76485271763496,55.82358301371029,104.9165059621087
48089,2006,100.0,59.23847845730758,47.85484555016808,60.276657465436145,126.30481668082116
48091,2006,58.0,46.40685274473354,22.541369442086584,42.95000117754415,111.89583598301714
48093,2006,165.0,71.20332960560333,38.12199895752361,71.07352700175969,124.71848512319046
48097,2006,45.0,62.19743205718246,36.3040752984378,63.014542974895996,108.6645253029453
48099,2006,45.0,51.4308245842401,32.37354418298744,54.97200607045868,105.33160993715832
48111,2006,182.0,191.61488941715837,132.91599965648354,172.04187602530288,202.70484527714794
48113,2006,50.0,49.728368062267705,24.387814829413813,51.55972272761456,105.48961727326468
48117,2006,162.0,162.06691890122104,131.42897151131928,166.42382733615256,220.62045268267647
48119,2006,65.0,67.65323526469722,33.947708708449305,69.61855353665632,108.04997796311667
48121,2006,27.0,47.22085973918303,28.067112004104327,43.55713183417882,112.01556362656588
48123,2006,29.0,36.97297599867779,26.83100002425778,41.49994787069235,113.43760703300946
48129,2006,155.0,100.16191088503986,74.33316361462958,108.26582811511572,167.60223670670533
48133,2006,128.0,59.92326748737895,30.769857856218536,63.020620624835175,122.46484708248371
48139,2006,46.0,53.61916923453046,30.991383273885553,54.24460832902704,104.84128229982237
48143,2006,155.0,65.53090155579379,34.523923365641274,76.57837053375144,119.49119915133628
48145,2006,85.0,63.42827426675401,43.02372625791085,68.98476415894181,114.4729468097741
48147,2006,62.0,70.21158980454754,40.682630606608186,72.58238421005952,115.47312763445431
48149,2006,48.0,39.3374648494632,26.40467578535216,43.26119802361349,114.97959589305239
48153,2006,124.0,146.03477806002536,118.88936982108761,153.2663141142254,200.07027956203686
48157,2006,94.0,75.06349353737374,49.0215304807237,75.93570632917802,130.08804723221965
48163,2006,87.0,75.2502473171657,32.20367541971809,69.89356868782042,116.31543590928754
48171,2006,60.0,72.88786917649585,46.53406666314417,77.84527266156725,119.20125869276305
48179,2006,174.0,158.51055253132773,92.30777204875486,152.16669242472926,182.672632110674
48181,2006,43.0,67.88124519844202,34.19249322116318,63.25062309023772,107.6895483003745
48185,2006,67.0,63.619941218593674,37.13715834925833,65.89590745963267,121.74583713459836
48187,2006,26.0,46.603401241241194,21.762507413625432,45.59670041071966,98.29475371588698
48189,2006,149.0,160.85272134858656,110.67758637077583,161.28383710744507,202.87051462518798
48193,2006,48.0,56.418557516132736,33.7942209384639,58.50532181917099,108.8202290174263
48195,2006,184.0,143.8524078949576,97.43653621523116,148.44399856953262,175.2556829367011
48201,2006,80.0,80.11097855841332,56.60021341564381,83.58725896916192,128.6659360495031
48205,2006,208.0,200.78744708883426,144.72334659741017,185.34160611028088,221.41758284625203
48209,2006,26.0,38.285187064777126,22.106330237888255,39.671435435926966,104.6035593755505
48215,2006,90.0,68.79038735091355,57.72091075219319,62.34780259514331,138.73197314331432
48217,2006,41.0,50.933845684893505,27.514064438845107,52.132655929349816,106.55954184207215
48223,2006,39.0,89.12632248018699,31.169502275098175,81.2684823687909,127.55282363788675
48225,2006,62.0,102.80684719285105,47.7406980551565,81.46893380081389,143.5338443809172
48231,2006,41.0,63.835189256881776,32.55702681633783,57.18325253329121,113.05440090751165
48233,2006,198.0,172.73429211460453,117.50921123419748,161.5121145931252,194.93300509404423
48239,2006,104.0,74.61799415820788,56.3882617064951,82.15993506286134,131.20437276329656
48249,2006,70.0,37.4448071250865,34.82499219630591,38.720142166327236,129.68306727344157
48251,2006,32.0,47.308430546127845,25.922703835337032,49.648034171096484,105.55080772638415
48255,2006,58.0,28.976015529275532,15.464765137552845,31.828201960494226,88.13782161500964
48257,2006,31.0,59.41620796708157,26.18243732280661,59.68359754540454,115.408896627111
48277,2006,72.0,67.9908714518864,34.342874546986934,71.41433828388473,120.20303852446392
48279,2006,166.0,155.1036405765014,100.1224512482336,147.47568206601304,184.06321243823703
48285,2006,37.0,34.22161673105957,18.744001932434223,34.9550807149728,115.0060608922974
48291,2006,80.0,81.35648983573917,49.63709619789752,88.95286492409238,113.96086912707115
48293,2006,70.0,54.08396048058278,26.50181798616491,65.57231674334906,112.1116837702661
48295,2006,179.0,107.55871492427428,58.825824135677124,110.74901187148072,147.58202208146662
48297,2006,70.0,28.589633036398165,15.825761689388095,27.32677626460922,99.3673769091706
48309,2006,71.0,53.44118685132827,31.15870229234021,57.35513273059645,105.89650386840759
48321,2006,121.0,77.94049102274701,55.2312797843294,81.23025412210633,116.98709045942839
48325,2006,100.0,67.01309491377387,39.56393044034294,61.59081747338332,100.90761209273033
48331,2006,79.0,71.6182013612454,52.49340397702323,78.7702750479677,118.92682254519802
48341,2006,198.0,191.260092493275,111.89188087537487,146.30812307660185,199.05034311458027
48349,2006,73.0,52.85445138447862,29.231583577269625,59.96568160896931,112.4387854810128
48355,2006,69.0,48.801847310408675,47.49441864300972,60.25845554266482,134.18379573155744
48357,2006,193.0,152.92168860937497,102.93531180053921,139.5608911811729,173.54171674504224
48369,2006,188.0,185.43795688173284,113.87470319409184,169.013936471516,201.79749717234944
48387,2006,92.0,98.73239349343667,49.91314223054911,85.21076952619086,136.0346752525478
48391,2006,44.0,52.50617196217459,40.27925653419895,57.036194951091524,120.45533700822635
48393,2006,198.0,159.89411292052324,93.57165913406855,142.61782140957524,184.33635934993043
48395,2006,108.0,73.58996908067053,34.40930864890764,67.50968780932578,111.38430451675711
48397,2006,31.0,55.14732255219897,31.440720043826765,60.70103659192405,103.72052265335152
48409,2006,74.0,43.779623059721686,35.93581142282066,57.056992228506815,126.22327732754026
48421,2006,198.0,178.89083191226104,122.61941715380412,167.91746300813872,194.96015727176473
48427,2006,83.0,63.53201831578783,45.95199248254489,61.28366688334582,144.74752768107757
48437,2006,207.0,163.78348024576883,109.19558578932394,165.83975735112386,210.4954134055877
48451,2006,119.0,121.45964880597458,91.5762314582268,120.82091218450763,159.18655170286561
48453,2006,75.0,44.97370680243912,29.844336608458057,41.13464081178057,119.31870248076812
48463,2006,120.0,73.87091625207262,43.884672943925395,70.35666126224037,110.2791627102559
48469,2006,79.0,65.57388306071044,48.51585544549938,66.41012799668898,135.61915998774018
48473,2006,70.0,69.47382959029459,42.44188022048422,76.9977811121538,130.52243307900517
48481,2006,108.0,75.53705807313914,48.929288211569116,78.59985303186858,128.20839549746506
48489,2006,81.0,65.06978067414452,49.630713920784544,59.447501063453345,113.52987550487207
48491,2006,60.0,50.52894827258603,33.63162347521559,49.32454364050967,109.93698269111663
48493,2006,86.0,42.246536287038836,24.63510058762141,41.221727187052785,92.39053612481388
48497,2006,60.0,63.446188838640275,42.066611673084324,78.09141088538135,124.5902765185749
48507,2006,72.0,79.60781980402791,70.90856012028588,85.1027151164084,125.07124048408554
55001,2006,118.0,119.29838558220575,104.14392103226334,124.03954936480224,145.78584297244618
55005,2006,89.0,110.10474127928605,88.01558529078888,108.87009522628324,132.3894371799085
55009,2006,124.0,134.1151000390839,111.64643002704784,140.90220709716166,164.35657540284825
55011,2006,150.0,129.21937114124322,110.73625011153462,130.7530211243209,159.86863759776625
55013,2006,72.0,101.07990394753838,87.30524509455637,111.39989291621794,140.5387356709851
55015,2006,133.0,137.72810167008927,110.17280291818679,140.80978173504406,157.28814485497014
55017,2006,87.0,115.07369306231335,94.17040666058838,119.54891317611887,148.10345744631255
55019,2006,134.0,127.09541424893926,105.45136531992233,119.7786562364135,143.2433171536231
55021,2006,156.0,145.92890886232792,124.49317427206606,147.08334274504975,170.0001160388577
55023,2006,158.0,143.82233385282575,122.46837290795088,141.02910626748994,172.18672817553227
55025,2006,172.0,147.0820811823479,127.26302585035594,151.30079326294722,172.08687154627884
55027,2006,158.0,153.20044029424457,140.35567791469572,156.91069555993286,175.22635480451942
55029,2006,135.0,121.59353874814808,118.3098073543396,126.85624096513736,152.00261546464415
55033,2006,100.0,115.54424946628721,98.12584769133494,118.80953373251441,143.260325352387
55035,2006,139.0,111.44807165916679,90.19723808632179,117.0085901076471,141.29586271658948
55039,2006,149.0,145.01907438064683,132.03248739950538,148.35484908706502,165.75806849572396
55043,2006,177.0,146.30713532210666,114.81243874972526,147.36561086780605,174.27226248104304
55045,2006,166.0,141.52174647375057,120.95821046585931,147.60860812955227,172.26062259080294
55047,2006,139.0,139.3573015958606,118.98286280679127,142.69216026297693,155.49654683157178
55049,2006,170.0,141.49379227758914,114.40806789577891,145.82927107701067,167.86993971785384
55053,2006,130.0,125.83058154455391,102.31862778651171,122.04868507611225,145.9860439479771
55055,2006,155.0,135.15882456311468,126.16702531513263,143.3172326945693,166.08458917898176
55057,2006,139.0,120.17006889028357,103.32962243578322,126.0365004658143,153.03890906185856
55059,2006,151.0,142.04086159549271,129.10458033202852,145.81315739709274,168.42983279213774
55061,2006,129.0,136.46155325734293,123.46279826304396,140.2742608489104,159.2520113929003
55063,2006,148.0,137.7980037819317,114.24802903522084,133.07695747764404,154.629295669923
55065,2006,175.0,145.49155057510387,118.34176153407748,152.0453990685146,178.64386200662648
55067,2006,104.0,119.0498049006785,109.06096867504007,128.78701466431792,152.33730317913665
55069,2006,125.0,108.34970034690646,107.64651418341981,119.55485988064322,141.64989672197524
55071,2006,141.0,133.283976524147,117.60212383539974,136.86267446809973,155.40126242501452
55073,2006,119.0,128.04286857639582,111.485172327356,127.58299659119797,146.63895323921733
55075,2006,120.0,126.8476069264704,107.61018142805298,131.406312324952,146.82780549364787
55077,2006,111.0,115.60011685232766,98.49839305142723,121.62446546877128,141.30298747722088
55079,2006,150.0,135.73730371251008,120.57409929730366,136.73479990126515,166.13168062616072
55081,2006,137.0,120.44854099210488,105.73944955342375,125.50597749854214,153.262546484305
55083,2006,143.0,133.38268330581448,113.72502947105062,136.46244524885088,159.81384812509063
55087,2006,137.0,137.75815145195733,118.43543312071009,138.7862599223528,157.97378006996337
55089,2006,146.0,135.17981987152365,119.79056193811724,140.5486273220565,163.83535878466287
55091,2006,132.0,131.18863327139388,105.17230345174903,126.53636437102037,151.2805602324696
55093,2006,142.0,130.75019674563373,104.25120245129261,132.90172994488074,171.79296189185814
55095,2006,84.0,107.57043883569703,81.96225830168402,110.02925065943049,135.68245882246072
55097,2006,139.0,133.4336003621103,106.24877429386697,130.14280271728677,148.5930862792679
55099,2006,103.0,121.84257287130508,105.13065821431331,119.49089346410679,143.7676182628247
55101,2006,164.0,138.52403675806292,126.19315791524969,146.37279585237698,166.70944283670138
55103,2006,163.0,138.09876217893236,114.52844035249086,138.3427865087047,164.30882295864032
55105,2006,159.0,147.20816948242026,127.81781629154452,151.63546545576972,174.19991101500872
55107,2006,96.0,122.3527496686103,101.88437036770989,124.37984638842772,143.21617511851554
55109,2006,90.0,118.99874215559025,93.53750718248205,116.83511024478645,145.69190251413448
55111,2006,152.0,138.8835965538229,117.75307658941168,142.33158476587494,168.28018956951456
55113,2006,67.0,117.14351935851293,98.47138602902749,119.83686836764474,151.41965919230876
55115,2006,146.0,133.66203230385278,120.33910835915484,141.26019050669984,159.91384163069026
55117,2006,136.0,132.73219669949142,113.56048688376157,141.44544221035557,164.24669385359962
55119,2006,128.0,121.85836657034625,109.29622481675014,121.19440026214914,145.4512860462371
55121,2006,128.0,117.53561507650248,102.12003865972378,120.1051918424221,146.9062357117426
55123,2006,157.0,150.79097529806614,131.38715343313007,144.94281809981743,174.25920460258794
55127,2006,150.0,147.39317405085268,135.86800543378382,152.8775070185171,169.40401749464715
55129,2006,61.0,116.23634572593903,92.8023434561274,115.33306385696517,141.08299568659797
55131,2006,151.0,135.3901426863249,124.3151355296757,140.28002067809877,161.23989114653094
55133,2006,156.0,133.27879222375472,126.70817499279565,139.05307433500192,161.35734187050514
55135,2006,124.0,127.61094924947189,109.0479589614587,132.00219726190093,150.14375559992803
55137,2006,121.0,123.21076273789608,104.44534600028248,130.25469472134017,145.76508896397272
55139,2006,121.0,139.71001858812005,106.85129460841088,140.7794514540719,156.5971845359745
55141,2006,129.0,121.62339221350156,101.87807175296663,119.78832498438894,145.18443150533156
17001,2007,162.0,137.51606232022397,142.80628306472687,151.35851654741808,160.23904917278514
17003,2007,178.0,129.01241063021934,111.05327377021237,137.40105810798337,153.64172640913364
17005,2007,116.0,121.71423465820202,104.31567334675077,122.7067283855565,150.24757828522309
17007,2007,182.0,180.55249438730917,162.28650757991352,179.76189285958128,192.29181831699754
17009,2007,152.0,128.92561823630584,125.5815117290373,138.3991059707909,153.59182592311362
17011,2007,195.0,185.7785477688651,167.0815032187627,186.3519695863071,194.11835632210216
17013,2007,171.0,119.21036042588926,121.41512350290826,125.135401316044,148.93578236977453
17015,2007,187.0,190.21529960364578,165.54021905015134,185.88610658622062,196.62342485169034
17017,2007,194.0,140.5093340756639,141.86292981548905,151.88027693538217,161.7487155586286
17019,2007,188.0,161.76601458016577,156.74843197739085,169.18965000652528,183.43463499001263
17021,2007,193.0,155.4010912873735,138.87834817715287,166.5254893285891,171.78492482578486
17023,2007,161.0,157.0407346685364,133.55835109299886,155.6986548980612,163.8653554631827
17025,2007,123.0,126.70017872062996,100.93632425768163,125.60682855448722,143.5750367342759
17027,2007,132.0,118.54259675983486,107.72614675767801,122.91335149193677,156.66283135835084
17029,2007,181.0,154.3944714461713,145.1645665727449,163.81831802460817,174.84235143864026
17031,2007,137.0,154.6894450767587,143.5542776429624,153.92365221857574,177.57018498035308
17033,2007,140.0,141.57338591690146,113.27057483310293,139.30274971783004,152.29269196607635
17035,2007,166.0,140.61363159054977,122.90141013462537,136.84623145679706,153.88073853522621
17037,2007,197.0,182.51802700256277,164.626131141491,184.30491175524818,192.79229935444664
17039,2007,187.0,173.3237795500148,161.88429990028533,177.93202829212626,184.270560781281
17041,2007,184.0,159.7277878081885,153.9656402453465,167.96974787169677,180.47569049095569
17043,2007,167.0,167.23251975138675,154.55625343965107,174.2351348462635,188.27930723510894
17045,2007,181.0,153.8843877394949,145.1423126171465,162.59318935547282,174.7631783080975
17047,2007,113.0,111.62823235060634,87.7724967633986,116.55890412850538,141.64631431900506
17049,2007,153.0,137.49271812348678,117.01994474858999,138.95150892007612,152.74317000736613
17051,2007,133.0,124.75986591604591,111.26111751008538,126.84084374793659,151.5158163473946
17053,2007,187.0,167.10995816422601,151.0055125091415,167.5479064701008,181.4982929272715
17055,2007,113.0,95.05150122426048,74.05544163257593,100.85103670732234,135.03304124125998
17057,2007,186.0,160.43904453090207,153.67528676663034,167.19099774147864,174.5688742149992
17059,2007,148.0,127.44740678384552,112.4603180624877,142.2942267606548,153.06518296323355
17061,2007,160.0,127.37735716689993,121.98526493969648,133.486769617292,153.824254450436
17063,2007,185.0,174.83076936385112,156.46270778358644,180.81685736830994,188.41678443115643
17065,2007,110.0,104.14499420408208,81.4589959170861,105.91529543060796,134.69066483243722
17067,2007,183.0,159.8087464662051,152.07852059008775,164.13908086195707,172.893732571209
17069,2007,112.0,97.02051709171117,73.15200095189945,95.93985210113586,129.85672781339622
17071,2007,185.0,170.95265735172765,161.97356253855958,176.34510118235815,180.33727751849756
17073,2007,189.0,186.27842845953396,165.42804307362093,184.06202503419388,194.8562345658736
17075,2007,178.0,163.70467380721814,154.109710137967,166.02101140805962,181.54317730409423
17077,2007,140.0,118.96536233403866,99.04340625879556,123.35624976639227,152.20915764521362
17079,2007,150.0,143.07499797219134,122.79390181165628,139.2156670415309,154.92139888016413
17081,2007,95.0,98.3371747331717,81.98833786300736,103.17282536566789,133.195151171549
17083,2007,167.0,129.43733971450604,126.89376072904072,137.04848053145457,151.82877151167622
17085,2007,186.0,174.43198981440958,146.19005537738855,178.02873690474195,190.5532407225994
17087,2007,117.0,93.85141335806672,68.16744578628708,94.47145549616697,130.7414851574701
17089,2007,186.0,179.4830956181034,161.2889888387058,178.45697350132392,190.41678734224115
17091,2007,179.0,161.29104591916564,151.48951190759226,166.75509212938292,178.62719273504894
17093,2007,183.0,177.01141080610103,157.27302834592433,181.0070921221559,190.25727445067025
17095,2007,194.0,182.94041988679757,165.86378400666774,182.41052887221122,182.41052887221122
17097,2007,144.0,149.34781423404792,130.42324211538448,152.01215840953594,176.5839633974407
17099,2007,186.0,180.13094574674025,157.52836840661564,177.73619736339725,191.3713405643212
17101,2007,133.0,124.41102090810017,101.83188354099546,130.86931202312044,154.5296651677562
17103,2007,182.0,178.76354116672076,157.2774754140263,180.84404983366048,193.427996441522
17105,2007,189.0,167.0745312207366,149.51658407315563,168.2434496471556,179.80457341639743
17107,2007,197.0,170.75637516839808,164.19798446843856,174.9151781091514,184.72918179034866
17109,2007,193.0,160.27213618466152,152.8431646161534,173.22353376792893,178.2518775348845
17111,2007,177.0,165.5442993537949,152.83203344647342,163.90426316412433,183.75519034683327
17113,2007,196.0,177.12681379574468,158.60117630889846,173.93622104389155,185.10623196622333
17115,2007,191.0,164.051189663246,156.514578041677,172.55326980421066,182.4617082518957
17117,2007,157.0,134.0498877607775,133.00968306795534,142.72356698857837,157.58316505764805
17119,2007,127.0,127.4519693196109,127.8393383975414,143.47820162975046,155.7822534836186
17121,2007,133.0,127.31432029775102,104.42794228029231,128.98367918329606,153.6606362951531
17123,2007,189.0,184.74131274904184,165.96833311302606,186.4898422857974,186.4898422857974
17125,2007,178.0,136.4981973840737,128.1867848689971,146.87743222455282,169.96023111017342
17127,2007,159.0,111.01136489132323,84.71947839150126,101.99341962420236,133.15638584002335
17129,2007,199.0,150.72376304450097,149.4418805432138,161.87913611857877,170.1927799171179
17131,2007,192.0,179.28398145375166,164.1691888179514,178.6585868496615,182.18483005927112
17133,2007,128.0,121.64687281897399,108.96215925570552,129.38406630469058,156.1115848313235
17135,2007,154.0,137.77366130019956,130.8873061008493,148.9900773352477,160.25941696769036
17137,2007,186.0,146.9495230417162,138.22618909541063,151.95709875584674,159.91113869028436
17139,2007,191.0,154.34179139902582,140.97798294721872,166.9466404764848,179.51388355284604
17141,2007,189.0,184.09630150975647,161.15922706953393,182.56277137787418,192.99039139915243
17143,2007,188.0,177.5059026317052,163.39453965619788,178.84324708414312,180.30705838042797
17145,2007,79.0,109.52492791381955,80.23658732832816,118.9349471010292,144.20956151118014
17147,2007,190.0,172.0204594551513,161.29562971524047,175.91362559669548,187.01717832061968
17149,2007,156.0,131.1189791491539,131.38219823610592,140.1568725476671,154.9607261631361
17151,2007,151.0,96.95559551870734,69.01032172691339,95.45420341886094,130.54503790793828
17153,2007,170.0,115.83185211647766,98.5968633669477,108.32624481807511,136.27821796806563
17155,2007,187.0,186.94791146556702,163.28579930296797,188.05627250136394,188.05627250136394
17157,2007,125.0,123.55255556411377,102.26992857485483,132.055746373727,158.68622555747493
17159,2007,110.0,119.49389510860148,100.30018541115773,122.43435283063678,142.02986716897027
17161,2007,193.0,181.20799745561536,163.8997893042802,182.08066047887834,182.86363902565643
17163,2007,123.0,136.43627430471193,125.49185532755557,141.67935460635812,157.05195934289412
17165,2007,126.0,106.66349031019622,84.14554471914614,111.8283698705157,137.86931128935373
17167,2007,199.0,154.05897405583542,147.2389094573753,165.03371102015146,172.4749188912029
17169,2007,174.0,139.63034708508863,138.05412095878717,150.142252056377,156.28468329150633
17171,2007,169.0,133.08107571871798,122.29652662162928,139.74502360822214,153.53109602220172
17173,2007,181.0,142.21263548562396,135.95886437648778,156.21402503204436,166.91931870269315
17175,2007,194.0,185.63411854772687,167.46908762850637,187.59434464712265,188.30878969287738
17177,2007,182.0,184.19104318883902,159.72522547339156,178.6499206159535,191.14576615182995
17179,2007,191.0,173.3497273292457,159.70957867294715,180.29902747702485,185.48639985900564
17181,2007,144.0,125.13178018768453,98.97688415459605,117.309613236186,148.1045180340738
17183,2007,180.0,149.71921206852548,143.11393217082286,161.63963328594104,174.1626819001969
17185,2007,130.0,131.10355848589987,108.62896271073042,130.04142727414992,157.09177329046014
17187,2007,198.0,183.30538271258527,165.92300183964375,182.36062796968426,183.7451307545016
17189,2007,105.0,126.06279688896113,106.62818534351945,125.38382435587432,158.3272026142149
17191,2007,122.0,117.95292935460884,87.24728346613773,117.34944948869732,138.16542971122288
17193,2007,135.0,125.68540409366432,106.68324317629178,130.2089971155647,154.13832935718926
17195,2007,173.0,176.36949922898856,162.5757108338439,177.2139645317671,192.14339285681467
17197,2007,173.0,164.74450405668333,147.14034089319745,166.17375854488418,183.05859890874302
17199,2007,130.0,89.21011666798063,70.02840790092819,89.85140255855131,128.17605272993683
17201,2007,177.0,173.4351142710162,156.59718434736516,174.11695161760494,190.56695689990715
17203,2007,204.0,181.7547146942452,163.78935078982545,181.65040939266117,184.32813900883878
18001,2007,142.1,134.4820879811705,126.23096800345762,142.31334176011828,163.2691415558832
18003,2007,157.2,133.96247729595447,126.96530969609562,140.89072584988287,158.43036074804678
18005,2007,141.5,142.32760296445514,129.4746520968194,145.004531259125,161.48263917373453
18007,2007,170.5,160.60133386667346,153.41369689756425,163.8628859403591,180.07578691983025
18009,2007,142.1,122.56798782256585,119.82671284901782,137.43976707279955,160.14889768542048
18011,2007,154.0,151.01824756763807,133.97615892073202,149.65195134657716,167.19663725216446
18015,2007,186.8,162.76026030159497,146.8095920024228,162.6289526949721,179.10640654882747
18017,2007,176.7,159.75568222527227,148.42509829267448,163.57718555459564,173.59230619988085
18019,2007,127.5,123.77741086283537,115.03300842485841,131.45456117024796,154.56136048643663
18021,2007,164.0,155.51407346882704,140.73043570009128,157.78871521619195,171.89458960825317
18023,2007,179.3,150.6984860108956,136.26418208004054,153.98196182988468,174.81139878694648
18027,2007,164.5,144.09132596839532,125.58488023776316,141.56588625437308,161.24514705059556
18029,2007,116.5,118.54523463088047,98.2641146356778,121.59651106607991,140.56833092646394
18031,2007,142.6,140.64034765368353,128.84250387924948,141.21010670476034,162.02328628121512
18033,2007,146.5,132.57320048296478,122.85929280420264,134.0088307567995,156.55944279690902
18035,2007,134.2,134.12459328558188,128.84885756668763,140.89232708129654,167.00020579420266
18037,2007,146.6,118.06712345682361,96.48742397810761,123.30912211675698,143.46969184086475
18039,2007,153.0,153.90356235432193,145.17856923663112,159.00273724981832,173.87128584123542
18041,2007,132.7,136.56067189035178,121.27869480872168,140.109944958849,162.13666939357427
18045,2007,171.1,159.3595608245567,151.06333227331294,164.58846457811734,175.05706241639598
18047,2007,125.9,133.22790893492265,121.14721980007084,133.50732907482384,155.70529164682335
18049,2007,155.9,148.7796511606801,143.00854872118248,157.26100914917208,167.26778356665818
18051,2007,162.3,141.03877472103977,118.83217616741956,137.7926855355152,166.0735879747724
18053,2007,128.7,143.35564876640836,133.78363136863226,148.86917776187005,168.23691941389433
18055,2007,142.5,144.4512745972719,131.19257444407236,150.44560736486264,155.93186930233992
18057,2007,149.6,140.72222553764126,127.30160696016695,143.7542573179483,162.97491409251552
18059,2007,148.3,136.35781940015116,128.50623182935846,136.7663949560251,163.72737247146017
18061,2007,105.7,108.64851231979233,108.80902372839964,126.77687989781442,142.6714028666321
18063,2007,154.3,147.9977447906984,134.61391625617938,146.36064505949562,166.89216938171813
18065,2007,147.3,131.32164718282507,126.63054856472557,131.90834216240367,167.1337252286682
18067,2007,170.5,149.45658696285108,138.84220293860307,157.42579517710433,170.96824624885068
18069,2007,149.2,139.86344001340177,124.49290824340959,140.18359954698943,159.56902327522045
18071,2007,113.0,137.2238222411226,126.7226132793581,142.04594781583705,157.19314039385324
18073,2007,171.0,151.17073912771974,144.2708935535241,160.35042874299572,171.54366384814216
18075,2007,142.4,116.88305790954193,120.65041313806138,134.4437393429244,156.094003142674
18077,2007,123.7,130.9628427743128,124.90848506002273,135.9398451244554,158.9985043606543
18079,2007,137.2,129.98066265235028,123.88140165150767,135.26282559918286,155.95872815633152
18081,2007,142.0,135.91595052431518,126.84782858030006,140.64039843440153,157.81369649925495
18083,2007,166.9,152.953352880627,133.87686810643794,157.51778261271866,168.67166750493612
18085,2007,156.4,141.38740437375742,139.60778006600793,149.63120177412154,167.1310263144265
18087,2007,125.0,131.52114919229388,121.89150961944145,134.134023269957,164.59081486090383
18089,2007,162.3,150.92150605269887,145.7813398187061,157.32100573377735,172.9880453668507
18091,2007,144.8,156.68181420989603,139.28588217548264,157.59632573181028,169.0811095282565
18093,2007,133.5,124.72886274632388,111.12151225600822,131.46937220724325,145.9682238035852
18095,2007,154.6,136.36103492112116,129.53626333239862,144.86963922616096,166.530634973119
18097,2007,145.4,132.2574842115508,123.35777745736841,140.3737249532524,161.37070903597743
18099,2007,155.0,153.54935109053227,148.9681440428982,158.17555542670206,168.72177783593196
18101,2007,158.6,134.48083641711835,118.79834336284274,142.13392199021968,151.98472380815906
18103,2007,154.2,150.08855637449474,145.63480973051043,156.95901227527008,169.6386602108019
18105,2007,150.4,119.48385375266062,113.0754430521195,133.81245425880306,146.15059448776861
18107,2007,171.4,157.61955280331978,141.86221015047784,156.54010270901406,176.8779832569776
18109,2007,154.2,146.29314742468424,134.67919142138663,149.5377708200183,166.87724895226654
18111,2007,179.6,159.5916806861286,146.92149975916556,163.14954339253478,178.79524607526065
18113,2007,147.0,134.51386195157477,131.87462188549625,134.6957895526757,165.08044586560732
18117,2007,145.5,126.74489993667189,112.38997074527394,133.17442950454702,152.1117192470756
18119,2007,150.7,141.97970350471354,128.83016933086742,145.27757472053855,158.45208808192075
18121,2007,163.7,159.4206518579234,154.67704686943233,165.39532020891332,170.50146820002902
18123,2007,148.5,125.87781697000952,110.84080505722387,128.44843292969466,145.44777426633766
18125,2007,156.0,112.33408560770972,101.53219244782146,125.8729617987394,143.95184312348846
18127,2007,153.6,156.08002713438304,149.4877055769258,162.24383338691183,177.30150699678973
18129,2007,158.6,140.6878850980246,111.57890063377462,141.65604407952645,159.32116290655603
18131,2007,161.5,156.34210812451852,145.46202988423772,164.37422827122188,171.50587606294675
18133,2007,164.8,157.36073758551547,144.88240253364802,155.70698932052431,175.08340585630435
18135,2007,129.0,136.16293347490117,128.39537086522904,140.75616901869407,171.99722098467367
18137,2007,117.6,123.12871935214633,124.13261486366468,130.13008875785923,154.08571555812063
18139,2007,136.2,139.86631113402726,127.45885325635568,138.79958665733255,162.4286334420533
18141,2007,149.1,155.06393503423908,146.0010882034664,153.11348831972475,169.9806644731338
18143,2007,144.2,125.3242616859637,121.61271409911683,132.65041557835457,155.25346714779516
18145,2007,127.8,134.02881236183208,127.81284480062307,141.33224684578985,160.13880996823212
18147,2007,152.8,120.41182874621424,100.07525229701608,124.66702850977916,140.2090875046079
18149,2007,147.8,144.33202914555739,130.93946393834227,147.52460965338426,164.5491689915777
18151,2007,126.9,131.97402128487735,119.80259030070896,131.12907122732497,164.156985058958
18153,2007,163.6,150.66624283155636,132.1916381399746,149.840357294074,165.21084603809288
18157,2007,159.9,151.80212021130347,146.60766700445333,158.06584420004586,176.83137027470764
18159,2007,179.0,149.81847737946768,137.52213838266232,154.71045988556196,170.53820466283042
18161,2007,144.8,135.90470798919526,128.00111847692318,141.22196994162874,163.07685270601945
18163,2007,149.8,127.10102569178247,105.50190572027604,134.70894530563993,147.9942035246637
18165,2007,177.0,155.99900607375668,147.02642919585952,160.40905742136906,171.96819809574293
18167,2007,158.7,164.41816993367146,153.07381019254694,164.9115448049123,174.53638818150102
18169,2007,152.6,151.70608231408164,141.60215689182996,157.56442038427946,173.1668137957745
18171,2007,167.7,152.51480097486032,146.04723906276786,164.90522006253494,177.5001553747025
18173,2007,141.7,122.52274303515165,102.75931146418553,127.32085963729904,145.64482741350173
18175,2007,147.1,123.4241440690954,114.55600943222713,131.8845756821881,150.41482952663483
18177,2007,118.7,135.811655889566,124.49401804484275,132.04022627027913,162.9660990679011
18179,2007,135.2,132.89917124422897,121.71003506615021,140.63548981536806,162.45182792159602
18181,2007,175.3,160.03690972504086,147.17251930152742,161.8157487987306,178.63442548678597
18183,2007,162.3,138.65203458268354,129.79472464826762,145.3707967174352,165.87065868760118
19001,2007,160.7,139.798714898495,133.13101695169325,151.8975911041969,154.4952459948451
19003,2007,153.4,132.79881174920303,137.70874720104365,146.55441644387534,153.04936463274424
19005,2007,167.1,171.15117349164285,135.42920044868328,169.640345288679,178.65191247826414
19007,2007,152.0,142.7071047663759,121.93724777493318,148.93123452974356,154.4326309840144
19009,2007,160.7,145.16244678657787,142.6299579173322,158.85817809600962,165.82069886164555
19011,2007,180.2,187.3228771577688,172.81082569807683,193.6531101860423,198.38038939403714
19013,2007,176.7,187.87201512813672,170.48156835101457,195.4579767122597,197.8872257285107
19015,2007,182.2,160.76017534419236,156.40885170496296,173.85912571626898,174.69362419614833
19017,2007,181.4,183.89364201176159,168.0286759842641,190.5285534958391,195.4879100492144
19019,2007,173.9,186.06323904025786,165.81374677574945,193.11191466083181,196.42311716600733
19021,2007,163.0,149.70358034948214,148.13204055731927,162.4805640720952,166.93379030609293
19023,2007,176.2,179.98819552546604,164.02976819417756,184.97026535591866,191.8617640957978
19025,2007,180.2,158.7425894301111,153.20757512100693,171.25276460860522,179.813568394831
19027,2007,169.3,154.6269239458004,150.13277377740621,166.47925890320118,170.05361384162768
19029,2007,157.5,142.31532105581945,144.75400303117516,158.1010413558294,158.1010413558294
19031,2007,184.2,183.77044895776257,171.2722116116072,186.37465097947887,196.02264234902026
19033,2007,173.2,184.04847823705177,168.26021027143292,184.13240476691797,192.40662282917174
19035,2007,166.5,143.11947649810983,142.90816728819215,156.745530710991,159.501021280822
19037,2007,168.8,177.52848049524593,155.21477331949592,187.28022933643248,190.29553373029654
19039,2007,151.3,113.37007630293438,122.35406195691857,139.28748056745326,139.72261894807122
19041,2007,163.6,146.13833514097797,146.84963486370816,158.10805421908395,163.65157972278809
19043,2007,173.6,180.65777318025246,152.30954467417973,185.6263846112547,190.91311848153623
19045,2007,182.7,185.76066578230493,165.78948860191736,186.27061714036228,196.52653272649837
19047,2007,165.5,146.87075398613558,142.9420804847229,161.06879745714144,164.07915351265677
19049,2007,167.5,153.62565549895334,151.22710925325964,166.266648427181,172.3372288596767
19051,2007,157.4,138.70542059754177,126.01346674203349,148.22113214021604,155.09320996207845
19053,2007,155.5,114.2333255877538,121.27251956004292,132.32043951030636,145.370199643783
19055,2007,179.8,184.55345844756783,161.90690621703646,190.5537435435806,194.8586946045374
19057,2007,198.5,174.03225718478254,156.7037971223931,173.30063594993618,182.69874825125413
19059,2007,165.8,150.68057185195477,146.36186317173622,156.87806819720828,162.4428954026131
19061,2007,182.0,186.26812866431638,161.79031300242968,188.93583377636514,198.3306612095414
19063,2007,175.7,161.9384266512091,152.09458236255261,174.99810893876676,176.88968294993566
19065,2007,171.3,186.72511193436833,166.141957030328,190.95922685232318,196.2015290632258
19067,2007,170.1,180.49990355166366,165.29291208886127,186.43848670290043,193.39097196574528
19069,2007,176.6,181.57294762746244,166.98714597752883,187.13111730514086,188.576368863227
19071,2007,150.7,133.59083941442088,137.96786205904806,147.11232308644958,151.02491065005603
19073,2007,179.9,159.05264010360744,152.39179762748375,168.5824564902873,172.4023531162223
19075,2007,176.0,178.2636692793055,165.13094671034406,183.69085738460925,191.439582673448
19077,2007,158.8,148.26737052556066,139.71367799689546,161.1137584392254,162.27144396265157
19079,2007,180.5,171.1470803332913,155.67015127902664,174.0828511338717,178.55881796362058
19081,2007,178.6,178.80624955934002,162.36072714962484,180.76556479084243,186.45282826931634
19083,2007,177.3,170.7835672319088,157.75098739290013,179.80630757902247,182.68015848555143
19085,2007,161.8,140.52146025906623,136.11756561386989,153.89138227506749,164.42455728621957
19087,2007,181.5,171.88252504313436,154.66058264519768,172.55070533846504,178.50119696218235
19089,2007,169.8,177.89307046115985,163.78275008427715,182.11004723839775,191.2054057465745
19091,2007,177.5,167.5722054134318,156.78978271438967,180.66637856569872,185.3957115170105
19093,2007,169.4,144.08074137576745,140.96299687959305,160.5347926222952,161.7519957372083
19095,2007,178.0,180.24517526491897,165.11140254517466,181.11166874196363,196.68316675032037
19097,2007,169.4,183.23262208222107,158.79870556524259,183.4391866600342,194.34007327390464
19099,2007,180.9,169.9130336340709,152.29789238537404,172.42731965056032,180.78669205284274
19101,2007,159.9,153.1379870919969,139.06923165975263,161.1498758339732,161.1498758339732
19103,2007,171.1,176.41547377127043,159.7908174309697,173.29629436792098,194.31326413222666
19105,2007,181.2,188.38849767834523,167.06330998262962,192.7994047060864,199.32480013432468
19107,2007,174.5,170.72696439932997,155.21990127843804,171.94212871804748,177.60264540669073
19109,2007,178.6,167.86189287865875,152.81362634439938,179.6614822623753,185.75123783865968
19111,2007,177.5,159.76472100602663,141.76918123920632,162.91753726986613,168.23323734594595
19113,2007,176.7,184.0707680908522,168.6447485838458,190.84700537875744,199.03623735539668
19115,2007,178.0,164.75789727154478,156.2134093778385,167.48153387095056,179.83966111764937
19117,2007,141.9,127.31577142015132,122.2988667715299,147.39138852702828,154.12187247988038
19119,2007,163.7,144.52473515370156,139.61969117377242,150.63660816175397,161.20216125935445
19121,2007,162.6,141.24692414670457,136.45386614484607,158.7228574406706,161.7472265544838
19123,2007,179.9,171.00602506172473,158.90074051133985,169.68449817356864,180.77708253134983
19125,2007,165.9,160.07067567411247,140.012584788918,159.47905796973873,164.0144506970048
19127,2007,185.9,178.3273835432243,163.67565555434345,182.2086040397803,194.56961117691043
19129,2007,147.4,135.79368194143632,141.99408407503074,153.80251893267632,153.80251893267632
19131,2007,174.2,183.37178285336546,166.3628382124793,185.42660880385435,195.4367110333912
19133,2007,149.3,125.67166941193759,115.62677383186117,138.12591513513829,151.22200154045055
19135,2007,161.3,152.4181966407574,135.0180180472604,153.58058952159683,164.9337529906752
19137,2007,145.1,130.31084302651996,139.1400118744408,147.91177094485045,147.91177094485045
19139,2007,180.6,170.97072355824346,159.06954681501014,177.40755102443703,183.9536808276539
19141,2007,167.7,152.69060615514468,148.4463504969151,159.455205200719,166.7532243100256
19143,2007,171.4,150.64887296325347,144.50681781225643,151.43562223367766,170.68569657431146
19145,2007,139.5,126.12879546267934,131.06650953826954,136.29292307509746,148.90928276098128
19147,2007,170.8,161.2460019160559,152.04632492334895,171.2708382143345,176.74174730798575
19149,2007,150.8,135.73383018714406,130.9896143844299,148.58202024034526,156.43163314893042
19151,2007,167.1,159.9457908435531,152.2010930251941,170.5821966849315,174.7966672969605
19153,2007,177.8,166.38450384154413,154.6417948694468,170.43342716120748,172.76817261558688
19155,2007,162.4,133.83440240680636,134.9042264738423,154.00653338803198,158.3942179497745
19157,2007,182.6,175.73715239498918,157.5363344942008,174.1198466479969,187.40291402029317
19159,2007,140.5,118.5778668425233,123.05140224250553,139.1477341103953,147.21069346688387
19161,2007,173.9,154.95690932311058,151.14117994703565,163.80120846183104,165.97126623884583
19163,2007,182.2,186.65468342263122,169.980888911544,187.72344072488838,198.10492875952582
19165,2007,167.3,146.78746499340534,141.10906196009182,160.3494314884735,164.36390965465006
19167,2007,156.9,160.3403802379806,143.88151860211224,160.64850077824306,165.83732800714785
19169,2007,180.7,172.80382901786234,163.3594741389761,175.97016892697832,184.56271455767967
19171,2007,174.8,181.52852255842654,170.69945224823147,187.92047173964752,198.39283522659252
19173,2007,137.6,106.30785474967348,114.2463566779579,121.74770522018405,139.27645162020997
19175,2007,154.1,128.84220589243458,135.1134878575259,147.27367133194164,154.87550685225153
19177,2007,165.8,141.20161833388948,128.86741781758667,146.8129231482692,154.87671479128267
19179,2007,167.1,161.70238136671455,142.49066447847724,161.91766685331822,167.8387583714432
19181,2007,157.4,137.93079428222592,133.49455031148273,152.6806225093119,170.32181386364653
19183,2007,174.1,174.57402048332756,156.23605327446654,174.2424897453347,181.1635871798859
19185,2007,150.2,128.20907592723668,126.00723202145478,143.74935299201,147.17468629333945
19187,2007,182.6,161.08886261482922,155.6885756602275,174.11190112027674,182.2684769003643
19189,2007,186.1,171.65159267511473,160.50206168139687,172.11113596063822,184.66696480761004
19191,2007,174.0,177.50792062328,151.53785947912814,181.39306682697995,190.99495841706647
19193,2007,153.6,135.320257973441,134.88435468433022,147.61010050252284,158.93870991114136
19195,2007,174.8,182.0842846992246,167.4600656521385,183.62469141773525,191.05704963634997
19197,2007,182.4,176.69239523010154,163.06461037411987,181.00563230652548,184.63944118973626
20001,2007,113.0,111.50522746571237,98.34939348727254,113.57081496322176,126.7891927997089
20003,2007,114.0,108.9426347031777,97.02371842638381,112.78769408343935,124.9243346470054
20005,2007,124.0,115.78784958119627,91.88483951816946,114.52147947648535,141.63826425355677
20009,2007,157.0,159.271065132336,133.63262663572192,161.88312524104623,183.69298025471426
20011,2007,101.0,106.22422260235541,93.8761010741523,108.53510997575476,123.17686464762683
20013,2007,118.0,118.27570236323494,103.94342463530839,124.98045285446517,143.34332774594657
20015,2007,115.0,124.50541782560818,105.97130596160635,122.64081470743969,134.64097768813963
20017,2007,112.0,114.25104534880771,100.3565937515788,118.69666219305391,129.6656884810206
20021,2007,122.0,124.80417946715698,108.12947262681304,128.58942737741,146.1672413575331
20023,2007,151.0,138.1269918749529,104.23919182710733,142.4395933245889,161.18793774506707
20025,2007,164.0,172.48179592565617,120.67869318320079,176.03560683313114,201.06089796148302
20027,2007,146.0,149.7121010146407,122.78319908724302,153.41308475112731,168.65619696397857
20029,2007,127.0,149.3435604759489,127.55135825731715,147.66722364513436,171.0332378218585
20031,2007,118.0,110.65434118617439,101.8462347629837,118.33767151041461,127.696949441567
20035,2007,115.0,114.21915862210264,106.04889768668848,115.90797026580842,142.69024232196938
20037,2007,98.0,116.72441425644172,101.9292715648608,116.71096772745753,128.03557845451257
20039,2007,94.0,91.88417192385077,91.67164720263317,95.39738784844707,159.84068754921282
20041,2007,98.0,121.99759344071536,98.22238373022954,114.3925081156861,161.58069020868948
20043,2007,151.0,124.3396550531613,109.05720688428988,129.59271193932224,157.0083709704989
20045,2007,122.0,120.98059437116021,102.56952097372364,125.5852228556258,145.1252838981236
20047,2007,166.0,157.19823137728056,132.59722057777861,168.94139883077008,177.77675549032415
20051,2007,113.0,116.05252742332993,105.80325497764184,136.00574012143687,174.24960091851273
20055,2007,185.0,176.81941591881346,128.52496207199943,164.10529029390986,198.5729905144039
20057,2007,182.0,160.82678616377532,127.70368682400517,174.57839750989018,189.61696483780753
20059,2007,99.0,110.68778765870664,100.38097318792897,113.92953319269118,124.28100124157253
20061,2007,133.0,147.98688252662774,122.39659589900855,145.79103309383055,165.1600988177389
20063,2007,97.0,110.48542623219645,111.515155710506,120.32148946222581,162.2078632531564
20065,2007,104.0,112.37863773041319,111.50695275687657,117.78009727196151,163.85003981242153
20067,2007,191.0,172.89668230922967,126.65239815735093,166.62800701523435,188.61021246421996
20069,2007,197.0,191.0256978713422,129.45978516937845,183.08989113227898,200.93910301888934
20071,2007,99.0,118.34927557804369,102.8886562085111,112.5392401848856,164.025657336839
20073,2007,118.0,114.67449603278962,97.37965970026492,114.71737333357385,128.40443807152286
20075,2007,108.0,155.41968358969947,118.04202129183989,150.24922530862048,180.07578203207697
20077,2007,121.0,123.02833386108907,105.01179136087447,136.49585901720326,165.30854489932779
20079,2007,136.0,146.32085916764063,114.03960837572387,138.82822195314776,166.66657233051205
20081,2007,203.0,184.5794296369932,132.86908795623975,174.31877210798663,186.94106410702943
20083,2007,167.0,153.56221853726618,123.8885369378068,156.85765873905592,183.71372960068499
20085,2007,119.0,111.43089050738764,97.11395882518161,114.32918589804204,137.0825493734481
20087,2007,129.0,118.9646216345666,94.83504848065785,119.26651202199683,135.61508507865562
20089,2007,125.0,139.1426933323356,123.9291658060984,138.3179764889939,166.3110085059222
20091,2007,119.0,120.53170691186642,110.5301897879058,123.71582314916382,143.47032026145433
20093,2007,173.0,160.950694429498,125.537785032538,158.25685781311407,181.88496415025224
20095,2007,161.0,144.51076908801303,119.40961218657722,143.79371267262138,171.89672752876572
20097,2007,179.0,170.78619620492705,129.03149267882287,172.29483176267087,188.24535435281604
20099,2007,102.0,106.48084007339494,93.05384064562618,108.9051139179678,120.31985208530192
20101,2007,144.0,134.55324934731894,122.06191547193437,129.24593191250068,175.56812208796418
20103,2007,113.0,119.52919081089536,95.44810447002187,118.29543101766629,141.1026433382857
20105,2007,95.0,125.16745409263754,111.18019226317536,126.09471002001429,175.88728309906168
20107,2007,97.0,109.04275247643723,96.47542733595394,112.315339647349,126.22096328047046
20109,2007,77.0,100.38307727156925,96.38213412573768,102.61068691117306,162.67395194501938
20111,2007,109.0,111.21554583475636,96.89038782543558,114.63378472239185,128.50828732997473
20113,2007,152.0,153.7079551649396,116.91712580175789,148.77411321403952,176.4659654294698
20115,2007,107.0,112.14161374812741,94.3939742122029,107.63966517733175,133.56571824459525
20117,2007,114.0,118.60157615042314,99.7400644861459,120.55331473573527,145.04279590330196
20119,2007,215.0,193.46161270799635,128.13188174863575,184.50236151313098,195.94290172918932
20121,2007,122.0,114.36100405272282,99.21481993335595,114.70914797020309,126.46900241602961
20123,2007,145.0,139.00931350172922,119.11738029155744,137.57488445661573,164.30366974601452
20125,2007,98.0,109.51725216931386,94.20603478930116,105.66244268950595,123.0175505802292
20127,2007,99.0,118.5838346158322,99.16067710259348,117.55376301617468,136.5296919395953
20129,2007,109.0,157.50382527143958,125.20070701982077,154.30004149583738,188.82616694552848
20131,2007,119.0,111.36702306800895,94.23318835627114,111.5080081758416,140.7903330434304
20133,2007,117.0,110.85027010816368,98.07865100818303,114.27561557110415,125.01415816193351
20135,2007,90.0,132.8519971502098,111.41647603950979,132.56354353901185,178.33599226977094
20137,2007,81.0,106.09972167404148,106.66935284480968,106.66935284480968,169.8955840034609
20139,2007,89.0,109.0675954677551,98.84922220842357,115.64323121561237,128.41429682012705
20141,2007,121.0,145.3660990809442,131.3303472822044,141.97418892135028,173.64534385306325
20143,2007,111.0,132.76536195103995,117.37011775090082,135.58708455248563,164.38187140448036
20145,2007,167.0,162.16986359298315,133.6030366034111,169.72022999270843,187.56788392683126
20147,2007,98.0,119.22765454010364,113.5591868055745,113.5591868055745,172.24014873819522
20149,2007,144.0,145.9512829127391,116.7189268821739,144.93714112439235,157.21741487452033
20151,2007,162.0,165.28954805914316,127.04303110784836,165.0043955728039,176.87859444453557
20153,2007,111.0,110.27912026040633,101.1131582027258,124.86213763481813,162.39788489992628
20155,2007,143.0,146.1049688350545,128.60547903585007,155.25272832526633,170.43893322515095
20157,2007,154.0,154.78846764293303,127.34245786782064,153.4440912042782,173.60087706665
20159,2007,128.0,151.0449175903212,126.817036938004,153.60828865304876,177.15427972802615
20163,2007,89.0,107.90052668714121,102.42369932346526,122.46035150620962,162.24298769145696
20165,2007,137.0,139.9382225706273,127.36138192954242,139.57342482854085,179.85779801419136
20169,2007,117.0,134.9620280923887,115.6094812990717,132.24830540439262,171.58275299200113
20171,2007,127.0,125.8024186101039,112.99058377413306,126.3600684119205,169.43971885665627
20173,2007,143.0,143.78023380980676,118.74908922005149,147.38896362151513,168.93682121095708
20175,2007,207.0,185.92484153856662,129.01655895346744,179.19734572260606,194.13000745648475
20177,2007,130.0,137.25194615414182,113.59614817473523,136.34387214790814,148.07639784483604
20179,2007,132.0,144.16546234655124,125.96763371104548,144.40483771630073,177.27758009061802
20181,2007,144.0,127.13759322503998,99.75251614521237,126.77820236321219,156.61454057422247
20183,2007,106.0,136.6393825793417,124.72660590774915,134.93785392441606,171.89339164203966
20185,2007,136.0,152.13982767739247,121.21476905551378,157.5989591311352,170.23769591394637
20187,2007,182.0,161.9895360977079,123.6510516408505,163.70281821551887,182.33106972093435
20189,2007,174.0,189.8877193498933,129.67100659544155,184.2826438604055,192.56848839240058
20191,2007,116.0,125.98948101864613,105.42764374365673,120.68805649249107,168.72720286655226
20193,2007,141.0,133.29122579729182,117.5668972530724,137.75979451209074,164.20572605501445
20195,2007,85.0,124.03772519418781,104.38181964335153,133.4381765208705,167.99318363942052
20197,2007,121.0,130.2550906619183,112.96547038544797,127.39920738546525,148.29646437354324
20199,2007,130.0,118.57970962863261,103.42243474935812,121.2560164093599,161.82720805210755
20201,2007,116.0,138.1986326365095,101.57237159403115,133.9302434022323,160.4890848425119
20203,2007,143.0,142.1519648111819,120.01371376890886,134.10840015487938,173.84501506459554
20205,2007,110.0,113.0181287640093,97.0669717503534,110.69548008124978,126.0652052623726
20207,2007,106.0,115.7731762629844,99.5469454004404,120.04508672026579,130.45435629575786
27001,2007,80.0,150.91137082887988,117.88534756741156,139.05442559028606,160.9831314663371
27003,2007,100.0,112.38831909626022,87.89710901347915,115.14403493450436,140.29877580376893
27005,2007,119.0,138.57936925113177,114.18095535906605,141.06571515681483,161.6168568318301
27009,2007,67.0,127.88483919176004,101.84166497131864,127.49299725373398,152.11805712705586
27011,2007,128.0,142.97056388476128,101.86099486439987,142.89915857932746,156.8723406677363
27013,2007,157.0,156.44829640688576,115.25908570153773,157.32862259124983,170.45356066855175
27015,2007,157.0,157.45814124556082,123.83388155633415,155.1950777844712,171.97846502846187
27019,2007,142.0,142.0323183678284,127.94184692911573,138.94543411618935,166.68251224269147
27023,2007,144.0,152.33573575597222,126.47725073464856,156.11467275277198,171.90069751816685
27025,2007,92.0,119.7530265153746,106.80547977084365,122.7536908895739,144.35870871986424
27027,2007,127.0,141.18521054000067,118.69734896986667,151.59912113255766,156.91338853096516
27029,2007,105.0,135.05777176594074,116.8219032028844,136.14127042297045,160.89286813354568
27033,2007,164.0,152.32316861816412,133.04298558804987,153.91255973624018,169.65814011797897
27035,2007,59.0,118.69803746907576,98.52422215000468,108.67828340924758,139.4201233364131
27037,2007,140.0,142.71648154352982,116.46362964782116,141.58388462267487,162.6771437062987
27039,2007,176.0,167.16597064643253,146.48026032783451,169.4242697655367,187.66276104183498
27041,2007,104.0,142.44903361155323,108.12363061514593,143.91167909996605,160.1296254988776
27043,2007,176.0,168.48006890384218,134.25822905783411,171.53277733706815,187.10843391719425
27045,2007,170.0,174.02751411678733,140.0183494965819,173.05125409653826,182.86402841967163
27047,2007,173.0,172.93943168602735,144.80757572604404,169.21536006010527,186.65674856241986
27049,2007,165.0,165.70889896977693,137.75101183224712,169.09269874352296,178.06718845125715
27051,2007,132.0,138.36866808214108,99.99846156195717,140.43115529500315,161.41681397399043
27053,2007,100.0,135.64325431461498,121.91247743520945,138.9859422767279,164.52516949344295
27055,2007,160.0,168.23155534469112,138.57451493439243,173.05333015513025,181.634294788043
27059,2007,86.0,115.4632058813908,97.50737493007625,112.4876413127352,139.49463988436742
27063,2007,163.0,148.07144306950102,129.71711827409575,148.91011784398168,164.60631909911217
27065,2007,71.0,130.94011982563313,96.46420470537734,125.16802629737819,150.31290016605362
27067,2007,138.0,145.96993562906545,112.22352635071016,146.10396422457282,163.6089641555301
27069,2007,106.0,109.01370221677352,92.25809990446922,102.38510040139126,138.1418631426099
27073,2007,137.0,152.3406182413417,115.93202116146249,151.5369282710568,165.9859844724117
27079,2007,144.0,152.59169015538535,118.52078750295713,150.67054160957318,166.99064008551818
27081,2007,153.0,147.9651332415056,116.99194074085327,152.16616806873867,168.1826825032548
27083,2007,150.0,148.72422399730678,118.24742894109625,154.858398504227,171.92216238222233
27085,2007,139.9,157.32667243583614,129.81466231617316,154.69618049827227,172.18893291089154
27087,2007,119.0,137.47639699640183,113.89522057517611,142.75834183914665,150.24267527160674
27089,2007,110.0,124.57417086459728,107.18753772019842,124.44519900583695,141.35785993342074
27091,2007,165.0,160.1916902370197,133.40969443169303,164.94281016375797,177.0710951844285
27093,2007,119.9,144.65515286381137,120.4796089634753,145.83943389826493,162.53572606372256
27095,2007,67.0,131.84911623910307,101.33951305697225,127.20066322058793,146.66518171044515
27097,2007,62.0,132.2946927342325,93.37035260008581,124.48630338084276,151.70404118513602
27099,2007,172.0,173.94299887299985,146.97591251275935,175.69316449656213,187.91991607617553
27101,2007,153.0,151.2922793880125,125.02236690351707,152.45887534771737,169.36776595356446
27103,2007,145.0,156.71886473460887,129.27396049860107,156.89834663176606,176.49594743572493
27105,2007,157.0,153.9833319000963,133.11769662059072,153.88623465548426,169.75501881148057
27107,2007,124.0,140.83217717186423,110.64447615060077,146.7701859426766,156.80719507810238
27109,2007,170.0,170.90378852314868,132.12557184636916,163.82069749731772,179.22596248410838
27111,2007,115.0,142.95869606329993,119.02513740619352,142.5250308277924,162.35272560128607
27113,2007,101.0,151.9628212271513,127.69942804385839,152.37590933477986,168.04622107622134
27115,2007,98.0,130.10707742246788,97.85669947982223,115.9335328918015,148.08341292285957
27117,2007,140.0,139.6753688361645,105.67778631284419,134.9698267330751,161.6860165201491
27119,2007,115.0,145.21761955507873,117.09031942269547,147.51009546622169,162.825242660835
27121,2007,124.0,150.04765331926632,110.37722960175374,141.7739168327083,165.10560215544854
27125,2007,116.0,145.91220045302194,120.7862776779929,143.84081436843434,161.77163912216048
27127,2007,156.0,149.16851625565445,119.38315226507524,155.54828251946225,171.48445161765255
27129,2007,145.1,155.40313901812783,123.72078109089409,156.7023800421528,175.2104150963981
27131,2007,151.0,155.01817872208935,132.3397533334516,156.85648358576506,171.18890869923882
27133,2007,160.0,147.73589327080668,127.13795420148112,148.08376966970712,166.51455156641714
27135,2007,96.0,110.59669173085838,97.98861444617643,111.25210056746154,141.05495732901096
27139,2007,122.0,143.4930450450569,127.91128748100378,144.25914782844274,165.71738737779634
27141,2007,122.0,121.39690630622597,97.41052203547568,122.26753545172323,149.40279017278425
27143,2007,148.0,156.3363366216032,129.792126859237,156.84970838140214,172.00115403894603
27145,2007,96.0,132.54427595819084,108.31241162053406,138.2938435801307,152.01650381764426
27147,2007,175.0,168.61662301045678,140.2598020897019,165.43374171011274,181.35772219939042
27149,2007,142.1,141.84204399796934,106.38276690433537,140.95681908359725,165.41158496570876
27151,2007,137.0,151.7000283491774,119.00090389012547,153.0970911535495,170.68872295961233
27153,2007,85.0,134.73953170079815,108.14059885171812,127.48343136966304,154.2753010116038
27155,2007,130.0,145.21568132278148,104.50865909566211,142.23888237578413,156.3847127066199
27157,2007,169.0,169.59312625841716,145.08308106398943,174.37077343297605,186.03565086489658
27159,2007,117.0,137.36809284174305,104.85749941809172,123.20005225752581,157.76058602040717
27161,2007,155.0,163.07610059434273,135.31533393466287,162.02475984236682,179.76037097998704
27163,2007,111.0,136.9689237117587,105.97539134465285,132.3206138535512,155.43848099090877
27165,2007,164.0,158.08766135171018,123.11639057595335,161.65505997516237,172.81291606319718
27167,2007,113.0,140.36010854392333,110.99699811840844,146.05853535371514,153.05573313383076
27169,2007,169.0,172.32127140956553,135.8018617047428,171.21000966403926,189.62575129541221
27171,2007,102.0,142.11520004308923,127.44918620912405,143.98379649821135,165.7084844495189
27173,2007,148.9,150.09307457286042,115.98611088961903,158.4728878379451,169.07449313198532
29001,2007,132.0,112.7965113477601,95.74825277486788,111.14483767833825,143.0764247512697
29003,2007,126.0,110.27492191149226,100.55951273138488,110.5383461984119,142.22374462385915
29005,2007,146.0,123.79008808435489,115.20392914233113,134.71083634019794,153.44244560834494
29007,2007,123.0,90.51790303081187,74.00897360136551,95.02405788459559,130.49747294639832
29009,2007,128.0,103.01952887147068,101.85395957953611,107.37213515541347,126.66703978866579
29011,2007,120.0,136.72216324433222,109.76369803068656,131.41654939804866,148.0026117554777
29013,2007,134.0,109.69456239920875,98.61296535804013,114.87172912570131,123.46888035191334
29015,2007,123.0,118.14765423344537,98.5380804713091,118.39395777161222,132.29267479484508
29017,2007,132.0,112.53676213026391,90.07454116150734,118.90583648901095,140.55406585359555
29019,2007,123.0,94.73863656953172,84.16479712870672,101.75021801104324,128.36367539122872
29021,2007,146.0,121.35274601725811,107.28287096299732,125.4215498432987,151.77412979476048
29023,2007,155.0,140.36212382240663,102.75382723851307,142.5492807795028,166.02046025967536
29025,2007,109.0,96.88855987808648,85.32216901379086,101.59404173021485,124.244879122307
29027,2007,124.0,93.1256186174814,84.59466208896463,99.97968393742985,125.65494757877522
29031,2007,141.0,123.4575348616229,103.55114818914872,125.95602232993669,160.90474053502948
29033,2007,143.0,110.48464091882337,98.54290486809852,117.39096270033812,136.31743467870558
29037,2007,127.0,125.98954681720237,116.30286101533837,130.87220294141363,137.0837028483108
29039,2007,124.0,116.32437204224362,93.38180588384805,114.02974699052112,135.60919248123093
29041,2007,146.0,113.2957004137404,96.31358776995287,111.23367463548004,131.8977761713797
29045,2007,136.0,122.21380913196488,101.35361450824284,123.95912420624136,139.207890326278
29047,2007,139.0,117.96155650342533,102.16829278002845,119.59623799744494,140.62709218037088
29049,2007,130.0,101.82037325178236,89.24598165176918,100.31890431944991,131.86593474984028
29051,2007,136.0,95.70688310449435,73.92763654129614,102.52712608761868,120.61763150319524
29053,2007,150.0,128.64912155301263,107.98994005711474,119.30084934977292,148.00871778557462
29057,2007,120.0,117.86967770139948,90.76680948382479,112.25974786638963,135.69326333661985
29061,2007,116.0,87.96029861724524,74.91189854136765,88.87013817168804,116.32422042616102
29063,2007,117.0,94.95917558198667,87.0667900866886,101.77901447706253,123.75672382038931
29069,2007,161.0,122.29431757127935,82.01125603134959,113.97473911817167,160.6181700550751
29071,2007,133.0,98.2325290116587,82.1887142680789,108.24968261541933,124.40534196957657
29073,2007,116.0,93.34716527805105,73.86304692426984,91.03512191256719,117.14038961011568
29075,2007,130.0,91.93152064417956,82.9298462580941,101.49234035857043,124.52679019918355
29079,2007,119.0,91.75826944111361,86.41384099880437,102.25163327588275,122.39631280495624
29081,2007,134.0,106.88527450183494,98.15186371729608,112.87985222684706,133.48575883912338
29083,2007,106.0,132.46010109765766,110.89256079648531,134.14313132245178,163.95585393897147
29087,2007,149.0,120.6370670600137,106.33966844319086,128.95140983994494,148.61276010068912
29089,2007,143.0,115.37593057796312,101.1502760607273,113.47339434054817,147.02517214165277
29095,2007,137.0,139.10878154755991,122.7400111488829,137.98799802830916,154.65491369830698
29097,2007,123.0,125.18093878742623,101.78926282779987,122.33335009795555,131.50757713442812
29099,2007,116.0,98.84854262886418,80.1204394476107,105.78987595389003,140.2855035924004
29101,2007,130.0,130.5445597370608,116.63355534227848,130.55337805094896,151.97830912147657
29103,2007,149.0,104.73078239396503,86.8365161469781,103.02421589327204,136.06331947478628
29107,2007,152.0,144.62459716954092,127.52189513703242,145.9920776220417,170.75967561163583
29109,2007,123.0,101.59130172605734,98.41599868829616,107.83485859944727,121.5263264338143
29111,2007,130.0,100.38615528579193,83.98050248872565,105.35857563744007,134.07432843556808
29113,2007,118.0,88.33262452116665,76.7304103413175,93.89340845532709,115.55499538107395
29115,2007,132.0,93.37851867048225,84.94544834951829,95.90789898261437,127.37038869954353
29117,2007,128.0,95.61276577116531,87.19351328895067,101.5460166390731,125.8822600189649
29121,2007,155.0,89.94588565542821,79.97329632231927,91.4663814899455,123.939946515522
29125,2007,120.0,78.05468322416765,61.053772776477786,78.24938134102715,110.00433893594351
29127,2007,151.0,102.38470603758765,86.75950744327655,104.9699964129596,133.79147210639758
29129,2007,131.0,96.4172474456951,91.16561875135332,100.53421922106685,130.3533538620125
29131,2007,122.0,96.4446644453082,70.15315285186323,95.27744048224623,111.9463239340495
29133,2007,184.0,129.7412842943844,96.80113315090892,129.9343690064738,157.99135500911228
29135,2007,121.0,99.88496232402582,86.26663993926701,101.53045813157588,128.2154092724782
29137,2007,131.0,86.3564454326904,68.28745314895187,90.3960474889604,122.8764575200534
29139,2007,102.0,93.43989966769604,83.88962254108819,92.89286538131294,131.04499099755617
29141,2007,117.0,107.44199368711713,92.03375247126587,109.04341614637205,128.13784897198911
29143,2007,169.0,132.91340736020103,71.16098728318477,101.35861109396396,156.30756765094173
29145,2007,142.0,105.46912055886921,103.10859205098143,108.46819313211515,127.11490535341464
29147,2007,124.0,115.2830621326128,108.84371196355637,116.5350057175095,143.40596229924864
29151,2007,127.0,95.96791344598232,70.1274386852902,99.94767109038386,117.35167045176186
29155,2007,164.0,116.34686614599079,72.59606916359583,104.44079061805513,146.89724200949877
29157,2007,136.0,120.52120244449831,99.98461087780163,130.35276032008264,168.0758017057505
29159,2007,130.0,131.57927599277258,121.44149236628182,129.396223859058,151.03653026182275
29163,2007,112.0,99.84012678050841,82.98717037396362,98.33442902407029,130.1023010505575
29165,2007,150.0,129.1631192717637,110.2285141372993,132.829515415051,153.6592866394459
29171,2007,135.0,106.78906059898458,100.28844386077554,113.60674619194832,141.2905083537895
29173,2007,136.0,90.8702905677821,81.49418398327796,92.99661987152754,130.4600886528893
29175,2007,125.0,83.49942662302416,73.13573637866632,85.21618134874583,119.60086646598404
29177,2007,141.0,109.06425942493179,100.98804292602553,116.28766039998867,134.44437055833924
29183,2007,146.0,123.91481084403331,100.3340723355276,124.94068444112764,141.46940414157183
29185,2007,115.0,120.04489736871342,97.27985311911105,125.97498175152495,147.21897712969866
29186,2007,127.0,108.7994439620581,86.16856780861602,109.15056707625084,136.38233005646737
29187,2007,102.0,101.88055192319042,89.04015175202156,99.20185972011015,126.74042657683339
29189,2007,156.0,119.64299984446146,106.54902268445184,128.7650736096674,157.79124145369383
29195,2007,156.0,138.20733466738574,122.85968056640246,141.63614449001213,157.3271841988198
29197,2007,124.0,118.38234871581562,101.28741847262346,120.14259440626667,144.78008207043666
29199,2007,136.0,119.96108309835527,98.62592995654632,117.67814541334266,137.17551077411593
29201,2007,177.0,137.42183621219388,99.07438318245188,140.17961754783454,165.6274883283532
29205,2007,142.0,95.95051201750812,81.13282914719758,97.30274701557165,131.19184020692825
29207,2007,164.0,142.7471694343048,97.89823577558093,139.58909179024278,167.87311078680432
29211,2007,114.0,106.27845359462194,92.05867145935066,106.93118125324,131.71568245177343
29217,2007,130.0,127.89898793265569,103.16895433310779,130.14688903066542,147.71426158838676
29219,2007,111.0,102.53880813500598,86.80799705445531,106.48808768316086,132.5647515129005
29227,2007,128.0,97.82957776234234,88.0348831051741,102.7146263482352,128.44282619491247
31001,2007,177.7,159.23102965748936,142.9742323227767,167.41276471378856,182.54106288724142
31003,2007,169.7,140.314571024204,110.12334993606333,140.95400188889235,162.22463529088571
31005,2007,165.0,140.230984133396,107.02127473853564,144.0103234451574,167.408574071781
31007,2007,126.7,117.53335552064823,96.86212555041516,138.56653609556113,161.11373498451007
31009,2007,143.0,145.226540942348,110.2304864824577,146.13728523109916,172.69130228035385
31011,2007,159.7,151.78076279231345,134.29543395883167,154.07772939121443,173.29086805949947
31013,2007,158.7,145.1020971759044,102.29561303984136,148.16512662562647,165.71557398921658
31015,2007,84.5,106.10105594670446,87.21169072951697,123.72482723929537,152.43633780681836
31017,2007,178.7,151.57933308825127,108.94296418285687,153.2914735864478,174.63903072359273
31019,2007,182.4,173.7716936383793,146.05226160196554,177.2224177881515,188.97963664083272
31021,2007,156.4,139.8429325163537,121.77536166004144,141.2648137914314,168.6483845770993
31023,2007,160.1,155.16343968325762,127.25364959661734,157.17648783504566,179.2972466948023
31025,2007,127.8,133.67116153453748,119.19215377836048,141.3682748392738,153.16718454850502
31027,2007,143.1,132.83057357044686,118.35908858856249,136.63499934453782,166.25237629412885
31029,2007,171.9,174.6123733464742,117.43592645532597,177.76379329899845,182.72045776177947
31031,2007,185.5,160.3597409509794,109.83681980380797,152.64531458188574,182.89223893325902
31033,2007,153.8,151.67252744805901,117.15021393365534,149.51114307815746,167.73071199841996
31035,2007,166.3,162.03683017433812,142.11320157374217,168.17482423629232,175.83695125462873
31037,2007,162.4,148.9766756662011,128.335723340921,153.97238585356118,175.34626881335822
31039,2007,166.4,145.6590173299753,127.15520026738078,146.4870290408949,172.0564650682557
31041,2007,163.3,167.11112735463686,141.44843867252217,162.80383900254395,180.10647283324727
31043,2007,168.7,127.67676831725814,105.8700197196836,138.00987403355268,164.05528936219764
31045,2007,171.0,120.22395577183485,82.29686988133179,130.56141525081435,152.52906257646237
31047,2007,182.7,173.2539050547674,155.92771511487382,177.34838994091257,192.51903354436183
31049,2007,138.2,169.72565126575003,117.34257876300511,167.0968802078473,176.05252925670948
31051,2007,142.0,129.2668821540259,116.14701618702802,134.76919333725115,164.55496405590077
31053,2007,159.7,141.06860262393045,116.07341789508156,148.39488299901384,176.91217348238644
31055,2007,152.2,142.6488240036743,128.90551810661412,148.92107395357013,172.26371927224807
31057,2007,162.4,167.87966907924277,118.75738832565462,165.45854065132733,172.00682720295447
31059,2007,176.7,159.610778499349,134.17072494484984,165.64419933629856,174.25586858402932
31061,2007,169.1,164.60836750524666,144.8288092673597,170.14816207554037,184.02338805775742
31063,2007,138.5,147.464518990655,137.03910278439497,147.23780714780565,175.8225051430665
31065,2007,135.3,142.86960945437124,133.62530386917217,137.24750984718202,172.67164961057932
31067,2007,118.5,123.13209277041825,108.34778067062719,130.96540811208902,151.41150331635885
31069,2007,151.9,161.22586063425422,119.13840930009154,152.4107075449751,172.0837937172695
31071,2007,169.8,139.1472633502999,111.0906763016652,140.130187356068,157.92689609604554
31073,2007,167.9,161.85128728699658,144.9325616559816,172.49938640646326,183.78620236051682
31077,2007,154.6,154.95513692987208,133.33702711393386,153.44544717032332,177.94814037885828
31079,2007,186.3,169.23066519195928,145.67444886183569,175.19287566225736,189.51099333711625
31081,2007,184.5,166.5122590968497,145.4899813939815,176.05653170435906,186.2288855700429
31083,2007,158.8,148.8129792471155,140.09401328530197,154.72562737699866,177.09991604626646
31085,2007,141.9,167.7304940027211,135.41221526308192,164.6613902700871,187.98679746784399
31087,2007,123.9,129.8614849665659,123.86675158726793,130.5238504229534,164.9391424562449
31089,2007,175.9,152.11582737270237,108.17704699608879,148.7642507955499,180.84713571295686
31093,2007,161.8,157.87792926603407,140.42417968833826,159.7240676476301,189.76977399259954
31095,2007,151.6,150.1341184181061,124.95074169113364,148.69645193386853,155.32261252171696
31097,2007,131.4,119.8460221320242,106.0894102470126,124.02680895097669,147.73695738756692
31099,2007,184.9,173.01703572885822,145.83425382065076,178.95305105212313,191.08851318923922
31101,2007,161.9,162.04399646371112,120.14011624030324,161.6849912814195,170.24416104196723
31103,2007,156.4,129.14021178610625,103.01234157150054,132.8583422737024,165.65608207547245
31105,2007,105.3,118.99071359749924,87.27167973751891,131.37069443982654,170.20113350110768
31107,2007,137.7,131.8143672996474,120.88772760243018,133.52111242163363,165.16266057510296
31109,2007,123.9,130.01242827641113,110.7345460603262,132.34342114575105,154.4879002323463
31111,2007,160.6,156.82486242632547,118.84858575481462,153.93817153664304,167.91724270332088
31113,2007,149.1,146.7109172712793,121.3954101070129,142.98808768258732,166.0275725389629
31115,2007,156.5,140.16392606783538,107.79570174725461,142.27285333787665,162.35376215221828
31117,2007,161.1,142.56394334974553,113.26529615078576,140.72812057722507,170.20548667327802
31119,2007,156.6,149.05247769156904,129.87478640996255,149.82059649113566,171.57979810613978
31121,2007,158.3,147.748135322975,121.04859747874245,150.43157823877274,173.71413581933712
31123,2007,171.7,150.14979583179627,105.88393631971985,161.88964749172695,174.20088326720293
31125,2007,156.0,151.94254686296557,131.9922212715016,157.48149873857275,175.39048583024118
31127,2007,142.5,123.11176471323657,107.55981633326446,123.85936438710202,147.76526132908776
31129,2007,149.1,158.0180556327081,139.55908068142696,164.21206341845837,179.67521380393077
31131,2007,124.0,121.5134262399231,110.84700467985633,130.7093022942245,147.22050106346796
31133,2007,122.9,115.24187793706713,102.07797945917633,118.06775380671692,145.82164026003392
31135,2007,145.3,171.2940774039086,121.15206689375167,169.7017463335086,171.12671585237166
31137,2007,198.8,177.12520057872118,155.28622125516756,183.3457383854593,200.88597682842487
31139,2007,159.7,137.82472521385756,116.5255469081612,140.84015227439684,158.66164267489228
31141,2007,170.1,152.93933649847716,133.7858752054417,156.17045336224888,174.10840529139557
31143,2007,166.3,165.74748483494872,144.82214043482878,172.28887353939777,181.6111494988341
31145,2007,137.3,139.02539120023067,131.49891333087896,134.80694085974693,185.62182046537868
31147,2007,132.9,120.80876281522114,101.1868544417991,120.78030940519162,142.13266187117773
31149,2007,171.0,152.40500662966926,109.37422267296199,146.2648728916119,177.79018566472297
31151,2007,148.7,151.49261072075652,130.4752655457628,151.93049960465018,161.89276116634716
31153,2007,135.6,124.74911709450616,120.55937728702779,139.16702440450578,167.1002612924844
31155,2007,149.0,138.34935955803593,124.11086668709576,143.12753262612327,162.66420333125097
31157,2007,136.6,142.88882229451968,96.81828410501703,146.40285445039828,170.95174981839608
31159,2007,157.1,151.89635443723816,125.09199089728291,157.91497022735754,165.01869703624374
31161,2007,152.5,147.34844202688055,108.25057432976955,149.4845006031106,160.4756207789423
31163,2007,168.5,168.13625600600145,140.91965374012568,164.69468610274637,180.13110546687915
31165,2007,139.0,143.4326367552582,95.56619752665026,148.15092805852933,168.47188635128157
31167,2007,163.3,139.68727193543117,124.31723791676448,142.45246283762023,171.33081760349472
31169,2007,171.7,155.00094615390853,133.80025863962396,157.72330081282095,173.27453439789133
31173,2007,160.4,128.8436095347486,117.11490165819944,139.98428531762855,164.0801906562578
31175,2007,156.3,161.9166689944294,142.0734723921267,161.16788974052298,179.2002921710412
31177,2007,142.9,135.16649204030298,124.74768164015556,148.02059623773764,175.14881725617659
31179,2007,159.7,134.23543121506862,125.06743781572159,139.79934716943816,165.04904132302966
31181,2007,148.2,150.41992584005592,142.52819787320533,158.93755963467854,179.21164989599174
31183,2007,158.4,142.3577671441863,106.81812886905554,141.7131228034028,170.02660879620925
31185,2007,182.2,168.76127832999228,146.27262611360538,176.03656013319718,185.1795266360058
38001,2007,52.1,65.11567577410298,48.21221618485686,66.80920950065372,116.37921289471942
38003,2007,126.1,138.30906875051286,104.39114895067944,140.1405475426229,151.20045351613612
38005,2007,96.1,112.27437305862061,93.02754139905863,111.91000498524917,122.44525658474996
38007,2007,56.3,56.14555180873571,34.59683496498244,51.42719581652785,103.90252083329298
38009,2007,70.3,82.06110151060166,69.11241194755355,80.07613405432248,113.74119960993946
38011,2007,55.7,58.012962735162596,39.83240262544006,59.04672166303724,115.97920034788444
38015,2007,85.0,120.92053278432269,94.4864944528928,120.07285514478384,140.22785896046588
38017,2007,117.2,132.9695860703443,103.06668700313861,138.78531761525596,148.4001760666742
38019,2007,104.0,106.64147542746343,89.85075779789717,105.12899696724689,132.37598355561977
38021,2007,129.8,134.41260680275914,101.25183499370851,137.5403211439049,146.6092466070167
38023,2007,70.6,71.61412128347612,56.178449495471696,75.24179142122776,110.455561627083
38025,2007,54.4,59.476144601943965,39.87754088303572,62.49427329097268,104.98984969148214
38027,2007,96.8,114.03457124656174,79.35887452577595,114.63775787570337,132.8872429237186
38029,2007,92.1,115.16013453915785,84.55822562567107,113.43456214867324,138.15975870512096
38031,2007,118.7,129.32543407682812,94.22797437116502,133.19723918521547,134.34079662125743
38033,2007,63.4,70.26948204086213,53.60282761079265,74.39104128829224,120.14243889948312
38035,2007,127.6,124.33616027039147,101.39828201491717,125.60850781154296,137.79955040983634
38037,2007,76.7,74.02839144976046,56.131390520151676,77.44658638765044,120.70007396927954
38039,2007,120.3,129.23802414836078,95.75508699809157,130.3235726114349,134.77132808955747
38041,2007,70.1,73.2791494761679,51.237402233684094,68.13475113412319,113.41189337205546
38043,2007,118.3,138.47944196707058,84.07800903577154,128.93797390099814,147.47510031798873
38045,2007,135.8,149.16981211217274,112.87529175429225,147.41358751504472,153.58056940369056
38047,2007,86.8,121.54787353272177,88.98984434164907,128.36392367310907,142.36893766153435
38049,2007,79.9,90.39632750467125,71.6926759257698,86.84552558506284,124.5768726663643
38051,2007,102.1,116.52732196797577,82.67447549381795,121.65159145854842,140.94831672760768
38053,2007,75.2,72.17562679713616,47.0723422558627,73.05299527100644,120.25277887757437
38055,2007,87.9,98.40135028682555,72.67366072655503,99.04732520953453,139.0576223415714
38057,2007,82.2,81.54089504817998,51.88912896607448,76.07872707868961,121.2533204922569
38059,2007,73.7,78.78822031108308,60.01255167917524,79.19076544954613,114.04112255320325
38063,2007,110.8,130.81654964903413,103.4726249708737,126.84322843164279,139.3970991156229
38065,2007,109.8,97.52442474040643,73.04145484008383,96.46620379435741,123.68758521202952
38067,2007,118.1,111.29634675695203,103.88370562240716,112.77632362537736,133.17342543265914
38069,2007,74.4,97.13070660267154,84.93654027415846,95.97537763455568,124.02891243010774
38071,2007,101.1,114.6199567722063,95.74515973951743,113.25811293766444,131.14515730217644
38073,2007,132.0,139.31631939159604,99.08178466321365,142.96150101313205,148.65183843709997
38075,2007,64.6,85.39599575943731,54.2624993791004,92.8974147485214,123.88649859103282
38077,2007,120.7,130.2446085160603,96.92994609553924,139.7728317431071,148.70060919025343
38079,2007,80.4,83.7484248332785,69.3949213101499,87.72800382957672,125.51413876394781
38081,2007,134.0,136.87446304786477,98.21228583991586,133.98211360797083,146.16928672353504
38083,2007,88.0,97.71728583407622,71.49882823162044,97.26783905908623,123.57679196562742
38085,2007,98.0,85.31185408051232,60.376105074423585,88.80751913233892,118.76716471244865
38087,2007,52.6,59.55263068368119,38.96249691237034,59.56529960276141,119.27771794724129
38089,2007,57.4,57.00206115041124,38.1305854635,54.12534251809117,105.21622411596971
38091,2007,122.8,140.9880820880057,103.97545731914113,141.67038844090789,141.95864154542124
38093,2007,121.9,134.66930112320537,98.99317929861228,134.32044672326617,148.05080340296183
38095,2007,111.3,103.1622332144432,90.21983185574318,107.71467616127656,134.40562008700277
38097,2007,126.6,141.88485114342382,111.2912610559038,147.25540501696597,151.97375978963873
38099,2007,115.9,123.27390636044991,109.83139298001217,124.96664375471364,140.20375386346313
38101,2007,78.4,89.69263505433914,68.52296098752299,85.8162928570581,131.82600357305142
38103,2007,104.0,117.01038476802422,89.29894291131278,120.13106190675269,125.8488839127595
38105,2007,118.0,79.42912929529356,58.69639573177722,83.16411059086211,117.57430338871072
39001,2007,100.1,112.15587546386993,97.22520411433563,117.62879738580811,161.7914359017363
39003,2007,137.1,139.4418680224637,113.33207129841175,145.31052691141062,160.8913235739539
39005,2007,153.5,138.75335510555757,121.95641162110886,142.68774085710893,169.8801142042821
39007,2007,124.3,131.66259554934072,101.96418096463535,131.2401487989908,147.345284461588
39009,2007,152.3,124.92746948816648,100.19627182901063,127.09334708214503,158.54136671454654
39011,2007,140.6,135.1523983383003,119.13704632274238,143.80071282622052,163.7896957191722
39015,2007,134.3,119.56684271458253,113.35229212656913,131.51789708969278,168.99805100625582
39017,2007,117.8,119.51991464664566,98.46479603413987,128.2079430372047,146.70257679812897
39019,2007,104.7,116.90924966192807,91.76731357437095,117.95457835243893,147.07297265142796
39021,2007,174.3,147.05199293931997,127.43672266766642,150.1251602453751,169.77354056605122
39023,2007,160.2,145.6492686048785,125.16978782928085,148.0899144519324,169.8449649369494
39025,2007,124.1,118.94302595462273,98.17165545999212,131.46537693480167,163.79516839701427
39027,2007,166.2,148.41548529370095,127.7831526031626,152.47367286662487,170.17100892427214
39029,2007,137.5,125.12011739299477,98.67176080649804,122.9265119495519,150.902738978365
39031,2007,153.8,144.86550717168902,108.82460248890447,148.23841470989146,163.6919293035055
39033,2007,169.8,144.99731626521546,125.55960099113487,152.70950204750545,171.62806327297545
39037,2007,152.1,139.12016773750085,112.74331021851067,141.53524039846897,170.5124923369337
39039,2007,115.4,138.84629095210136,101.20325634452743,137.0615291202196,157.4774979843168
39041,2007,158.8,141.20815136390146,124.651298582774,149.2162107877201,166.34049137317447
39043,2007,161.1,149.69604531880583,122.76221982868911,152.1336450768821,167.60237468043124
39045,2007,159.8,149.09752257120078,132.6880576278719,156.47541603863488,173.63862260566953
39047,2007,162.9,144.24477511834294,120.18452289877612,145.2181732075646,167.25066016710014
39049,2007,150.7,136.36558083048192,123.02457200844117,146.35134846340648,167.00417553491462
39051,2007,163.0,138.4060796562266,110.29983514409415,141.99978466215057,160.89381097492327
39055,2007,126.5,126.97943088888526,97.21248137607824,124.45025717761324,153.15803898219616
39057,2007,177.7,138.53457903330377,114.17439910102595,144.48500434351516,165.6050556745608
39059,2007,110.9,124.62935859249059,102.84995442896742,130.75904264753703,160.75196593648502
39061,2007,117.3,127.37886788866113,97.02176229337005,131.7171480741256,149.37454837582573
39063,2007,136.7,142.2919700390651,122.64261490616975,147.620381598548,165.61258272759022
39065,2007,144.6,144.8225278843967,122.64656884142498,149.43406781365033,164.0758962696583
39067,2007,113.2,116.68928973873633,100.82256758563786,124.0293036220074,159.8379612952138
39069,2007,155.3,146.72265641524365,111.0606115193407,150.67800802849618,167.81611518061942
39071,2007,122.9,138.19093945218782,114.8460754186539,144.31771400936702,168.2860610171893
39073,2007,129.6,129.72180509529835,105.83787274966282,138.6192690350446,159.44004298901984
39075,2007,153.8,136.4006874439805,111.7266419763622,139.69755916021955,160.27155541635608
39077,2007,163.0,150.567754867993,127.79426540123681,153.3708739208865,172.5712256041768
39079,2007,105.5,115.84007324495431,93.4372769896724,118.72497470335828,152.8840701737825
39083,2007,146.6,141.0196824969631,115.47797324204856,141.04487060065787,164.72398797259234
39089,2007,155.4,142.25026761554074,126.3574924294639,149.73019855133393,170.60110145178783
39091,2007,159.2,142.71266278706653,126.89307684914671,148.20097494113583,167.0665371213035
39093,2007,131.4,136.1292144510772,114.35445880148025,137.84361815585328,164.69780019347309
39095,2007,162.5,147.57642959969525,115.77112600885681,146.72215371068225,170.08697332240388
39097,2007,168.6,139.572100838476,118.67424203932622,147.56756917522975,165.05601309949668
39099,2007,128.1,128.76677298992186,100.41404879716538,127.66799787757121,158.11011047318772
39101,2007,155.9,146.0281259059716,126.36521368041859,150.1168197602075,171.23284232407963
39103,2007,143.2,140.72643997026597,119.39838723025746,148.14794980884486,166.14616410378778
39105,2007,136.2,102.12403544542804,92.70761848713208,106.88792626870391,144.56976063232224
39107,2007,147.8,136.30137251007454,106.25155066958665,139.1065616432866,164.0538981934452
39109,2007,166.2,141.90890193249865,111.31672820083128,141.76430555118023,167.12295603566304
39113,2007,130.9,132.86863106101012,107.46963736947315,132.9162823218136,158.33966432105365
39115,2007,101.9,123.56404897576112,104.6967080430426,126.73260449059381,164.64114449255914
39117,2007,143.8,151.2701821506474,128.26574765833982,152.3060283580053,174.86977891715043
39119,2007,157.6,126.7369853515052,109.30501266352483,139.86560894113072,162.53759234709668
39123,2007,161.7,140.72303875916836,107.64683020367391,143.60835629920066,161.84079550188795
39125,2007,156.1,132.83712783096374,99.42155882425175,133.57151911300153,156.73282359964003
39127,2007,169.6,135.41149009065492,109.82285799439819,144.91100219501075,163.57990602664205
39129,2007,146.9,137.5734553587148,119.69405659844847,144.1265419372069,167.5514576190899
39131,2007,112.4,127.19498914911536,106.158437511776,133.19995884554305,155.33098772988234
39133,2007,124.0,131.07649313318663,104.38658195810319,130.30021407822176,157.3927217916114
39135,2007,130.6,131.04146597890792,107.48779720160007,131.78379291205212,157.36190330288554
39137,2007,126.2,141.65409824566356,109.34530436729972,150.2395121038455,162.44428782032514
39139,2007,156.2,139.91698051666154,124.12909441618388,145.74438657785626,169.19861812212554
39141,2007,142.7,138.38986814750447,124.05797734386553,143.87094584187693,166.89938823258268
39143,2007,152.5,142.68783653031926,117.34283854124499,146.75801066159912,170.5272785082654
39145,2007,105.5,126.00962380924678,108.33357035006861,130.8785450958729,148.16223646115503
39147,2007,159.8,141.72201696870263,119.6638675084277,144.09762913948398,166.05275576290825
39149,2007,151.0,137.1013474701952,116.76448886906243,142.51982672692074,164.89667034810265
39151,2007,152.3,138.57093128125356,116.01934904976005,138.79447217117314,157.09660476245233
39153,2007,116.8,132.3677520851421,110.73196259935212,136.00736442707404,150.37701815119743
39155,2007,164.3,131.0449818134692,101.38252706611831,126.95890905552179,156.9816994525827
39157,2007,141.0,129.8129866611754,105.06052322819875,135.82322911421613,158.56950080506846
39159,2007,158.0,138.75124513209923,117.62218665587746,140.8165913579372,166.49152511499813
39161,2007,121.1,138.35233324075043,99.23819567494405,136.24879233954263,161.6354193996238
39163,2007,128.5,118.60008265551767,94.03767838508195,120.24186535009257,151.19061064063862
39165,2007,151.0,129.84084912839202,112.8858889744837,137.5955877186169,155.00820800443887
39167,2007,125.1,110.22646245370336,92.60899926988273,118.90623811318653,147.70940198387137
39169,2007,146.7,144.18523082629747,121.77702284725473,144.93919830067028,170.83584610748608
39171,2007,137.4,133.5392657034348,110.20770768026999,131.6370288625214,154.60795586371438
39173,2007,154.5,146.33233162451694,112.81284431153789,151.52534162699257,171.15003447817696
39175,2007,149.3,139.11606717824728,121.90035674248804,145.14613144051745,165.9752631506164
46003,2007,97.9,103.88162194093104,77.70042610327378,100.85528702820486,128.1104744154697
46005,2007,115.3,112.45474735904018,81.60308861223712,112.01354705931588,132.67594341711327
46007,2007,133.7,107.11800627576288,72.27473572127434,102.3887706808019,129.15055780727016
46009,2007,104.7,112.02304433016238,90.63991024948761,108.62558722969376,135.47169228460996
46011,2007,142.3,124.85513973155014,102.79130723084897,141.33346153004985,152.2473406521529
46013,2007,137.6,123.77808573207643,84.44340096380935,128.74217292684162,141.99492266146092
46015,2007,97.9,99.2233012299889,75.86901774055929,96.73557592331962,128.93692516538508
46017,2007,110.4,99.63982867925903,59.284543867645034,94.48905367749053,128.13921835505786
46019,2007,137.7,120.27755422827785,68.3203298132586,108.64074016036044,140.9179642788331
46021,2007,101.8,124.19016075032617,92.76687072625343,119.60169505038164,139.13952163824587
46023,2007,108.9,102.25348768074139,82.46253870126935,98.31443709733638,130.88152416441324
46025,2007,128.0,121.75021596097835,94.67063967877519,133.7191752607474,143.3167344915247
46027,2007,112.7,108.27095172111596,82.0779292279421,106.90655280727425,138.6652442065464
46029,2007,140.4,120.70990358029415,95.45991028178385,134.37700078069676,153.31387350797962
46031,2007,81.6,72.90876601882407,48.85643777359566,68.85487474591152,121.72164719178011
46035,2007,106.4,113.93393232996956,84.56212721712083,111.43610290199318,134.55696106885102
46037,2007,128.6,120.71599414494906,90.1443617139189,125.71770769358208,138.42607207740923
46039,2007,146.5,126.2280501641453,92.94501446942456,132.41138786251625,144.3022088437089
46041,2007,46.2,60.427692029395935,41.422420212151515,58.49634994744148,104.82311250563095
46043,2007,111.3,105.46318121636102,86.54790634731913,100.65026724015407,133.36681602042592
46045,2007,103.5,105.70136523187205,82.3982477770312,117.2623323658005,124.03907387427984
46049,2007,107.8,109.30113557600164,81.59795193946967,116.49137762417645,128.9957471220969
46051,2007,141.9,121.88671091500674,85.9220130147849,122.23376639943436,140.274004864255
46053,2007,77.4,88.26889538146342,63.41237254492253,86.1530292465349,125.14809398828393
46055,2007,39.0,47.865488972792626,33.51367745596492,46.174572010882954,110.44480055531787
46057,2007,147.0,125.11624542169615,94.55179806666865,137.76666787772297,150.81704098648567
46059,2007,104.8,117.16101325352349,89.77357198372702,118.11831132134328,137.46993410665743
46065,2007,87.5,108.91953867571617,79.5997311360596,101.93225788425435,129.9808204429321
46069,2007,88.9,99.04694189161333,76.88249792031294,94.57263780547088,129.4594668709497
46073,2007,96.0,105.84699155622995,77.23606974312565,104.17140967781808,133.28403673921713
46075,2007,61.1,70.21555799673395,48.00356489402349,65.67612916579593,103.1430714835486
46077,2007,136.6,123.41076044421182,97.75841659072798,128.14356511681987,146.83611925903728
46079,2007,142.8,125.52956545712827,98.50609924076248,123.05686988902708,147.89711524324684
46083,2007,112.5,124.1691425257204,100.82021926593617,119.2063386674915,141.65679685854604
46085,2007,80.3,92.61661249038784,57.15610292117569,83.17467915015487,116.26220976427422
46089,2007,119.0,115.54577672915758,79.94330303089193,120.0055730748505,136.29379192012965
46091,2007,139.9,129.63513852383477,94.45717976502756,126.84505732685912,143.0343249154721
46093,2007,70.0,95.24914613663044,48.80753043984862,102.94923373279427,129.7619297357019
46095,2007,42.5,58.03560731643273,38.18052062406814,54.20658035437048,106.21781137408962
46097,2007,117.7,110.54768128556654,86.28166505913161,104.43762982325129,138.76566864822559
46099,2007,144.0,124.2289189854511,111.99848730654232,139.31253924477656,158.60551946122098
46101,2007,157.2,134.20625604674976,107.2463511811517,142.19722027691574,156.74077931615693
46105,2007,42.9,59.877379169418965,38.53384851865636,67.98292498222608,116.9771560780436
46107,2007,109.7,110.707071067085,85.90722205484482,111.63657478481903,131.74512247657952
46109,2007,139.2,123.21937409673868,85.49686593634085,119.90028450418166,143.5743456268371
46111,2007,125.7,105.19695648025188,81.60768356019159,107.06203496630167,133.69664909256414
46115,2007,126.1,117.64275097929202,86.81259756665902,122.95284670503237,136.48792900175255
46119,2007,92.4,113.326415076704,89.59997058548826,109.84585287923112,133.48915655148863
46121,2007,67.4,123.12952531258725,95.9272303541841,119.82412397143315,146.49570612861476
46123,2007,67.7,80.02307090499257,54.45258624675761,71.16610551372655,110.52283042221194
46125,2007,128.1,114.82797759964164,90.43949640299488,110.88049885697919,140.57379896856168
46127,2007,131.0,124.7537196737938,109.6192434218233,132.63823520579626,158.44291072027897
46129,2007,111.9,105.24803931104942,81.84280969846047,114.02808993967442,128.95401034875718
48011,2007,192.0,187.749311111641,118.51854533821833,169.09913515017882,199.5603981052385
48013,2007,93.0,117.76451521651715,77.47782207359849,110.85790325156195,145.65406632874056
48015,2007,93.0,105.6850973302259,66.93563496754865,98.63882314147821,134.4442246745869
48021,2007,101.0,116.22581406859068,70.94784961099084,108.57125524820215,143.933019780243
48025,2007,101.0,97.44522676907332,68.45588423673179,90.20613152579874,133.13621581546568
48027,2007,87.0,106.59540975347011,82.0773029357213,113.99327983496356,122.31513710787
48029,2007,100.0,115.48110164029326,78.99811990731389,120.67348789102635,137.99360716183924
48037,2007,128.0,121.97459773128246,97.41689207519241,126.78848275420272,149.54281668125736
48041,2007,147.0,109.63290443042443,62.12917186090631,100.14669537322067,128.4836277019401
48045,2007,135.0,186.25951829217917,121.32313277316302,177.5584532108935,200.8320794170911
48051,2007,149.0,114.45606412376974,65.20293924285409,99.03858745543621,139.71921739932327
48055,2007,91.0,106.79946770093456,66.12880132869506,99.66318052590766,127.9442388658522
48057,2007,87.0,116.23784105262051,68.37501350433719,97.78773043670972,139.0259727412731
48061,2007,117.0,97.57270044418925,59.05350609274821,108.51824776034394,117.94105049222178
48065,2007,217.0,181.91743030030207,125.66878677656997,172.1945952749008,195.0100670013503
48069,2007,213.0,195.82778190344314,119.03442463883539,178.77330821077788,205.65887525200657
48085,2007,110.0,104.56126734330027,78.67425236948893,110.4851338061754,122.59109270547067
48089,2007,114.0,119.41828292543707,77.47072103462456,106.66881278444461,140.50477702153853
48097,2007,121.0,102.36026445861975,85.8245129870118,101.52365519827471,119.55016756200938
48099,2007,72.0,99.34488215752461,71.90260351196115,100.18894581806454,126.7138203632877
48111,2007,197.0,196.1475859668902,133.45119132639547,202.23460331343384,202.23460331343384
48117,2007,196.0,192.7115634220261,127.74266664887669,179.81468469917655,211.7225224760237
48123,2007,107.0,100.37597705420855,70.3563242832865,98.57591195012279,139.6416880075871
48129,2007,194.0,178.08321126325143,104.68272205902724,162.4520616752698,178.19284246107077
48139,2007,108.0,99.39224486978584,80.45548746478802,91.3747525022919,116.5137571729168
48145,2007,92.0,116.58613674059409,82.58845306329188,113.58087347405822,125.27588555196016
48147,2007,106.0,112.38523780546525,88.70077441504677,123.22296329617701,127.71505289527944
48149,2007,105.0,92.95045188881669,58.66132176806765,91.13925309400224,128.50848589730592
48153,2007,176.0,171.49489786312125,123.32791967894708,163.18173325983184,202.29521461850197
48157,2007,120.0,108.8653752520247,66.49632851502467,96.65321554866665,114.6415441820372
48163,2007,135.0,112.63771474462645,74.3567041835569,113.35203293341587,149.07675789180092
48175,2007,83.0,100.69960885772117,69.85556432332193,100.1070787821122,133.12618737890142
48177,2007,102.0,107.80828174296204,65.84736046073391,102.06772393817697,137.2601965558094
48179,2007,206.0,166.32744942543812,117.11844756337427,157.0245815713781,196.30117902602694
48181,2007,117.0,102.7792525456927,87.77516914861886,108.1975149957066,119.21982592325027
48187,2007,86.0,113.12766128597737,83.93157779465383,113.90644066297642,128.88971808314093
48189,2007,195.0,173.01027950842766,114.31911118672771,157.2692232079695,190.21958340504847
48195,2007,195.0,201.8525596746393,126.22751763151457,193.8247882853646,215.67449339386638
48201,2007,134.0,120.34805703336605,78.89936232113622,101.4803920170456,142.40921502142317
48205,2007,221.0,205.2000318418887,138.0065476580017,200.70548068937663,201.11586030516128
48215,2007,106.0,86.19441030093687,52.74192570696131,78.88151217098337,99.06345236647273
48217,2007,95.0,109.48484309748682,87.33479889436114,99.32092885045745,118.09532416381622
48225,2007,94.0,116.22124574191206,67.31817315052703,94.09814338158803,142.23830390308348
48231,2007,123.0,102.10073484000648,75.86533308064155,110.73033145645131,124.04586095507723
48233,2007,219.0,195.70489562069696,121.79604519856893,184.75109867564476,206.328829399854
48239,2007,114.0,115.31132242004051,69.1437446755695,95.11098204064143,138.78401689449169
48249,2007,85.0,73.07087515799137,55.79202324870147,73.65170103629983,105.36970554645835
48251,2007,126.0,97.72867837347745,83.48798498759739,97.60623742035942,120.29720751145786
48255,2007,76.0,104.173077350828,62.643646893184055,90.38056732077919,136.99571253868294
48257,2007,81.0,103.84380455700135,81.56863472546307,107.78313181622295,126.30826741547055
48277,2007,146.0,117.1067112569401,86.91870046829264,121.40399824520887,127.99914458367047
48279,2007,204.0,177.52521519810293,102.41095084564594,162.3022258929859,171.34372861597575
48285,2007,85.0,97.29758154292365,61.13480462682091,94.58738768256818,127.30769240847692
48291,2007,53.0,101.38982988495883,60.16372384741997,93.34429363384146,128.78864641849427
48293,2007,63.0,118.42217604238643,80.2364378623134,108.37918531275854,124.99638319035577
48295,2007,198.0,189.28212547219388,107.98569743297611,166.08682943458928,193.21540955738124
48297,2007,101.0,94.7253220483421,57.822952297957826,90.47816517117633,118.17944742285397
48309,2007,90.0,105.14418510446271,83.58656422539795,95.92996130736594,118.36240320034325
48321,2007,112.0,114.1671908395954,74.63707718247231,106.00117103457478,124.9051793702207
48325,2007,127.0,122.27036316550806,94.163594267375,137.37222240237531,144.6688485538919
48331,2007,93.0,125.97287175513564,92.1193776843475,118.34960538157269,137.61989471824177
48341,2007,223.0,196.0146227140406,119.8747402187402,194.1810292561441,201.4175295845443
48349,2007,111.0,108.67851961205069,80.29737096593684,94.7275406624739,123.99782451651802
48355,2007,88.0,96.37613554342676,66.10087695319801,97.25195250353303,118.35768713849751
48357,2007,206.0,196.61876801610669,129.27873762682242,183.41017793235272,215.67416836369097
48369,2007,200.0,194.73699407779438,128.67052004812837,186.1114963433754,195.00958820353378
48395,2007,142.0,126.65365106196904,85.6767378354018,114.33955507199614,147.8461329371337
48409,2007,118.0,97.1642013653704,63.991173954415316,93.64576348437382,109.8856531093187
48421,2007,221.0,198.7294347233198,136.51608658411072,205.37947660314552,211.25583209837686
48437,2007,200.0,170.32919799915646,108.3689241729594,156.6213788256315,195.81163970390213
48451,2007,192.0,136.18548811544906,124.93748376194297,149.13717851959018,202.64814794612374
48453,2007,79.0,118.63732362217743,80.3246298346157,112.64160344329534,133.81952240246738
48463,2007,139.0,129.78821058688598,98.01560277509019,139.2970878881679,148.12528374070155
48469,2007,105.0,118.55710852544092,72.39563738652812,98.46973446721172,137.5474124036685
48473,2007,114.0,108.20259786962701,72.31334679730138,99.67205723572762,140.75560222494983
48481,2007,132.0,102.60341036806189,64.90702343050474,94.7812658138127,116.90596752226526
48485,2007,50.0,118.30605757970689,85.29237503082285,106.4427690960753,146.14851568061664
48487,2007,59.0,180.84882899466004,117.66105910094386,172.5490351424056,200.79234091574426
48491,2007,103.0,116.51821627024181,84.79031370685729,119.59892584424195,133.65071649203963
48493,2007,100.0,109.46711703892916,65.5243462547947,100.43758583694787,146.49609383048232
55001,2007,119.0,131.88845946301475,105.78111676287831,124.79543228714347,154.8436642615631
55005,2007,114.0,125.22485177406736,100.94051633809738,119.78575668882266,144.5796881468096
55009,2007,116.0,135.31639025346047,100.99926976485973,137.5780087144677,164.38918476933964
55011,2007,128.0,158.98369482102328,139.13077804257773,165.57270276942845,175.0531033447154
55013,2007,84.0,129.03055041967147,102.75162538814807,120.60085544244774,153.54248218466347
55015,2007,138.0,138.39445900663063,105.98702810929724,141.68605307701935,166.30291731834842
55017,2007,80.0,133.39618826352154,106.10489658884529,128.1935035117682,151.40115801973332
55019,2007,104.0,130.50062571460415,108.99540908258773,126.39479607676205,147.34318422293194
55021,2007,147.0,153.8317026453222,122.82868721159578,146.84844249390787,168.81408599874976
55023,2007,151.0,154.20225468681343,130.08810375467544,159.1354190355694,170.54692370982588
55025,2007,153.0,154.18625478549762,134.36273763257623,160.27662851459172,171.9064066443973
55027,2007,151.0,158.60052557099027,136.57563649271248,159.1241104682575,176.5669462757832
55029,2007,78.0,119.79467749574205,94.1798727744162,121.6236729875776,144.56840403186493
55033,2007,114.0,140.01546466063704,113.29914821430309,133.12022238721218,160.4889620691597
55035,2007,118.0,137.64642274047472,112.04384120401993,133.72792138804164,152.10426839105367
55039,2007,156.0,145.68824929899571,122.31989920329973,149.46176174434567,168.18336968199986
55043,2007,175.0,159.5563262689357,126.35077670728417,164.7244592401508,175.0155744273037
55045,2007,150.0,146.8808349212578,133.92703782445102,154.4347129960321,173.43171552720162
55047,2007,144.0,149.4165784671156,122.34926133240744,141.5213297216564,163.51504649819793
55049,2007,157.0,146.18590880196135,128.53808569093252,151.79403011405552,168.97982267284897
55053,2007,144.0,147.20722091991288,122.30996097484156,152.74388361242484,158.52832162781772
55055,2007,158.0,147.2759150058937,125.30570924097022,142.8413794069964,165.11817873514957
55057,2007,118.0,145.40924382612758,119.2785326634293,147.83220475175023,172.0746677898041
55059,2007,168.0,144.87783110938054,124.7610909796614,152.06358627453034,164.73222461221644
55061,2007,127.0,140.5811979475731,113.42137437553892,139.30283739711595,162.00307084161363
55063,2007,146.0,164.61525792518054,135.5116286086772,169.88418311017023,180.64337887946255
55065,2007,173.0,159.13375452535277,132.20153966598474,165.24215756418528,176.73593656498548
55067,2007,89.0,124.01700338318759,98.06609084959887,106.54337251396916,144.66550944997806
55069,2007,111.0,118.11675945551866,95.70184717308237,111.7850073231445,141.63519033146133
55071,2007,140.0,136.91856087348785,108.1816678316661,134.36994840450953,163.57764773315995
55073,2007,92.0,123.29526448506482,105.0365149137822,122.93566939184181,145.5024582411777
55075,2007,64.0,133.38209522383397,100.05108293348702,128.65120058907647,148.60539340405353
55077,2007,109.0,124.95747576182981,106.05085565118901,114.87855986948179,152.00724326465843
55079,2007,122.0,137.6732424439968,110.51599621950704,130.45640978697125,164.37760422677042
55081,2007,122.0,151.89103899007813,130.4390802850413,156.2255192181964,172.93878424302153
55083,2007,97.0,138.89752102350778,106.2709311422189,132.7382947666139,153.77512943739345
55087,2007,136.0,144.61571062210874,113.57520092166135,147.25220173609475,167.5626228582546
55089,2007,152.0,140.40212285416513,106.8376692511167,136.81322039503087,163.92961755565864
55091,2007,135.0,149.01335504732262,125.85354733216933,151.06469675237196,166.43498731569446
55093,2007,130.0,148.08442505443668,128.48565833036827,153.963917221656,174.50988230376612
55095,2007,90.0,132.2751200414396,100.58275502265403,124.65575569168607,145.50369663087355
55097,2007,141.0,137.0844590327119,105.75569856884539,129.03791864308,155.20131129210222
55099,2007,92.0,119.46950437475577,96.33583373556787,114.4169117344189,139.58360268587666
55101,2007,163.0,142.60602088380793,121.43355647288513,144.5089474640847,168.87060705271887
55103,2007,138.0,151.51538601982466,132.12684946283616,158.18625163170228,168.09932746481036
55105,2007,156.0,157.35551623854835,138.73411073019656,161.59455639346402,176.23341527985065
55107,2007,108.0,123.73541772878559,106.70837489594268,127.49623577153882,140.3826679508042
55109,2007,80.0,142.6677833692591,108.82050048455024,128.7752862561632,154.62215177649625
55111,2007,138.0,147.4450099510876,129.94816671173277,151.9530903109699,171.12448761305183
55113,2007,49.0,119.48728066639342,95.85452116103974,116.01118541083616,140.40802994776936
55115,2007,102.0,145.53837496782478,111.8928066561897,140.80663317787273,156.63197326438592
55117,2007,142.0,135.73578926403962,104.29458315524029,134.14373090198822,163.21963926228614
55119,2007,82.0,122.95995141284597,104.16035937877965,124.49226808936005,141.0949857866632
55121,2007,136.0,149.07251523713805,128.48617751454492,156.54837562544157,168.6933775587989
55123,2007,127.0,157.36540372556433,133.5534018633869,162.10583839613966,172.94164561237778
55127,2007,164.0,163.12106098878758,137.80330907988554,160.76618645781963,166.1022455234625
55129,2007,75.0,124.54188944725034,100.77803753924202,117.63357219912427,144.7664619400574
55131,2007,139.0,140.40387304518939,121.63390302405791,139.3667805489016,161.07302707556818
55133,2007,143.0,138.27261419816278,119.5880605908793,131.4142664113629,160.6208748055505
55135,2007,122.0,141.65915621119635,117.71328564420337,136.44812271619998,155.7813504301667
55137,2007,136.0,140.4001172383612,108.38446095695316,129.25628146302336,156.12567752645737
55139,2007,124.0,144.6372283271564,109.73358658300768,145.03717816824377,168.53558459010338
55141,2007,125.0,130.67671745724851,107.72003400787256,126.73411127028066,149.9067796759798
17001,2008,171.0,171.77703814798107,147.14242842660116,167.51638753806643,180.5803897352229
17003,2008,144.0,152.38094290348045,133.85758289722335,152.2077712142115,171.9511506505049
17005,2008,164.0,153.7268200376968,131.55841184127763,153.51681857079708,171.33327819609949
17007,2008,169.0,173.77320060375774,155.06539306112026,175.09599210204598,190.01494009398465
17009,2008,152.0,173.68023973353536,142.27028985786527,168.23827780665144,184.25240748329568
17011,2008,199.0,176.64233550332148,163.53509682262728,181.15536332914158,191.47273957471498
17013,2008,161.0,166.08087070537596,150.93343000702413,159.3371474719081,168.81164976871
17015,2008,185.0,174.7543055779159,158.86119326922008,177.49651685162345,194.84534633871164
17017,2008,195.0,179.4510569434611,159.0895305400403,179.7934095541891,191.43231810641907
17019,2008,176.0,172.05747487700881,152.5822710095154,172.36764729148612,186.25976528647297
17021,2008,193.0,186.1617314420746,160.39794359342673,182.82136173278587,195.24051245526744
17023,2008,168.0,165.1073567863879,137.4733644871492,165.06290860815992,165.06290860815992
17025,2008,133.0,140.6686513173509,124.48655343684845,139.7815124088578,150.1374713461881
17027,2008,163.0,156.7754158405963,133.98920079250928,155.29891742779344,168.2073663355321
17029,2008,170.0,168.0127670639585,149.4127198876129,167.4079867167764,183.66614258827536
17033,2008,164.0,155.4454270388233,136.1260099280892,153.9970548728563,158.92264717147557
17035,2008,170.0,153.71167673215842,134.03337634612453,156.59915533808746,171.04342651740018
17037,2008,189.0,173.5855089086664,156.28837348123267,175.53088997365901,187.46974834688342
17039,2008,179.0,178.65920279601963,161.2953065262091,179.84180415066072,188.93979961699094
17041,2008,166.0,170.4921883419958,148.02128775118553,171.34449463302616,185.56627629770807
17045,2008,168.0,167.61539168688782,147.22716879568696,165.81772177364272,182.51670904029956
17047,2008,153.0,148.09574477929957,132.37014928200608,151.90746479182937,158.31269567289368
17049,2008,171.0,152.88663744682464,133.28625203016546,154.1495482174686,171.31238297421493
17051,2008,160.0,156.52879472782607,134.95574939015205,156.05859154039453,171.01295208059543
17053,2008,175.0,167.7429729957154,142.47379240015908,162.66540382602597,182.1313093238674
17055,2008,142.0,144.56486558499014,130.38712170089255,138.50880074929103,153.8144372344177
17057,2008,193.0,176.3546099156832,159.9091376303045,174.44198938499693,193.71279306005005
17059,2008,158.0,159.4222652356265,138.5383720187313,158.45192593267097,169.4895341677639
17061,2008,158.0,176.22821970845362,148.9913308064024,171.3801708570359,188.87727325444152
17063,2008,188.0,172.5980426760877,149.9752393074113,172.70510965619073,186.70363125880763
17065,2008,160.0,146.40559330643228,127.93585982773445,147.60927113523687,156.3349720076445
17067,2008,190.0,175.87208094904986,160.78238457061389,177.99057278127083,192.76636056140265
17071,2008,199.0,176.9752182456204,158.10275188327742,176.35896096544903,195.62805129522027
17073,2008,184.0,173.74889005092226,162.60905633215535,178.96140763375323,197.65868236300938
17075,2008,175.0,167.1348451336827,149.9507724866069,167.38036147957197,183.5783463640943
17077,2008,148.0,151.25270231124406,135.33264848835267,158.6747044166823,166.98172795445242
17079,2008,160.0,154.5387064730518,134.8832656028159,154.78569800444134,158.78899360988297
17081,2008,131.0,137.1541763230684,125.19602212014593,137.67787903730942,156.9994749282362
17083,2008,163.0,174.77244537521688,150.71380141347265,169.22749634506954,172.412937370044
17085,2008,163.0,163.66992518435626,142.4977932129358,164.40323724293495,180.24200376941778
17087,2008,153.0,128.44766218444784,114.75526458719636,134.4015566821933,146.91281274387202
17089,2008,188.0,169.40517022999092,152.32344015278142,174.18041487998423,180.47781247876756
17091,2008,177.0,168.0328281041869,149.65246104199778,161.74955430974623,181.87125750071854
17093,2008,176.0,171.0912768332605,149.45909235370488,173.18622403688994,187.1312986863388
17095,2008,200.0,177.7532394592126,161.8797371692682,178.84609810812145,198.68684674079998
17097,2008,138.0,137.4129431404873,125.86184258483684,145.02065877716836,167.4980926365838
17099,2008,192.0,176.86249878620453,153.59893276103773,177.09967916299001,190.01709295219703
17101,2008,148.0,157.0949389310991,132.26799738783052,157.83060572515365,165.47631031966915
17103,2008,182.0,168.25765685401788,153.60447994607028,172.94835110439786,187.75385238516756
17105,2008,187.0,168.91421012368477,148.72518664922907,165.9192527065138,183.1665735471441
17107,2008,188.0,184.33256198338475,166.8500104051516,184.53649861783572,193.26415875604366
17109,2008,206.0,183.35405115270996,163.74060403744954,180.29712392547793,196.64678925273887
17111,2008,158.0,163.82938534515057,146.69232431700752,160.7378182332735,178.26992109524474
17113,2008,190.0,178.4439656980634,156.76099926534343,179.83317188532936,192.26181859265128
17115,2008,188.0,179.2284444358955,152.55118284613377,180.96706717619338,187.1219940270464
17117,2008,157.0,177.67901123804754,149.2628819788926,172.98271240953642,190.3187498714226
17119,2008,155.0,168.75505685457082,146.90892799027526,162.32882412757863,171.65869599573548
17121,2008,148.0,144.4304946388587,122.45546313449611,144.94364989366602,163.32382592478993
17123,2008,197.0,184.1012700998288,167.177221147501,182.5526269438359,196.81558799245525
17125,2008,182.0,165.55826713856695,144.3252392886221,168.21874266221315,177.00967718235273
17127,2008,148.0,134.1013892251303,126.38162352647944,142.0471426584549,151.7079976627766
17129,2008,198.0,182.82705874875745,160.49365656993152,182.5281026592018,192.488296276755
17131,2008,192.0,169.61014903617263,154.05007587337838,172.2592657177964,193.73443776267987
17133,2008,159.0,171.50743696910826,148.72816610020587,164.06319877046388,171.57456534307477
17135,2008,181.0,171.92467973860752,153.54816481332207,170.97327753124284,192.3767542160614
17137,2008,190.0,183.72120829072517,162.39230046190173,183.45152272508136,195.4242572975407
17139,2008,174.0,172.09240359582654,149.44497786614187,171.66997477420108,184.88384318515796
17141,2008,184.0,174.3087260524891,159.7069767073128,173.77710152839498,193.0514649658882
17143,2008,201.0,181.0885697442215,161.56913580770427,182.47117732887727,198.120897522498
17145,2008,146.0,151.2239261987907,131.98433459996164,150.2848980779684,162.90120947424936
17147,2008,172.0,177.2526808537517,152.74640486181758,178.11459134922455,186.66026304343302
17149,2008,155.0,168.12737490084362,139.6602405062616,164.45763324955695,179.23424373918522
17153,2008,149.0,141.92717812122748,131.18167257301454,148.6813968139084,157.89832746075444
17155,2008,195.0,184.9178605665403,165.11624568699273,184.87687501322344,194.71604227709125
17157,2008,152.0,162.57486624109293,140.42931855554892,157.12264627595022,169.1519025828505
17159,2008,143.0,143.03228406993216,127.47675822297055,136.2871586947187,151.8737475961501
17161,2008,183.0,170.4221714531905,159.8928795444583,174.13317455310394,193.7082605234752
17163,2008,155.0,173.69673921235275,152.7058330151174,165.1589580923396,172.79852150486488
17165,2008,153.0,143.6287499320091,127.05675460220311,149.4670392252717,156.2625578429697
17167,2008,184.0,187.2339948140169,163.51812415809718,186.40633153849433,195.88461092708235
17169,2008,184.0,174.7712485791597,152.49536524405767,175.2249593617416,190.5479592957789
17171,2008,155.0,176.15976598907716,151.07697950697764,172.08533884916375,183.75030857398767
17173,2008,179.0,171.14851743164695,148.14517045672974,170.72974489897933,191.38628254655674
17175,2008,203.0,184.32894533047815,165.66106253507877,185.15185288489909,199.98242570193318
17177,2008,175.0,170.71070265137766,154.93944280646772,168.268806377092,182.76954378814588
17179,2008,200.0,181.14447064081048,160.9929180276474,181.7654713127315,191.64046216154765
17181,2008,154.0,147.17344001068244,133.02976961136943,152.1407406562222,161.60856963296501
17183,2008,172.0,165.49042816189817,145.53977634684705,166.77899879656556,181.33775833694932
17185,2008,147.0,163.55170326882282,141.28186081930824,160.61045087559594,171.6815204660637
17187,2008,207.0,182.80831356665345,163.3202579969724,180.60933358832824,198.94077117171378
17189,2008,165.0,160.01575020739222,143.93159185088356,157.53594317090682,170.05832604250708
17191,2008,149.0,145.66468479180566,124.4410820812356,143.9407012724589,157.58828501745228
17193,2008,160.0,160.0025704530832,138.80491247697302,160.24843861915227,167.17838075385262
17195,2008,181.0,169.1612800054254,154.56464947946037,171.31928414535022,189.09103205158243
17197,2008,177.0,166.2127456245667,147.64029614747693,162.89148695145002,179.71632806907326
17199,2008,140.0,126.29461183222855,112.32487413520407,135.4004553673551,149.28734722943904
17201,2008,168.0,167.8812942995476,150.76243588579422,170.98266164286414,189.5954120166378
17203,2008,206.0,182.40369556178484,165.1551472216466,182.27370321111067,194.34709637437572
18001,2008,150.0,160.82800238495415,143.16304086303617,153.4556798328299,183.94034522269683
18003,2008,151.0,160.70242462648133,143.15009794466744,153.35445466280297,174.22811566517717
18005,2008,141.0,165.3329957000895,147.84864250329738,164.49248525151262,187.32914443324117
18007,2008,187.0,163.50074572866424,147.61315126412433,165.5407364305393,185.87364442020703
18009,2008,156.0,152.53161762409067,138.79152577519162,149.35314511097164,174.48591437746097
18011,2008,173.0,163.32085166673016,147.26443005535546,163.8758905999697,184.4270909836857
18015,2008,194.0,170.3164886595514,153.03428552819906,168.3442939014721,191.89128701383174
18017,2008,183.0,154.0737608448011,140.71714676459126,154.30538256463203,179.55514826638856
18019,2008,138.0,142.90297073358946,129.69070793012403,143.5784534303691,157.8582136146656
18021,2008,137.0,160.6174586462413,132.49356213804515,161.79761116488996,175.6746549651548
18023,2008,187.0,169.70460113446785,151.80845754571783,171.00085026959155,187.2044655690326
18027,2008,173.0,166.199690471031,141.71483600988975,161.9694841425653,172.5048219914431
18029,2008,113.0,143.275357541725,125.28163825298361,144.4335809364628,169.92827113133268
18031,2008,158.0,162.64365466187004,145.49722575789653,162.25932014273167,186.8974891436004
18033,2008,121.0,156.82899332418876,134.99947051194724,153.08200738872767,170.47119055414115
18035,2008,156.0,163.98901099474716,151.07564632910808,166.999452330699,185.30448732227072
18037,2008,157.0,144.20420479773983,119.01190777306606,143.7444626075181,157.08856778057591
18039,2008,141.0,154.23149513696262,144.346777138997,155.16795676186092,175.62895586341972
18041,2008,152.0,163.31884388511446,141.67165214840952,165.05814835564746,184.12497243663876
18043,2008,131.0,136.7446200074501,120.89726688078291,140.14988769871405,154.93159000851904
18045,2008,180.0,170.90769262494084,154.762878328794,168.65824529007944,190.26982110831258
18047,2008,135.0,160.69808708290205,138.04906887609795,161.18632645188532,181.8392685167811
18049,2008,169.0,142.11768606178998,134.49156266912982,144.79914130672398,170.88431972833024
18051,2008,168.0,167.5272277541547,147.59765232551229,166.28775822136697,176.29608779001444
18053,2008,166.0,164.12710012765424,146.8680829819692,163.4967271226133,184.5151585881987
18055,2008,136.0,159.55233490082892,139.69205166688656,159.89799189625148,178.96265764745826
18057,2008,164.0,161.88756696094856,146.7639737454001,158.73988608740632,180.25598990416026
18059,2008,151.0,163.66337160840362,145.96402870428375,159.71122391166415,179.98175375854532
18061,2008,122.0,133.7270722311837,118.80580858432256,141.97023927752744,152.006296424259
18063,2008,147.0,163.69894854481058,144.40438000694783,161.98177197663006,178.77205429397986
18065,2008,161.0,158.1944780311099,146.1473707889228,157.84671976316946,182.429552112828
18067,2008,188.0,167.02802399312677,146.8000387818595,165.22099837879452,184.66854866829019
18069,2008,154.0,159.44469294930133,136.62394720284146,152.74462634884003,179.70772502381783
18071,2008,125.0,160.9136024812121,137.92989040090833,162.2307853335881,178.17547573666783
18073,2008,182.0,154.35160376001988,134.4310407854295,150.2929857593505,176.2764265410046
18075,2008,140.0,150.6186198298842,135.32138424061083,148.0049359735134,173.56330349469297
18077,2008,108.0,146.16204220898442,136.78747003667573,146.33648847803042,168.53430074246964
18079,2008,127.0,154.29534443397085,139.50662552282392,152.2581906668717,172.79442538420366
18081,2008,142.0,158.7298302472728,144.5793423981946,158.56574052402965,177.40163049847575
18083,2008,165.0,172.7692573032203,153.10481410641748,166.8347651090199,176.52320083613841
18085,2008,143.0,142.73252493103828,133.04239419620475,143.28983213606693,169.39721525699
18087,2008,116.0,148.33163096124304,135.62161148237215,147.15022764866043,170.14070546553918
18089,2008,165.0,157.2307126672506,138.45664381792457,153.44618950297047,167.3275535722143
18091,2008,148.0,143.66101023076664,120.5862663099034,142.58475512880676,173.31444452827031
18093,2008,141.0,141.68872089671555,121.3319079868486,148.06069810656214,166.8408584745263
18095,2008,173.0,162.932919751599,148.9196429558304,162.5053915435945,182.27923096023306
18097,2008,121.0,161.60248393937653,142.50092191716683,159.86702081938387,182.47844270599074
18099,2008,155.0,148.12362552361563,140.99632204643578,151.82170944163371,174.0934839824018
18101,2008,155.0,158.2947608102527,130.45732473984253,156.70667802116853,172.4594370006225
18103,2008,162.0,155.98164653615828,139.09396821046116,151.80391576367424,177.1568870286666
18105,2008,143.0,144.1531889179217,131.64192812620146,146.55028261189784,165.79346481952714
18107,2008,172.0,164.39626894088605,147.7008477871322,166.23520791203921,189.30461722120492
18109,2008,134.0,162.27247959441644,143.26109363126523,163.83379527585765,180.08910614771685
18111,2008,185.0,164.57276772574292,142.26368728332355,157.83043736555814,182.70380652184173
18113,2008,132.0,149.1497458420399,137.47281514463415,146.6774007664326,167.50618429253666
18115,2008,131.0,149.57216583386753,125.01382925776261,146.93596287905868,177.00406878195182
18117,2008,160.0,147.89768691985836,121.92950049338046,148.58383268804417,166.28253065790182
18119,2008,135.0,152.93366179956348,128.2689974948227,154.81264885799024,169.3197292674833
18121,2008,149.0,169.61043631041454,153.25057806978668,168.8069659093572,190.38866805409774
18123,2008,145.0,141.58631793844563,125.07079630167928,142.44101419441574,153.57011032439686
18125,2008,153.0,151.55415101566643,134.19164038569278,156.64882652795973,160.20765996350687
18127,2008,167.0,148.1093763647257,133.32138446441067,147.92054046835057,170.43267243855806
18129,2008,157.0,164.99410301552382,141.83296096535682,168.33547752490716,171.92141699869183
18131,2008,168.0,144.61943776593296,129.82447662434035,146.86392767790107,172.59213545147392
18133,2008,151.0,162.38159522029437,143.71594754345213,163.84601646768306,180.93579235904124
18135,2008,147.0,158.88886378769695,140.25356506182564,160.39858955052978,179.40860060603896
18137,2008,131.0,145.8935786362114,130.5433546001877,148.27223723524352,166.44661171344998
18139,2008,171.0,161.34777062094807,143.4955067655642,160.6998869924725,183.6388814748744
18141,2008,144.0,147.3756259865677,140.6575785811553,148.29979554291643,174.87805605466113
18143,2008,132.0,146.18527067394672,136.90439686896897,150.1789008399727,167.8196349153604
18145,2008,153.0,161.85296471313558,144.0486317655755,159.43665825891347,178.27758226555866
18147,2008,145.0,146.39465796875538,126.50292177776458,148.59296423660336,158.65637225844048
18149,2008,140.0,128.59765119826486,120.50911955396174,136.83020043202077,166.24436620360024
18151,2008,114.0,147.9165711137666,137.70116004128528,150.7313662660638,167.56905325110415
18153,2008,164.0,162.80155346469894,140.94172613549875,161.60863138613456,170.466849470623
18155,2008,105.0,144.32923428689787,127.07749198586018,140.45056072975737,171.33084140821052
18157,2008,180.0,171.1150815973664,154.319761969683,169.39249462298648,190.31111342940673
18159,2008,184.0,172.05713682465316,153.16570448010575,172.6433581996752,191.60462491732156
18161,2008,164.0,162.72789683100206,143.62600806308512,161.84761644459573,184.6588100958556
18163,2008,154.0,158.73769154082802,141.93148281216352,163.93016884746882,168.35359805344407
18165,2008,156.0,166.19223639783883,151.31302195440273,167.9457593138943,183.4586935241462
18167,2008,138.0,171.66325707594152,147.51904045929774,168.01757247779597,183.56504215839269
18169,2008,149.0,159.24522884782826,139.10913427595966,157.10357148641828,181.06928049828971
18171,2008,181.0,168.10365562737167,149.76305429224777,166.8092217549059,185.07226064613792
18173,2008,142.0,152.2512748275416,130.03512183026666,155.4559609966787,165.9518264808656
18175,2008,132.0,142.0516866159431,123.45394883508115,144.79697899238803,165.96747861413792
18177,2008,151.0,155.4632723805286,141.75248840658784,156.47619319815044,181.0724647740939
18179,2008,158.0,159.81321634382974,143.81797729620243,157.47053058791855,181.54041257577865
18181,2008,191.0,154.0700625954743,138.2412551306587,154.2619012222102,184.0487876419386
18183,2008,133.0,150.83976330961855,131.86268599820355,150.75489322244778,174.19648866278285
19001,2008,169.0,169.95632730612812,149.67804472703335,169.21730696731885,183.21730406723375
19003,2008,156.0,166.2038893646093,144.75916874538066,163.6448237675796,180.86145486489315
19005,2008,170.0,163.26678243945838,140.83928154508635,161.54621192215018,179.76989842578377
19007,2008,118.0,140.68790152271646,117.23110584735691,139.9359472390424,168.19949838430168
19009,2008,181.0,174.3096724180949,154.8765633149335,176.54305254352178,193.23369822073565
19011,2008,179.0,165.50284399747318,148.41649382087903,168.7429727185269,187.01240670906202
19013,2008,165.0,171.9801023009769,153.84323992399302,178.4444194695951,195.68159119057222
19015,2008,166.0,171.5043657098563,153.42698166562573,175.93698690581337,192.99666310841764
19017,2008,161.0,167.515878583357,148.27845378590172,170.4829927212384,192.80175096559736
19019,2008,167.0,166.58392617449616,148.14234888567668,167.7995008123605,189.7921598079796
19021,2008,179.0,175.63942398167796,158.68214634708082,180.85861996293053,197.28061122390213
19023,2008,175.0,167.798145824028,149.95236324560713,174.4021747898992,193.33166160560134
19025,2008,178.0,180.62392241317193,159.6246777079437,182.57865235329004,198.20674155839083
19027,2008,179.0,177.68940027799638,157.34687920403343,181.7632255422163,196.733894086544
19029,2008,174.0,171.75856440874807,153.33086720302998,170.55809228825487,187.84913186158235
19031,2008,180.0,176.7519791714161,158.860815526325,177.49413748260622,198.48051344303448
19033,2008,166.0,166.82058553516015,147.7885443009724,168.9777178990237,193.74533167811984
19035,2008,196.0,172.52051466837727,155.95040565172087,178.4640588648643,197.15327693682602
19037,2008,159.0,167.38302609108183,152.78709084296182,168.53464512025906,191.0869017391882
19039,2008,109.0,143.31587640966356,129.63227316707173,144.78331700250536,167.6084720919002
19041,2008,175.0,170.89987478449618,155.48446356825943,173.31908102380228,195.63798895371357
19043,2008,171.0,157.76135234284712,141.8546927515304,166.76806166994427,187.20174631618667
19045,2008,181.0,175.04905615545002,159.39066261322984,175.4264553541768,196.8691415050701
19047,2008,191.0,173.7008163765592,147.70812261376662,169.2325335154354,189.62103158060103
19049,2008,171.0,176.00924731943587,161.77048255502868,180.0724124671169,191.59656320599558
19051,2008,142.0,156.93545643316685,132.3559996117426,149.57712021278772,174.63640980298138
19053,2008,112.0,152.91805602163006,136.94578960559835,152.43453100053605,172.59689622721046
19055,2008,159.0,158.02881565182997,134.25408506514478,166.37301719717064,184.16072991871494
19057,2008,186.0,172.63703538768522,148.87287099647423,167.7268779181599,190.40612126157168
19059,2008,168.0,173.2447919028451,155.16160194000926,172.27652403025186,195.4299765536857
19061,2008,158.0,169.14977324865214,148.25311696963354,170.47350866579743,188.53140295935333
19063,2008,168.0,166.99956385211917,146.04850657039594,169.87069508469799,190.96545585596888
19065,2008,167.0,165.64005361681984,146.6783012573684,165.10182103515163,192.61113729127462
19067,2008,171.0,165.92807908912457,149.9648291315556,171.2798227277626,193.62605796855144
19069,2008,167.0,168.1100261545912,146.4531109470705,175.14814816150223,194.655544510841
19071,2008,147.0,175.35351498413354,155.29656053823538,175.5626803734,193.8457350509063
19073,2008,159.0,178.87808481378286,162.54617785187708,183.43863074797113,196.43653971136715
19075,2008,181.0,166.21786843238357,144.71768411926683,169.71862643477007,188.88347723177924
19077,2008,171.0,174.59456738045952,157.49553600790202,176.59703489329118,192.323447739948
19079,2008,157.0,167.81089311086612,151.38816721430973,174.35359730379693,193.78256806858147
19081,2008,171.0,170.48754617054374,149.25028700729194,168.08301929394017,191.32371932884277
19083,2008,159.0,164.88597243669406,144.3720988334425,172.45268037576582,187.65993815666525
19085,2008,176.0,174.1900085422925,153.688307688517,176.190040127481,195.96473743739256
19087,2008,178.0,173.01333628612852,145.1309166936332,165.54351224015187,191.93780199357028
19089,2008,164.0,156.20088333471745,143.84726734651213,158.77350893936986,186.56101286839896
19091,2008,172.0,174.74113679010057,150.18846580347375,178.47962736918842,196.75558033241185
19093,2008,196.0,173.76036249518748,155.658462360064,178.55961944474407,196.6132421491028
19095,2008,173.0,169.37314983161536,145.4590511429837,165.04725625317175,184.79154892541698
19097,2008,169.0,166.07771622125395,147.99050599817403,171.44629643787533,186.89412659495432
19099,2008,182.0,173.1717607760364,155.64342154087055,175.56944188326077,191.0155702039852
19101,2008,167.0,171.03815595553803,143.9748921656956,160.09886759999517,186.76042923510533
19103,2008,161.0,171.56956024255157,150.94952262418593,170.77624039811235,192.72332147428153
19105,2008,167.0,167.1150054098531,148.82388707625074,170.03660942891278,190.287741545948
19107,2008,157.0,169.8968170983765,149.28685354244823,163.6660381931969,189.89678874078538
19109,2008,171.0,172.94561804589884,149.71561303645208,173.49044635042029,194.6619709021165
19111,2008,173.0,168.603719404697,148.51997345204077,164.97479012726595,189.4318414669766
19113,2008,172.0,167.9701373019176,150.15014505439845,170.50812823318913,186.9220076189442
19115,2008,174.0,167.75698767230176,152.05553875926717,167.36553929378755,187.65681339156774
19117,2008,114.0,145.5436197641442,132.12983027611475,141.63476706235363,168.81453866900077
19119,2008,190.0,173.34045759263432,151.2017360458704,170.5777356789437,197.7212743000534
19121,2008,165.0,164.89949297138898,145.96196269133415,163.7474649723088,180.704936431399
19123,2008,176.0,172.67669734663676,155.92554242705606,169.43786134982844,190.92309715437398
19125,2008,143.0,166.99800106486614,151.7467523223518,166.12782181450697,186.42026659308863
19127,2008,180.0,167.4718737626229,148.22251902587237,174.59413246688084,191.44618195187178
19129,2008,156.0,176.27737817413532,154.94558475358764,175.83416175109565,193.92894258380846
19131,2008,174.0,169.99479512454658,150.79815027027396,167.63855141930443,189.84815493011448
19133,2008,171.0,164.12271233669168,135.64374698997077,163.69845929181318,184.31439577146952
19135,2008,136.0,156.6259699597778,137.92744211469022,149.0699391462883,180.64815492235564
19137,2008,160.0,173.7129269768692,152.33602334158957,174.7240299528423,192.1999599338684
19139,2008,166.0,173.444583284022,156.43692113767148,173.12505361072695,190.44245412796414
19141,2008,195.0,167.28715140177633,153.74470018788554,175.10900078098214,195.48482486579212
19143,2008,175.0,165.98838666454807,149.9816382870228,170.056984389527,195.15336564425635
19145,2008,133.0,173.05112630041236,152.23184248451224,176.58198678649046,193.95924584943813
19147,2008,176.0,172.45937050380115,156.48777896335727,174.17968092249006,195.05405278310965
19149,2008,191.0,170.496212016021,151.6567448101561,174.15035113249016,197.2671481792548
19151,2008,178.0,177.57093178074925,159.04125321850236,180.96911335692587,196.80878754950675
19153,2008,154.0,171.16824838350448,154.7706794493823,172.69555059727773,190.93250127644117
19155,2008,178.0,176.32771747448638,157.9636074700128,176.74424194403,194.4934552934108
19157,2008,170.0,167.46803458699563,141.08368289302126,164.72791089192737,186.5384800760572
19159,2008,115.0,148.25411907968575,121.56290104706835,149.97605585152925,172.50835632840463
19161,2008,184.0,176.2329718328481,158.13583198700454,180.34532573384715,197.5120637954
19163,2008,184.0,177.95003436706332,162.3524121804456,177.85002864108878,200.5912452863092
19165,2008,190.0,176.55820954745573,153.8377644232975,173.7826573579707,193.22273183932083
19167,2008,195.0,175.54398666219615,154.7546501151788,175.19263331245813,197.6586536224555
19169,2008,160.0,166.13770832042132,152.8995470778863,174.00703544636062,187.88197601821378
19171,2008,179.0,168.49324023065458,145.90570683556697,173.21762272867832,188.5987483216297
19173,2008,135.0,161.76147287628854,137.2387969285768,157.92131144603303,178.88825219534246
19175,2008,148.0,155.93962306364483,139.73074407726816,153.76472580703773,176.01253304639627
19177,2008,146.0,163.6569525863921,130.48572731389598,150.84325063670596,174.97657529286113
19179,2008,138.0,165.59979435014168,151.55705451854965,164.35882203980995,189.37014469009466
19181,2008,135.0,158.97084977514731,140.8908393077851,155.03666403302708,174.56252002572455
19183,2008,180.0,176.3444873532526,154.4931883533938,171.86914235085172,193.31322066540216
19185,2008,103.0,139.84704612032405,117.45154510473927,138.83274751087131,170.63766033229842
19187,2008,167.0,173.23393068890613,156.83410966396093,182.25581925121153,197.02394304585883
19189,2008,177.0,165.46836723307445,149.43630516135647,167.21993735131642,188.3548037906198
19191,2008,171.0,167.10194105788634,144.56721707647733,165.79447766968204,189.31464024564715
19193,2008,185.0,171.78616752592276,153.4350404149706,175.1424601125312,197.20385741117417
19195,2008,171.0,168.62139493502278,148.58564006754858,167.17667155237078,187.59673000690262
19197,2008,164.0,175.61634576768014,152.82488913051031,178.80512595113444,195.9253082324677
20005,2008,132.0,157.61611179959894,126.71942796211363,142.37263717955548,160.53805552346168
20009,2008,162.0,154.95680888052414,112.07096232960272,152.10334622025525,179.70384030336032
20011,2008,88.0,112.49973605191174,87.94263970250438,111.21005520624148,127.01308179468832
20013,2008,139.0,159.70060558541823,134.42446634024938,152.29951613745757,164.7499252449285
20015,2008,116.0,110.04137822148162,90.70554039214525,115.87112560544722,128.41943874324517
20021,2008,79.0,116.87333203106273,102.6334933961947,116.97472735747903,135.93879103632221
20027,2008,157.0,157.472383895498,131.95880908859854,162.6483882002672,173.62386150727093
20033,2008,135.0,157.07009999680838,92.20576995797333,148.93627760238786,172.69097892914263
20035,2008,86.0,106.04420202128121,96.79978576642738,109.73437059581431,140.35727412781318
20043,2008,182.0,168.3165062764669,141.6333534835934,160.50803116995692,179.4110827118258
20045,2008,114.0,149.41291257378032,109.22817727390292,139.16757521919828,158.72723173270924
20047,2008,158.0,161.8194294149205,108.01132752447532,152.69769694910514,181.16551893359764
20051,2008,89.0,118.20049526457373,89.59162914509604,127.7930471674877,171.49288904325516
20055,2008,163.0,165.22102172240542,109.80462543740764,151.70063796885142,185.74270763957747
20061,2008,139.0,156.77859214400686,128.6241224755939,149.59426970883976,162.64757172967845
20063,2008,86.0,94.34603285604078,82.25056837620463,106.9738357797041,157.31248427272524
20077,2008,71.0,127.5585015357579,97.44487471550042,132.97986635180783,167.72414967450086
20079,2008,137.0,150.36663794242273,108.49362882871581,136.34018011401352,157.66572080507834
20083,2008,163.0,134.3021219375181,86.22908922842858,128.7952554625431,165.33211916245585
20087,2008,140.0,153.9570387123966,114.85719628863016,141.7179574314218,160.04853950862983
20093,2008,179.0,162.53012372681695,102.2710143812401,155.5840684077715,186.03451715470942
20095,2008,150.0,153.88883454389662,120.75004332733874,148.64354712548285,177.57080843751785
20099,2008,84.0,100.27230976359827,85.93478541574885,101.18645595846587,121.56027669706258
20105,2008,99.0,123.299730026523,101.82187262736247,127.89313898807924,169.9332317150342
20111,2008,121.0,132.36532162679546,94.96435952939716,126.19602976925917,139.8038117451779
20113,2008,161.0,148.88775136918883,111.4820526344598,144.74893566034083,168.39083880102945
20115,2008,90.0,106.62583806590655,91.19332995362836,104.99024017659539,129.5034722983806
20117,2008,136.0,150.07405593477753,124.27713875036687,141.3010029749055,157.4706336477912
20121,2008,103.0,133.21559863984513,100.49066565236504,122.93939502441911,143.47965780702572
20123,2008,129.0,154.71242425861143,113.29103919980352,149.62469207734065,173.407795273665
20129,2008,166.0,142.40673419370177,101.36655006862132,149.24616264694112,187.57719931465718
20131,2008,123.0,154.3565465098513,124.45004801152535,141.057085557136,159.17687412206635
20135,2008,78.0,103.39130405324944,82.2373643706376,107.53812377248387,164.05103593759569
20139,2008,103.0,134.95410721262485,96.79551085840947,126.86888443067124,143.53945385464934
20141,2008,124.0,152.4364231815278,108.3337914493505,147.06806482217254,171.0032180720158
20143,2008,146.0,138.44011664134547,113.10265736514437,137.04417439099487,170.1043561677947
20145,2008,166.0,155.00613458686408,103.75491019080049,154.37021545719068,180.44697109488865
20149,2008,151.0,168.80554080665448,132.03004978669884,157.7839402910303,166.38376732192768
20151,2008,144.0,158.3837577075698,109.96147031321084,147.39134884675178,179.05584944791622
20157,2008,163.0,161.46073745736376,140.13148108496685,161.4848556055969,182.64307735253212
20159,2008,134.0,153.6584121716634,117.5862200478425,146.62080442936343,169.93509389013226
20163,2008,102.0,114.11041751744885,95.31915197564383,121.04127309985698,169.77557058880777
20169,2008,124.0,126.51663073941056,104.8690921308791,134.22406099470558,169.86768058168633
20173,2008,130.0,146.02812497948716,106.26706372146506,141.77891064189018,162.50191967184622
20179,2008,125.0,147.84359559743052,102.07411279686943,140.21891798201017,176.90025012119318
20181,2008,129.0,125.76871300048447,80.27763915820938,120.7563793537408,162.32652696016225
20185,2008,134.0,156.04188222210075,117.80660165320941,151.0124557561093,175.48590171262606
20191,2008,85.0,120.53388496192163,99.43576345884361,125.0845336293347,152.34481009924573
20193,2008,112.0,129.04559677202374,95.84681746016663,119.66491361990187,161.1582394589667
20201,2008,121.0,143.0343008055023,122.44750794099969,142.90129799588865,164.27499823344144
20203,2008,142.0,128.69565575692891,94.05190820407532,123.97368800045969,181.31096879862423
20207,2008,118.0,122.6426244075498,92.18617809672534,121.11060174234694,139.43026535566204
27003,2008,117.0,100.37702831941681,76.63364826617905,98.5326575453536,133.14189588040557
27009,2008,136.0,109.68546605111871,85.7232529408081,111.05135587830885,143.27288880298065
27011,2008,156.0,127.2439176894312,100.83742081708607,137.0165001804044,157.56022958000105
27013,2008,175.0,146.98618271794126,125.21550461734338,150.4261801902708,174.68890039054122
27015,2008,180.0,152.50966190113522,131.75921417461205,160.04895199978094,178.37106752621958
27019,2008,167.0,144.56036470047295,128.5538024560067,152.28466257490888,176.31899643818684
27023,2008,156.0,145.22866390452802,125.6909118063844,159.2113789188414,179.66781651400214
27025,2008,135.0,106.51596765350698,90.10529719559392,110.68583101063912,138.60632866212163
27027,2008,147.0,107.91609757475611,93.25992750653585,115.88116883880288,140.6598454652076
27029,2008,116.0,83.7172473950107,62.75362004477009,89.12807164493313,140.92357950047966
27033,2008,168.0,149.81970888820388,135.16395439375685,160.32765387970116,185.54115063618235
27037,2008,148.0,131.7758141836554,109.2099060515705,141.3894326082056,166.05338078653696
27039,2008,172.0,149.46779897957515,129.190399095669,153.61224682220833,180.6436577989629
27041,2008,138.0,104.09113975700373,87.39429589663611,114.92935382400665,151.03795593910453
27043,2008,184.0,155.94431739231027,137.1056320491242,165.35497151488553,182.78316211039558
27045,2008,169.0,154.24537134769034,119.43327439880136,154.43217920168573,171.80886333211944
27047,2008,179.0,158.4472358611724,132.03172027692148,159.78799468680685,178.888429478608
27049,2008,172.0,147.48404000978917,126.6202891395343,154.16934546814198,175.88315250554732
27051,2008,150.0,115.81428045198861,89.41674874718616,115.55889476896,155.0855833028366
27053,2008,143.0,136.6613374581019,122.44206663646276,145.74664247553753,169.8502583378225
27055,2008,165.0,149.0435835772391,117.88467328275745,155.60250441783828,163.9493669192786
27059,2008,121.0,98.91455364331443,81.61691820294098,103.82335161615434,130.95345796141865
27063,2008,170.0,161.37335360316314,137.70873972860548,170.0590140947264,189.85289736860582
27065,2008,125.0,99.68945383239169,71.52206610535148,107.39430996429748,133.84163827997725
27067,2008,164.0,128.92317830363552,102.02626481534797,136.7086230695791,163.046574409835
27069,2008,115.0,80.39692355524669,48.96941178334957,72.4481538850501,124.3346436900436
27073,2008,134.0,143.3194108102473,123.43367945039361,151.22736644852077,170.1478438632063
27079,2008,167.0,140.14526489305766,116.24139704478071,147.83494224708053,165.1084762810643
27081,2008,146.0,135.90417204492078,115.74603906047469,149.50633841357873,180.65083632536664
27083,2008,157.0,149.67179815307236,123.62637137752526,156.9955601509403,181.19143755985272
27085,2008,176.0,153.73752641574907,126.88415637723077,158.94049151788712,180.2371430236587
27089,2008,109.0,82.28685587720389,54.764488669968976,78.49409832559847,129.06928356224748
27091,2008,177.0,163.85221887452946,134.16344979255925,172.45320839531402,190.4894383185131
27093,2008,165.0,133.01560902894892,110.18516156596552,141.43797425107985,163.0199584798363
27095,2008,125.0,94.0544235466412,69.98442871315422,107.87633098301743,134.22939310502022
27097,2008,126.0,103.95878945154406,74.75685637962883,109.5342652779031,138.5660269718245
27099,2008,166.0,148.3451577550178,127.36396805647755,154.04847885933273,169.6178771097784
27101,2008,168.0,149.13637599847561,130.56502111020717,160.61554917340916,186.25973757851224
27103,2008,184.0,159.00345019436762,131.8924635222964,166.63334668184368,187.56802710179343
27105,2008,171.0,157.29161410909614,132.9980360493039,166.76524735172907,189.64334347954187
27107,2008,136.0,104.43338498422102,88.92330109340305,116.44966267872645,142.88331217492578
27109,2008,173.0,143.31090130997228,116.90810416413636,147.48506217795298,162.74960013089733
27111,2008,144.0,103.70642491033554,85.92955508891517,116.98269508600639,150.28081716108275
27113,2008,115.0,89.01798932192257,73.96535566361936,99.6156373393081,157.07114799753134
27115,2008,117.0,103.8099649784302,79.63314924467785,110.90521997504112,132.58617553526048
27117,2008,160.0,125.29404804427375,103.87326537732793,131.26183492932168,161.77340668315398
27121,2008,154.0,128.0314862497716,96.67505140512651,131.9399080141419,162.1659459429386
27125,2008,123.0,86.01932685655022,69.98753321615074,96.44359628516523,141.57388610544805
27127,2008,171.0,150.35100982873976,128.9203820882785,160.34297145062183,185.99400326485113
27129,2008,173.0,149.99696382347364,129.33896592956313,164.08173008213137,189.4679475853475
27131,2008,169.0,147.65616283919985,126.99878311828763,154.50955303707448,177.24031224271914
27133,2008,180.0,156.26190472504828,133.26138527747764,159.5061568798349,190.03091306658612
27135,2008,102.0,77.20150753799402,57.36549148427634,76.53050023629129,128.49310630440772
27139,2008,175.0,144.3976720864404,124.24871345147972,150.2621077011639,176.1975838276082
27141,2008,167.0,116.34904615713629,89.7157073962155,112.67398669938852,141.8481589610502
27143,2008,185.0,152.49145055848558,132.94037218264825,163.50788676831817,187.35057676531883
27145,2008,149.0,104.38646758962733,88.63073831002467,113.91219069519659,147.87928793517324
27147,2008,169.0,151.01204560977249,130.5846430324536,150.1154563697606,175.83990812349316
27149,2008,154.0,123.83257523208711,93.76578242477696,128.41848084136402,159.43153737085805
27151,2008,158.0,131.09190596184754,110.679438672064,147.02386818424375,175.08784483760633
27153,2008,120.0,91.28787736644561,83.27939125939196,105.94301236236268,137.84410906857883
27155,2008,132.0,131.22200654979065,108.46742009771417,127.67941523516456,162.2282355999249
27157,2008,177.0,151.46191381652372,130.2619943071621,160.74700256287107,179.8984322599265
27159,2008,129.0,97.3764040093262,78.38697231761809,99.1286205690038,138.85568377815127
27161,2008,180.0,150.77501055626615,131.73461333074502,155.53985208528545,176.8148409581486
27163,2008,152.0,121.94110334936425,96.50963834970777,123.30134524393051,157.06879932040613
27165,2008,173.0,156.29348153449442,136.16237285051585,164.24728894854107,182.58876589348017
27167,2008,144.0,111.47063124643691,97.25623297028595,122.31497092615132,142.8586880599314
27169,2008,164.0,150.14394259605714,120.67205513511614,152.35457128647315,172.0060098883862
27171,2008,140.0,134.44757130102326,117.4492604897363,143.58374631193053,171.36616085999705
27173,2008,143.0,145.20035811212028,125.7641310892723,157.57488941953815,184.7741450910877
29001,2008,118.0,134.6586454785611,105.40065736229376,134.7730633434632,158.9574730457003
29003,2008,135.0,168.42962595148663,142.62240082858673,157.38352214218335,180.72945373394293
29005,2008,152.0,166.76768912503164,139.22638784991847,162.75643670126559,184.5931843720077
29007,2008,144.0,144.55590463778725,104.50098220639093,131.21723198713326,152.25005676074
29009,2008,125.0,118.44372993390714,84.60919029601382,111.05047058409045,135.66252965944767
29011,2008,117.0,131.06297715116543,100.80128927814383,122.68720548084724,142.26893955816575
29013,2008,120.0,137.61139975435603,100.17803526372045,125.98977216667917,137.2923625506656
29015,2008,133.0,135.65170597623177,95.02634829264852,128.74639801748083,145.52970178364123
29017,2008,148.0,135.47970798117572,119.73686739938654,131.36058814372717,161.57949911666392
29019,2008,130.0,144.57672525406332,108.24300535091173,137.39722784436788,148.5880188192936
29021,2008,158.0,165.91448627249514,142.40862680163934,163.75134324661255,177.47106177997014
29023,2008,160.0,135.962734487548,116.36212953516427,143.12202529728265,164.31797672395328
29025,2008,136.0,151.82609190916077,122.7027363294622,136.2117285094271,167.3329599606279
29027,2008,150.0,146.9266006876652,108.38521006507197,131.56356447592725,153.71775257467274
29031,2008,158.0,146.08192664109652,120.76364110644056,142.47699515079177,166.88908372826097
29033,2008,147.0,152.85453617388544,119.32115681414854,148.37931026636812,158.63612095961358
29037,2008,124.0,146.26519957833438,117.33361600091946,136.46125132486227,152.06045566876705
29041,2008,143.0,153.55790984120756,123.34408416137447,142.19928205044192,157.2089287189781
29043,2008,133.0,118.69773232767608,82.56847889552196,108.91955456415583,137.11623004399425
29045,2008,142.0,146.40715441165125,122.10141755898934,144.26617761663863,163.88286333178715
29047,2008,158.0,168.80612520303384,136.17140074070895,151.5181969826987,168.5669426073622
29049,2008,157.0,157.69921627192008,133.63040574120632,140.0898189497682,164.16283649104096
29051,2008,135.0,134.5171425608533,93.263613532667,131.55157581405763,148.03903741235987
29053,2008,152.0,151.62168271427336,124.76428348746833,140.06175610703667,155.9633501217826
29057,2008,114.0,123.74901070100624,92.04894621497694,106.53522969916207,136.16491855147584
29061,2008,123.0,135.12054874296848,103.48545731054848,127.73040614962608,159.12747083018883
29063,2008,127.0,153.8800361864184,124.98393055260703,138.07698744047553,168.2319121951903
29069,2008,168.0,139.01063906294604,95.94868111562012,136.03094600782302,169.97045779843327
29071,2008,154.0,140.93425857192125,108.78038721046585,137.642790638825,160.65043353646826
29073,2008,141.0,132.22728837769824,100.84358232140646,125.019787453171,151.88822491926933
29075,2008,109.0,152.74518942736495,121.66441825590051,137.40419082196013,162.60906851579702
29077,2008,125.0,122.19352675198289,91.61079748995627,107.69471102455348,136.92515683124023
29079,2008,117.0,143.9405161707358,111.72362781816187,132.38505009283085,154.29773073417883
29081,2008,120.0,150.77020745819095,119.28488695700099,142.69143202581628,168.10522759713774
29083,2008,90.0,141.66418611438226,120.81276324170034,136.0005563069339,158.08942489874644
29087,2008,150.0,166.47677900758316,142.2303524710311,162.4565633352926,175.94389076633365
29089,2008,153.0,150.83045572144476,121.29712469712857,145.967928332085,163.92806636041988
29095,2008,139.0,156.97691497815183,130.04802468614915,149.25890880954213,159.49603734045263
29097,2008,111.0,122.81871347992916,96.80692231344143,113.55927426289698,140.31188667776703
29099,2008,130.0,145.23307743226397,114.27654760861557,141.6151389551869,171.18702545431572
29101,2008,134.0,149.0450365724987,123.57966713286666,130.8564926681184,158.29074989067323
29103,2008,136.0,136.2366238242767,104.3457235472139,130.91797343948744,156.05963240335433
29105,2008,159.0,126.41344309494154,95.6728294542611,114.71211318640513,135.9581492744228
29107,2008,167.0,160.4677284487917,137.73342421004932,153.98395848826206,170.96407688188893
29109,2008,132.0,113.77539174360558,77.27899601571151,103.64753234583297,131.23131624954527
29111,2008,133.0,139.4979043453176,101.32369863790403,138.18943007622633,155.65298217328507
29113,2008,135.0,148.26160127885046,118.09740772553306,135.90805642907003,154.45673516829518
29115,2008,139.0,131.23134595962927,104.47571600642132,128.4073124555877,155.11958455383632
29117,2008,140.0,148.94476179369855,115.68644629156145,132.58620747635993,158.40417095465816
29121,2008,142.0,132.7891470446514,98.91477261941387,125.82213441879539,154.23725885992843
29125,2008,131.0,124.14159621706237,83.42157632148385,113.55866648190016,142.4784359741061
29127,2008,142.0,154.52250908384522,118.47321734502385,141.69832119936967,164.2592683043534
29129,2008,114.0,139.47307951255596,106.74958721574144,150.21391915534176,158.83406316637638
29131,2008,139.0,131.71275221382584,78.79602479133713,120.4787065259797,143.7236848048291
29133,2008,173.0,155.08406933648817,113.1690336706734,142.78307548727412,178.27131275103181
29135,2008,126.0,134.44822186700614,100.73159780664854,131.20976824737306,152.7628556510454
29137,2008,127.0,143.32825302280966,107.16650100547261,126.61389120725748,150.2465141115053
29139,2008,135.0,151.01089589370014,111.63711593308402,139.45592602602963,153.77956721662065
29141,2008,120.0,130.25709378331013,93.6296110259054,126.92016305067736,149.15636385994608
29143,2008,170.0,160.96913021672253,101.8111722469356,134.7905470371994,177.64196869652136
29145,2008,131.0,120.75727159603665,88.75041245986054,106.09192541130102,129.66473116715648
29147,2008,123.0,162.1795188326098,137.0639451081097,155.3288068733635,180.4893270489225
29151,2008,158.0,137.14924320744473,96.02113874343654,126.41867242500749,148.50193180502757
29155,2008,151.0,137.09767562403016,89.10147632105722,134.70171625701022,157.38025464007657
29157,2008,154.0,150.87731408252742,127.84535544669183,153.2182698073193,168.393853432385
29159,2008,136.0,145.48504207486494,122.31291788369123,131.94550408631596,156.3368612088685
29163,2008,149.0,153.77224584204737,113.25001027952628,143.06351121833163,162.64321915160167
29165,2008,149.0,162.9816597710353,140.7713488701855,160.43282135329153,171.21715792940176
29171,2008,90.0,141.31112991508863,112.27643282637594,143.2904241739287,157.79096260104825
29173,2008,143.0,144.67982326783235,114.39339960794598,134.82946699079085,160.31589646133358
29175,2008,147.0,132.20236554646533,100.72132205764578,122.11747375129599,145.3612771406551
29177,2008,152.0,154.78005898824864,127.22794400379712,147.3561101764678,157.43207423879954
29181,2008,138.0,121.58580957289455,95.44652454826274,121.97712836912824,147.34372399470632
29183,2008,164.0,158.94223489651355,130.39074451012291,148.40460727373627,160.9290606990513
29186,2008,155.0,148.219961732661,113.04065972548264,146.10932217425525,169.0469416110949
29189,2008,138.0,160.0422611592708,138.112176068873,156.21610087747948,166.2333667664419
29195,2008,165.0,159.5132228334755,126.08600672643684,155.0930105212135,168.7289703831876
29197,2008,106.0,137.11773170526143,106.89224395772959,136.2257937257444,159.9954608543048
29199,2008,125.0,140.11745965795805,103.24428739546761,134.91775411236506,161.55536720893917
29201,2008,170.0,153.02422972987927,123.39720491808873,153.00169963390422,178.7852103922479
29205,2008,133.0,144.69575915944125,108.48801553414644,129.59431422734622,161.82269697217458
29207,2008,174.0,152.4505461338064,114.84127867733841,151.1473895010257,171.75805292810102
29211,2008,104.0,131.98528577731594,104.17441030566775,137.70016683560672,158.47889419835244
29215,2008,123.0,123.8777340873297,90.3364383348255,109.57607599093912,137.97952402320345
29217,2008,119.0,131.12565500617572,97.08762181678189,123.8750134125053,138.29806615604542
29219,2008,155.0,155.6261094859099,124.91686992750292,139.51802504398995,156.09403936572627
29223,2008,116.0,128.25094536461143,104.18110192493604,128.0469147263317,159.89181620630998
29225,2008,123.0,120.57391131212816,93.88949792600596,109.83707538657598,139.9411227190855
29227,2008,108.0,144.57222950290395,124.44355543526265,151.8932480467351,168.50344235575898
31001,2008,181.0,175.8474685566746,149.44241956927715,175.3873077667594,193.4335987636624
31003,2008,176.0,150.93202658898528,124.40250657838683,152.7702069981561,173.5784146581946
31007,2008,104.0,131.0758758288829,89.04310832143679,137.81070930867037,166.23871254028364
31011,2008,170.0,166.58656953109212,143.3789847340453,167.91949113023415,186.25467084200565
31013,2008,140.0,150.29305838985672,96.2320579480984,149.92367632124578,170.58653986596866
31015,2008,122.0,119.35614772631301,97.10297813263227,121.94603910593608,163.91545666316927
31017,2008,187.0,158.12802063062202,114.39861431797398,155.3985987233818,173.5612591431382
31019,2008,173.0,179.69550531835532,142.3129833282587,181.95855788499128,192.58152914712758
31021,2008,159.0,168.31062489289567,141.02249641865168,166.1945076120032,184.12979840441588
31023,2008,160.0,170.96858060452936,145.73515764275294,171.78135078850116,190.40684969644815
31025,2008,144.0,162.23174414185277,138.1131070357132,157.97643140079222,179.19049996720582
31027,2008,159.0,162.2113697846971,134.61223008300053,161.06730995125926,190.30687991162495
31029,2008,176.0,168.78248680910642,120.61299203817123,163.83035366226645,187.61085650192453
31031,2008,190.0,162.78010246099103,108.9817854770578,148.54265763460458,177.52689045895104
31033,2008,140.0,140.37360864649767,107.76185718892762,145.08452277515366,163.3125644351004
31035,2008,190.0,179.12613668093894,152.9690176717323,179.61790744868378,192.40890286400037
31037,2008,157.0,167.83377798486688,140.6316168326418,167.80552168402593,186.34287011749956
31039,2008,160.0,166.2444941178649,142.88842660514084,166.12515929547638,185.28236505784272
31041,2008,163.0,173.61393558978787,140.96800763264267,173.09920588515993,188.71419652117766
31043,2008,172.0,156.09233098040053,122.5785830992904,161.57910892149644,184.62036440919582
31047,2008,177.0,181.46855525447697,148.70585642166543,184.19950325335512,190.2047967795912
31049,2008,142.0,148.77592988017827,117.72799579263312,143.35862074536172,174.04517821625376
31051,2008,162.0,160.5012814215154,136.0061425577397,161.40601406375978,187.4029757221615
31053,2008,156.0,163.82275980828985,133.90870765777703,165.00226166637893,185.7537035526685
31055,2008,133.0,167.5614959235475,146.59628004115035,164.5878477683759,191.0869975656198
31057,2008,153.0,160.7693394968946,120.76953238187417,154.75169596624636,175.08539505132268
31059,2008,180.0,181.17657954463823,147.7865771171222,180.2964413835571,185.969577889845
31061,2008,173.0,175.80371230325915,140.04699133420465,172.89432230117083,188.48140537992435
31063,2008,136.0,136.6277743670436,122.056110810419,139.49316275080406,171.6444922963185
31065,2008,131.0,133.98212400365097,126.07965880008445,133.87164033166704,167.27353222742352
31067,2008,141.0,163.27355154241965,136.89909888752715,156.48331120660575,167.89432202810903
31069,2008,155.0,147.719603735493,114.44614275812143,143.29802503619223,169.88007524235994
31071,2008,171.0,146.79326214356993,120.22150151487922,152.21431450729224,173.2800993968574
31073,2008,160.0,168.09499248699524,130.84549671057374,164.47543913417553,184.55726725007096
31077,2008,172.0,168.93280355039104,141.41007376258807,172.0943364225857,190.41248531959965
31079,2008,171.0,180.44150445550102,146.86806853393037,179.98101075502225,193.04640697658908
31081,2008,192.0,183.66449652908162,153.7238970075878,183.84548124092365,194.16705022740513
31083,2008,160.0,150.00389439325508,131.72252233556478,158.46167199580125,175.8624451624926
31085,2008,158.0,145.28135003987285,129.94145856724916,152.75868338447407,180.07312777681508
31087,2008,103.0,133.64236032450685,119.6204043492721,126.96551907932688,165.84755565125434
31089,2008,184.0,164.20141590895278,115.5160159194592,160.7605982572382,180.79954015559642
31093,2008,164.0,169.75455482431735,146.42978805979374,173.87562639253989,192.47143915753162
31095,2008,161.0,167.36066031311773,142.8552839991822,165.34728943989555,166.85765271618197
31097,2008,130.0,155.49445503857973,125.75840790402339,150.57640442890985,168.3005901121749
31099,2008,182.0,180.8357840560157,141.0707474997621,181.1117397892963,194.60100616442875
31101,2008,158.0,151.26955202318396,115.22177204306902,154.21731231994178,169.96138159606633
31103,2008,152.0,140.86868917143045,108.36103989873604,137.29692957478804,170.67962419322043
31107,2008,135.0,158.9696296984889,131.9096335119811,157.51488190438553,183.10422587336834
31109,2008,140.0,158.1644297358476,133.92235371636866,153.6826513923239,167.34017429045403
31111,2008,166.0,153.80559336237553,116.91667362406626,146.7491193856115,171.4040421787348
31113,2008,156.0,153.95356615853197,121.06679100048869,149.35298500077536,170.60032656170944
31115,2008,170.0,147.29405896470325,111.38917017563996,152.63353299776455,173.5251032623155
31119,2008,150.0,163.25584174617148,140.0050949562665,163.74681937573658,186.9975151180946
31121,2008,154.0,160.20114422021342,119.70692680513383,156.15880832287047,174.0599314992667
31123,2008,159.0,161.6080434045406,112.20041963025216,161.10998012821707,174.76266184508052
31125,2008,165.0,166.324973198562,142.38520468633132,167.4869487083387,188.3753182423952
31127,2008,142.0,157.57774598907685,129.43637372632617,151.91426357506018,171.41838273092696
31129,2008,164.0,170.4099465784037,149.9403700406207,170.68804786798896,183.29564916717575
31131,2008,131.0,153.78754897725617,128.28688488233743,151.0608835759057,165.83958813824538
31133,2008,132.0,154.34598773270616,129.64824264660268,149.6210059488944,167.69502838938195
31135,2008,148.0,153.49648214800413,119.8186447028049,148.7717180066214,174.70305600606804
31137,2008,199.0,182.47911563643484,147.02092170141663,178.39296266811508,198.60136502771118
31139,2008,171.0,150.82448337612382,126.06007244468523,156.16986098375523,171.11444044952384
31141,2008,176.0,170.89209013374582,146.3958553766095,170.45273375555612,187.86039788169933
31143,2008,159.0,177.99596721261784,150.10515163154588,178.42515776481955,190.54733499217576
31145,2008,139.0,134.02045379399715,127.20384198967591,135.78141156984844,191.6328124573891
31147,2008,141.0,160.9687340756006,130.9086013008959,153.30835328118647,166.68445500722743
31149,2008,190.0,156.7366136655752,114.69851994569161,156.23425199764242,173.91462606231386
31151,2008,161.0,172.5650571456776,145.7558300475273,169.0519407740115,180.9021598813528
31153,2008,151.0,160.2270798489799,140.83615640263633,157.2747908088232,186.46095174866096
31155,2008,149.0,166.52773118137586,141.16679142754901,167.4821549979139,186.49505667085035
31157,2008,150.0,153.36900972813928,102.46570630122196,154.74345324665106,172.436551465407
31159,2008,162.0,174.38512998696552,143.54290781152326,172.9192767685657,183.8205099747492
31161,2008,154.0,149.70066325289892,101.28138008919063,145.77389269196152,168.90388084030008
31163,2008,170.0,169.986638462988,140.0216001955397,170.6976403069764,188.087008029269
31165,2008,151.0,160.07573905042378,102.2352507842829,155.07888606744655,172.53818583627984
31167,2008,143.0,163.3066949419139,139.33402210359654,158.84165195496362,186.11686564130255
31169,2008,179.0,173.07252048412232,145.4707558101112,173.96231522796322,179.05794230279506
31173,2008,163.0,163.052935071924,131.42417372223076,160.30338622357263,183.45918745509584
31175,2008,171.0,175.46701138353347,149.96210501162176,175.32959681860692,189.59390173295571
31177,2008,154.0,162.92627044239057,141.89080462681605,163.2973399509696,187.76411609525263
31179,2008,167.0,161.53523344707264,137.35967015273948,161.52054531023745,183.5084473845709
31181,2008,159.0,168.2890629245653,142.0568014292437,167.22943003558296,183.56134283862812
31183,2008,151.0,150.89914571904274,110.17669008158812,149.55003996617896,171.61144230078168
31185,2008,184.0,181.5194067354531,154.2520340131186,185.922142654496,193.99646141513722
38001,2008,51.0,55.74881788312842,33.301144423556906,64.74382917491458,114.6372429690559
38003,2008,126.0,99.97281192896523,79.37589480402617,93.9117350445616,136.05892569382087
38005,2008,94.0,86.32310507031838,60.52662698895941,83.00582029325703,125.7203299392812
38011,2008,71.0,47.944323898623644,18.37058507602596,57.3628672912423,111.79113133540332
38017,2008,145.0,105.30381325128617,92.38800372741201,96.3568082993157,138.15824759650005
38021,2008,140.0,103.11221292560538,80.8615425321773,105.91357082193385,138.25120212080589
38023,2008,86.0,55.00010634649926,34.498795988875116,66.40742358478796,116.85570511183636
38025,2008,38.0,51.15935962692317,16.12158888683478,51.45036896314,111.94253902193705
38027,2008,100.0,85.78131178127295,55.399806764972894,81.65344794409647,126.70701300284192
38029,2008,104.0,100.6289373962484,70.71439966473703,103.12626532284064,138.33933372849384
38031,2008,104.0,88.91585488652701,65.83534093467668,88.34746503564068,132.20898774526665
38035,2008,123.0,90.7696943111212,71.64859719443017,99.91490891284792,131.092317441964
38037,2008,60.0,66.63035294545548,52.352988944973255,75.45172282051165,121.59467130692393
38039,2008,122.0,94.305592881575,68.63344447454557,91.49425170748286,128.69230448434223
38041,2008,59.0,53.010781355249364,12.175954159348954,56.29850807974635,110.27944222022353
38045,2008,128.0,108.60507848581159,90.49856391495821,114.1737563851917,143.79855063385398
38047,2008,90.0,88.57731725541205,63.88708531257954,88.43628544061662,125.80019297437471
38049,2008,91.0,83.60709012655327,51.30435063341461,83.66260238870413,129.24023443810103
38051,2008,110.0,83.71757235466247,65.56932202916761,84.02374231627893,133.8523868430637
38053,2008,87.0,63.056600802306264,30.16659586893296,68.36113484397414,117.15581148696374
38055,2008,89.0,75.49527658336694,55.178816514978614,88.86275023811763,135.06672844057405
38057,2008,84.0,63.22541627721338,36.604198560997915,69.5073879749558,115.78377875104522
38059,2008,61.0,82.74380830921997,46.56413480685071,82.84109651856326,115.13347772480478
38063,2008,100.0,76.67234888437838,59.73496751057205,75.95457898904952,127.94618498413303
38065,2008,91.0,66.39511039948681,41.86426999697068,74.38848931913476,119.81683993247799
38067,2008,124.0,88.88366967850516,63.3834077360319,84.881497588766,122.65781635382356
38069,2008,86.0,83.94358504880404,58.22439006172203,82.48505437748464,128.0375971575557
38071,2008,106.0,65.69653830458657,47.56956589630282,71.77714247672496,123.12864927130789
38073,2008,135.0,108.27258588822589,84.25801148012543,110.46786120772067,138.87249355490343
38077,2008,146.0,113.63744754937326,97.13561157715138,114.05338842174821,146.54760332841948
38081,2008,136.0,102.89538355544131,84.74876312847388,95.98695334856068,140.60336613218695
38087,2008,44.0,42.086898373818116,8.974934313217796,51.44063974333294,114.01409364505433
38089,2008,37.0,36.0717911104911,10.238973118314775,42.486798411225905,109.47359189611853
38091,2008,125.0,94.84946745409053,76.0381231811961,97.07040997705656,130.3500171297485
38093,2008,116.0,95.42298941752979,72.8669776174984,89.76670733006513,134.83602729629607
38097,2008,135.0,112.50342775251843,97.22843348099993,107.39080503667701,137.55439178476252
38099,2008,107.0,88.45550475472474,65.64795658273627,84.95140420550618,129.76150904020054
38101,2008,87.0,65.16301516759033,45.69731355855606,81.7145048954062,127.72652671040844
38103,2008,99.0,93.42011672149717,63.03213233014965,94.17192175038319,134.71112278710697
38105,2008,97.0,53.05768660157472,27.106575267507196,73.35587750980903,115.63341706378652
39001,2008,106.0,124.92660863745684,96.58697460855062,122.50825113160377,160.13556431615598
39003,2008,127.0,155.31404986704914,133.13125642637402,151.46050279890466,168.39910340649274
39005,2008,130.0,141.65628759379192,122.78963768724216,141.23649435873128,162.96022811432886
39007,2008,126.0,143.39160998482168,124.92067673783765,146.110119488621,170.57028586136536
39009,2008,132.0,132.45052995935038,107.21192729680746,133.8900027384579,161.44732839614963
39011,2008,127.0,157.03947549689903,132.40718071916024,153.69603264011238,171.157492504738
39015,2008,124.0,151.68062929338026,122.41876754491295,142.4608066290981,172.23947952317107
39017,2008,115.0,148.29036909871525,121.16953154901667,151.35987880806795,174.02221108530134
39019,2008,90.0,123.42848454936033,106.506826065705,123.33900445911004,152.9617356961429
39021,2008,140.0,159.50808081077352,136.3148301404656,158.61229606350346,177.3684056078957
39023,2008,140.0,161.25441095765393,136.6750943163586,161.9436495012247,178.59939444386043
39025,2008,117.0,153.39842719701227,126.40010236356176,144.60806996038198,176.25976601957413
39027,2008,140.0,166.4499944964123,146.57851768234988,163.98633864772964,179.35091428224553
39029,2008,123.0,133.03418661465054,108.41370657048488,139.0156485547116,161.50771426280917
39031,2008,133.0,146.25673257706487,118.11660028873926,147.9966956618545,163.1710752944752
39033,2008,129.0,158.90927549434113,130.63960597117244,157.59821780089058,165.44533162501025
39037,2008,136.0,161.31345008546887,134.1868115653257,160.35588576911076,180.0813573171894
39039,2008,129.0,163.3537497021617,122.69877846856423,156.54075489019266,175.73981212429695
39041,2008,132.0,145.35796741121118,130.45980566296092,147.8157257266639,169.11834591178928
39043,2008,132.0,156.55414232380534,132.12362277488296,154.26235727377286,165.42253603913267
39045,2008,139.0,164.38244915480064,147.03426556971996,161.02196356214554,173.40562754582203
39047,2008,142.0,151.02495132634658,129.27511230009944,148.8746447736512,169.24344627799283
39049,2008,131.0,148.97983856822202,127.21990274753867,148.87434875526276,168.8568419736438
39051,2008,138.0,162.7425190537145,126.27806329031677,160.50678940677523,182.28425937931738
39053,2008,124.0,122.46172101158082,98.85892438700317,124.07535384379811,154.37203407816725
39055,2008,121.0,135.64057298489726,108.83057219742415,139.55179226976023,162.78243577743862
39057,2008,141.0,159.28787397049945,134.91232467411012,159.4420382157533,177.95597932096072
39059,2008,123.0,130.00966715191205,105.50786149831463,131.39898704403024,161.8186753779761
39061,2008,127.0,152.03305879583758,124.71749728364586,154.1597759477012,176.01908873922665
39063,2008,126.0,157.71685439244618,133.96502140867287,156.4213916438307,167.3609492962594
39065,2008,122.0,154.95079413551065,127.96336811763598,149.40423727448797,168.0358158970901
39067,2008,99.0,117.5886606240476,104.69493111276964,129.5930539586564,162.7012080146341
39069,2008,138.0,165.8297321171485,120.97614295265645,162.90702236153135,183.72377665737113
39071,2008,124.0,148.5292537284346,124.8132667393383,145.39799920190646,168.86302332975862
39073,2008,119.0,132.0054295962725,105.58007731028893,130.67491223337512,158.33588403417497
39075,2008,131.0,137.7077084805682,108.76856129623843,139.28548507708885,161.93749139114527
39077,2008,128.0,154.59397950772782,126.86687377506055,152.07885822099632,164.62115965679604
39083,2008,128.0,138.43875785806244,115.53754032502951,142.42140331682364,159.7035075439584
39089,2008,128.0,151.9742287826408,130.1902473134953,153.07260053268502,165.7476366278211
39091,2008,131.0,156.6045836366872,135.0966826991107,153.3557174962168,171.74834958521478
39093,2008,128.0,145.22714140608787,118.31002383191611,141.03298279800688,160.25229770933743
39095,2008,135.0,160.39217190485758,126.67585825437166,155.273989592729,177.43563091209714
39097,2008,143.0,151.1203901897348,130.3284070254625,151.7654287368836,168.86126459117824
39099,2008,117.0,145.88806188118016,120.58018503218747,143.66352693611006,168.10829471777018
39101,2008,130.0,151.05711528542875,129.02213985616226,143.33206517727012,167.3405272764077
39103,2008,126.0,148.93663634603104,126.66625231060758,142.51172433416934,167.92275055794215
39107,2008,139.0,157.64625189829243,128.38369084661701,155.02186293254937,173.26387749535627
39109,2008,142.0,161.12155830886948,132.42587038965007,160.07143671698415,180.01735414014865
39113,2008,117.0,156.8553594478146,130.83768572214603,153.63146071091995,177.17927521222663
39115,2008,113.0,131.76258264838637,104.99438712895885,131.6166575740303,169.90407147590136
39117,2008,122.0,152.28588908357224,130.46730214059912,151.77323802604283,163.0530045691708
39119,2008,131.0,138.18291912247477,108.04304535196884,137.98460286272865,162.9901433333943
39123,2008,130.0,153.9489538512689,114.6074160319519,145.26813502906504,163.50095323708544
39125,2008,140.0,156.16365424583543,119.50946575190463,149.8782208114556,165.1473327537719
39127,2008,133.0,140.86014689623372,112.51943903582584,145.8551645371681,158.21521980968018
39129,2008,123.0,149.72103237808074,127.42454948736679,147.11932663018953,169.11786495745918
39133,2008,117.0,138.59500382648227,114.78315693619459,138.56160180562523,162.7538104489783
39135,2008,124.0,159.23599854574647,135.48593881073464,161.03433359631757,178.2401711796629
39137,2008,130.0,157.893008086196,122.61051876831647,152.98451028566174,175.4379600138507
39139,2008,127.0,144.35239969208396,123.27583054301573,143.1173256592563,160.716523569817
39141,2008,123.0,147.41433831066166,128.86970896278595,146.87650537780792,164.87580327704254
39143,2008,132.0,155.15052797745582,120.68467275399844,151.72051256457152,166.98077024892058
39147,2008,127.0,152.52042257919217,122.67183909051352,145.463782462185,164.97453022201273
39149,2008,129.0,157.97128766183658,131.44717562848174,158.53320652699182,178.28695058852927
39151,2008,130.0,136.58305634099466,117.31762260402145,136.41051524206205,158.9801194066387
39155,2008,128.0,147.53246473093265,120.81398435589585,147.71356294443527,167.36692408149622
39157,2008,122.0,135.74520908967568,114.00004919968846,139.35646157139607,159.69847913949224
39159,2008,132.0,149.79425383555449,123.69686101594993,144.43675188894764,168.90582958832113
39161,2008,132.0,151.85209520912656,119.6509096539652,147.52389253715904,169.95108229935892
39165,2008,135.0,156.17043437127677,128.19783207945343,155.95244074692474,174.99750472155594
39167,2008,124.0,127.39398532926916,101.59335158746067,125.86335181735363,158.47553943984883
39169,2008,129.0,142.37427302959057,125.35105552971507,145.2334114468768,169.28211580454152
39171,2008,128.0,157.00868339349353,130.97882385518142,155.03896487108068,172.0177490587193
39173,2008,137.0,157.56333983185394,115.77369624491342,153.90622158233148,179.0851648970344
39175,2008,124.0,151.13507066520802,123.5506427070508,147.8086802060227,164.79280429894604
46003,2008,106.0,102.46716969177801,80.91022360402901,95.46473365960398,135.6098557527329
46005,2008,127.0,109.1778949694334,89.63318673977818,106.93291730489072,141.73036842149887
46007,2008,112.0,113.26083864075457,75.22052258771728,104.65188625055299,136.7048294644179
46009,2008,119.0,112.54182395173501,91.28511526583259,106.76453331074353,143.6674701158382
46011,2008,144.0,109.88319176970789,104.51315503188906,110.35023320362306,146.3166571921939
46013,2008,141.0,109.95656505074754,84.8743440188895,111.35990147452058,142.20456159271455
46015,2008,120.0,103.99306031276625,81.29380204148994,94.68660702802765,132.82113496999057
46019,2008,131.0,133.26332081525646,76.56958030507319,122.93226188208344,143.36740355519353
46021,2008,107.0,107.588260747256,82.78983703493593,113.29538870260198,140.24265840402492
46023,2008,117.0,106.93511420261908,87.74570892720752,99.97919512101105,133.9533325867818
46025,2008,144.0,114.04031219566117,100.72124418941326,112.61101338883246,144.73499659058226
46027,2008,161.0,138.16832993108986,109.97423822993026,130.29521764593122,154.0982613552033
46029,2008,135.0,107.3199215351049,94.87472706851439,116.05169817897968,157.94359671157017
46031,2008,74.0,78.84477212642341,59.51817211984414,76.22462636581979,110.84308048017904
46035,2008,110.0,107.49457138679755,90.31479138075069,105.6082042165126,138.71927728167233
46037,2008,100.0,100.30044004644868,85.74651491436693,102.04085169323925,139.83027117431666
46039,2008,143.0,110.32005520778362,98.89950568819134,111.69875352012001,141.65149581638525
46041,2008,78.0,74.9171679966193,62.00429422920607,75.16836360991869,114.20901989535814
46043,2008,119.0,105.64525891849242,87.17585212448675,98.64907653682971,139.82213617081467
46045,2008,132.0,102.48113738462817,79.48922482421133,104.94188948402002,141.97266136701072
46049,2008,153.0,109.75032291015421,84.23853336799387,108.8555371153302,145.92778635022282
46051,2008,121.0,108.71915992413587,85.40610521535474,112.54569523106886,143.70540792969734
46053,2008,95.0,101.70172429927452,75.0636182120699,95.43856276064459,136.53338350231522
46055,2008,76.0,70.25848096938813,57.8717070088543,69.49869150028017,100.65531272563727
46057,2008,156.0,115.06998884245839,99.88060046936461,113.32433206793431,150.1629790271015
46059,2008,117.0,114.676241375546,96.98554404567892,111.87820526981643,143.57673180411996
46065,2008,121.0,109.0077864302768,73.59488253606844,98.69454650650489,137.8956279163157
46073,2008,105.0,107.96375817276011,83.29713367103645,95.89351664730462,137.78937032169773
46075,2008,59.0,78.86496175892496,56.16864467037459,73.94401226528835,100.77439536497006
46077,2008,133.0,116.56286308515585,103.61662443373724,116.58689166128947,145.0064819995733
46079,2008,139.0,126.91174826999904,107.51353192999376,122.437958690673,151.5499827763245
46083,2008,153.0,140.30743638815468,125.2900382555737,138.07235693524123,160.95889758156616
46085,2008,105.0,98.553329697508,63.8841735800675,85.28342382214043,125.13601074612173
46089,2008,111.0,94.39032475018676,71.8323985644046,91.26623874867826,137.3872055321937
46091,2008,140.0,111.39800256401081,85.41953391757961,108.61830211101086,143.32341260067898
46093,2008,103.0,101.78253616596582,65.7758190265113,93.74584916074484,141.3315970377073
46095,2008,51.0,62.54537030838793,49.55538875385,55.99297379680306,100.96083284533371
46097,2008,106.0,112.01556717283133,89.5493146732244,110.73808833163656,145.07720894536627
46099,2008,162.0,132.17924101246948,122.81143684274662,135.1818684207761,165.31692002674004
46101,2008,164.0,128.07431247055067,116.82974515770223,124.91211204664238,157.6097356536052
46103,2008,56.0,81.82388007030086,61.13840634759666,76.38369437688993,128.45107053786182
46107,2008,123.0,116.13551221867353,86.22328709323769,112.52173555291601,147.22372310890785
46109,2008,145.0,108.29189491405646,88.83791949440952,105.24054429543553,144.23876604462382
46111,2008,109.0,101.59186170780622,88.709912094748,97.85087116431197,139.93084351545284
46115,2008,158.0,109.45272886647453,96.6570531972929,110.78873923330836,142.43667646396474
46119,2008,114.0,113.6846619358195,89.39107717500472,109.40859960496017,148.00017404527946
46121,2008,108.0,125.02795409269156,92.4183660670642,117.31841861279538,151.14908768155811
46123,2008,78.0,78.90654433622595,57.3105884164839,73.42004426880361,113.59328009192022
46125,2008,143.0,127.14521206581527,108.3140899001685,122.82564063778308,151.88429792383133
46127,2008,165.0,160.524421266973,131.89294122225618,166.37100873007412,176.1260039024958
46129,2008,125.0,107.20514284680357,75.30430520287115,97.58820176639713,140.85093475290924
46137,2008,77.0,64.32809502955813,54.452934275896986,63.37234123112068,119.36710911115448
48025,2008,49.0,63.64826433771852,31.681392889735704,65.07787806122673,112.80090224028882
48027,2008,63.0,60.56381748058658,35.741599817489615,65.20919388571424,107.34004048712812
48029,2008,61.0,73.21486414278208,32.20190145395518,71.94111316937324,112.85286272078446
48051,2008,94.0,72.83297338450943,40.855912459030094,76.13750175759239,114.38635661196236
48057,2008,76.0,92.27325284284399,54.72562200456884,92.82858188963424,127.64965450805227
48061,2008,70.0,85.03085107847618,54.0831559067361,92.97696180935175,121.06739794921901
48065,2008,182.0,170.13516046009218,117.19883590459133,167.7175968063078,200.36137929609828
48069,2008,208.0,196.17029403451227,124.37473860953395,187.92581232636493,215.3515717751614
48085,2008,49.0,79.9650956693866,56.454293723632894,79.48886104966756,113.43151028298583
48089,2008,68.0,81.69301831048897,48.166674678019476,81.66092894677261,111.21360218110908
48099,2008,42.0,57.173449535711015,32.80068569165345,58.27178807514884,110.03563388882708
48111,2008,175.0,182.13067761060103,132.99359604967185,172.00278327936513,192.07712026551343
48117,2008,178.0,183.30863548183416,135.2882021135217,176.07693820067257,206.7862138335486
48123,2008,42.0,61.249482229359074,36.431482238206016,62.20694337616203,109.43994460897245
48139,2008,55.0,67.41951743851405,39.219680772591346,70.30682652227638,106.99041866310006
48145,2008,69.0,66.84441741703228,39.9248447976691,69.59329305528384,115.09706190796086
48147,2008,82.0,89.24435069127432,62.35453572976266,88.11084622024788,119.09582264537804
48149,2008,40.0,67.29821759498421,34.39632014831525,64.15918110672074,110.28159585261201
48153,2008,146.0,174.013317259746,130.00510637367267,183.55092748274043,210.90998561676037
48157,2008,64.0,81.8001088017267,51.6447430693598,82.7941520183178,121.77473086636527
48177,2008,46.0,75.51456665699926,31.990857693194897,71.0668874376762,110.688738664049
48181,2008,75.0,75.79809337182374,56.39437886481622,76.95098389247849,106.05515017085938
48187,2008,24.0,54.14406938684389,27.231418774680684,54.58424778868097,107.390088254499
48189,2008,166.0,182.19768904004735,117.26718374770131,183.14386793076403,202.1188057216392
48195,2008,211.0,182.68613148358384,115.06184682644324,174.3305173243597,201.5733705977906
48205,2008,198.0,187.34410162147694,141.39205729873797,197.86871682584515,210.38295036694134
48215,2008,75.0,77.01983856643396,50.30729876584909,80.92049271886027,119.07801475372983
48217,2008,55.0,64.4188140443693,32.743647851365736,62.49180850276063,106.22858035226596
48233,2008,191.0,188.31477071980987,119.29326800820131,185.4012709067953,209.1745330473917
48239,2008,72.0,88.67863558154383,55.31257171874771,97.0284752084124,124.31399562534469
48277,2008,93.0,106.3354731767949,68.9951961865739,107.86642176370769,133.06799155544073
48279,2008,172.0,182.19826520123493,112.32401689156781,166.23989145364718,203.80451451999326
48287,2008,44.0,74.54532208404362,32.716438341659504,74.37249062021539,119.29724174026076
48309,2008,58.0,64.58337618587943,27.673467738442262,61.36920878703517,109.5674378561136
48321,2008,75.0,75.28052528416256,62.09369395037022,78.89758969195086,120.38376918511011
48325,2008,102.0,93.44244585490442,51.422550515055654,96.46907685332071,124.22313430865563
48331,2008,60.0,80.29346828982854,59.25229533829713,80.73669340459206,119.28375244398188
48341,2008,211.0,196.6973210184112,116.91257387504093,181.36742893124045,192.18611551232212
48349,2008,54.0,64.76088725836021,39.195154314791175,67.57759261371537,109.95602739495745
48355,2008,39.0,67.368370932294,45.95579394287551,72.10189461449232,121.51334073095751
48357,2008,216.0,168.10863708670786,100.67308891513527,152.41028738617084,193.39222802406792
48369,2008,174.0,186.16154445792048,134.36561099868712,185.82249831184632,207.76148059261288
48421,2008,208.0,185.0000605421944,128.13193332256034,186.82841520691528,210.60337476880576
48437,2008,162.0,181.80441667203652,116.03731816019871,179.30975187487627,204.05917921498812
48453,2008,47.0,53.4224960787015,30.421808603370657,58.624604062782765,110.1829591711664
48463,2008,112.0,109.50333094089709,53.71946747305934,110.11438771052978,132.82871241316747
48469,2008,83.0,66.75617288092998,47.8716067100037,73.28554571356456,116.13513573084433
48473,2008,55.0,87.72962567936686,51.23467514623749,86.95709834250593,119.7316647006264
48481,2008,82.0,89.16401548283602,47.170668155679294,87.99989248202195,122.20144195974484
48491,2008,59.0,60.295006176526385,30.741216481163413,63.525151970793026,110.52857782794673
48493,2008,68.0,73.73822637214082,34.734650644990396,68.33631974975827,107.9271138850167
55001,2008,157.0,126.5258789227185,104.61139334635754,131.29568407888667,155.72857612432725
55003,2008,91.0,99.96809024182546,69.32440525822392,98.13684562524398,135.31104296094304
55005,2008,122.0,108.11663905598922,89.55801546397122,111.04159701413123,136.36245035084835
55009,2008,114.0,133.03877285685917,105.95987817000538,134.85295464217637,164.41833241471465
55011,2008,144.0,147.46401629067284,133.82596996813967,142.73205942514352,163.2428372860944
55013,2008,97.0,104.20642735044433,81.0381627226258,109.49441474771189,143.57239046648561
55015,2008,136.0,137.40424588578963,105.91762435855247,141.2896916826724,167.21872193788474
55017,2008,142.0,119.91433787748663,99.48137528770465,120.00984452338237,141.3527516966324
55019,2008,131.0,112.87183052025061,100.81981577976642,121.53316468858928,151.16499917625333
55021,2008,144.0,138.93416634893816,129.06229182401268,144.79917536605282,165.26525324838215
55023,2008,147.0,149.5847427447887,130.81542582867996,147.1538061925701,174.39953192844413
55025,2008,136.0,145.547525373456,126.16721597574443,150.1042615133122,170.5577438182984
55027,2008,143.0,152.15326164685058,137.31964197403363,154.91355371122265,174.65725213259051
55029,2008,119.0,107.18320162065493,89.34694871613664,107.99817561203413,145.78309723615897
55033,2008,136.0,117.03291252133182,99.76138090154924,119.89579359225486,141.49852125842142
55035,2008,148.0,118.91526805583511,98.9888146630957,123.83768980605679,147.11966447357463
55039,2008,153.0,134.4602400677361,117.43661138237819,140.5396578233872,168.44417202354015
55043,2008,165.0,147.27748134853402,116.00365052649204,148.74586456071094,169.9856557207353
55045,2008,141.0,146.91734827086455,122.20759668437785,148.97134585654635,174.29911881441558
55047,2008,137.0,133.41646582164037,116.54409167464003,139.65071464921687,165.76872077011072
55049,2008,145.0,142.4586731589264,115.26889035177852,142.59468568257037,168.31101098361222
55053,2008,140.0,123.00454470352912,98.80317014095428,127.01058994794221,154.33155748666806
55055,2008,126.0,143.96732972418573,129.10776800420985,147.55714060007207,172.09403676459036
55057,2008,128.0,131.61277313105734,111.32975170273558,137.9214698176655,160.8355926565912
55059,2008,141.0,138.75948396998496,116.67129918040145,143.1954897686582,164.0303808572517
55061,2008,118.0,112.08264806590476,90.8269628296759,112.05244055627504,149.9519710833585
55063,2008,153.0,151.81795690186465,129.4328054647546,150.49158530632516,165.72336204049245
55065,2008,158.0,152.023364533827,121.52631875067978,155.46436580834543,182.3398333144885
55067,2008,85.0,100.6445451711379,80.94605318709831,101.0509397691037,141.88880066608405
55069,2008,119.0,97.84810551713124,79.07574250915981,101.98501502082541,138.78895060978076
55071,2008,134.0,122.71573226004675,102.22599818294685,123.74169015598518,149.96839993362676
55073,2008,117.0,108.2113683716198,94.35575332664544,118.44166180653401,141.30100690015388
55075,2008,112.0,102.46849368085404,89.55182354264532,110.4975357470604,139.72368419446823
55077,2008,114.0,119.96998083303484,105.39639988970747,125.69856770610177,155.33440420725412
55081,2008,135.0,135.14271200103138,107.50768992834827,132.77884510852323,159.3421825760142
55083,2008,118.0,109.88943130376813,97.49525706017685,117.19718245933855,144.1729570704378
55087,2008,142.0,139.8926522087875,122.66542500845242,139.21493288722036,169.91550890733413
55091,2008,146.0,129.56047604542235,117.93734299025465,130.6426108671863,149.98023713054036
55093,2008,162.0,143.0644704387257,121.07900809488969,135.89614545746798,168.6134269077545
55095,2008,109.0,111.6332349030656,84.8469564971536,113.08272716290126,136.48337776245302
55097,2008,124.0,123.29096420085251,96.16960582868697,123.97373923162625,157.11454924399865
55099,2008,86.0,92.02297610374315,70.13245760201737,97.92245142463435,137.36993688476164
55101,2008,132.0,138.46944576506354,117.9194049284054,145.96092463019136,164.12288627620862
55103,2008,125.0,141.54562018909937,118.93345360297134,144.79894301388558,168.25944409273015
55105,2008,146.0,151.67324348936594,133.5864303052083,154.01394008529542,174.23302306900263
55107,2008,113.0,104.33536205354955,87.42296543245791,110.61528712114341,140.7856971113326
55109,2008,141.0,120.22202156725164,93.03595108494817,112.95827622527473,146.32833815185134
55111,2008,125.0,138.80308076251205,119.56883131489437,141.93368659971895,162.64155754027067
55113,2008,95.0,94.63659844405458,72.48142352955212,104.22292119471611,136.85895474614819
55115,2008,103.0,114.86679354707667,103.43200314308305,123.8315583003489,148.71502925225022
55117,2008,131.0,125.60376359413846,92.21684245266094,131.49448393267824,153.1370109158024
55119,2008,132.0,103.63278587362946,86.22452409247457,109.4899043934201,140.90689891860208
55121,2008,134.0,131.74565049607648,116.7961307913696,131.60362952199998,158.56815853059362
55123,2008,142.0,149.6933099869567,128.0088203746058,145.5362926617125,172.9599423510541
55127,2008,139.0,152.26699041816047,142.29092026594884,151.33224486199978,169.74636234277878
55129,2008,89.0,104.9345545272905,78.23202594019794,113.69337756062818,136.9711113424955
55131,2008,124.0,128.59524286211447,104.92542879808708,133.34173808066578,158.64278858787364
55133,2008,119.0,132.24718850221748,118.03656679154712,131.93907744213874,161.1453193270521
55135,2008,135.0,128.12950097809463,113.57025510889525,128.22550198628898,155.65824449175534
55137,2008,131.0,127.09191793619028,105.59123540000004,132.9917418153107,156.16334611108363
55139,2008,129.0,140.59489973633745,114.3605759113296,142.1564246817548,166.87216197280847
55141,2008,120.0,124.86783744273527,106.57586144844544,130.5361139591516,153.61032603303556
17001,2009,172.0,180.44111801225654,154.82871251966432,175.0420160004396,193.98073559268974
17003,2009,161.0,160.18109862055343,147.40528909533344,165.26203223068006,171.74338848684766
17005,2009,160.0,156.40492806169436,136.18830959118185,155.7461128803392,177.41807725907057
17007,2009,148.0,169.6777312976995,145.40579627078125,165.56994591350488,186.52125884108275
17009,2009,157.0,177.43219531738342,152.9265583018263,173.2518540852326,195.71129229588053
17011,2009,176.0,174.36951928234677,155.96237440306115,175.33305375275478,189.32589214265192
17013,2009,177.0,169.04336984425333,147.46247044362914,166.918480902811,184.85905828613082
17015,2009,189.0,174.3721870094265,149.78973812256098,172.0208487247305,189.19617929600955
17017,2009,182.0,185.47772064881943,156.84319757814063,180.5396724035816,195.1999643849554
17019,2009,190.0,171.10400218764332,152.70399910167535,174.7173739918947,186.67931225863788
17021,2009,183.0,188.87912603263564,161.14132670149777,183.03467050128063,198.706276889594
17023,2009,162.0,162.0918138499557,140.1736616391719,168.35802030167596,174.78897383956382
17025,2009,144.0,146.26642621666628,126.935288921888,148.20158255242538,158.04908072058424
17027,2009,163.0,155.42392592421047,135.5853489604296,156.54030226871666,175.15833663810645
17029,2009,177.0,173.96863315970973,154.2739267697933,171.30901165029846,188.6541868390148
17031,2009,138.0,143.9507062242924,126.77472893927899,142.25849099185126,170.94412442897777
17033,2009,150.0,154.53740717476956,135.68040157765213,158.53011361611655,164.2188946443538
17035,2009,164.0,153.24448044474335,136.5034864689644,155.4705162528641,170.70351122112615
17037,2009,161.0,170.9946284709989,147.40212084740463,169.97244658459806,189.9773359037477
17039,2009,188.0,183.1526993966549,156.66956341980585,178.05036179073255,191.90462052539255
17041,2009,179.0,176.88042428461085,152.5477394517767,171.93955876560793,188.56439390311823
17043,2009,134.0,160.15422613623682,141.97827453804254,153.1443413777294,177.81275349554278
17045,2009,168.0,168.9868887321511,146.89573282706894,167.042209485674,182.93036520364103
17047,2009,159.0,156.98257851418418,137.62856640270817,159.1030136697308,163.186012789921
17049,2009,164.0,155.17672058604887,135.73487260828148,157.8320346602106,169.34243798331227
17051,2009,152.0,158.06233649751803,138.35568972157262,158.78314449454214,171.447159779323
17053,2009,182.0,164.1008598175414,137.30153961921545,165.72531977891214,185.3504441733714
17055,2009,149.0,144.7318381011165,126.74290226540921,144.4694741634499,158.27756521096794
17057,2009,175.0,180.9288427831721,151.29935745552646,172.80939062763844,191.48393956865
17059,2009,160.0,166.68362323821026,147.63489790540805,167.30902845515448,167.30902845515448
17061,2009,171.0,179.0648680773597,150.977519280788,175.00110713289718,189.42507422259138
17063,2009,169.0,168.57137391807663,146.65538433298983,170.5433823160979,186.5777383063547
17065,2009,160.0,147.6315594731344,133.90434087982868,149.1305459087867,161.93767097975177
17067,2009,179.0,183.89796217206114,155.7700321516119,176.32595143293986,195.41382763723007
17071,2009,174.0,178.0102077088286,149.339384665655,174.29948259995206,188.79747150157678
17073,2009,182.0,174.5562399533624,150.76210776735087,170.77562843755277,188.9158711246883
17075,2009,178.0,164.4694063365283,144.68056714655273,166.68870902155288,186.1903492103317
17077,2009,152.0,162.19082801763597,128.58704306601572,165.1389598848169,165.1389598848169
17079,2009,149.0,152.93898202617297,135.1169908839322,160.04585071766346,175.84963892401572
17081,2009,139.0,140.97085473382094,129.9645042302045,145.16889073917886,157.69390269220293
17083,2009,167.0,173.27970383371485,149.81840478913327,173.7646527575252,184.8870898759516
17085,2009,166.0,159.89747180527675,138.2492474274402,163.9940694102046,185.05579158062434
17087,2009,137.0,138.29173880216257,113.75916759373966,144.9535564581695,149.860282291694
17089,2009,160.0,167.55270104929508,141.8247607023115,163.82317472676942,187.6713425925889
17091,2009,166.0,163.80670937255175,145.85637270551086,162.09120874892346,180.93241457239688
17093,2009,179.0,166.35008392177883,145.25691048141485,165.44540318163092,188.6307857441458
17095,2009,186.0,175.89451191652623,146.62811637538158,175.7037133316525,191.50704233457242
17097,2009,121.0,134.58244610324329,111.02778915928724,133.34773780432707,161.0586298545255
17099,2009,183.0,167.38335792976693,146.7008930622686,169.26025704060424,187.22458822585858
17101,2009,146.0,157.60915846093624,120.35243421183034,161.18837300433032,166.0627996288655
17103,2009,168.0,166.2775195052358,146.44522261715537,165.42902154640177,186.98186544416774
17105,2009,184.0,163.65462342281876,143.7348076980366,163.7410909754828,185.85581179619965
17107,2009,188.0,188.46905204638784,162.98821486966818,181.62382752681881,198.63802330454013
17109,2009,188.0,188.9195422194862,156.47283085103325,184.87508602293144,194.82647124440143
17111,2009,143.0,152.80639178414899,128.00762044195855,146.15562127735905,177.5106577376915
17113,2009,186.0,180.0704302571956,155.64654737561753,179.04542312274356,190.20884720537623
17115,2009,192.0,185.59002440284766,156.453235667555,178.7374195210206,191.85078558672618
17117,2009,166.0,180.67441036447647,150.67633313588965,175.16442042445397,188.54020192163586
17119,2009,166.0,172.95846939589086,148.2119071211447,170.46086735595455,182.13624217479133
17121,2009,147.0,145.55617118581455,130.2652370526109,153.01530905550712,170.68122568988898
17123,2009,172.0,177.7682357597559,158.37840208321666,179.2219569814188,190.2872059223273
17125,2009,165.0,161.37757287461457,131.22506056149172,163.82784651820563,175.0601659080036
17127,2009,153.0,144.2622586002477,120.76964164421699,147.0630164844321,152.541244273246
17129,2009,190.0,188.09405640677005,157.507082703227,180.09048834734455,195.08072245157175
17131,2009,176.0,171.70703475175299,144.8423703130853,172.4523984273608,187.12059664333103
17133,2009,160.0,168.81951207826572,147.9542722901406,169.53106865615553,171.93726026180315
17135,2009,168.0,178.41585465568525,153.31487992880824,175.57714732644456,187.09157224683736
17137,2009,187.0,188.3743308395546,156.81364638174864,184.83731273693107,198.67519052715025
17139,2009,179.0,175.06742353047227,151.14195687921702,174.71854622802587,189.46676815980746
17141,2009,167.0,172.65164098455884,148.99616797768616,170.28683604128594,187.47963740564708
17143,2009,176.0,178.29404817174844,150.75804585199413,176.91851882030625,193.6277096723383
17145,2009,142.0,144.04709961153827,117.3591024839496,150.62759217296292,165.00209816000879
17147,2009,183.0,182.43087309118985,160.05149226172728,177.7681333187736,192.9785550635266
17149,2009,169.0,175.68451586111212,151.67377789187813,173.5505750278271,189.71196168322967
17153,2009,156.0,159.8888312155358,140.28662692847118,159.65671732872238,160.79405971197338
17155,2009,180.0,180.5748437265726,159.3531892666749,181.35774994324163,195.33959859418462
17157,2009,140.0,155.7096008770997,126.00350884454389,158.13229037137563,161.38841349031637
17159,2009,141.0,143.51966657777243,127.88894125585341,144.24938495482107,161.3199867916507
17161,2009,175.0,170.4114598996586,145.21324926922102,171.70176498152375,182.39080965936742
17163,2009,158.0,171.75258380928298,144.26360492949385,168.83124052565165,173.22033461076316
17165,2009,163.0,148.12381537355947,134.40111804044292,153.03823794916536,159.66603753607586
17167,2009,189.0,191.52328113018623,161.12276722719164,186.32137990535333,198.14309975801623
17169,2009,175.0,180.8650552457777,155.88779782628433,175.1015484222488,196.97093034055814
17171,2009,185.0,181.78225833714265,151.74086252312324,176.70949812700434,194.7326966041583
17173,2009,171.0,175.55215002877407,149.1299242677369,167.95633061497261,192.75100040025313
17175,2009,172.0,177.19595706194193,148.53567252527301,178.29532849683153,195.3939435880061
17177,2009,175.0,169.4713539360249,147.1087074358776,170.34060809282914,186.8921827480336
17179,2009,182.0,182.46994861088757,155.08290790986982,177.01207061357132,192.87197421858053
17181,2009,148.0,158.1438829148636,141.38556001891345,165.87838043552236,166.41981433327257
17183,2009,183.0,164.1728357792,145.73034544998112,166.3539553301265,182.41437139023586
17185,2009,165.0,166.06441612751192,127.66062686128402,166.88895375516776,166.88895375516776
17187,2009,193.0,177.05047775803015,148.73386153232676,175.15026145771276,191.0088532210683
17189,2009,161.0,152.88718331295334,133.87238506394888,155.2996253246523,175.05751483494373
17191,2009,153.0,145.5354538939713,131.2228325910333,149.05960275467388,163.65866514214028
17193,2009,158.0,166.4579759479303,146.43093545248573,169.16528931097204,174.27999433957055
17195,2009,179.0,161.630887133007,140.40815513767038,162.3272413868308,183.51564173301688
17197,2009,158.0,159.4294296064073,136.5554355477514,153.64875328856223,179.62784160998794
17199,2009,151.0,135.70289308541558,109.52519140417478,143.91210151876547,148.18156530258275
17201,2009,166.0,164.88734933400818,142.2435958430802,165.23119764136442,185.69765127259467
17203,2009,187.0,182.229375600951,161.69771356721014,179.74987192516744,198.09476059343316
18001,2009,167.0,154.17198794203355,134.85706526019976,155.1835063131067,177.62184704478696
18003,2009,177.0,147.18799475526484,134.15268024399668,148.91833357254484,171.03496127147417
18005,2009,175.0,159.55188985526863,136.39814909511912,162.3376831582393,172.61785264900175
18007,2009,185.0,169.0904957048916,148.00110946125113,163.75983630692085,183.63023771657575
18009,2009,165.0,151.36790644451827,129.19078512604418,143.53157044216474,175.2174776149375
18011,2009,182.0,164.2760484677042,146.61863052328056,163.42066366338912,182.9637946062576
18013,2009,154.0,145.92349216454625,112.87057857444472,147.93532305709675,158.25618103034364
18015,2009,175.0,171.43406135732346,150.57524494055855,162.90144316151913,187.32077661602747
18017,2009,164.0,157.99706915794084,137.8764281875137,155.0098114556809,175.1499072256886
18019,2009,155.0,138.97435679639483,115.22266532136027,144.73434533032915,156.9610035861824
18021,2009,156.0,159.07784217275642,134.80361585054078,163.11131131319254,173.2650123441917
18023,2009,185.0,165.036513313409,141.55805089950135,160.1468605678511,184.76868034920435
18027,2009,182.0,159.1546303342644,136.36583848533465,165.28868265044477,174.92753226165024
18029,2009,167.0,139.79885578529192,130.36319650769846,142.39193752100047,167.3149606857903
18031,2009,181.0,160.09793556200168,145.7199855130132,160.4404951798635,177.27536759816257
18033,2009,150.0,141.6713128625135,124.46793377642487,140.87434651592386,165.558319169051
18035,2009,154.0,161.05734023413822,141.51206866855915,156.24141220361795,184.03568488612697
18037,2009,169.0,139.057428402108,112.71960905217315,144.01153734892637,160.61775820189976
18039,2009,161.0,149.72045636681165,135.38570950363646,143.6560935065193,168.31031751637266
18041,2009,184.0,161.92577415949336,141.54702182053654,161.89369977046596,180.53823368700415
18045,2009,184.0,171.92536037864568,153.8643561361985,172.30850115849722,187.4640622020679
18047,2009,185.0,157.5384002020478,141.4420839031163,161.87381156003457,177.61614612127067
18049,2009,160.0,148.4791676627885,127.59787595781961,149.48032446744128,164.80900249922138
18051,2009,166.0,169.92835829256748,144.97467073539553,169.99872994631832,177.81080078109656
18053,2009,171.0,160.90111635640852,138.64944865930153,153.19006965934398,181.64403229087324
18055,2009,166.0,156.8491825028939,125.68291181482957,160.50318489791155,165.17691219506312
18057,2009,172.0,162.09363673463034,136.58012111493747,158.37365730232887,174.91180706708207
18059,2009,185.0,157.44988134423025,134.08206691190355,154.1658202833124,178.32760981336637
18061,2009,174.0,137.06388192398535,117.48504155369145,139.420638167601,162.09916386249202
18063,2009,179.0,163.5278683361535,140.96178114890267,161.18259002800383,180.23166696167172
18065,2009,187.0,158.40454482240514,135.9122815765141,153.52476567542746,178.29782150587917
18067,2009,186.0,163.68669849742034,141.86799622357455,155.49719521195505,177.63027560596194
18069,2009,176.0,154.5273127176916,137.06105391491167,149.94357214024828,173.1591917359917
18071,2009,164.0,151.23040982604763,122.47320518716833,158.87012611004695,162.67845041160555
18073,2009,160.0,154.7449156895387,134.04753719239355,153.44309854096312,174.32110272780233
18075,2009,153.0,151.44904965453793,128.86948775611995,148.02720665721054,173.4081325168855
18079,2009,167.0,147.25683169339555,130.7110843532204,149.46666573548825,159.44634750423654
18081,2009,167.0,161.51954513274933,139.99836989941258,158.04604297716287,174.57496736287567
18083,2009,167.0,167.70810063071485,131.00004754771453,170.8715356608417,178.54114045484909
18085,2009,160.0,145.7465176346836,130.73656028746112,142.82606102726277,164.82843145272705
18087,2009,136.0,139.34172130241888,120.51439988671113,135.17642878511285,160.40948757556
18089,2009,162.0,150.17330541900938,127.53583417507397,144.46486673912912,164.88796292612122
18091,2009,154.0,144.1878504752239,117.16981050860593,141.78703124945298,166.03672274717024
18093,2009,164.0,139.56322429385827,112.07375497075044,144.6558391713766,156.94771354985974
18095,2009,169.0,163.83944492904573,138.61676212278206,155.39835328321308,179.72943149960523
18097,2009,169.0,162.08003501297375,137.3075571847195,158.50107031021304,179.00908361272516
18099,2009,155.0,155.02303143881073,138.83806789598583,156.37893699499867,171.54149024967919
18101,2009,172.0,155.04957233383342,132.82961188302107,159.07998039684534,164.58790849359917
18103,2009,164.0,154.08783489326134,137.98092376461457,148.83770871844922,172.6757851444084
18105,2009,154.0,137.4439656007264,114.40347082031742,145.95099532258274,156.73338906619924
18107,2009,192.0,165.56549516128666,146.6263204591172,166.9369961955058,186.0133743441928
18109,2009,175.0,165.12775226679463,148.31245114483377,165.09332550450986,181.9778605684321
18111,2009,182.0,162.06828627361836,135.1628938552114,159.9113353444237,180.14379404923736
18113,2009,153.0,142.42456752310494,126.12997986741186,139.86293576740042,161.75600067314113
18117,2009,173.0,142.10919609069444,111.56515186838193,149.8459385521357,162.03241185632706
18119,2009,152.0,147.7830153505164,133.88324469049996,155.76832844702827,159.81053508928952
18121,2009,170.0,170.08735650808856,149.67780099400375,169.28582516791545,185.7272200168115
18123,2009,161.0,142.33882732035912,115.42954729722072,145.58569140173284,154.59998640240988
18125,2009,155.0,155.25715949094615,135.79273689945117,159.37351639275906,161.07615685157418
18127,2009,156.0,148.08244141932363,126.55843890600693,146.79059042301765,168.45901810524467
18129,2009,176.0,168.8206488084163,143.87609967831787,170.37729758016673,170.4053588490793
18131,2009,148.0,149.7519044559053,133.40777314417502,151.94418176982288,170.47980588715157
18133,2009,172.0,159.96878015925037,137.95836575955013,164.64366204402538,178.8291778897749
18135,2009,173.0,157.76823530736635,129.0215498218569,155.61236985809145,175.93845328517457
18137,2009,164.0,141.72788964205108,133.83669173011933,146.43916137858696,163.49465551458547
18139,2009,185.0,158.98386470596685,140.40483766271163,159.0257123286978,176.4934873225759
18141,2009,166.0,150.7998509415326,131.60021420424272,145.73788270581696,170.17471773397884
18143,2009,152.0,140.17877268923309,115.00894724016486,146.87843954105367,159.29112737861868
18145,2009,177.0,160.850930357012,136.49571521931838,160.11420475562906,173.90520850330978
18147,2009,177.0,155.75698571081608,128.94209111863165,156.73279394577727,156.73279394577727
18149,2009,134.0,137.54628849565688,121.92686850624978,142.96921461579043,159.51647685629678
18151,2009,140.0,134.69225159808553,121.05379597669071,133.79143981411417,161.77164895989702
18153,2009,167.0,162.44938350422575,137.63157736932055,164.03556949831167,173.97536340666707
18155,2009,153.0,138.26254413862745,125.8460973747498,141.84427555752865,165.3365661986469
18157,2009,179.0,170.58723840689996,150.1237017618563,163.70334492829164,188.2827232639602
18159,2009,186.0,169.73209858551218,144.51343561838658,160.1688885392228,186.92233023134648
18161,2009,196.0,164.51907468943315,142.94321502642973,161.48620194188635,181.91248712707812
18163,2009,178.0,169.9646423333102,145.45905899521733,166.36381646408492,171.3376493603841
18165,2009,175.0,167.95670745395952,151.6006268708808,166.72920164493047,183.40146634127845
18167,2009,151.0,168.44322263130863,150.56688062146398,169.3500218766866,183.15575822169478
18169,2009,173.0,161.26928344150744,139.30571333717955,155.6434991497835,176.62003918685568
18171,2009,187.0,165.13281993098659,148.9695114212378,166.13689141731408,182.36225463636802
18173,2009,169.0,156.10348527885034,117.94274337789263,159.671514431291,161.55848592461382
18175,2009,162.0,138.48940468482166,112.87012573323105,144.42190879567113,160.16261240944695
18177,2009,184.0,158.80458692810652,131.58426443770747,152.97203911909045,177.52005867290222
18179,2009,179.0,158.1893327323326,139.17181772544143,153.06869129721022,175.5694080766702
18181,2009,181.0,159.93684117884837,140.66485375403542,151.946229790541,179.03398698294706
18183,2009,170.0,146.70021769632342,128.38198323417276,146.85860424655306,170.90345796639363
19001,2009,179.3,178.10782381817165,159.78171590284478,173.23965713685882,192.89572382633975
19003,2009,168.1,176.000395367478,159.9095338645207,172.05603753414505,192.72193243184066
19005,2009,179.6,170.36674330331059,140.95346052237093,165.00091424047218,185.10988458177297
19007,2009,153.0,162.26265955926337,139.70986595933027,157.0296610193309,180.58003210172413
19009,2009,190.4,177.89873596071814,158.84649639691588,182.6339267439639,196.42658255191378
19011,2009,184.7,171.63542980292272,151.87510269637667,175.05918971728155,189.9462426112673
19013,2009,173.2,173.47820631879912,154.96080703844748,173.5170555258451,192.55860826131988
19015,2009,183.4,178.2327747311169,158.78940956666423,185.7661356146788,197.61800480401863
19017,2009,188.9,175.27405160676244,153.93285738374618,173.63761488790664,192.42339561270035
19019,2009,170.5,174.36094121805093,153.18458969069482,171.98631858924838,190.58431328535636
19021,2009,190.7,178.1473245949143,161.7297675083998,185.7149935987545,196.77507774775503
19023,2009,181.8,173.6259944040061,153.19809780156777,170.52035654049007,189.79937947030874
19025,2009,168.3,178.82792456113393,161.79290440435406,186.78229876426846,197.467841462125
19027,2009,200.1,180.0286064850645,161.90438571655253,184.62190400775782,198.2894297411699
19029,2009,182.4,179.63338028798327,163.17504766040392,177.99384275640864,197.14075567123595
19031,2009,191.5,167.71035331263684,144.2664296962903,169.91686343102836,187.9089343465773
19033,2009,169.8,175.59716543740123,152.55795337959395,172.67992588349296,192.19090862804472
19035,2009,201.9,180.60933544430546,170.17890499240605,180.9746199009301,197.2340571962235
19037,2009,169.3,173.59773895550447,152.0270216930729,170.55953052496432,188.96922209513758
19039,2009,138.9,160.56787607656108,147.06046455354877,154.5641023270922,181.1327940324767
19041,2009,184.2,176.67010484341066,159.14012211516592,181.31463844413744,195.77765278825044
19043,2009,172.1,170.63672328139853,141.8907843826502,170.03572221414305,187.922802292461
19045,2009,190.4,168.69742880205337,147.80942023121014,169.7542201466843,188.80301525157037
19047,2009,199.6,172.6214338176454,159.50144488220093,179.99793634591467,194.31558857776173
19049,2009,183.7,181.74929146781307,168.72391587471793,185.5564397820626,197.2421622841537
19051,2009,142.7,164.17571189366404,144.29037687017646,161.95474682194165,181.2290191723348
19053,2009,144.4,165.12796038320397,152.48450164458322,159.64102385259383,185.56098466467174
19055,2009,176.3,172.88121920423833,152.74199367471914,168.35050014215358,189.45614849074573
19057,2009,166.4,172.81721258211195,150.62254208709052,173.2483536777651,189.16393701501724
19059,2009,185.3,174.74200825312604,160.7922958624672,175.3854653067824,192.27866551463052
19061,2009,183.8,171.32013753416356,150.59916261865217,171.74906522958304,186.2321771681699
19063,2009,190.1,175.82303891420824,156.1531085702539,179.45443314227325,195.11124860063367
19065,2009,158.6,175.93798467531582,152.4257864319547,172.937150309861,190.86925894233576
19067,2009,174.0,173.8971485910012,152.44064961710853,170.55071396534092,191.06229736068335
19069,2009,167.0,175.51345927602273,155.30458448793317,175.63900047619524,193.44131546164502
19071,2009,187.3,181.49000872551528,169.4393423108843,180.9675643678474,196.65641199900253
19073,2009,188.1,179.6757557639068,161.4819789204679,186.9892818801764,198.64308888746376
19075,2009,178.0,172.35909273995992,155.41453765083065,173.22285590135598,192.97751340869297
19077,2009,173.4,178.18429979931028,161.80557433367665,179.4593442451669,193.59860437135586
19079,2009,167.5,179.31142449677247,160.60401036420694,187.49157462236101,198.055728442792
19081,2009,178.5,177.4847114686224,155.57133911570776,178.20930827401648,190.8262500441745
19083,2009,162.9,176.23498807428615,156.64410593838525,180.83453209496201,193.65847658843953
19085,2009,196.8,175.52971621772454,166.79471446679165,179.9503663354499,192.7019434112797
19087,2009,155.9,173.0758532437136,148.15799898550443,172.5363538192154,189.21415970343648
19089,2009,169.9,171.81724962916172,149.128184607046,166.9439910679314,184.1184183638748
19091,2009,191.0,178.67038851566144,159.9279795456276,186.57008390714915,197.55665036473764
19093,2009,206.6,176.63533059348012,159.58404171638216,178.45300145127501,195.66770476500426
19095,2009,180.2,173.56342497183854,154.1993622653997,174.39126310146813,192.19744477377128
19097,2009,169.6,166.9153785317636,146.40139212270674,168.17939337086653,185.47064161723273
19099,2009,181.4,178.862970738754,162.7284970384464,175.48890766130737,195.22480343238712
19101,2009,150.0,170.9338118785891,148.0018825632996,165.66635867185866,182.81830730901805
19103,2009,178.8,171.8602621898275,147.69163584551828,171.69321484644502,191.55431719377154
19105,2009,190.1,168.3761878549362,151.86824364760255,172.13847989426017,188.79873906025293
19107,2009,167.7,174.6966856862296,153.09881438694018,174.54562536542736,191.4526811573395
19109,2009,191.6,178.67209927840975,155.63881842944883,180.73370488622155,195.00704764249514
19111,2009,167.9,173.04067077179494,147.6132934878719,171.10356785627525,186.6249821105806
19113,2009,189.7,167.02820487279078,150.81477040745256,173.35281447858347,183.27538196933148
19115,2009,158.4,170.27589457477907,151.15231589576294,168.99828418769897,185.36126377544437
19117,2009,137.2,164.54899647174764,145.4182402167915,157.26213689195407,184.28773058731846
19119,2009,192.8,176.80623650696157,168.35162866686875,176.36324638985135,194.22290290601276
19121,2009,167.7,178.52836345549701,158.20359760119564,171.78038331106904,195.28674247583098
19123,2009,182.4,179.13774273512132,162.38571133580035,173.61917248661246,195.69034555403158
19125,2009,165.2,174.42032457534995,158.67087439042308,171.464729818451,190.39622562457748
19127,2009,178.5,177.07758173865884,156.2060700672569,175.5235749818884,193.7960707136598
19129,2009,191.2,181.2998631808313,169.88695598353243,182.27453577398012,196.71654354726653
19131,2009,177.2,175.22009172904293,152.8998505310463,170.8825740641845,189.54039896009087
19133,2009,199.8,173.0927144085326,162.0130932991579,175.10093829826687,187.30229685204986
19135,2009,156.3,165.06223887481414,147.1094270749069,161.80839572502103,187.01707120019705
19137,2009,191.2,178.0966748710821,166.93622379796378,178.89328805787676,196.14544837818656
19139,2009,166.6,170.36938646309528,156.13198616167722,170.49988849310313,186.6249789972337
19141,2009,198.0,180.36192470900906,163.048820727813,178.89462346217397,195.2639190682232
19143,2009,193.6,171.5443723713883,155.29035628775188,175.1886531781001,192.11504867687964
19145,2009,176.8,177.24779145616426,165.84363601272366,177.55890098527527,197.6672458039666
19147,2009,188.1,179.40826795668238,158.95695766225526,184.04060709048696,194.61734616660013
19149,2009,201.1,173.6063232134138,166.65661620996647,175.69167013055758,192.61754654488755
19151,2009,190.1,179.4002272229998,159.70964914880747,186.75429565596735,197.75166765971105
19153,2009,178.6,180.64434669634312,168.55858285989152,182.38363003211762,198.74617402566085
19155,2009,192.4,177.02883646111115,168.2896712779171,182.6118043506309,196.04913124720963
19157,2009,184.5,173.00973142974377,153.36946350719157,174.72907101961655,192.60571597116274
19159,2009,134.4,166.37868204964232,152.7945477165309,159.33317928639607,186.36641527164286
19161,2009,184.5,176.29373607415036,161.44359421707844,181.88393732863884,196.572736329564
19163,2009,184.1,169.6114134747296,146.58701132900876,170.5526716263115,189.2122904906742
19165,2009,202.9,177.2514361707745,158.74149410609044,179.40460173475495,195.65018642081014
19167,2009,201.7,181.9865150877652,171.34158838384752,182.87472459413408,196.8557652748943
19169,2009,174.7,177.291597630666,159.74408731402855,183.02313217700416,195.86715725005155
19171,2009,182.3,176.13692723634094,154.67469926025439,175.4084533022295,191.65867389753197
19173,2009,150.2,167.9117908708926,158.30826987859265,163.47841327427656,186.68035803283937
19175,2009,153.8,169.0317925019361,158.6644705885384,160.54874406280027,191.6651895629712
19177,2009,148.6,165.69293549529863,141.3755096240346,165.72214421142536,181.98515692253952
19179,2009,156.6,174.76406603535142,152.39380088061654,169.57302540745425,186.88869901149323
19181,2009,160.2,171.35689728453755,157.33634845718234,165.6601030941411,191.37658498460587
19183,2009,171.1,172.01543966327284,151.2852291839131,172.69471709639632,189.43385733226992
19185,2009,142.7,163.8854221065304,144.31723791858295,158.61473575187247,184.8827953357767
19187,2009,177.3,179.12939913568385,160.98146093693913,187.39599783471513,197.64156192936755
19189,2009,180.4,171.69201243686337,149.3970461032445,175.71876889781115,190.7689585365383
19191,2009,171.3,173.62832818879374,148.48977199295808,174.0093211986562,189.68391064008142
19193,2009,186.3,172.9238281687952,166.87035363230183,175.9507875376148,191.97097854982476
19195,2009,180.9,170.4304024314307,151.810051803011,170.58169700765376,192.00315449400267
19197,2009,179.0,178.21324809029798,156.558644033767,185.40530506587643,194.75457498687706
20001,2009,115.0,123.22474870714672,95.12675750254316,122.68830372728284,134.17567265150043
20003,2009,115.0,121.69994468115753,94.08333352203478,123.73252889720622,137.475093845667
20005,2009,152.0,155.54505579723866,134.14577273244808,155.6662431456987,174.14941755245107
20007,2009,128.0,141.57848836203678,100.91800396463952,141.97789776250315,174.81137830575972
20009,2009,165.0,160.33596379328753,122.4401098405869,158.94548666933173,180.44846749153422
20013,2009,174.0,161.95108493561733,144.72873929106888,163.95469781308657,179.3484796732661
20015,2009,120.0,122.65253370678603,106.33902267873472,120.14336287903423,132.67183233286838
20017,2009,124.0,137.51011309845464,102.1838034370647,127.49354902995965,135.68808415259443
20019,2009,91.0,105.6464315902218,91.87405584102946,108.25214832301488,125.89583690781012
20021,2009,109.0,125.87745592464063,109.28187970377003,130.0308373114346,143.19684590932346
20029,2009,176.0,167.49015640036822,139.08283772312836,163.45178355123267,186.2319502489368
20031,2009,114.0,124.19933552719235,97.51837467110961,125.28229219810227,138.85314668787305
20041,2009,143.0,130.14505087963798,117.45711060601708,128.31063484508712,159.07150347038197
20043,2009,190.0,168.97015276162233,152.73776935947765,169.59982658609277,191.44093941784521
20045,2009,142.0,148.22927046722702,131.83265333268,152.65395164803058,165.82953844949185
20047,2009,200.0,163.50512280275174,117.91514971379418,164.79938464662638,182.65450327176717
20049,2009,106.0,109.34682797037742,95.79253290922654,107.94823577617059,129.147703865144
20055,2009,202.0,169.68397504279113,132.87658887568716,175.72735323159685,198.12575694175047
20057,2009,199.0,168.01167500290373,103.66843184712458,159.5354703940505,185.78256403697182
20061,2009,171.0,163.1785534277388,139.5396108977691,159.71352888433478,170.21276060843118
20063,2009,139.0,116.81464959165199,108.38979820021201,124.80574897320086,177.5358489661917
20069,2009,219.0,184.0551672131069,134.51602128798854,186.1689183251167,203.2357604869144
20073,2009,115.0,131.62746582074513,98.98298301727286,121.65642727018316,134.23574241654734
20075,2009,152.0,153.08829231424147,121.93837819151204,165.29802448184986,199.164585376848
20079,2009,139.0,146.76846350666148,121.68297897840017,145.30032991730494,159.26634071060172
20081,2009,212.0,169.63832672399235,123.54420930767307,183.55268739324958,195.87866505892617
20085,2009,144.0,150.07689221075987,134.90236560902693,148.1623743772108,169.2271158882557
20087,2009,154.0,152.74557025777372,133.28929134654567,155.5644579918538,169.89019808748486
20093,2009,194.0,174.17932631691173,133.18016747038325,169.39696299861893,195.79087668513625
20107,2009,109.0,124.75929822741735,102.65689324768975,123.33754358695184,139.31430240247136
20109,2009,137.0,123.2020613938457,113.5075810318717,118.42089943292694,172.15322049700262
20111,2009,111.0,129.94350595161217,106.46112573800774,123.74980738647922,141.87274570035126
20113,2009,161.0,166.50561089606737,122.07900272844509,157.33239141307178,169.37787988915008
20115,2009,120.0,116.88986622205309,100.72224439993413,118.36740104384099,135.4302388371481
20117,2009,145.0,152.44102069027204,134.78659795941107,156.71540272752452,176.60881702983923
20119,2009,225.0,179.0267457390914,105.14657964445257,167.3417805031932,202.18668349191682
20121,2009,134.0,134.9263100971105,113.44077209941996,138.77081794263503,152.97697126961688
20125,2009,91.0,109.10348362452109,93.26720357103002,111.4230465144551,126.44413917753391
20127,2009,136.0,137.17034202417707,109.11637119408078,129.53494594521297,144.03170729513582
20131,2009,158.0,156.10399710053377,143.11808083120994,157.85065986371566,178.04870892168702
20133,2009,95.0,117.50635823489361,98.45687119183391,120.15489610777759,130.96259629636575
20137,2009,110.0,114.32704881947227,105.11707501703918,119.63892776306454,172.02868726245168
20139,2009,126.0,135.29787369847318,111.41059369269816,136.0910795299517,143.32838731315488
20141,2009,128.0,141.48343271621712,115.14342614267812,144.8513776187544,173.72977591272164
20143,2009,122.0,146.21708262596897,120.67772113738381,138.36092497482545,181.6006233907351
20145,2009,171.0,162.25243338324546,115.66773396123212,165.88507656692155,188.99804179694328
20147,2009,132.0,119.43508110466632,104.79149439599223,109.99801196514044,166.8735894625167
20149,2009,164.0,165.90429210902212,142.23393438833264,169.99145382137763,174.37208063944757
20151,2009,181.0,159.62321967839247,113.45326273090758,163.28916465104479,181.86482724491765
20153,2009,120.0,139.74237728070275,108.88419226751529,148.78092627102407,175.24747853604978
20155,2009,162.0,153.0575612141635,133.19425829819784,157.5453412229514,171.9556685758683
20157,2009,169.0,164.1461656821664,135.1953265290309,158.5071249371657,178.63989207022547
20159,2009,122.0,162.692623707921,133.02104431776226,156.31206888652372,183.73785146330025
20161,2009,148.0,160.7078252630106,137.52713714884717,157.61613779427697,173.17840211217967
20165,2009,141.0,136.70074334335817,108.48780456956624,133.05945002995443,178.65196250462776
20169,2009,133.0,146.5285045916225,116.52418502563953,138.04057393534043,175.4058590621699
20171,2009,148.0,142.89755080324207,124.80382471539292,137.3810275625989,175.60513964912107
20173,2009,143.0,148.86168548111465,116.72897769897914,149.32689671324377,167.0719517857238
20175,2009,201.0,172.13721904589025,127.24373988869343,175.80275157300622,195.52691471574414
20177,2009,166.0,158.3441093684537,138.48224613330453,164.85220139395787,168.91300512589663
20179,2009,155.0,154.03242451833418,119.20450264617781,164.6846325941149,190.05397999210945
20181,2009,166.0,153.80920162567082,115.66452493325633,148.30182570978695,181.59946775470164
20183,2009,138.0,137.43161970129245,110.78471448684515,130.78899430927964,171.8768974189478
20185,2009,162.0,158.31058562829156,129.26929655717296,160.90174965150712,183.44828859496482
20189,2009,175.0,179.6486951295878,132.09707562897134,177.7678112656215,198.0795165548854
20191,2009,98.0,116.5053878653561,99.48627551066095,119.03986781074816,147.5219074248048
20193,2009,128.0,154.82753478482314,120.30804958621255,147.42837537759365,180.22231547735637
20195,2009,106.0,122.69030938060429,100.29794494214788,130.67067559167816,182.3860142694051
20197,2009,141.0,150.1606638074447,131.6387575535623,155.3560831709843,167.03941131971135
20199,2009,155.0,137.87410185137384,111.77377114451198,133.60947838331666,171.3320770959632
20201,2009,134.0,151.46713967090653,125.40120949813095,156.59774232519214,173.79443827278698
20203,2009,179.0,146.19463531091893,130.82787934207636,161.26987605521145,180.88676396604058
20205,2009,107.0,113.98109952036873,98.21875929531564,117.14195778028501,129.78614341157322
20207,2009,113.0,125.6125790966781,96.30089548615005,125.66505913991007,136.45426967595316
27003,2009,159.0,80.90432353478295,67.02847429697974,90.2130413337829,140.7194569986712
27009,2009,154.0,93.80593743432738,72.34089180311189,95.12018092807999,138.90688250880547
27011,2009,165.0,112.75934997566175,83.02168288913634,113.19044745138956,148.52647585588755
27013,2009,187.0,155.22672735665694,126.93924528927309,159.86440518043264,173.92489323811373
27015,2009,184.0,154.15145487546508,133.04037723957507,160.5679509344767,177.2394810208652
27019,2009,187.0,126.7157358137675,112.87348782107996,137.16954404679018,167.07292658595338
27023,2009,178.0,134.82812398203237,107.65018631983405,143.66512572396223,170.9556604341126
27025,2009,139.0,85.93827957316071,67.58938687476397,91.29142641964204,139.8333274114879
27027,2009,130.0,101.98915716913763,66.96134691794315,87.49657466442434,136.75365859778583
27033,2009,183.0,150.26476668020754,136.7083360989181,155.64132226288993,184.58890976295277
27035,2009,143.0,86.73695374557948,60.35279323964396,85.99360098535004,131.84234327961627
27037,2009,190.0,129.33967482824218,104.90611513565058,126.94571724038677,159.9180327895253
27039,2009,183.0,155.7129935334631,131.5207385175345,157.854888041366,172.92683460339347
27041,2009,136.0,92.98382458823262,64.46393786331042,94.93627406114504,141.67618695637034
27043,2009,190.0,166.89894263059787,139.23777382341245,167.3418192833409,184.03097588331556
27045,2009,176.0,156.97031010222148,126.90039101745151,152.3095175409536,169.71040184074803
27047,2009,177.0,161.53139447716833,136.69293331194834,161.70087139183022,184.15535942985719
27049,2009,187.0,147.34590301610086,126.16401523733063,152.66228367504394,174.2254655926748
27051,2009,158.0,105.23154765850674,66.7987282932667,105.02360749130875,141.91590408044743
27053,2009,180.0,121.07339316044728,109.69186076411026,134.28013467585572,170.08860634993854
27055,2009,172.0,154.1943334573543,125.80370561445295,153.99486138342277,174.83739317764875
27059,2009,140.0,82.39502098634026,67.94289368802924,84.29621027577541,130.56637902048587
27063,2009,184.0,161.41426929987188,137.41424181241845,161.4291369924276,187.57257821178342
27065,2009,125.0,88.88004483970107,56.51310013922782,92.76712038403332,140.02285778427822
27067,2009,186.0,114.09326409127752,90.99966433141579,121.18552897153732,156.64344963832846
27073,2009,176.0,135.9467082395216,115.54250650075173,138.0334605310988,165.0343371137586
27079,2009,185.0,141.45031663379797,111.86680495249854,142.05525515662885,164.0733655013321
27081,2009,163.0,138.18196960827112,118.2655960805442,139.3618763401177,176.2051705978919
27083,2009,174.0,142.32638634568502,116.28312259048276,148.59420986136146,175.69586207234246
27085,2009,183.0,140.87814810065004,119.7550948958601,144.55148516195737,171.86309123562174
27087,2009,115.0,81.20828217468792,49.71920472334359,73.98079318630245,132.00460215182156
27089,2009,115.0,78.332948398387,39.60797327982965,63.7003289168005,129.8707251602126
27091,2009,192.0,168.4582651804581,142.66355392887286,169.17961578832274,190.11662114126364
27093,2009,175.0,111.3722656755985,97.37712849535487,121.988121544684,157.1155222756057
27095,2009,144.0,98.58867455779416,62.66417409005146,96.86516976322108,138.41365178710146
27097,2009,149.0,85.53431598706074,56.32806658996517,92.28382028245487,137.28025659295838
27099,2009,176.0,156.73108345296828,130.94756088773283,151.0134718682602,167.70352657320652
27101,2009,183.0,147.9779678097876,129.91176228665364,151.0708321744423,180.3168879729074
27103,2009,182.0,156.13813953621693,128.56728756509443,164.0057784759165,182.1789338562655
27105,2009,180.0,157.66763266641595,135.45415025978573,161.41944915860384,187.38483067443144
27107,2009,121.0,94.02227896849946,61.59228689130562,80.62876633734095,138.07547983470144
27109,2009,180.0,138.04856222582364,108.45208633926735,145.67877416766424,165.5967981044024
27111,2009,136.0,85.59923997971352,57.939447917407975,85.90362829640245,140.21178871480896
27113,2009,79.0,85.81598133543608,53.41127697247489,75.3472896518408,155.31141367422148
27115,2009,132.0,93.88343175576126,69.78652232213557,94.66371882820162,139.711971255666
27117,2009,168.0,139.03969794552518,119.94745395006113,143.39692193773618,169.54544174794543
27119,2009,105.0,86.25189393660234,53.32953591328214,72.52960319572846,137.7659287563911
27121,2009,155.0,101.87777672978575,75.46408234389114,104.6166211408427,142.82170278331097
27125,2009,117.0,85.49263918585686,50.30061662813474,74.12209409361972,137.102254366408
27127,2009,187.0,147.43368427343094,121.25437883706581,155.00502147345406,177.9899174352239
27129,2009,184.0,146.6700529772945,124.6253680422677,150.83890218411526,177.30693536395034
27131,2009,187.0,142.02783544475494,121.59537124065811,143.60009809229732,170.92190684532207
27133,2009,179.0,160.484098751072,143.97700221252722,163.29217432267197,186.12532782313716
27135,2009,105.0,66.99056116521105,29.34649378827919,64.062442189335,125.32992177360228
27139,2009,193.0,124.12380094171122,112.10483283548156,135.1871957306149,168.5153483021845
27141,2009,156.0,101.05794506045942,74.4492601561827,104.19822852297635,142.9922365181416
27143,2009,190.0,150.6676922543086,129.32171427194817,157.04843210306902,180.3276863115705
27145,2009,167.0,98.9296713799662,74.69179753573162,102.34508725886529,142.30444547130986
27147,2009,184.0,152.93493434894035,125.93081196298655,157.80767343829385,178.65347489776266
27149,2009,161.0,111.81822076535884,70.70282043632912,107.41411363302375,152.17088325515903
27151,2009,173.0,125.94425081784294,91.18282676521609,124.47033047472965,161.37884746773892
27153,2009,124.0,84.66107726262454,53.078757748458294,83.11848306103056,134.75586960036853
27155,2009,159.0,118.64917926251063,89.61786328579966,117.70686224787676,149.35447964888016
27157,2009,183.0,144.0968483452506,120.42862502378216,149.64750219033888,175.26344421022293
27159,2009,129.0,83.17727641427398,58.925131022760155,82.79935404304172,141.35337124726507
27161,2009,186.0,153.05833089429066,123.52635914210558,159.47971275892203,178.1103787657034
27163,2009,184.0,109.97919925246792,91.08962322694187,106.12370382402496,148.99460558754123
27165,2009,184.0,160.03352011347437,136.5283043754143,166.33335663104984,178.81234343342558
27167,2009,119.0,96.02503900889785,75.12890038537068,89.38712463659482,139.090089566633
27169,2009,177.0,148.16751287382735,118.75810574150749,151.81774386188118,170.04955817228978
27171,2009,176.0,122.75210501375966,105.98535801136617,128.00549129076876,168.41030858473778
27173,2009,173.0,139.57344227864965,121.22461259412641,148.39616801330652,176.61955432023652
29001,2009,138.0,149.9532865634976,136.5016693300732,154.09441763445406,169.02302347801447
29003,2009,144.0,163.92244018499292,149.91652501319163,167.07785262481036,182.2938356202804
29005,2009,185.0,175.6369260187905,155.92470160152988,173.15084775315518,190.59765879722582
29007,2009,146.0,154.48351276987617,131.4199746869145,158.7639160308537,174.93732814144454
29009,2009,149.0,130.01755369013765,89.80611730949482,134.0521715409984,147.46193462115153
29011,2009,151.0,147.26506700845192,119.73878669614191,143.41380638703876,153.08947635827548
29013,2009,147.0,132.79666693151816,111.49091688466665,131.36566768591425,139.55851913112392
29015,2009,152.0,137.18954350705343,103.5965429118823,143.6301448291019,154.538470902477
29017,2009,140.0,149.25133484709445,131.82504380742458,152.18356965660175,163.59822036864443
29019,2009,141.0,146.11673303014595,117.0515254238072,154.36302046423916,163.18989285971506
29021,2009,154.0,167.71500267075984,152.30615515656115,171.98509760582766,182.84848003263107
29023,2009,138.0,147.39396889365023,120.9548284882785,151.87699213899694,179.31710503084952
29025,2009,138.0,151.95626786126815,134.81805609029163,153.0598685117811,167.03313113982188
29027,2009,140.0,145.73783005814929,117.36309492117857,153.796931478868,160.97519940929638
29031,2009,144.0,153.15314374125396,137.93146656816364,155.79586859614415,177.62046860107006
29033,2009,146.0,162.01169575931692,145.3298264433893,162.82979773573922,171.7196150749062
29037,2009,148.0,150.05298631622045,134.90773908909247,150.44983741160476,163.1139503467704
29041,2009,146.0,158.13718540439856,145.35204924454396,160.20055790588086,171.13305118338945
29043,2009,120.0,130.67873790376012,103.8273891454805,134.16164575136375,149.14542817808396
29045,2009,166.0,155.30346341552877,132.98082665621808,152.48972189788125,165.60827459190665
29047,2009,169.0,165.73810108706365,147.09102969267198,170.65467441298082,176.63703659203333
29049,2009,168.0,152.09115965686334,122.39738991831155,159.10601688266624,168.43483815332633
29051,2009,158.0,141.19341314251807,122.56464458190479,149.04735063223754,159.2659431710068
29053,2009,150.0,158.6812291949839,137.429197077058,160.08780342648578,179.35041493647685
29057,2009,154.0,137.87299514620452,112.60197295837227,134.25572672977822,146.71727057542293
29061,2009,142.0,142.13025357363563,114.30835635550947,147.42081540259002,163.27763557143174
29063,2009,135.0,147.7623387843251,123.56859609779863,155.2953190292196,165.08747138187908
29069,2009,168.0,154.83345669473428,117.28491674596307,148.55898315695495,163.68575603612126
29071,2009,153.0,145.09858835833077,123.87287597369121,150.3794994459872,157.05404001311356
29073,2009,155.0,138.1672131092327,122.60873711511621,144.25125796217552,152.05631561977373
29075,2009,138.0,150.62005774614664,134.85153472785166,152.89604611709362,166.6106874173743
29079,2009,137.0,151.67805939196685,134.52698994678641,152.03111228002345,162.7806476937472
29081,2009,123.0,160.19387145133314,147.7674262853234,159.92284352734796,174.24653788282123
29083,2009,126.0,146.55383364923853,124.92147791862186,154.61833942308803,170.1444249205601
29085,2009,165.0,128.891454611174,87.30433073124476,131.34575845846686,148.19857374164877
29087,2009,174.0,172.12598773159206,155.58250443025824,174.3874710523341,184.64101695012553
29089,2009,152.0,161.51328861301172,140.5859417008761,163.33187739667142,182.95483418995587
29091,2009,130.0,130.74667423209573,95.33601311941626,130.909730597719,148.53082758394788
29095,2009,163.0,166.10950483807835,148.8893316778639,171.53102837188874,177.0194563152893
29097,2009,136.0,135.7604306671012,109.26697835606211,130.188457170129,143.62699050495647
29099,2009,144.0,146.46480967525054,127.10502237084455,149.93565932201628,167.86988053606913
29101,2009,141.0,151.91999877226218,134.6985953931062,153.2974313089213,166.99312782597374
29103,2009,156.0,150.2662893094833,132.62370970294458,152.22050540307546,169.97688197567643
29105,2009,148.0,130.87649239079138,108.23148323116061,134.42585601761326,147.031182508196
29107,2009,167.0,164.39492937100616,149.98225873310437,168.31879333143195,183.94908628925026
29109,2009,145.0,134.90995508634856,97.394481139066,137.20506239669862,148.30064387822716
29111,2009,141.0,152.98645186424588,132.97285279690726,154.525070247544,166.25851412210488
29113,2009,144.0,147.51740869642367,128.79024520080327,153.61101384161728,153.61101384161728
29115,2009,146.0,148.61764217277113,131.3190847005037,149.76628925350585,165.1122097867286
29117,2009,145.0,153.86627253888742,139.59327052358623,151.49155168897377,168.14741421088377
29119,2009,120.0,125.52695847560437,99.80949586665545,123.02295775481672,138.13422795260473
29121,2009,161.0,148.671754119307,131.33925384266533,151.90605136915204,162.25862152455505
29125,2009,125.0,122.47369955740179,89.13911660785136,129.524189694892,143.1162455522095
29127,2009,164.0,163.56372259043835,139.20464506551946,163.52475422536185,183.61529741882953
29129,2009,125.0,153.4532209420825,136.81182180524604,152.89246702799488,169.10793619510338
29131,2009,116.0,133.3276154207774,105.0606277347352,138.99602192755222,150.54510721380151
29133,2009,171.0,152.67951451357672,129.41753905829498,153.80565402392367,167.054029592822
29135,2009,132.0,145.6002023617468,127.49110330661486,147.4832692397435,162.7655794525607
29137,2009,137.0,154.07518346896092,131.63194970226962,158.6437934950146,169.8168012991562
29139,2009,120.0,148.5129698201502,118.09652547825516,150.58456090435055,167.0102929001449
29141,2009,119.0,137.40572627212705,100.25573475695444,140.62800787663272,159.27633569512687
29143,2009,170.0,165.72331172525568,125.73177582182845,147.45653017990824,167.70571832280837
29145,2009,133.0,132.1847722341794,92.52409911811492,127.30384630475088,137.30218508250096
29147,2009,148.0,163.8997758190154,150.43941410387407,164.67897010544357,184.25858195585943
29151,2009,164.0,141.78024881512127,117.85895843835148,144.34436734868328,153.95184225463493
29155,2009,160.0,157.7957755102669,111.42467428279521,146.23454643623387,154.97117640765092
29157,2009,156.0,154.40840761008087,137.30036571908792,160.25552988921459,177.27446597908977
29159,2009,133.0,151.1154383303858,121.89922529293068,153.846516406501,172.98725866622428
29163,2009,151.0,155.61723684779756,137.48208387327898,159.72691275318647,173.00989000128635
29165,2009,157.0,166.8123952759168,147.91629721413284,172.17279733577016,180.7321617117144
29171,2009,149.0,152.66025058043437,136.5189957764818,151.88936514988893,166.91450859468392
29173,2009,148.0,157.1121314904136,136.8307493579628,157.73745661706238,174.3062039696973
29175,2009,144.0,147.63954349250176,130.9078284310721,148.94983727604875,162.39065108384978
29177,2009,152.0,159.6413706426965,143.00258933521962,159.36186227962784,167.19488190293924
29181,2009,122.0,134.44773493515788,109.92087449556925,133.2123127270648,139.29983484085486
29183,2009,169.0,160.1466768398655,134.5712356294273,163.9571477679884,167.87131313091027
29186,2009,150.0,152.11134137569226,125.46557108660343,153.67049544148497,161.25826431214924
29189,2009,176.0,165.7120802442348,143.54904540416814,164.3608306480271,177.43922194214093
29195,2009,164.0,165.74573236214337,146.6466083941594,171.0277284424527,180.82598037407286
29197,2009,122.0,152.2831170018849,136.70391324763065,152.5265103304795,170.6831592662947
29199,2009,149.0,148.9442956930376,133.16692766470936,152.48985730693286,167.8050526310839
29201,2009,173.0,153.2376333014356,132.67712682487291,154.05669732352507,175.97898063570523
29205,2009,142.0,161.03351325908048,138.06344738070274,159.11345103496103,178.12177054734389
29207,2009,168.0,155.7982673462485,130.24265588675215,156.1780685338851,185.23020809662398
29211,2009,122.0,148.93036487379354,131.7378252576286,149.95697803055927,168.15899740249355
29215,2009,110.0,129.74405117135177,101.48396736175546,130.274487300174,148.47069800673896
29217,2009,135.0,144.98415478952427,106.70344350320198,140.20368342700706,151.3105902363179
29219,2009,143.0,150.60080498907482,122.3761292683848,154.92746834811967,162.10554061089812
29223,2009,121.0,141.74366834237534,124.48275337429271,142.94903726656193,154.96612468251345
29225,2009,135.0,127.92310563065777,102.11258539619502,131.7212024038811,150.8772972460977
29227,2009,131.0,149.2035888802601,138.2101245459497,152.07704193869384,173.52992824169925
29229,2009,155.0,131.78780927620295,105.3767459702234,133.51629464451818,152.06520439463608
31001,2009,190.3,166.16066614056896,134.61518132452323,163.85195596029672,185.39317699689562
31003,2009,194.9,147.24945927930605,123.19931925031136,148.74623490538656,174.45157043476044
31011,2009,186.5,152.9469230913574,144.50830710904907,152.92350244770438,177.06852729065304
31013,2009,153.3,149.1717351396121,110.15890057031784,150.5354632686852,170.84016353987352
31015,2009,142.0,134.03549582173056,126.17259628304666,136.87508743845066,175.07504942570702
31017,2009,183.6,158.56064094155133,130.61042117984522,158.38419281354422,176.91803808901804
31019,2009,191.5,168.72044719048347,142.7606519415492,173.51364396478976,185.87813339861418
31021,2009,191.6,166.49337765808718,154.5122323998579,171.4956716671976,186.16258932788273
31023,2009,189.3,161.01449315964445,142.9386231061523,163.82099141961498,183.17158034132268
31025,2009,176.6,169.6448116364914,152.09544490673903,165.68409157800386,186.58037849988128
31027,2009,171.7,159.1195899449435,149.04140438741712,157.4344355455053,184.1073588822107
31029,2009,150.3,172.0882976254872,130.30417513952722,165.96395547200368,183.31547893377473
31031,2009,180.5,151.3214099339611,124.6131170319172,154.20750599986442,178.53414817386198
31035,2009,184.0,166.20086611420058,131.30325085591065,165.55209041782177,179.84863620431
31037,2009,191.3,157.52847819597744,144.70875932357123,158.69419813139547,180.05044560697362
31039,2009,193.7,163.2736912135602,152.421663888366,162.77304384274458,182.9627210921383
31041,2009,172.8,163.44638191035853,150.00621030447638,167.4591961557602,186.31660792351306
31043,2009,184.7,154.6013842593233,135.25772334197796,162.61655342888585,178.69176348342202
31047,2009,198.2,178.1801717948907,150.98621480198378,179.4589096073043,194.27598474999255
31049,2009,142.9,163.46727733547462,128.021176252944,157.4863690739663,177.88367517615623
31051,2009,173.6,156.0046517796668,146.2968102539961,154.55871446793844,182.59940360664447
31053,2009,198.1,161.44606048447994,149.1930406704705,164.07201967452465,182.2972147361379
31055,2009,194.0,170.61566894292645,154.14496655791558,168.8231816140786,190.14000542296785
31057,2009,141.4,166.9335933472612,135.58280638364292,160.2912349058051,179.1692063891631
31059,2009,188.9,167.84313483266342,133.10651465909015,172.82275739599498,177.5394091912505
31061,2009,192.4,168.57014063817715,125.22146821839499,168.16178315849953,181.9695148363878
31063,2009,158.0,154.1982221191884,136.47179145719358,157.27847198399425,180.78887808552972
31065,2009,163.1,147.43768847380707,132.30961666890852,149.9511259809066,175.3233046470094
31067,2009,147.7,151.76456632766616,135.30260868736212,154.74939271763628,172.14784070456346
31069,2009,155.8,155.59204337902636,125.0211867007443,155.83725816090882,178.0522766988256
31071,2009,184.0,155.5265895842398,127.68384350424125,148.39746838786468,174.33755435574832
31073,2009,188.8,166.08870816368648,135.78929234089577,170.02284853092135,183.6152677077982
31077,2009,187.2,161.56575446716573,145.01788677681418,161.49683825813347,183.60831775827583
31079,2009,185.0,169.31080351550978,144.2716361761392,171.37913682522185,186.97126096962327
31081,2009,205.8,173.45114221753354,144.0757723334471,177.7444872835054,189.49033351007685
31083,2009,178.1,155.8825267738759,135.9418305084652,159.8020580052555,178.922792525944
31085,2009,154.1,166.17615065263215,147.4175455259903,166.51187716709703,188.22559638073884
31087,2009,135.4,142.6052460707608,121.96770948318348,145.30045955979799,181.38256022003114
31089,2009,185.2,164.79978145523035,118.50863841718967,158.3110722735357,178.20456590861562
31093,2009,184.1,160.57120702677227,143.7525535201854,163.48777570575024,185.0371189845661
31095,2009,167.8,156.8209528225656,138.50276205209693,163.0803890772168,173.05208955071674
31097,2009,154.1,153.17849418874874,141.56179998136014,154.95476896677093,172.6985256944016
31099,2009,203.7,170.78173750486238,141.80722224778097,175.55706974009877,190.38592324262692
31101,2009,162.4,165.45138460551468,131.1964915937009,163.86346618948832,171.26929700498036
31103,2009,163.6,147.47623950605578,124.80560231920728,144.08862594258514,172.37669095634595
31105,2009,114.5,122.84386232782127,107.46241038361725,123.63866390457342,180.10764235942398
31107,2009,170.0,156.21494784666385,146.45957512083086,152.19011915843814,183.55073012903358
31109,2009,156.8,156.37089304478866,140.7975631775181,153.79562048769054,174.7595715165513
31111,2009,173.7,161.90226940680006,138.59737363905472,167.9536161355919,178.38171928405728
31113,2009,157.9,159.80216583912642,142.3917838330201,164.44988918590045,179.94849688214433
31119,2009,182.5,154.32549303135707,144.40171752034163,154.34367167682498,180.7842959921124
31121,2009,187.7,147.06082878688053,120.24065605930163,149.70185379388076,173.94010277674477
31123,2009,156.7,158.05013126591388,118.6628203204607,152.98740278671343,174.74242714608218
31125,2009,178.1,153.8777023572133,141.78454021498158,155.5376867925831,182.62501227768922
31127,2009,169.3,166.7870482410248,148.46720397980337,170.8576181820721,185.2952959112066
31129,2009,159.6,158.76261572233028,125.82800967901841,156.95876159311462,173.59671083396051
31131,2009,166.9,163.01787312671215,145.64602506236628,158.22238315558513,181.28487252710187
31133,2009,131.4,158.41093124951948,143.74404040671863,161.152469342453,177.10278938774618
31135,2009,137.6,162.23713998298416,130.41752485862875,161.79528246776212,177.69401544029566
31137,2009,212.0,178.7018674735757,144.83916614329817,180.0585843921245,195.74160918102282
31139,2009,178.8,150.75671766089368,132.0327184449172,152.94389872724378,175.30370481098652
31141,2009,198.1,154.92788552434837,143.47771444050892,158.23670356036172,178.17284011135152
31143,2009,201.7,167.5845649641411,143.34500849496263,170.6275432957811,184.4282225114674
31145,2009,158.9,148.53483396466316,137.5053141340535,156.82941109224268,194.2312413416672
31147,2009,165.8,169.41794210602788,149.73824783130604,172.58129805393645,184.46794445582944
31149,2009,185.8,158.00764487304173,124.35290796882899,152.94981816439068,172.757368576486
31151,2009,162.9,158.5104309462115,141.40319360194238,165.90624631323055,173.34231022727454
31153,2009,182.3,167.60918697022183,152.36373380282322,164.5979493323553,190.99564677529153
31155,2009,183.7,161.30236182490435,145.42855461837868,160.45738249099225,181.4372166564494
31157,2009,163.1,154.02203477341436,102.64855622157647,150.04174851880265,168.41190615869323
31159,2009,180.6,158.29525073405316,142.59100268051202,164.4944870878956,177.59804332424585
31161,2009,161.0,146.64174915445437,116.15022068951336,153.6633938366415,174.5249934081457
31163,2009,182.3,158.83912263609628,138.26994545217542,163.0037508738066,178.4073434883908
31165,2009,157.9,147.92376853963808,100.69018979812739,140.67886910010674,171.4565789717673
31167,2009,180.6,154.6009749491694,147.52534497122497,155.15711775884597,183.2735918890665
31169,2009,183.5,160.88498915119658,138.9621975980841,163.4369701538305,179.01139689287294
31173,2009,184.9,161.02642867925724,146.71180957800726,158.6494834023635,180.81751433022896
31175,2009,180.8,168.48424174758435,147.2798973189352,170.04111846044376,186.0532611166158
31177,2009,185.4,171.94193663426805,154.83574464174123,169.67295397694664,188.6892991296825
31179,2009,176.5,158.4023763342333,144.519850550892,157.3540015346037,182.0661365015761
31181,2009,160.4,152.83340586057145,117.76102550628597,145.8535246934135,174.13390905667026
31183,2009,170.5,157.1021949286934,117.03087526849167,151.34537721936405,175.14987959264576
31185,2009,207.9,173.179697435871,144.0364838778612,176.5430579564727,188.90932665314782
38003,2009,109.0,69.6592828570015,43.88107854079421,68.13127881655848,110.48964356443447
38005,2009,89.0,71.81588033049762,44.79778103989272,67.04012794586966,113.70201881117826
38015,2009,92.0,79.52764879015378,46.82867372205264,77.1347697588649,125.45852478866176
38017,2009,124.0,90.59029024072407,57.32951307192145,79.04877092573918,126.4041184424282
38021,2009,137.0,91.09242809817242,73.3139088457032,87.71645433482976,128.23433261962387
38025,2009,81.0,70.24823834379727,45.996112594370494,70.09548089073469,116.96993655359182
38027,2009,87.0,59.52243804196328,39.64980952451926,65.82983702508173,114.11672740018268
38029,2009,105.0,90.27576315878105,55.79056033610816,87.86723640760313,132.6491400106389
38035,2009,123.0,82.12498069937871,41.62618159347016,69.15068561609971,128.0581739417473
38039,2009,103.0,71.46937052278838,35.372886604786345,70.23236965551335,112.9022652428682
38043,2009,80.0,87.38959164676194,55.73714687716066,85.25088700154637,130.08761181604717
38045,2009,130.0,88.1851464190094,61.94954476491448,84.6974638554738,132.5055439562959
38047,2009,89.0,74.28334340043793,48.45657723589308,73.67486730724409,120.64863764660407
38051,2009,88.0,78.08336117843423,51.51835821615504,73.25293250153811,122.97772807249983
38057,2009,101.0,79.78135620187456,46.77242217110476,76.33688737299796,122.83563904444614
38059,2009,91.0,81.64558878270033,54.82587091469433,85.13066652558017,121.97023765609669
38065,2009,116.0,81.2006798941263,45.944450251780786,82.09598768469925,126.35550719483412
38067,2009,116.0,84.64388179548261,35.45204714970239,68.94052113600522,130.44573988084517
38071,2009,94.0,71.34164101383345,35.05284164069179,61.725507396052635,112.00222626701358
38073,2009,140.0,86.4564012996563,70.14554915631851,84.77171480207221,124.16995640940404
38077,2009,117.0,94.06385645827729,74.32694019705212,89.69675318965221,135.80029608760526
38079,2009,90.0,56.83765716868489,29.134037032834733,52.185363488860084,100.87359556904165
38081,2009,131.0,92.17625214318994,80.32338554674165,82.25531264706143,130.35498247413165
38091,2009,112.0,74.04673205013079,37.22097708112875,71.20147200672912,114.19007486355181
38093,2009,102.0,66.97661113728728,45.08814629798194,70.95232021492949,108.84643213469877
38097,2009,120.0,94.96365976304118,64.43853523666911,85.31477165374274,130.7504588901379
38103,2009,102.0,67.99282544374358,43.500647340896975,66.99826320945952,109.7211679588484
39001,2009,161.2,123.2798847739371,99.08760845446677,129.38094960610152,159.71912762876678
39003,2009,140.4,147.11663254634075,128.2759204043904,149.90210766565443,173.39014420169573
39005,2009,157.9,137.39807874291594,117.05978354556845,136.85850583684126,164.57733968085972
39007,2009,154.7,143.86853498667978,118.29578434507836,146.0482593660098,165.66104012096127
39009,2009,147.3,133.79415947913253,108.11658947378533,141.18736820649133,160.48320860139103
39011,2009,146.6,147.41076894838812,122.43543620918771,153.000280555024,173.10026209740886
39015,2009,172.7,134.00787739897572,111.59100760699619,141.08908553436606,166.29216527253396
39017,2009,187.9,153.16327464623106,132.09299719961047,153.4465604407872,172.94911189175195
39021,2009,190.9,151.71817815810124,126.10985723995887,150.58331302627568,178.43076886414008
39023,2009,191.7,158.05409395539812,127.69651951987728,157.19756629995305,178.32444902373817
39025,2009,162.4,146.13123646141491,124.39629225469602,144.88862439438097,177.4936154065278
39027,2009,187.7,159.51882325430205,131.51987789573315,161.1564815337179,175.33221876500784
39029,2009,165.3,131.48373965717008,106.87064146884741,133.72217160140926,160.587936096226
39031,2009,169.2,140.55991864498412,112.68588990573002,140.33270299388948,160.7855327358535
39033,2009,182.5,149.0629202453329,126.7707124922398,153.56029239882545,177.6665700560471
39037,2009,181.7,156.86225737589376,123.27237549506918,153.85876167271894,179.90715309510946
39039,2009,161.3,141.7106274788405,109.92707132541763,142.2083963104675,170.3106869564354
39041,2009,183.7,155.25343014081085,131.48176891504247,156.39616895069793,177.83602166365037
39043,2009,161.2,146.85986263574716,125.77555731943622,149.8214416352439,172.25024562846355
39045,2009,170.9,165.2792110305488,140.52160209795878,168.71080508025187,180.92596088046128
39047,2009,183.4,154.89063782209487,122.80637488186136,153.32492486125366,176.9497220515036
39049,2009,178.1,162.76987789508382,137.41809220088902,157.5093223784578,179.5609417259309
39051,2009,173.9,147.6661051525215,116.83711158271507,145.18609353478496,172.52398748314394
39057,2009,188.6,153.83814209477876,125.4982398262357,156.60950582878706,177.23457739674416
39061,2009,177.1,156.7673122647764,138.49122212722327,155.81467927141182,174.4279018513103
39063,2009,155.4,145.56298758883423,124.95129536247796,149.039491550083,172.86835800750467
39065,2009,165.8,146.35381624306248,123.9189017658139,150.49195439287305,173.64855442063373
39067,2009,136.2,114.12456214934404,91.75838321567326,124.91845094000314,157.0503126937646
39069,2009,178.5,140.26613243044105,113.06301583659359,145.39637114811222,176.07633870255282
39071,2009,176.0,138.25545542413298,112.42247797699335,147.93957051126785,168.02325418818458
39075,2009,167.9,132.88179608747967,114.74652494994565,137.25613180460508,157.6338436874187
39077,2009,171.9,143.85449248075741,122.49414017855645,148.62179131072892,171.33499393322796
39081,2009,139.6,110.54040771995602,89.27338416820923,119.57993152005065,158.73811297020893
39083,2009,160.4,136.57004927857366,118.64917013337431,135.80712685499637,163.76478059010392
39089,2009,168.0,153.1678805374079,127.45377752963844,152.16694694258615,170.8616091411037
39091,2009,176.8,147.1681808370238,126.28437706941921,150.02810990384725,173.88647063045354
39093,2009,158.3,138.16846485424554,114.39704969748921,143.67830527599438,167.21099860199809
39095,2009,171.2,147.77501288795284,117.27313430755399,147.27761525143637,176.50209566696412
39097,2009,186.2,158.20567743370444,127.3296573343431,158.9258180910959,177.9810942562164
39099,2009,154.5,140.85928609240074,114.3506249290107,143.77178010298167,168.83334051532702
39101,2009,179.9,153.75205982858608,129.775852066813,154.82343347323402,176.66416171490098
39103,2009,162.3,136.91928945158574,113.66892588948815,139.24679986536114,166.07022316138105
39105,2009,131.1,118.75962409061621,104.64129233675493,125.85499109738377,149.5953169966235
39107,2009,149.0,150.28138781679942,122.43296448861295,153.0060042441235,176.32515494889788
39109,2009,188.6,159.62248085527492,123.448133806947,159.51078774997814,178.48542476903054
39113,2009,166.1,158.59290329034528,131.86708941956462,154.26391636846176,177.29988940315573
39115,2009,149.7,125.84538368764073,101.62566045658906,130.4404087916534,164.49796414009586
39117,2009,159.1,148.68483591190835,130.1364586848059,149.55997682508794,174.12871706876115
39119,2009,178.4,135.27051541504676,110.32382297017253,136.76467254052176,165.4801896888579
39123,2009,158.5,141.17736987548713,108.3681106488868,139.43906943980716,168.0915343938607
39125,2009,165.0,132.683428326048,109.2513351829978,138.46665922219492,169.6085078336629
39127,2009,161.9,144.94395398066544,115.93559609275745,143.96009416544206,164.65438253022322
39129,2009,181.7,164.49476952150337,137.51249689911486,160.06354084424197,179.37441261119145
39131,2009,166.1,135.43903055216526,118.55062414446854,141.93525007974063,158.2862624303559
39135,2009,187.6,158.2776469468007,133.33367120256023,158.47778970262874,177.79936050052345
39137,2009,155.1,139.63568194238036,111.98028241919306,145.66840586594793,174.04033443839387
39139,2009,159.3,138.56614227409906,119.77798314733818,138.8974398062995,165.8574258889516
39141,2009,186.6,158.85086479537827,136.47578753489387,158.84301314000408,175.663448999136
39143,2009,168.5,146.11917760822783,117.20381600926044,145.92758487714786,172.45433119415506
39145,2009,141.1,136.25807455302487,126.42314786544708,141.7175277162407,155.7360627072082
39147,2009,158.6,146.20509145801736,122.61593544353775,147.13303854310124,172.12018479960054
39149,2009,181.7,147.84878298894887,122.68287743323603,148.26370280501357,175.09314385502955
39151,2009,152.6,131.3759737069226,106.88396078648364,135.34324752695647,156.19671878496203
39155,2009,166.3,143.76137352790172,120.33419520412612,144.83466698008883,166.39662956769416
39157,2009,160.0,132.2971995720277,107.40945106685676,134.96211342408964,160.3269783956845
39159,2009,191.6,154.8030277789763,122.90186562204295,152.01565417662516,176.41497398433887
39161,2009,162.3,141.30641052476014,114.43567188732978,142.63243256570345,175.42412066113954
39165,2009,171.2,150.68777279028757,132.4217451626545,150.22409163766255,170.5510611474409
39167,2009,135.1,128.66251828726965,103.09991124003282,130.62638135040683,154.28607322680992
39169,2009,160.6,138.11509319576103,122.26902873278041,137.14555169315392,163.4444608344658
39171,2009,152.4,138.4010134153553,110.63146232388102,140.2373008092387,167.89099624077403
39173,2009,165.9,142.2576441145541,112.4904794732203,145.49147733048108,174.37701063253652
39175,2009,175.8,147.73354143941663,126.22242427748088,151.62300911688342,174.89396197038158
46003,2009,132.0,132.57169259028643,111.57190835698864,138.7059684594669,150.019588675812
46005,2009,152.0,131.63441891305848,103.02364774669107,132.57810662795123,147.99466338940192
46007,2009,116.0,115.33515249758509,90.23403095499191,111.32767362670624,136.4059405552252
46009,2009,146.0,149.31497065049462,133.42936071777018,152.78610456096806,163.85689844634163
46011,2009,162.0,131.01830797592874,96.01121081825777,127.08512585751613,150.02233300415577
46013,2009,150.0,106.45901931183064,92.45137459731328,112.10406287499868,140.0992902228875
46015,2009,147.0,132.39280670347475,105.91564719094961,124.11854597203566,149.94954619461873
46019,2009,130.0,126.45880332690585,66.33152178594189,126.47756789198112,153.79749447239377
46021,2009,106.0,96.34099897559116,75.59950539073878,97.77619997370216,133.47527780222254
46023,2009,160.0,142.31857581354802,122.13466354105441,141.42089375759394,151.87990599817067
46025,2009,149.0,120.5975114300727,95.09331907642341,113.77328025224215,145.4474897236104
46027,2009,186.0,151.21442489199643,132.62487403467455,156.44137857207193,167.76363164575912
46029,2009,139.0,101.99294164806798,86.8394079934149,115.37765970869968,154.60331573986448
46031,2009,86.0,71.42404489789882,54.90297331559913,74.24824626678834,121.90651340449277
46035,2009,139.0,147.55148755285614,128.2168881277757,149.78133787335497,154.000900322043
46037,2009,135.0,96.33310109569835,85.16231133196564,103.02643523665368,137.78363486783914
46039,2009,156.0,106.01875778722857,92.46315908211794,103.64211172690165,143.31117221929463
46041,2009,91.0,58.55842132409083,48.19655252421208,68.72817810462016,113.27843436197863
46043,2009,164.0,144.03804646001,127.92278266813537,144.19945180959962,159.6401552927106
46045,2009,138.0,101.14050329095966,86.60190735035322,110.0447371947709,142.20794830073135
46049,2009,140.0,109.04404236903756,96.66674085624057,112.84316958925497,143.12840364643816
46051,2009,161.0,102.58014848482713,81.54138859152648,100.22405714399281,141.1844177151895
46053,2009,129.0,127.05067212157715,107.43758134186035,141.71092269470478,155.32392202028544
46055,2009,87.0,72.25755220642895,54.358400554721875,79.11239881674032,125.1961907890328
46057,2009,163.0,113.68590388164226,93.45829256623249,115.05931907977623,152.07669676441728
46059,2009,135.0,123.65835989437215,102.08306962472268,122.11028239684333,143.89622760832373
46065,2009,126.0,100.79415990891697,81.34763340192562,101.88228643238408,136.47191121265948
46073,2009,129.0,136.44070710153483,113.53480534211857,139.61574256697438,149.30219921041058
46077,2009,161.0,138.65904569067672,114.3918885931816,135.50821064351246,153.80668829746472
46079,2009,180.0,148.34969016554868,119.65260642672871,148.642006936721,162.5217591078789
46083,2009,177.0,156.2620070406143,144.5068667591684,160.56780173972246,169.7085576211171
46085,2009,118.0,108.90193207282773,72.81839710161641,107.21881988691317,139.96355734920425
46089,2009,117.0,84.57394449608049,75.39321856575062,94.27011417650057,134.6495068650189
46091,2009,142.0,98.11823844725116,82.65275522164683,89.29782638721686,131.2315248990543
46097,2009,167.0,142.71224432277106,120.05801398016061,146.35221044366787,158.40420839672186
46099,2009,172.0,145.94764453153675,131.24797604981433,151.8333459557655,168.48684679137676
46101,2009,164.0,144.54306825251703,124.78065833508691,146.57586655951954,168.29250155785695
46103,2009,51.0,75.54352584617217,52.4340913396155,74.19676900069199,121.50199432572306
46107,2009,122.0,108.78851148463437,91.12644442358199,105.74219519961882,138.10976168035134
46109,2009,152.0,93.40193396392688,80.88669815155431,91.88674124373871,135.8633697108021
46111,2009,153.0,141.72940776419148,124.92939622426888,143.56212181454976,153.8729845939037
46115,2009,154.0,109.94560279403136,95.86508879095096,112.12143914055278,142.02716782954593
46119,2009,130.0,113.3471847468381,88.92124379116866,108.05011691455518,146.15960475662553
46121,2009,127.0,127.01802060206887,100.62479878073461,136.2530350932553,157.59019755404256
46123,2009,109.0,97.57129161441317,76.4241222517537,104.980326915538,139.61735180751722
46125,2009,182.0,149.75481015749062,127.98467669269274,150.66882647381786,162.37657250745866
46127,2009,189.0,165.71921167661375,151.47176851334746,165.33528473382137,179.0226598001879
46129,2009,121.0,90.25226985716992,69.73088760640834,95.93584541810021,134.9522208476411
46137,2009,101.0,64.27688287637676,35.029146653411104,66.81295651311885,123.76632697419491
48017,2009,185.6,179.05666149370612,110.47493402554548,167.78174284739552,203.8225590970416
48025,2009,24.2,46.24653031080886,26.335792711449166,44.98754756822164,91.86855522864086
48027,2009,52.5,55.14248328678961,29.006872324945974,55.15326329242063,101.9842338543235
48029,2009,51.0,53.418329607706134,23.841046614876415,50.975703255956944,93.19473187283091
48041,2009,66.3,70.05900361303642,32.18215793609708,58.434594732433794,108.83180392604388
48045,2009,111.7,161.76332902259645,116.48076767766909,158.0879958257925,196.79610572855196
48051,2009,70.7,65.90827254959474,29.692335409169054,51.64467988618097,108.55951412884914
48057,2009,44.2,91.02076209645234,42.31142195145137,77.81102982109238,133.58781619868986
48065,2009,180.9,166.16075832876402,123.85894074780626,182.53914284595749,202.43205607645834
48069,2009,198.6,179.72527515228364,129.0825559871809,180.68625375602133,210.1545832200491
48089,2009,48.5,79.52344399065854,50.87709523201523,65.1774868305599,115.58650347251493
48099,2009,35.2,57.11098126438655,31.136674534702813,58.72020335535646,106.25951409690741
48107,2009,170.0,141.27094565485152,99.35946271554633,137.81070514286571,195.10057643737903
48111,2009,198.6,197.44779798559864,137.28070158772104,193.41340135400623,212.0252892408416
48113,2009,95.4,71.36996352841504,48.39018018225755,74.57217114355964,106.01987516751426
48117,2009,180.8,176.297092810865,138.6307420900863,168.38894775554988,214.33207510322868
48123,2009,19.3,45.855855723927306,34.274996398013265,49.96340143418384,99.17363582864957
48139,2009,61.9,58.31405503298814,39.0340886085332,66.58587431208402,105.24001970111786
48145,2009,57.0,55.14036694485493,33.79965826465022,58.10492665309533,105.39648898410415
48147,2009,45.0,81.5879703426576,63.50568867321863,75.64813974392918,126.25870296940425
48149,2009,23.9,40.674440089239376,23.395516706073675,42.69605668795391,94.28046933991351
48153,2009,174.8,164.47019848921735,136.2805522881755,163.15408017047733,216.41238201739688
48157,2009,53.4,73.66395802607514,43.59957231369687,71.46514545213248,113.83100036201058
48163,2009,111.7,87.14571249989021,34.981979356962114,76.71798943726229,134.02920252700704
48177,2009,29.2,43.05898794243651,18.538162354071563,41.561780910508375,97.47979456480547
48179,2009,178.4,169.99125110761855,120.6454263447141,175.48151099047553,199.176606552118
48181,2009,63.2,73.59859494529523,60.57883706031555,75.8476173462486,118.64347573872959
48189,2009,172.6,165.0551949904138,116.6950873622521,169.41202560893535,209.33246394966696
48205,2009,224.2,211.14945320092684,144.53258583248598,197.3067690630365,227.73435922488397
48215,2009,94.7,79.76039155293097,56.02208072736488,69.54787347839302,130.1206531276776
48217,2009,50.2,52.30253183596021,37.99843537366759,61.80713035665367,105.11548598670242
48231,2009,48.7,74.50982722733211,58.60548173261964,75.9847202125286,115.4077212528264
48233,2009,184.1,199.99467697430578,145.06292535861522,206.6523022286519,217.30822120460869
48239,2009,45.3,90.06725737312131,45.9347525401526,83.0376034970583,127.08284854971517
48251,2009,60.5,49.21687826268525,29.807738122853166,60.71900285576146,100.87469230558644
48277,2009,52.1,91.08756303968877,57.83476263554266,85.29894400135576,128.77505025933044
48279,2009,184.2,177.60630043210486,111.35948330096932,163.08305991310854,197.9551702754048
48285,2009,32.7,42.29118346882714,22.45584745555694,37.759230754109765,103.274666184587
48293,2009,44.0,56.17429685623368,33.01865671260042,57.115956228175236,105.31331089977319
48309,2009,52.2,53.91488213344233,40.41872002828595,58.123519107041005,104.47976478823729
48321,2009,67.3,74.88750346217806,45.93802815907383,77.8445193155514,113.99074436159317
48325,2009,94.1,85.49060826364934,49.55175642064256,75.75804442569721,103.33104064714566
48331,2009,40.5,57.60619060884307,32.60307246081814,59.368117396448724,108.4046119436915
48341,2009,213.9,195.95998896556455,131.20860734860238,189.49146819116103,213.46628399903412
48349,2009,49.9,55.78280446924079,32.93135947666731,63.29442517986567,105.4381317679563
48357,2009,203.2,182.85949419058554,120.5406828232367,172.9095592792586,215.20611632734384
48369,2009,207.4,199.03147704979207,133.97727496696328,197.7767278215131,207.8414503926036
48395,2009,75.2,75.28347523000295,40.33100623859957,66.52535173437288,116.8923456068044
48421,2009,206.9,197.39567838618274,157.36023247917407,200.77646684546076,217.94072364063805
48437,2009,183.6,169.37226650826796,124.52727243533744,174.83961256516577,204.39081467394314
48451,2009,140.5,126.52860390038146,97.30031741238248,140.85412903474528,179.61632200668132
48453,2009,27.2,42.10493821327885,21.40543602685318,40.76853923825962,93.28062879595122
48463,2009,102.3,103.60277645599723,61.68932501681108,93.66656141368617,143.41345976978778
48469,2009,55.0,79.6648098052368,45.16968316012203,72.46716433723239,118.74457073575087
48473,2009,70.7,84.90922922404475,41.88400296935887,70.15264861260971,118.80172952680758
48481,2009,60.6,84.73720586121391,43.761871609145864,71.67539441172525,123.10199953638714
48491,2009,47.6,48.445581847286405,29.796588023422117,46.05373010781969,102.96642985013405
48507,2009,115.4,83.0178986546117,69.84147631360692,86.09366177856164,133.52498467407278
55001,2009,158.0,106.71148020941689,87.76969436910505,113.21523093595779,143.07986598028916
55005,2009,134.0,79.13139914112045,64.7388435469885,89.882284343649,132.04777827250882
55009,2009,133.0,112.03995317191861,79.2402948157777,116.58571090906139,145.72858641729206
55011,2009,161.0,117.45892204552834,105.52619259313832,130.7051300928114,156.1014554178837
55013,2009,111.0,77.51560403954713,52.36916897150173,85.61114499593138,141.9014433338714
55015,2009,148.0,115.72312642905062,80.84455906389758,119.71091738918639,147.69490792306502
55017,2009,137.0,81.5183008254303,60.24213326198172,96.26035993970405,135.46582353461739
55019,2009,139.0,84.40502973382975,64.08472496657161,93.18302128529577,134.17549223795265
55021,2009,163.0,130.96579566537443,113.5043256642225,127.67229811505148,157.19453083153238
55023,2009,151.0,142.62617600462156,112.02534832039562,151.43456573897166,175.0796658323008
55025,2009,164.0,147.39884480337548,119.09802687504246,136.80015801747632,162.22873599620013
55027,2009,157.0,139.81145418173773,120.8433647415469,143.94657697411603,157.93793681729292
55029,2009,121.0,95.20336917909775,63.9779238076372,99.61047217297069,132.86976892535006
55033,2009,163.0,95.93950856152489,80.37989439006301,100.6435131257886,140.46401536996476
55035,2009,149.0,83.66952197686717,66.3276717863225,96.12610103830124,136.17057029289307
55039,2009,151.0,122.5986789603883,110.48428521778861,120.80401260036815,148.65173513974833
55043,2009,171.0,146.13518234289484,113.74394613649277,145.57218416434563,176.5277786373469
55045,2009,178.0,148.5849062116358,118.63233095464577,146.8249939303637,175.97701841421573
55047,2009,146.0,120.52933174597246,108.94166199288635,120.61529958616181,147.71263096877874
55049,2009,177.0,145.60771783172012,116.45422921950083,142.80997719821326,171.17020780284236
55053,2009,151.0,101.05356430839379,76.8488161298145,107.82847780970933,140.55587164393785
55055,2009,159.0,130.6116258585581,105.99579122636287,131.54848350275338,156.6051198566333
55057,2009,150.0,114.50628533626481,92.58360025600629,115.45078280891326,147.57109489664236
55059,2009,152.0,133.7295028795488,108.4829939278234,136.0448433827419,155.95922906301658
55061,2009,137.0,102.3497494313107,77.73517595455124,108.63376396271758,135.87463770475665
55063,2009,161.0,135.69199508067442,110.24167238140548,141.52954676767175,167.0746387568862
55065,2009,159.0,152.48588229791272,122.27145924688213,154.77923352057928,182.90239157845895
55069,2009,111.0,76.78489276744682,48.68450673234459,81.0334577859318,126.12208608195745
55071,2009,144.0,111.14296505014666,87.79920716404675,113.55960207754121,133.66071250582644
55073,2009,123.0,83.56323776523806,57.710899873882795,92.65457996930039,130.00468909828692
55075,2009,111.0,86.90540626227562,56.84635665223502,93.5089060972623,136.16308234043626
55077,2009,136.0,104.62727511205968,90.80932869195902,113.10975978078777,142.06812833267665
55079,2009,127.0,129.6739579109174,102.18820578079371,126.90438435559106,146.4843450920748
55081,2009,148.0,115.76841753049757,100.00280710215206,121.15466968636717,149.0587103285245
55083,2009,126.0,94.11108257143707,75.18211624733077,104.22785764726615,138.44579001163325
55087,2009,150.0,112.12843869407361,96.30723418449433,116.7210232697767,147.87392352310985
55089,2009,139.0,122.51835428337667,97.1002322651719,119.1458469630241,140.27858658616807
55091,2009,159.0,108.8350562534803,95.4707487929956,108.43448963294863,148.48695337823204
55093,2009,176.0,124.24318707556694,105.64724749611742,123.04823767796232,166.171482633472
55095,2009,133.0,76.75960577849796,54.11429258799389,90.52491438067362,135.3750573348863
55097,2009,152.0,100.93789910761826,68.68457910956339,112.7598692314913,141.84738678056758
55099,2009,118.0,73.78564176035442,43.612064637065,74.41129102741837,123.97937928525357
55101,2009,155.0,136.57905092924685,104.35660398273492,134.8434209491421,156.6224670812009
55103,2009,161.0,140.04334223353214,118.97271923349302,136.00892758040408,161.94088699566723
55105,2009,165.0,144.0707621165806,120.23328827668774,140.3851502550904,172.29439078378945
55107,2009,118.0,80.66473761792001,55.16931165485003,85.90650865422005,133.1615304973925
55109,2009,167.0,91.62563106567653,71.17645388283144,101.85061316608562,140.00910996641028
55111,2009,150.0,123.98773055576805,108.51763746730263,122.59874165264571,153.89059674061008
55115,2009,134.0,100.89535847402526,81.29034656700607,111.72008914866494,139.21310153592762
55117,2009,133.0,113.88314805403294,88.78903275578756,115.44631267625493,135.10621334563518
55119,2009,122.0,77.42700113529223,48.51727420232053,86.68475238034046,129.80617236229938
55121,2009,156.0,106.6715729873461,89.50399497573297,113.49183465196985,150.37762147976716
55123,2009,158.0,142.98006533198614,123.6645750597099,141.9164476796209,168.84983908816127
55127,2009,157.0,139.3119035459857,116.88552238017824,146.07582905748993,159.61738679279338
55129,2009,122.0,67.8829397520456,44.742641854181535,83.13983458037201,133.40897117813216
55131,2009,141.0,120.48256018958318,99.07652364850748,121.5103695116674,142.78110811366233
55133,2009,135.0,121.20249894783548,97.34216233055588,122.25796332070603,146.18876432314323
55135,2009,135.0,104.51141600958206,84.82497718322762,111.54402314324467,144.4421718936284
55137,2009,150.0,108.55362823840348,86.39852767412376,112.13764713716292,144.29699652877233
55139,2009,151.0,118.87326476011613,97.85841589296615,127.15895263340919,151.46346564622866
55141,2009,139.0,95.07257605816818,77.28327516325014,103.92657909964471,135.4333988463708
17001,2010,121.9,152.64708702793183,130.09923651421636,162.14819344045105,170.3959132701092
17003,2010,142.8,111.72501696245745,86.18787845384102,122.07375205469398,162.2560528583478
17005,2010,152.6,144.01258312555527,115.14847853148918,138.10716518820334,166.55051790045485
17007,2010,182.5,176.3311648857187,150.96907799840986,176.16136573076506,201.500212904194
17009,2010,119.5,153.00878458268863,131.0846408456344,159.6911948407007,171.8684552531657
17011,2010,166.7,176.18206371113516,150.73992049444152,180.090085846751,203.86875678918906
17013,2010,156.6,149.8819175537485,121.70598199010794,141.38599818706018,169.51436505819314
17015,2010,189.8,179.899818557967,150.3040887493012,182.5559576114004,205.34125571340206
17017,2010,148.6,170.2161301870742,142.51557343641545,172.7436670099716,194.83458598006268
17019,2010,169.5,170.21452468592383,138.42612628865152,166.8436497632018,191.09975065844964
17021,2010,157.0,172.27969160934683,129.9475586069575,169.28008240898095,204.31203632470522
17023,2010,149.1,145.19735960520012,118.2080287589825,150.8558339884189,166.99390210061134
17025,2010,145.9,131.27432791304955,106.52044257990751,131.84598150793437,157.31367066097903
17027,2010,162.7,145.83097078537025,117.52535999157243,138.67985939109195,168.316485657664
17029,2010,167.0,163.5622016341787,135.33475431035063,159.64980541174344,193.76005018072672
17031,2010,145.7,161.4313061316248,135.32064199647462,160.6452131604655,190.2871955066439
17033,2010,143.2,139.46532437020707,112.89837117641407,139.84911892639133,169.16028258539922
17035,2010,146.7,143.570330525732,115.34582255635581,140.54086078585573,168.8763594984079
17037,2010,180.4,177.60963969659207,151.19646758840312,179.70651295697374,201.58446689240125
17039,2010,161.1,181.0970745298927,148.52558109253323,176.92398656923757,203.74218581790413
17041,2010,172.8,170.44263048692324,142.31682766528127,166.48617830183895,196.2441825753423
17045,2010,163.3,159.0490080722127,134.4092405656678,160.5009353278523,188.9027428043449
17047,2010,146.5,129.21078747712306,101.43528596942393,125.4591949763484,163.00786911436774
17049,2010,157.9,142.19600423733698,114.00679534787974,140.378484063543,161.05268556463045
17051,2010,159.3,141.65327023755216,116.27325184970607,141.75921329326928,164.58732304025057
17053,2010,143.9,148.65524777664604,112.5854212069423,146.22514427405812,175.25394670112846
17055,2010,111.4,117.99364994323264,95.60788759620768,122.25278188250041,151.51252163671234
17057,2010,136.8,168.26365397814746,139.7673604650534,168.45834833674996,183.65738896796074
17059,2010,141.5,128.3887725778141,104.08789499441852,126.15560022101468,166.76342808225434
17061,2010,161.6,160.59259924507427,138.2211267707702,158.62127817168079,180.88443504537074
17063,2010,159.2,170.25421050264202,138.86671713683427,168.58290296568586,195.3175777694737
17065,2010,140.4,121.73639322530063,100.6717417817695,126.46990921794028,152.70701444396752
17067,2010,116.9,153.0217574070431,129.52968797060217,161.9660211376119,177.19744984743232
17071,2010,143.8,166.9983552480093,131.87963498437088,167.6284195073162,191.8958095577799
17073,2010,158.8,178.92787986208006,153.2735407182267,181.33056656894658,202.12757067352587
17075,2010,144.7,158.2422594965554,130.51276052552868,155.5745564023858,184.3880333681049
17077,2010,114.9,128.29324151147574,94.78030813697806,133.60750578905996,162.71961049330102
17079,2010,142.8,141.51964715842493,113.67128760969398,141.15850194473717,164.73663314300558
17081,2010,124.5,119.9624702580381,99.0945425974968,120.62697695533846,148.79617143580236
17083,2010,169.9,162.6010769471286,124.39838166607808,156.76426107461168,181.38287554710624
17085,2010,176.9,157.87004790302623,130.0580426259192,155.98846176421225,182.58460412591808
17087,2010,106.4,115.46388889197293,91.81819354486919,119.47941890593353,149.64361229836834
17089,2010,178.2,175.1238606454346,149.3486801023179,177.43870282546513,197.854950518712
17091,2010,149.6,161.0616784868622,136.04048359889285,159.40863906698834,187.5297006712909
17093,2010,168.6,173.68869031515345,146.94995153354813,174.1291012314384,197.71061846762413
17095,2010,159.9,178.4099591988101,147.30013419484638,180.96417371888205,196.29568271827748
17099,2010,162.9,170.8666463862392,142.5055255062854,177.5165315156336,201.3774265620409
17101,2010,156.9,144.75340763097478,113.81731356817805,143.0577360102286,170.45770501566332
17103,2010,173.6,174.91229023794844,146.72633000178942,177.858877001124,201.70349553738876
17105,2010,166.6,152.19270387754528,124.21248509706055,152.79107427547692,180.29981882919074
17107,2010,155.7,179.31964599245762,153.69938914904682,177.76922340469292,202.53361175457155
17109,2010,141.8,177.38958162738285,140.69205910296986,179.07037192458353,198.65800137368993
17111,2010,171.4,161.0610547333531,141.95798844996602,166.23155307032792,187.86860435382187
17113,2010,169.5,175.30118275170017,143.97713858698145,175.27134257850227,206.61174469485297
17115,2010,168.5,177.04455641506107,142.43327497963827,176.9348421856505,203.0459892055022
17117,2010,146.9,161.77636745050376,137.54802385614428,156.95224403737336,181.7720995811148
17119,2010,166.3,149.89475403021623,117.03935503085256,145.13505689587782,171.13926623511006
17121,2010,149.7,131.23434048008576,104.17382599740525,132.73931472332777,159.87238988110167
17123,2010,163.3,172.55945050222618,153.5675627914922,174.99170792860266,201.25353839613751
17125,2010,141.0,161.83120866150566,131.23771336786882,161.13579520661432,188.70697066178172
17127,2010,126.0,119.82664168066243,92.18003276074083,124.66009697824879,156.1936000567382
17129,2010,145.6,179.38341531450556,152.33352279186664,182.27248591001268,203.6554470821243
17131,2010,142.4,170.5012252358678,144.08356063749292,172.12385027468596,196.25358934371116
17133,2010,143.6,144.4195085178311,106.6876250005598,139.02361559636915,171.3963049356905
17135,2010,156.3,157.49637236406898,127.10364142498369,148.97725993369096,175.05747993348604
17137,2010,146.5,172.97740459347273,143.8664697903126,178.67447012340256,194.31174180540705
17139,2010,175.1,170.87123079219242,137.87286657230743,165.0555249135328,197.4512547856622
17141,2010,183.4,177.41613556675506,148.80427580823417,181.76460294556134,204.26029683026954
17143,2010,157.6,174.51207184341013,145.995927504152,179.19696924981562,193.0339558377353
17145,2010,117.6,126.98748224723714,93.07728824814458,126.48328461172203,163.89300345554676
17147,2010,164.5,182.6080332716947,145.35792302066295,179.59979210923274,206.81184397451045
17149,2010,137.5,149.89798637036304,133.1666733223646,151.73330349457677,168.79749524349575
17153,2010,136.5,122.3842961908774,84.59853868292939,125.16796027054724,161.3030757425006
17155,2010,163.8,183.35001415634778,150.96803795796777,181.0029514627221,206.67422414733807
17157,2010,130.3,128.5454724872675,103.27818949352142,128.64250380556518,164.30856424550237
17159,2010,144.3,126.19551090948647,102.48979891713428,127.42891279687949,157.637946916511
17161,2010,163.9,171.98729167034926,147.83192276226438,174.42406376558213,196.47625931048532
17163,2010,155.0,149.36132615229593,108.08341727994998,140.4509358034441,172.1448575609273
17165,2010,133.3,121.90251829171153,91.97140728702453,125.74377118075256,154.3022737917576
17167,2010,154.5,182.8654066996691,151.9217811780965,183.85962733211085,204.05197434499885
17169,2010,129.7,162.88800573676744,135.94897823495987,166.2068087301618,182.98334052842083
17171,2010,139.5,159.2077737074831,135.93139517079152,165.1656733899552,180.0466884128573
17173,2010,162.9,164.8383046007613,122.79478779769553,161.01516569221008,188.22031503186938
17175,2010,165.9,181.08547097450085,151.5393006312766,186.0189805406201,208.33405417018886
17177,2010,180.8,172.01272857294416,140.5514020742902,170.63517362268863,193.9372401858755
17179,2010,163.4,179.96458367325857,151.21708750080407,177.850896479407,203.98823631397562
17181,2010,114.3,125.09943030033578,97.94474589297008,133.26048267104542,163.73297511802693
17183,2010,166.3,155.64222949182275,128.9502524945322,154.39762359941975,184.04443761787118
17185,2010,146.6,134.6377992927789,107.45304983248471,140.88909218611445,168.77824448522975
17187,2010,152.9,179.49774742538904,150.91023313832562,181.7434919872187,199.46247116750834
17189,2010,144.3,133.5565874026575,106.1747493187795,130.3550715355787,166.1902080886281
17191,2010,138.8,126.43016067919437,99.27780490091791,127.4664847595247,153.41019537221024
17193,2010,155.4,132.5455902731479,100.23811565888506,140.06873591653002,162.34817652641547
17195,2010,164.4,170.5902424728254,146.8041991195462,168.572794791684,197.90466394567096
17197,2010,158.3,165.89284177223985,137.1028305322368,165.47859302925377,189.18999199585608
17199,2010,124.6,111.3027095907862,90.6366807937232,121.61860138624881,147.42882280440153
17201,2010,172.5,173.39403898347433,146.62441663419233,172.56235941518344,199.6864053855426
17203,2010,171.5,177.62723691916807,145.60270656559493,171.7013585636398,206.08461751148872
18001,2010,143.6,153.7147283788011,128.21519114357343,155.07768330667815,185.42310881503397
18003,2010,150.7,149.41102414535345,130.45234327683798,152.28848761253724,183.30132525005837
18005,2010,129.9,142.26477734570875,119.82467360013135,142.07968396387756,170.72759856917784
18007,2010,165.9,164.29332695884315,137.06548545653035,167.44920922034643,195.29872340912303
18009,2010,149.7,149.7243947558844,128.9553890890176,148.03459432621705,181.225987061865
18011,2010,154.9,156.47586988128094,131.52028096687198,159.44721941457962,189.16771159459677
18013,2010,83.9,142.10145225365517,106.74101876295782,140.5176416421808,158.3665975280984
18015,2010,170.1,169.35975540770832,143.69959914871373,167.22386687829447,193.81619176048198
18017,2010,148.3,160.63938900694174,139.34815633550284,162.49214284108183,190.67681245145545
18019,2010,136.9,130.19013742066838,103.51076357242694,127.06595465435959,157.97832551576002
18021,2010,157.2,151.29974532852847,126.34713892819187,152.3151016634801,172.97488257217057
18023,2010,178.5,162.35978065243762,139.1065342030665,164.6884209247418,195.37832988856965
18025,2010,136.3,122.90737157006413,96.36606779620413,123.93344807545172,146.89061246361226
18027,2010,160.3,161.52462649477948,121.88816916907606,154.24346319444192,180.18834831427722
18029,2010,124.4,121.8148739192582,88.58216802199162,119.25159829844318,153.09694860777415
18031,2010,157.3,146.6541163579196,125.34713010196887,146.0553008406475,173.62750610037918
18033,2010,122.2,147.12940279774517,126.27650506256705,149.74955660839467,178.52020903837663
18035,2010,153.7,161.5135071183093,138.54895517578205,162.35725199480063,194.2976776249001
18037,2010,154.5,141.66764230384294,99.82020341478409,135.92731486732913,158.4568625541858
18039,2010,155.0,157.80396430756178,136.89490420870524,156.0026064804238,183.41976298989096
18041,2010,149.5,151.6492621937599,123.73290545322487,151.83673566114564,174.18996275949297
18043,2010,147.6,119.26061612839644,93.62536045715153,117.9923897133651,147.68143962182458
18045,2010,175.6,159.63455119262065,136.78681349569558,160.10755974372856,187.7937317006555
18047,2010,159.8,141.4439787507093,108.21936621114519,141.40218682032028,169.93328464011893
18049,2010,169.8,150.25537856118567,134.6729731149496,150.98609246262498,178.53942823330837
18051,2010,155.0,142.07932569776787,113.78088495781692,143.24516137203295,175.33650221661782
18053,2010,158.4,154.72133493191373,133.4142184315262,158.50481863111958,187.48286360974964
18055,2010,125.8,145.18981925473258,117.70799424089145,149.31629031336163,169.28399576334962
18057,2010,174.7,152.65996232149212,128.84924193170914,153.4338489346857,185.95735972259794
18059,2010,153.5,157.84776452027486,131.7700811773982,154.15636997331578,186.623364232192
18061,2010,130.0,116.33263176098464,90.46799300492037,116.39186944174492,148.05263270365722
18063,2010,162.5,151.40117001434368,130.51745507081904,152.59936842604517,187.31895210489546
18065,2010,160.9,156.27785556130982,130.98181486485126,153.87995904105722,187.17297875301588
18067,2010,169.4,166.0576308760747,137.91379795344093,165.20640496785734,194.1802924781545
18069,2010,166.9,150.3510799359662,129.35120314173872,155.49097853944156,183.38040362631972
18071,2010,126.1,131.20717106355448,103.32967570545648,135.92674446213644,164.39920506436488
18073,2010,162.5,156.25073187924394,131.70783011416012,156.5786834584946,186.86541722529148
18075,2010,140.2,138.85714952312958,120.15682570222808,145.2523031465046,178.7358378226668
18077,2010,127.4,129.75281811289597,110.09807699339999,128.19090419557253,160.40173165113018
18079,2010,131.1,129.4954179578833,97.5838636993488,130.69970445269777,158.26298001174703
18081,2010,140.2,145.0014486944462,122.75372802405357,142.7425671113655,174.0736090263383
18083,2010,163.8,154.95391581677967,122.9356180692661,155.8367211343019,181.9190366768757
18085,2010,167.1,148.21932643736008,125.02947636535691,148.6100280592964,175.50521087024748
18087,2010,126.0,145.82897275276872,118.80561183482382,149.2172509014026,173.48638746925434
18089,2010,156.2,155.75128635853733,130.4313927947798,154.13356457676636,179.8407034884299
18091,2010,167.1,149.6846255335822,125.56760106821764,152.8715772180491,179.3295104576838
18093,2010,138.9,124.3790274927791,106.57147633773243,124.39317975935089,149.4523011323359
18095,2010,168.4,160.58838750934626,137.27020611325838,161.15196354968734,190.88625128129655
18097,2010,157.2,152.24308398927027,128.20765566960785,148.97534952668863,176.18121047998682
18099,2010,164.3,154.47908177398907,134.12523095058398,154.97953127758205,176.5551323107062
18101,2010,149.5,144.45974642936477,115.54833188335654,146.93392778097473,169.02684014057732
18103,2010,157.9,161.26062616219588,138.39318195585886,156.45900252371757,187.61186999145124
18105,2010,138.6,133.58141951868856,115.3942913458306,132.0443811389742,157.94800023771333
18107,2010,172.5,159.87229041809942,133.71796805541038,160.27634831864768,191.24697122734054
18109,2010,143.2,152.09777544200765,127.13009048692246,152.86297170731817,176.81264447174655
18111,2010,169.9,161.85377428688852,133.0236945913962,160.06688408679864,193.3815931937079
18113,2010,142.4,144.12795849967645,123.86526198109001,139.2227167309923,172.7733175517933
18115,2010,120.4,132.04924806517985,104.97519275449311,129.95058731756492,158.21154269897622
18117,2010,149.4,124.01010676988183,105.48614584397713,127.50355035011683,154.99510100149533
18119,2010,142.4,141.51296921221004,123.36852609259748,141.83419153014256,161.19824286430398
18121,2010,164.9,151.19668898456374,139.07288421700036,153.04690602147286,175.6570538682315
18123,2010,132.6,132.2019707835259,105.17283235055402,132.77256423429284,157.8494628910963
18125,2010,146.1,144.57843453568427,108.67709153654421,142.34081479744378,170.50530755994345
18127,2010,168.2,155.57996358078046,138.83662376899036,152.5907483463183,181.63021691227246
18129,2010,146.6,141.92636454864558,103.23533858799362,142.7440983924337,167.60579713907626
18131,2010,165.2,154.53197425676834,134.78087533427154,156.5091018138728,176.07901810209012
18133,2010,160.6,153.13148093925955,130.3971574602843,154.63353932214486,177.88491876290072
18135,2010,156.9,158.11240952278297,131.35111793070337,153.60805459314244,184.3670300844699
18137,2010,135.6,129.75345640464127,96.15018284303929,132.43312817657048,157.90712769326527
18139,2010,151.4,152.2042446252023,127.64076954266852,153.44830464075912,179.3565225896439
18141,2010,159.4,146.42036515498506,128.41015771614178,152.77057136925905,177.255739426722
18143,2010,144.1,129.00037235096838,96.54853820975576,131.71448831381238,159.1984477340759
18145,2010,139.7,149.2055194617053,122.34144401549673,143.86258873587732,173.95658452700334
18147,2010,139.8,124.57291956110515,98.22046342995334,127.88496934771183,161.71814243967424
18149,2010,149.5,138.97249287939096,123.33459136340986,143.6875573559584,167.4176985175198
18151,2010,134.1,142.35313597130306,123.75950316293273,143.88957610141344,174.25454803023354
18153,2010,159.2,157.55768840977336,125.8023834408626,151.40401339417426,178.49566157723226
18155,2010,136.3,126.78418969457772,97.73086210615432,126.02928669987,158.21339730010877
18157,2010,175.1,165.01771764469657,142.30410834571478,165.10367851257016,193.29244794460195
18159,2010,181.6,169.58721484646463,140.79342430320602,168.9834928594392,196.35564940080647
18161,2010,176.4,153.33162387127697,126.60828098181517,155.93884163706323,174.6705086610285
18163,2010,143.0,127.71002350338455,98.93366173152468,133.67480427227756,167.25583585250712
18165,2010,161.7,154.47946757130535,134.70106604920286,155.8001072805837,189.02787694830718
18167,2010,151.7,159.5826974448937,128.6281104847832,155.08631880903994,180.60758777726298
18169,2010,161.8,163.4134255599292,138.44314132666227,157.8093457554372,190.79256353802327
18171,2010,162.6,161.28348828271515,138.47962718287252,167.02703694857897,194.33448578774852
18173,2010,142.7,117.96186682078846,92.53864867216996,128.9365433941443,162.57552436050608
18175,2010,123.6,118.95234773326233,89.10750675607692,120.56510420754344,149.87577242297385
18177,2010,160.3,146.85980513081057,122.16833169577421,147.41643417998242,177.04521378594865
18179,2010,156.8,156.7355714636553,129.74713475386213,155.8922068846235,185.71486787704333
18181,2010,167.0,163.80085086075465,137.72772690469498,160.38188687327062,194.89391144170284
18183,2010,153.7,151.30685203445293,127.40354509629245,151.2042504960838,176.61780556335842
19001,2010,139.1,159.48969594600436,131.22252814336034,165.24525919702634,186.63177503344855
19003,2010,139.3,155.09959514947332,139.5292501267274,159.0523882591675,186.48724965266618
19005,2010,175.8,163.48381299937677,139.1007366963237,165.29366567404068,187.25210674735675
19007,2010,75.2,133.30154035214133,108.01651606199496,141.8874906886,162.7787667680873
19009,2010,160.3,160.23664561530822,148.0167512328528,164.88867756914385,186.00825445287907
19011,2010,179.0,175.25661589677924,157.42122080866264,178.62286028620682,200.74141313407236
19013,2010,170.4,167.85623592981858,152.32566267228455,171.41192146911922,191.90407844637022
19015,2010,162.5,162.29629748863258,150.5261008795521,173.2424002035644,189.29508336395904
19017,2010,174.6,173.60921700964977,156.58691625979236,175.97232737121547,197.14783608560228
19019,2010,167.5,166.48994439163678,152.4425308765483,166.9628667836,186.80272269088104
19021,2010,178.3,163.7581784580055,148.30690156479747,173.05542166940802,191.136066366153
19023,2010,180.5,174.59437595595526,154.25401190462404,175.33864150416,198.2105132879834
19025,2010,173.3,162.83286908062416,151.7246010925334,175.01190335238147,194.1030168830262
19027,2010,182.0,172.4636725842861,154.76720615765123,176.91865850495435,197.61718631718824
19029,2010,155.1,164.4289585395461,146.121082648471,169.99415263992617,186.7976725123109
19031,2010,174.4,172.69906384386795,154.83875419390912,174.95789768333893,198.2863224423323
19033,2010,173.0,177.19578663108197,159.61865148213693,174.3299589183064,198.45106332923987
19035,2010,186.9,166.3954651945613,151.41165569834547,173.59659937158477,192.56499201819062
19037,2010,182.0,178.9611204697289,158.6984717019278,176.92499366715,197.61822077126942
19039,2010,84.5,132.50092348671578,104.24138798807155,142.59770411377386,171.6474659989148
19041,2010,177.6,159.03243172178077,146.90496141833785,172.12089937282877,189.29264289296177
19043,2010,176.9,165.4673728805064,137.49595194146596,165.68808946439273,189.64554476440082
19045,2010,171.2,171.81117239494756,153.5056947090506,174.11271874733703,198.19658160944567
19047,2010,185.8,169.3522980730581,148.1171645211186,170.60501891433987,196.05653475003558
19049,2010,141.9,163.14825862269834,149.2717558120397,166.6107718354421,187.62178549947012
19051,2010,84.0,136.95778229475576,116.64157701983322,143.72489002202093,159.50524740470493
19053,2010,94.3,134.57138173263795,99.5438456097281,140.84284158747423,166.0194149537515
19055,2010,175.8,160.09802118333604,138.72385606691546,163.6531280080965,184.49174334944297
19057,2010,112.1,157.17205709684023,127.98311193975181,163.53798024727644,187.83010730476437
19059,2010,181.0,160.72333202009227,147.50522826597762,169.51068927073948,195.44156256467585
19061,2010,170.4,166.20505413241912,141.20377105454247,166.6128529519706,188.5146271790425
19063,2010,183.1,167.67612101569995,152.89166028362132,171.79539366366407,195.98779815575728
19065,2010,166.5,168.4080174519699,155.81357859342185,171.46552495677562,193.849563966465
19067,2010,177.8,176.93926139085946,156.76459860493122,177.8755297257591,199.0362875607536
19069,2010,168.0,167.90317075017538,151.06863591469244,170.84429822293993,193.0374763561472
19071,2010,152.7,161.0837144242456,142.65439553701088,164.03711641467658,191.18368040164574
19073,2010,167.3,166.60048094086173,150.66025656433433,173.54042238894584,194.54192778182863
19075,2010,192.9,168.87780679379912,155.1165341643805,174.8679036187647,195.73800118144655
19077,2010,141.3,162.89245515823347,147.25531635143608,169.96049094405703,187.8852122697594
19079,2010,169.6,161.47544604946134,146.89703104540664,172.0918911517237,188.12964258644362
19081,2010,176.9,171.91257445586788,155.476471099054,174.73129827465976,193.83168634013305
19083,2010,185.8,167.50471372603647,149.9394614237075,172.23643579352657,194.59591300873123
19085,2010,159.4,158.24377546631487,144.20143474648043,169.31567039924505,190.97666226493567
19087,2010,109.0,154.2745541107238,123.08824049732351,157.8261406989563,183.7295195595124
19089,2010,191.4,176.98597515717393,156.7021282869767,177.0354568890302,196.9188137964558
19091,2010,153.2,159.39728216920602,143.87094477190635,171.4973070577522,191.90214445875225
19093,2010,191.8,174.07623624158663,152.47298512509238,175.37902997779608,196.64010475689884
19095,2010,158.5,170.4857731320607,148.97263383207263,173.83598299674568,198.39835985934153
19097,2010,157.2,171.4192528020629,142.07995397459763,170.32203792783142,191.81927315587038
19099,2010,152.7,159.54743906762388,135.60522372189774,161.40770139504613,185.63076294368474
19101,2010,98.5,140.26472293429958,119.20339744186529,145.04835503999772,157.15007827207666
19103,2010,150.9,172.41659085042085,147.21868225671406,172.67261005903023,196.14889213304377
19105,2010,168.9,173.153224783406,153.93428241294077,173.35331817927087,198.26100723349978
19107,2010,111.2,156.0300638682844,127.65561277731123,159.9530305590266,185.13830251256655
19109,2010,184.0,167.92190130454995,152.58814180130219,173.31334396073242,195.5193950859721
19111,2010,103.2,144.51307067666778,120.377271707955,150.83320845017414,162.403384751001
19113,2010,170.3,173.8648336610225,152.12253091210079,172.9561292555612,195.8125467637488
19115,2010,125.1,157.07210216712218,134.3523320615327,162.8111508037053,182.80654821919083
19117,2010,71.2,135.98505347958064,98.0032093333033,141.10467387699967,163.96268339502268
19119,2010,195.2,159.5982885819862,146.65401879067693,171.5881098525486,193.39425669212042
19121,2010,124.6,162.9555791567112,144.16887169988883,167.82689988614166,186.71596051976832
19123,2010,116.6,156.8462444075581,129.82752821745714,161.35764960390773,184.7442640349278
19125,2010,112.7,144.48727299588828,118.2473112910694,153.0295120855691,178.25489002958216
19127,2010,183.3,168.46734762719552,151.6684458301021,175.28803542645332,193.10881098038027
19129,2010,160.2,162.59861342985354,144.3785190499293,166.221518244521,192.3245510638324
19131,2010,190.5,177.20266058404232,159.34151229945655,176.40792626251638,198.94194450047897
19133,2010,168.7,151.9607659191485,131.9152077858838,163.83419080699076,184.8586282737853
19135,2010,77.4,139.2431586870125,110.01302986944752,145.21131879350853,171.2096551935673
19137,2010,157.0,164.6363825388497,148.18541872124047,170.01128207967847,195.27944915011196
19139,2010,144.8,163.6051921826302,136.32951780803495,167.3257351406036,189.92643397469274
19141,2010,190.7,161.87835288200063,146.6883760402722,173.13719166596044,194.84605178743675
19143,2010,192.7,159.26384729568122,145.56911496313734,172.3616640575451,192.24429463079926
19145,2010,150.1,159.9703434955061,137.92180550008828,169.14725533241761,193.43866454681736
19147,2010,174.0,167.15618185081053,150.40965925841977,170.361108687434,195.0534462932011
19149,2010,184.7,157.1191929479577,146.75056403716744,170.9665829822227,191.65686802664362
19151,2010,172.6,165.94368189526014,150.9725584926157,173.5134866893302,194.97554814482677
19153,2010,139.4,157.3371063397032,131.30663431012067,161.63005604545552,183.87552088452966
19155,2010,164.8,163.91133853204553,145.1383338531412,169.86740873107985,194.21416893458036
19157,2010,153.2,160.07484902512402,134.15114665338183,163.90299107576433,187.5770442381435
19159,2010,94.1,135.7632681004967,100.29862323459568,141.41491187243471,173.81106645143024
19161,2010,189.7,169.01521436200005,149.2137772081896,172.56054756976084,193.156070275056
19163,2010,151.9,174.30051484638895,149.18135681598443,178.01250464738004,199.7124570635183
19165,2010,171.6,165.6492754957151,147.47495470258443,171.450612037912,189.80291098416387
19167,2010,196.5,165.1878365586175,149.30073635898611,177.98351057184536,194.55936386582056
19169,2010,163.9,158.72866852684322,139.55115166049558,167.70579142936424,186.72772624294726
19171,2010,176.7,175.9380086247368,156.14983985030477,177.64641558307923,199.89423230433667
19173,2010,122.2,150.31728934112178,129.21000596451827,154.40500428331077,181.1389741732289
19175,2010,113.2,146.57710650405664,135.14588181265066,151.69902250863672,177.5780170871291
19177,2010,90.8,135.02929201794106,118.41059136798987,136.9764877264854,149.7390949636674
19179,2010,100.2,142.76137544126652,119.01255813787688,152.44681493844382,172.3212722370351
19181,2010,102.4,150.7310233592679,116.5554386435646,154.71228571960532,179.2817468661352
19183,2010,132.5,159.7599128318542,129.84934252190524,165.75781401331201,189.7599606337667
19185,2010,73.1,129.08023572878506,105.49413621699803,138.06720875538443,163.12575728103883
19187,2010,168.4,164.4315144091142,149.81473035679375,176.742826198429,190.75545383028555
19189,2010,184.1,168.91664588028294,152.52115280823637,174.86921941142282,192.65185084129462
19191,2010,190.5,172.3667984835056,149.6683980204971,169.16708847626822,192.6405240279853
19193,2010,164.3,160.2060377353275,145.7656333811991,168.20083651638555,189.97535638522035
19195,2010,193.2,178.03625019429785,158.3208163843877,175.43043565516498,199.3900061761561
19197,2010,150.0,162.21372184529054,147.29352673882403,172.24878790444865,190.0598933555677
20001,2010,108.2,100.03119280924788,76.15063766130754,98.65346344659163,127.79622156469014
20003,2010,85.5,95.92440471225581,69.8077907628249,93.98251412264348,128.08246429984968
20005,2010,108.9,123.66856940778399,96.25993310042863,125.82463146166778,151.47178234821365
20007,2010,128.1,138.98024514532844,82.14531282314634,132.388361298972,169.04055332874557
20009,2010,132.3,138.83692990253405,83.36375227011284,138.0063865903164,170.78485424584926
20013,2010,132.6,131.84217370499036,107.1519413150438,130.28851282097912,162.0586551706446
20015,2010,94.6,100.31749023031368,74.6110273751278,94.15717421796585,133.9580478861076
20021,2010,115.6,101.5635941251368,75.6351334837711,97.89017309099968,145.6022576587538
20023,2010,144.3,132.4226301918825,87.59893038001111,138.35109267443804,161.27229779552533
20027,2010,149.4,132.68587533970506,97.9555854660776,143.23672107378508,173.24447108860193
20029,2010,131.2,137.72638479978752,102.79001911974844,137.93654231440425,176.27700549417918
20031,2010,88.6,101.57982444405634,80.68052988951395,96.9366130563814,128.94418252493315
20033,2010,117.3,145.3572270144988,73.60524105356254,132.4373136372129,173.28002761017058
20035,2010,105.8,90.47024855136024,70.50458584921198,95.04145674886934,142.61998959239077
20037,2010,111.4,96.2268299771578,70.91006473685127,91.13029105431657,131.96733542436277
20039,2010,100.3,81.34101006305335,56.17540816090187,85.85391172628442,162.119394445388
20041,2010,122.5,99.02953948409056,75.65847463468252,103.72055121857872,154.949594640953
20043,2010,140.7,143.9689059625201,121.0236971684038,144.74855275671723,171.9149771571882
20045,2010,88.2,120.70668921706375,89.31191851765509,114.67465465048336,144.50263080098352
20047,2010,160.0,163.3143327284308,98.18387882009603,152.53810718900573,182.74952982702666
20049,2010,111.2,97.3898938711301,68.26632151922925,89.31557694843876,129.3369226655953
20055,2010,173.0,161.78128096176556,100.8521014460823,160.45255981423404,201.9040048950445
20057,2010,163.9,148.32422335865382,76.51318556099676,141.50373943526668,178.72061918198224
20059,2010,75.6,102.19472938780596,76.65261131521653,98.41247779820448,129.53143665555
20061,2010,130.8,123.33138378690968,97.33516594892825,124.55061441334858,158.3549443639031
20063,2010,92.4,95.09822466719272,59.885679216051685,102.76216262834845,156.85155158558484
20065,2010,69.0,99.49301453345214,58.11016618098871,99.07838154098368,166.89591700149316
20069,2010,168.1,178.9819283355177,101.44839251830369,168.85414336499403,208.10926274815156
20071,2010,97.3,116.87507796165345,92.48611803201229,122.85552262056473,170.9277293018946
20073,2010,105.7,101.42046760117928,78.95768172024219,99.09677065443701,130.12657927143295
20075,2010,120.6,149.52977516318361,103.9274591463629,157.3269699338621,198.53946482169152
20079,2010,105.6,127.63849437868093,80.89242932928902,120.03271020264276,158.32018833691475
20081,2010,178.6,177.79445095991147,97.59611663415559,165.05225553480287,202.185358664471
20085,2010,88.8,118.45603926369861,90.62410375552422,113.30515708882048,142.11673166429247
20087,2010,109.5,117.23921405384807,89.1762260683763,115.05146309268422,148.1967922149869
20089,2010,115.3,133.96253718867305,103.37489365079306,130.97432458182138,170.1255415028622
20097,2010,163.5,169.42940994739968,117.88266403724401,159.51696384649844,196.9834248087387
20099,2010,106.7,91.03100409800038,68.62011176577327,86.30522642806606,125.92766466318811
20105,2010,90.4,96.45352197548802,68.97189356060771,106.13288588380641,163.42253391561422
20107,2010,93.3,97.77100828492765,74.36493858095109,96.73194488899613,130.06515968250656
20109,2010,92.5,98.43712230312849,59.986102423610674,114.6465063053823,160.30490458219916
20111,2010,78.3,101.1791944432253,73.70828830062639,98.62960891562214,132.47036524703847
20113,2010,124.3,133.11962729096317,80.5217668410428,130.21093569717365,164.42884190309402
20115,2010,93.6,96.22085044392989,72.95681898711233,90.67381174633542,131.6286706769722
20117,2010,103.0,127.31377877144386,106.42960296995034,124.65305265640285,153.90627830646207
20121,2010,103.3,104.90534822809519,84.07052164644546,103.67639977870387,129.89310601590992
20123,2010,115.3,123.2546273621619,89.59708185859485,128.21389574992267,167.4536459187757
20125,2010,102.2,92.89584738746238,66.12397374922115,85.03999282252825,126.0749591793692
20127,2010,94.5,99.89480428943148,83.3749746487394,98.87241172984609,134.77212469530645
20129,2010,140.3,150.5557498187939,90.66101968493214,153.96995194303875,200.2453372373111
20131,2010,104.6,125.66042430804877,110.5910451523561,129.6933963650302,153.40976860309942
20133,2010,106.9,98.35229716372933,74.97529597458906,94.429581186253,126.76284801897637
20137,2010,88.8,88.870793717329,53.37264851981192,91.31360424632382,165.59468251132935
20139,2010,73.4,101.98757237233188,80.0467487882807,99.21371089516721,130.65389602164498
20141,2010,82.2,123.75831369339916,77.0761756313576,125.6977403775669,161.7796967391714
20143,2010,108.7,112.5261810608411,91.52727783707195,120.3687734571906,171.21946586452037
20145,2010,141.0,143.91364896930628,84.35322301235541,137.77625484539632,178.14646918879032
20147,2010,105.1,98.35232337014793,59.198956361733295,96.17851466000022,157.97852791279234
20149,2010,119.9,137.20318170528154,106.37589698406273,133.969141929888,159.86361802615428
20151,2010,159.5,153.9142245525913,101.47246716127125,145.15757909135388,182.8728251365652
20153,2010,106.5,100.40833783790717,67.49253468220739,113.1720521980541,153.16025547610334
20155,2010,134.7,147.52121261587826,104.61959104594078,143.52745356326366,178.3535456839768
20157,2010,133.8,142.48235861835641,111.73011998872045,141.23117760548539,177.56928148844244
20159,2010,116.7,131.2148099193234,93.68107528580212,128.85888561090687,169.66306079379058
20161,2010,111.9,122.43534303798499,92.32349389233681,122.24206610482035,164.2152956711393
20163,2010,57.8,92.92321723260073,56.80464696569152,96.59593957320627,155.23415101798372
20165,2010,95.1,109.18888875280504,70.69131295092974,111.4642433938935,158.01908922678328
20167,2010,78.3,91.00240312049209,61.85895492751415,108.42655650264118,164.17423665723393
20169,2010,106.7,112.57830774079459,87.23330936386276,114.93997458731224,163.9632203053605
20171,2010,119.2,126.9091575024911,90.02254942499542,128.31683490285664,175.15694921631786
20173,2010,121.6,126.1773427528471,92.30549471518773,120.69898965817578,164.7520788195503
20175,2010,179.6,174.90785924720873,101.04971737838288,168.19677424213555,200.54533831155032
20177,2010,103.4,126.57413522021577,98.37482596977436,123.5542334019769,151.6116355629211
20179,2010,108.3,141.55110115464558,87.04791600451773,142.12985129916527,175.53415870073866
20181,2010,149.5,131.56731969816187,85.91056686897335,136.27464423496528,165.46453223479807
20183,2010,112.6,114.43871006117818,79.34495271220979,118.62778821733045,161.46182987367354
20185,2010,135.7,151.45668283468845,105.9160971784977,147.53037264464157,178.45032531750084
20187,2010,157.4,173.62974624791056,99.10396741193398,162.37445914747863,190.10957171814965
20189,2010,165.2,177.22895597721921,103.51575955292525,172.87047410599038,201.10042935799615
20191,2010,92.0,88.443438326156,57.097744516263504,95.67036926062625,157.5314856147064
20193,2010,120.6,135.84896947317836,89.9062757506816,135.40266003831246,165.56986220128593
20195,2010,69.8,109.77220535686972,59.45667789408357,113.58898804407005,167.17573308696325
20197,2010,95.8,121.23854144723758,98.64300937124642,115.78116325219305,148.18363785855
20199,2010,132.6,122.21938458674157,91.14532697718883,130.48440064480766,163.62747334836104
20201,2010,102.1,122.0638916657051,91.59345994678603,120.34455091895555,162.6604494788612
20203,2010,138.6,137.52018847407624,105.52268039386709,143.27232405880235,177.12439139219308
20205,2010,106.8,97.7899157512822,73.29570640933828,90.93630240964775,127.67262928566501
20207,2010,91.5,103.7454451941507,76.65266255152922,101.79182635929617,129.44584353767095
27001,2010,140.0,143.21108642236052,118.84243443016868,149.28956856238946,160.66999790189797
27003,2010,138.7,126.97160267936091,104.74677890904525,131.99534488146764,160.29183691654092
27005,2010,132.3,130.95029613989675,114.09009024958611,141.0026949638837,168.08681669258132
27009,2010,153.0,139.72673776817774,113.35576091785093,139.24270733742125,169.6868503956038
27011,2010,162.8,153.64191632529148,123.90221598432115,153.86145383658973,173.81610851814082
27013,2010,174.1,159.55788584955974,127.59585159009282,169.05896246868303,185.23237308388033
27015,2010,186.2,171.7419366164545,143.64861769733884,173.2554213169322,192.78984417845493
27017,2010,107.1,132.12611898400544,109.79266169396875,139.4117592804952,160.25645245383296
27019,2010,186.0,166.0747607682361,145.5490259733467,164.00855456395666,191.4279475136782
27023,2010,180.8,170.53471194341824,143.51394431503635,172.1752361480027,191.8792999402048
27025,2010,152.7,127.56128366051446,114.23337177733657,134.89519663505317,159.45356265478762
27027,2010,147.0,145.30865849595307,120.7159530675064,149.19290933759993,160.1149557488867
27029,2010,95.8,132.4545511724137,114.73234089716978,138.4814674427031,164.7123357336271
27033,2010,180.4,164.89240627290042,145.49463002910957,168.97961199076815,192.6112828815357
27035,2010,134.7,119.41035156230284,99.74344394334828,127.45829217426665,150.1293604089144
27037,2010,189.3,155.0519587975951,128.40590209463335,155.1621517529318,184.29637575424832
27039,2010,195.4,170.26230903447123,145.2836948028129,171.75074412053326,196.86329572192668
27041,2010,160.2,151.58081212113257,125.87802706883389,154.2474092820216,179.05107610020406
27043,2010,178.8,161.63779721483948,141.06693110745442,170.91111290164122,189.3418397768684
27045,2010,187.6,162.6615086689342,123.5995284538713,161.02983208760114,186.37065746611168
27047,2010,183.1,169.85403511078596,143.2283283544228,171.96126748629425,195.35653679844327
27049,2010,193.8,172.14024208801143,144.843368750689,170.8079596762922,196.3333175036265
27051,2010,172.7,151.1391762193654,123.87442696974855,152.33212533153824,172.91631826737267
27053,2010,160.8,157.9151861781135,141.89758832694088,159.53213208777987,189.81880590980862
27055,2010,180.3,155.82647587110853,115.68227265595583,158.5772345039833,179.2341015561938
27059,2010,137.6,125.84318411185099,105.17695843222353,133.66286296809562,154.70236325057883
27063,2010,185.7,160.87488521393036,140.07670613465282,168.03470243820271,190.97668976285584
27065,2010,149.6,127.51403442276187,102.45765049212864,142.48640891301002,158.45889013753796
27067,2010,175.5,158.66900822042703,127.84631365723422,155.58827389543566,185.4801254616482
27073,2010,172.9,160.90125311975888,138.09705521566187,167.03151074333658,187.08138302972318
27079,2010,182.7,163.9785296100405,134.41791812187836,167.349857827458,185.49264206410342
27081,2010,161.9,152.7177367464618,134.1137915229229,163.53922068090242,187.99293394038256
27083,2010,168.6,164.88829514719686,141.2688208415743,167.62455642240292,186.80727717560023
27085,2010,182.5,174.6550125284764,147.85617275713554,175.56364699117856,198.4935079111986
27087,2010,139.0,135.95715363665204,112.6248117359684,135.81855121358285,154.1583155590434
27089,2010,129.9,134.29647114422187,108.14915194157744,137.15658135755726,153.85245253720902
27091,2010,188.0,170.90214840199047,144.65352715054777,172.3821046478264,195.74858471963654
27093,2010,178.1,157.34694756001633,134.13057037506138,161.76342866636983,186.7454517568388
27095,2010,159.4,130.03748209571594,104.09845491757122,141.3765347778307,155.82643620652797
27097,2010,159.1,127.82779132278306,106.1769719873869,137.68629108527855,163.43239654823518
27099,2010,194.1,163.95486270204168,132.9933469236895,167.11995495566998,194.38535532515286
27101,2010,186.3,161.99861739776637,143.16332730271455,167.8908138239397,191.19583680864196
27103,2010,176.7,171.85519442262574,145.71705628901606,174.5145774133241,198.75293403455404
27105,2010,179.8,155.44088840264976,134.68988660247547,164.68965067798814,188.05104290873535
27107,2010,141.7,139.95369228731565,112.23710666014075,146.0595713231034,160.53372823473026
27109,2010,192.8,154.31409227015803,124.85491317232044,154.73389092082923,186.4031738313229
27111,2010,158.3,144.90914085792278,124.00539077296474,146.56451976529513,172.08958729411205
27113,2010,100.0,140.17741936023185,122.25904878083347,142.88979215324824,181.36767165123706
27115,2010,140.5,133.33725865525778,108.64226404809891,139.45803638413207,158.1710389498504
27117,2010,172.4,143.5555036284115,119.3464073211737,148.63037097411336,179.20162218763795
27119,2010,143.1,141.9419019540394,121.48348625553004,141.02812887974127,167.56167358068333
27121,2010,174.3,151.79192716398157,127.12695507459372,151.18784161094888,178.74073341131802
27125,2010,130.5,138.62140928271015,117.19094225384056,141.10378911569907,166.69426826219762
27127,2010,184.0,172.1365694225867,144.10993756405995,176.25538151325122,195.73803604601378
27129,2010,186.1,175.760751364682,150.7847497850892,176.58946524374082,201.6005893509952
27131,2010,191.0,173.00558393428423,147.61782749878117,173.11837306637065,194.06540232489417
27133,2010,189.2,157.0018620335365,136.27335745203987,162.23146521390464,189.976849392581
27139,2010,185.6,164.84722534223548,146.33083905377958,164.01688007910494,191.93412922213804
27141,2010,158.8,139.5635200616144,112.2278737357666,139.41565825005384,168.10279103763142
27143,2010,189.3,170.7124787072616,147.79853218710193,173.37348590838195,197.1306020937702
27145,2010,164.9,141.53639756377177,114.68403634455537,146.9619255925583,175.24669617415088
27147,2010,186.5,169.27279786304257,146.51299019846036,170.87755245688882,195.24857278823637
27149,2010,179.7,157.10034694386803,124.85920102582503,156.4055318576577,178.77449435971604
27151,2010,180.1,159.92446200635115,140.57176493778948,165.993936707524,188.0325374453014
27153,2010,142.7,129.4512300010526,113.2451326313657,132.74173918809052,164.99512628590762
27155,2010,165.2,154.73368128995037,128.07739272578416,159.6903390209927,177.08071984330678
27157,2010,185.9,167.81420857668704,139.54563255249684,170.8891154898396,193.3988666326239
27159,2010,136.1,132.3928095361494,113.42366869387591,135.69078362048774,161.48739034222612
27161,2010,186.0,167.7735916976544,141.27344732440628,171.01131072347408,192.34313143614145
27163,2010,162.0,146.6658452877949,122.70229180419511,148.1304734215319,179.8181508921499
27165,2010,183.1,172.0213429957496,140.59638414619803,172.23491953138665,192.0473994583383
27167,2010,153.5,146.961390108121,125.51162753518949,150.53289325120363,161.75609441185384
27169,2010,185.2,156.37245925068785,121.06992020155855,160.7587416475615,186.6229083053395
27171,2010,162.9,158.34977073379673,141.1129558325525,157.8473423349112,189.45056601973573
27173,2010,173.8,164.92186589070968,140.6242544247299,170.24873965480788,190.20617872222064
29001,2010,85.6,126.49906777868632,105.10114680576048,126.67137346976044,152.19534231902188
29003,2010,111.2,138.9930219741908,118.01176079530472,144.83272939964627,158.8926207187148
29005,2010,149.4,152.77772898039694,135.6141557502119,151.45322543111521,171.09378749659982
29007,2010,122.3,131.8148358308828,109.38490456960449,132.80869233278366,145.86360648627362
29009,2010,111.0,115.47766755463707,80.55120454020178,103.42261494482135,134.81677389041897
29011,2010,137.6,122.12485350436717,87.08225627355093,112.44775872027348,156.35414995747954
29013,2010,119.0,107.42380188874606,78.68260725481092,104.92931194007296,133.02471445603655
29015,2010,123.9,112.52319160728068,83.46779952999086,103.3796768351947,137.94704551314288
29017,2010,110.0,120.3983406349054,88.53155834516713,114.46875637444849,157.40093787261785
29019,2010,115.0,131.16619559313557,110.3397274991424,130.9920044006502,147.9653165337384
29021,2010,127.8,137.4627028746245,117.4822505452559,141.52044330512467,167.7888228760528
29023,2010,126.0,124.53848215749093,76.41211315673881,132.94914241007456,167.37120428909566
29025,2010,106.5,125.36279710590435,100.61856724481244,128.4047435808926,146.14451534492616
29027,2010,136.0,126.85095077738066,112.37007259968695,128.31083962902053,152.39389574567045
29031,2010,134.8,116.78374673875179,78.15061196652084,118.61803796802155,167.44724347510478
29033,2010,112.5,132.45516261066834,104.23274211734085,132.3258972968137,150.61412243837503
29037,2010,109.8,117.98784811483134,89.97672864785746,115.60524343018118,141.3985175656321
29039,2010,126.6,108.21640749216346,77.37670810262462,100.01861339635546,142.0844680252766
29041,2010,108.7,131.6353619057863,107.6467181181705,130.10342093238208,149.9917351560238
29043,2010,99.8,113.52308064600338,82.19029601338099,104.66455551681894,134.5079251780008
29045,2010,82.9,128.29029497523092,104.09921891718673,127.48879279114819,149.25576639557065
29047,2010,134.4,132.57049389355012,103.7920073535451,135.6935299073728,161.6181017648388
29049,2010,119.6,129.52170879244724,102.85000253539482,132.3741532632078,150.91391231118763
29051,2010,132.2,120.16109385248345,93.87207939212944,116.60736290466325,150.19531608054982
29053,2010,130.4,131.25885593509668,102.38728947888713,134.4390204690191,157.5199332095793
29055,2010,118.0,113.68406053091039,88.04579927699646,105.30040525046253,141.10227123857595
29057,2010,107.8,106.09756894944555,73.84324004077925,95.74694419711746,140.82359410401676
29061,2010,104.5,119.69043949201499,94.32172981046348,120.16586364210112,136.7937030145113
29063,2010,113.6,126.72332942177466,100.92087208112649,131.4095306701816,146.50553490084994
29069,2010,150.0,105.02490969301402,69.09933915268114,102.277408255249,154.50669325136295
29071,2010,124.0,127.19317499671095,100.80683525613118,126.99318336179194,159.48279568593134
29073,2010,112.7,118.70177084808512,93.26828456747631,114.46492935944705,147.44925464025602
29075,2010,93.8,124.68997768616545,106.06444916721087,128.69413861635235,150.43091048485525
29079,2010,109.1,120.00740999442922,98.5954803810131,117.70513960397663,143.66276380328765
29081,2010,100.2,132.1155367277825,105.0509193968518,135.9762495859112,151.15678606429958
29083,2010,98.6,115.109125335619,76.85021965698435,115.89354648468866,160.43172637170187
29087,2010,149.4,147.48483176811106,132.44528162226086,148.45878722166844,170.35771396780547
29089,2010,123.4,132.6449385160347,109.46922214178963,139.26670385470604,160.94298712326096
29091,2010,65.3,104.69887613100337,66.12919781361046,94.02159693265934,138.01814726614168
29095,2010,134.1,128.8915703014206,102.46369708677989,127.17738414018275,156.48409295627397
29097,2010,128.6,109.9189850995195,75.19516704796665,94.427951275822,143.14266134731912
29099,2010,115.9,131.20666424903033,101.10411965427711,133.88832734685843,169.92926061639733
29101,2010,106.2,121.34431057487113,92.95388436445,123.18425293873692,147.55248983854915
29103,2010,98.0,127.19132294082677,107.53906513326831,126.39593432399202,145.40411759437757
29105,2010,125.0,111.09384279170165,78.24232580324997,98.34632565356692,133.3910948820397
29107,2010,135.6,137.1575740261676,111.18850767728516,139.75541869829243,161.43372678762816
29109,2010,92.6,111.8125068713533,83.06294971391064,101.29103066587489,133.74390428126648
29111,2010,95.1,127.11927906052736,107.99949718500206,127.1023174729305,145.28000716014543
29113,2010,138.0,124.70748913462005,99.63576014548005,124.89473805759208,152.79375412435144
29115,2010,107.2,118.07395416217688,96.36660366695438,122.53852472154314,141.51980440172377
29117,2010,105.4,121.53441943706979,98.0184666828117,120.98805678064538,143.18359618097588
29121,2010,96.7,132.65858930172973,108.54208498362814,130.55130550917693,150.8606665393174
29125,2010,124.4,109.57421090458453,76.77902822555316,102.57596454118537,138.08478227750692
29127,2010,115.1,132.29184729703294,113.04757901414173,135.95053959968425,150.54342706828064
29129,2010,102.4,124.136979766699,96.69929979200417,127.35900191119133,149.80426803136712
29131,2010,135.9,110.94716035309484,79.16275407120212,104.12726529415177,136.41111252502645
29133,2010,148.0,101.08340215159808,72.04908921775801,101.12281591747,162.58249508524244
29135,2010,110.9,115.89172458516028,94.21853802003193,113.41760979330967,151.0728513653927
29137,2010,102.5,127.29922087203423,111.58405818750177,130.99941231446854,141.15114389757758
29139,2010,126.0,130.62548882523777,109.83771806427852,123.17080366988613,153.4792884132887
29141,2010,119.1,106.26612672190721,85.5175324920414,102.90704556233705,137.4446005241644
29143,2010,157.2,108.6685222963952,50.42635393006947,88.86442289669029,162.90239364945268
29147,2010,121.3,146.7266026605353,121.61479197627989,146.53537381280256,163.1971196311089
29151,2010,135.0,121.84968388190687,89.68061490848505,117.88903150815655,150.46984831252993
29155,2010,140.0,104.35469748098456,51.829873165921825,100.4258711367741,152.5112354648031
29157,2010,132.1,136.40676763722539,93.94676290528558,131.43184413263788,172.5525557990701
29159,2010,108.8,120.9520348074201,90.93418046512873,122.6329794185361,149.68336913604517
29163,2010,131.0,137.368113118305,115.06233613485102,135.17338365322647,155.23560832903576
29165,2010,133.5,135.0517798913266,108.69015335267424,139.70125246619696,169.62717537945443
29171,2010,93.0,121.26812251336818,98.62314546976945,129.16965297395532,147.27044271392458
29173,2010,121.2,128.40479538448506,111.1594403506632,128.17165493978297,147.17591710762528
29175,2010,96.8,126.59516966252141,100.98017970847158,126.09126114901643,144.80413048074595
29177,2010,120.4,128.94637937877096,102.94079123907757,130.25347032830712,148.01732411028453
29181,2010,67.2,97.41623685909556,65.7433551396769,96.50261292377397,151.64748161077648
29183,2010,149.1,127.38124709772904,102.83102169125003,136.46614840747955,160.54222650031454
29185,2010,125.6,115.05210710702372,87.71866946360099,111.3423758534099,149.3520837405743
29186,2010,143.4,131.24824822703968,98.64537402751724,131.3631260895551,165.0282549938323
29187,2010,140.0,118.75412875048907,94.28628086210918,122.26256794282422,155.541241350654
29189,2010,159.5,133.7096609891744,105.0649751798698,137.06955992618938,167.461295369719
29195,2010,140.5,136.30520835463446,109.94323248371478,139.52716121110046,161.14307426249022
29197,2010,74.7,124.93591506382047,102.45659842527026,129.8589683133356,153.09521848367442
29199,2010,81.8,127.73034563016184,106.8500262826145,121.94295053507317,144.2189089473833
29201,2010,150.6,125.73241511364081,83.26802151116608,131.21468145001256,173.54075153466448
29205,2010,92.0,134.2492541437414,116.31970325147698,137.93193848428893,146.71455693964845
29207,2010,136.4,131.7141774205479,70.30618472855745,128.04361887738415,174.30944771906715
29209,2010,89.3,99.52575315280399,68.16083023276133,88.45221036839818,134.24157660821984
29211,2010,91.8,125.90821696816245,102.08086430999897,124.15783582595783,150.11401992682136
29217,2010,122.9,117.24503746133836,80.9649020551568,108.96639887175816,145.51203378098145
29219,2010,126.3,128.7248380921405,105.91510610856356,131.44876148427673,156.38963961981898
29223,2010,77.0,113.941996857119,86.0962113216234,108.12131523885542,155.89302189128617
29225,2010,115.0,107.33135946907463,84.15470078073324,103.53785830670388,136.0186793896453
29227,2010,93.3,128.6715818051249,99.65030835777435,132.79461834536164,155.30987878545687
31001,2010,186.0,165.7051703570258,135.71161780960142,166.78102858506642,192.8005096354784
31003,2010,180.5,152.47833648763492,126.58079303891833,152.02598984686355,186.50511284972995
31007,2010,100.0,128.59648170577657,99.00336880670828,130.29793648974592,174.2658880287186
31011,2010,170.9,154.4689215788031,135.01614672154548,158.05096211688996,183.11069580983863
31013,2010,152.0,153.15090729548805,111.29556818383483,148.58081269715282,176.05836295680368
31015,2010,140.5,134.32740212175398,100.60070130437518,131.62570243497007,175.71036980852378
31017,2010,188.8,163.86899193217286,123.61043804589394,160.72706363295922,188.6076559704542
31019,2010,180.8,173.8539764601052,143.85135147974324,176.70948911342006,194.30024520672657
31021,2010,160.0,151.28694634297418,128.46753197575413,160.26518307607142,173.63275733435665
31023,2010,168.6,157.23476114561714,134.01449484709696,158.45478138898213,187.00324631226292
31025,2010,146.5,145.7994878889712,128.95536766116155,148.87805834176686,166.94425695512143
31027,2010,178.6,150.77454401624604,131.1149775367361,154.8166365558128,185.6289674331093
31029,2010,176.1,164.05547258093492,112.52883381315927,158.43940978975294,192.35675867951454
31031,2010,164.3,160.8696260563597,118.56839696809806,155.82028731102892,189.86450528540226
31033,2010,130.5,152.13360790255558,121.46199356830482,148.5232020384423,174.789013200791
31035,2010,177.5,171.93238653313904,136.93187634654285,166.0032506003246,190.57263576043306
31037,2010,158.1,150.34699006143023,131.72351487721826,159.4443129167429,182.13306540583216
31039,2010,183.8,150.820358260789,129.28462557338344,156.65354753788392,178.15370940317518
31041,2010,171.9,169.64543776619362,143.20860811383017,169.0500770217268,190.41715484997894
31043,2010,179.8,134.94042735827142,110.62564719923063,154.5573903643815,170.1138729638748
31045,2010,121.6,132.76369022599167,104.88608983042693,136.5712554173742,164.22680785057574
31047,2010,175.6,177.45154008636115,145.5213225460394,179.83260639599152,196.3347853015647
31049,2010,144.7,153.00915759942976,120.84937307546136,156.879554768598,181.52428937169677
31051,2010,183.4,139.58477862657165,127.62751960450663,150.7859745581527,177.43284615300732
31053,2010,156.4,149.12785723295397,131.7150993015158,157.0971172415559,179.18398896642364
31055,2010,140.3,150.87503049762196,128.55314668276557,152.01893773714895,177.95112945150478
31057,2010,167.3,158.88338060848986,114.43753719957532,157.50263219929556,176.10437962879558
31059,2010,179.4,167.99273894219016,127.091329515898,167.58471816815117,181.14144024849483
31061,2010,183.1,170.77617601126983,129.0059050919039,171.68574167938525,182.61174055564103
31063,2010,146.8,141.14240891191469,124.9383946401041,143.77834092484963,170.7633245656943
31065,2010,135.8,125.5760064152394,103.60941548047111,126.4310552436616,163.08468442276387
31067,2010,134.7,144.39027702986508,116.21264441548779,143.55399975790343,161.1058019841273
31069,2010,142.6,151.4445301639648,118.47815829404553,155.20904445255863,181.1998416498903
31071,2010,154.2,155.78386351346725,128.78154553527287,154.74371139466845,184.8678106744757
31073,2010,180.5,168.4127035622642,125.62848319985542,164.43160460674707,187.6263786785378
31077,2010,163.7,162.96014957948904,139.8611048716292,168.79081489087613,188.66303697522778
31079,2010,180.6,173.39067973021574,144.73564911778814,173.83420880382752,195.10626654606253
31081,2010,189.2,177.81200354426076,137.01943074080685,181.18514865325395,194.0693376355146
31083,2010,168.5,150.86115540814555,130.9832092817052,154.20951672880616,183.79694187871357
31085,2010,157.7,147.99091829498272,131.58823536383431,153.4672986786322,188.00555196704076
31087,2010,127.8,123.99664913311295,100.01066818487872,125.57971985026225,169.61936159291503
31089,2010,158.5,169.08557333568896,126.72666014617141,162.9785480783947,194.9865542273058
31093,2010,171.9,162.34081800582462,141.32351802976785,166.8077172035838,196.55762624982228
31095,2010,151.6,148.99594063142973,132.5801632186471,155.77573970988246,171.04293191113467
31097,2010,132.7,141.20320462916172,113.66130169030967,138.8166158493063,158.02227856302167
31099,2010,189.4,177.7737833256849,142.06790845812822,176.16475515412978,203.82710655908195
31101,2010,149.4,150.86566455458916,116.22431365927412,153.1384861892054,172.1123273660474
31103,2010,170.9,143.08808345789802,117.57047453404464,146.21365715140834,182.6855802374494
31105,2010,101.3,125.59927568503305,95.74144390372088,131.57483093841435,180.75254611523647
31107,2010,164.7,150.429557802528,135.05661545544893,155.78541276576817,184.90578944744837
31109,2010,145.8,143.77329265067507,117.38061162431511,139.64429169010873,162.31263706130827
31111,2010,171.6,156.19027439003892,126.70854243285689,156.19344560899177,181.61492750044115
31113,2010,153.4,158.126852558512,130.83205706031256,158.11116354933912,186.7614177195249
31115,2010,142.6,159.50815706950394,122.73146695233581,154.7964318640567,181.43875578729603
31119,2010,168.6,154.24715811395228,133.03377887454243,157.14376518463564,185.7106652416755
31121,2010,169.2,151.60693955238835,121.81627746807456,152.75967725965577,185.1803692831199
31123,2010,155.4,154.39353953096816,127.1687933820325,163.38182315115515,188.0001963766577
31125,2010,160.2,154.1022554059417,135.58313460034168,155.66701035328313,187.6515549968115
31127,2010,142.0,140.12506051777754,117.4940407907923,138.95688620080347,166.30273807172614
31129,2010,146.7,154.31955850534104,128.51717356543332,152.47855793449318,181.94628084385036
31131,2010,131.6,137.20239655455003,112.49302477474667,137.35680477239526,158.71653939385158
31133,2010,120.2,135.0935653555628,115.43806280287225,133.40811514202363,157.93126067304277
31135,2010,129.8,152.67199654596857,113.483088595845,155.85996294387374,176.69493725941746
31137,2010,202.4,183.2505618166168,146.36646909640888,178.8208644875168,207.1407507616573
31139,2010,176.2,149.11241037606266,126.92966131324553,153.7759193827425,186.24359995755157
31141,2010,176.6,155.43347307128278,133.91931102254472,160.36720696246775,185.2823221910581
31143,2010,170.1,166.01027460861232,137.89886694428398,167.84731771198338,189.42850480466487
31145,2010,145.5,132.79228040030097,112.86909000094239,135.2711818075792,192.70593435634592
31147,2010,148.7,139.31168127919483,118.0434657480082,139.4488982385555,162.6584636507856
31149,2010,173.2,161.20577289953246,125.06734187998887,157.3056361281189,186.9301146167605
31151,2010,149.3,152.14624433580494,133.52857521351223,157.4615676410406,171.03598052348312
31153,2010,152.9,144.77859102760132,131.201568847793,146.79855825350737,174.1631191939919
31155,2010,158.1,151.7952334703234,131.0951183622289,155.5409388527874,174.97162943669196
31157,2010,159.8,162.00286401509007,110.82756693388365,155.05743759657813,185.22746242239597
31159,2010,162.3,157.10929205335106,135.9625696139157,160.69931257997203,170.68907600820364
31161,2010,143.3,154.38009985872867,115.2150118018602,152.60935251560883,178.05309338530483
31163,2010,171.7,166.48493826779233,136.01638113920322,169.25536024549965,185.049315906898
31165,2010,152.5,154.9941488695,106.05020965770838,147.48729051337008,180.1581940760916
31167,2010,173.0,148.2994082863252,126.82523714795929,153.21699630706638,178.6252764883769
31169,2010,165.7,153.27954026218248,121.11221455310766,149.45289993007756,181.94595699632234
31173,2010,174.1,139.14588504406728,124.7103427629487,149.03377452625335,173.79637042215003
31175,2010,173.1,169.76108377984752,143.37655359476645,169.49680691620605,192.25469543051724
31177,2010,163.3,148.35153785368533,130.902766310394,156.8239617635868,178.8317980930823
31179,2010,183.0,145.0988392053768,128.59448208075327,150.98263975144954,177.24646790931553
31181,2010,158.0,155.45423460835786,131.9407505736295,155.42717071196594,186.07849740431487
31183,2010,152.7,153.77601622138704,120.40904829893614,152.04898372313542,187.09830205189436
31185,2010,187.7,170.23067505609362,137.8736723121435,175.1720390717509,194.8613566688211
38003,2010,140.9,134.07103554940164,106.86655201054722,138.13984574400817,150.819737426857
38005,2010,117.8,114.57092096194818,89.55924216981919,118.09929147244986,146.54549797953297
38007,2010,41.0,69.69873047024056,50.87368750592334,73.31641715156823,127.929925729615
38009,2010,87.9,121.03897249140111,88.39584370279319,130.78920273580255,146.20206667507938
38011,2010,80.3,77.32172424955927,58.5998884665331,74.93193864673418,119.08484047155922
38015,2010,101.5,110.91888980236908,86.76979484175456,114.12185979712936,140.0195137968017
38017,2010,143.4,136.12718298206136,113.59382352414194,141.61308743159427,159.16576532716817
38019,2010,114.2,114.81804476718732,91.93475993208406,117.08771347617528,137.98842725021055
38021,2010,139.0,130.18143267824766,98.51734863507914,130.99300674564378,151.03487964714196
38023,2010,110.9,95.49437434296375,73.27964438639246,101.73348990731981,129.68560787962463
38025,2010,75.3,83.50787799719012,65.99939173952346,83.69777859928516,124.72772466790862
38027,2010,126.6,101.83101129617219,75.9940542560761,104.97707602699606,142.49534447772714
38029,2010,99.4,110.07807078328118,80.5728192169821,109.64141965566648,141.58320463345297
38031,2010,117.6,118.04215431057442,95.54895682401212,122.16043471709699,143.05882262422134
38033,2010,76.1,89.58678102347352,66.18221657533415,87.44847978659325,124.71843149492803
38035,2010,133.4,131.30994455638935,106.61352514986761,135.2077453632265,150.64764781438436
38037,2010,92.3,91.8521455459065,72.15034995307835,83.31885859588553,132.0875122467918
38039,2010,135.8,121.4803734149404,93.85498772334236,125.86576626808099,149.0421737256909
38043,2010,116.3,124.77848236002768,83.97868156630824,109.8572036379561,146.1815378576785
38045,2010,141.0,142.79561583273522,111.10983860815807,145.7960632190985,154.8413035896299
38047,2010,96.2,104.856526099575,85.02041583005476,100.17834411098147,132.57989666417478
38049,2010,103.8,110.93083308968744,82.9978099807264,114.50756071352487,151.68157002276706
38051,2010,114.7,98.80066423186261,78.02514587077418,94.64010036624046,132.41904081055344
38057,2010,92.2,110.26021195176266,82.19500968579585,109.5374105131379,140.17315640132043
38059,2010,101.1,93.87629898591337,70.42436809198145,93.13691075396599,128.16633962753326
38063,2010,112.2,120.70316127248968,97.72681491414383,125.25616448617734,146.43022435622294
38065,2010,117.9,113.50999976150541,89.66536753376658,116.52305378731486,140.61102854947885
38067,2010,126.4,133.88723613602343,105.27584292728493,139.42545650635836,149.06545469203965
38069,2010,107.6,109.12936302748294,88.33012378289826,118.00478241993494,145.3936288657281
38071,2010,106.7,115.82464163692495,96.0906264072564,123.07250063231882,144.36983829287092
38073,2010,146.5,143.94666961925893,110.82386413946966,148.81562157578273,156.82055687459376
38075,2010,104.7,108.07857411167898,85.29809138867729,114.61457434014292,154.68139661384927
38077,2010,143.9,147.362457567061,119.92447827319577,149.0187206072454,167.68607265489322
38079,2010,81.9,99.3741693057488,75.60597963114895,103.31292157095476,139.3042960007162
38081,2010,147.9,141.76770143611674,112.11610004217272,143.03284723083934,159.31106719917094
38083,2010,97.6,108.0468202204214,87.25294669214905,110.6389192305351,139.01505398748154
38085,2010,92.9,93.23639670431358,66.87927328552593,90.96219149211606,129.4742723095751
38087,2010,89.6,73.32012018330033,55.156832182739805,72.96869356850613,125.23970572239453
38089,2010,87.7,74.17133575245506,59.389981289061424,73.69272591411595,118.78755545559335
38091,2010,134.4,131.602311487911,106.25414730522925,139.35212546461733,151.33504853169643
38093,2010,131.5,128.42968178325575,99.8232842029529,134.27590486468003,149.2730735899355
38095,2010,127.1,119.14164863092873,93.04643660932199,132.33336479399614,141.68469744305932
38097,2010,146.4,141.55054180057476,120.98258622302163,147.2337215989942,154.63979494856247
38099,2010,123.1,123.71922621055919,108.24539794518084,131.1329244984731,148.97273580385482
38103,2010,124.3,116.7258652585714,93.73819535323764,116.72043326606766,146.7825245265712
39001,2010,122.9,116.63236662879216,91.57819717197049,120.37533138837941,156.3009257070283
39003,2010,166.4,126.60878876524966,103.6309557344893,129.0602103910222,167.09301473984232
39005,2010,153.2,130.98504959241768,113.04902927063553,130.74987446890876,170.1476896561635
39007,2010,151.6,140.69770877195003,115.88627845755414,140.56886445893977,176.2872196365506
39009,2010,150.8,124.79633280247708,98.67617704936343,126.47610077713415,155.8456977773123
39011,2010,154.1,129.5287952862671,101.8122279036181,131.26001550589913,166.9084143155593
39015,2010,141.2,129.65569510326526,105.4980992057856,138.39506508484575,168.34781071961143
39017,2010,152.8,126.06997170763923,90.22793598122904,122.69487054348497,162.79686550935457
39019,2010,124.6,106.72650494720106,79.97473485397015,117.05270382170215,155.0849010891088
39021,2010,174.3,139.94131451611597,116.53511036384046,134.91530770149424,177.41895564219413
39023,2010,179.3,138.20596386614588,117.40733705080092,137.44046356799637,176.85017617642745
39025,2010,153.5,128.83862396486683,99.90005198508197,137.8621648962518,168.51257598176906
39027,2010,174.6,149.02054033410585,127.37588470992884,154.11337490227427,181.13821422410908
39029,2010,146.1,114.86779903062502,98.82525414424634,122.08302985026694,160.58022582209924
39031,2010,157.1,131.8146897622843,104.45994653497101,131.814780475863,161.90405664707316
39033,2010,168.6,140.78484341922587,114.63185515831735,146.26845909304487,177.339176232533
39037,2010,166.5,137.46169003065194,115.4897065149521,134.03613791407227,176.73241105098217
39039,2010,140.2,130.86010451440896,107.27241147253113,133.25902546702994,157.538566004626
39041,2010,161.2,134.2528992963351,113.24117153931302,137.54710547751935,174.47118126126801
39043,2010,181.6,144.03780090663793,119.4552070316928,147.24406988413259,176.4740994107895
39045,2010,168.3,149.9069591588037,127.01929489458729,150.954669952278,177.27605544830408
39047,2010,168.5,139.32174899327833,114.44013897340551,138.4529028940555,175.56832867988123
39049,2010,156.8,136.48846427247884,113.16327385057645,133.92740657910062,176.23779761734755
39051,2010,162.1,148.60235353602073,112.38723888717708,139.5324576408995,171.98393200018145
39053,2010,123.6,114.40487364192732,88.78012484386856,122.7765241874993,146.55291062171187
39055,2010,138.9,123.74045535864327,108.39069946942121,125.05825826471172,165.46253251471336
39057,2010,189.0,137.8176319307131,115.49375308422556,142.3814358936106,175.48900658042268
39059,2010,148.6,119.88002266438804,87.90608590807136,117.754275777972,158.4816830801034
39061,2010,165.0,125.31993355226297,98.138787907695,129.46283852395013,166.8793096732751
39063,2010,156.9,132.30261476963722,110.08072363176002,136.04168777091607,171.9243539256311
39065,2010,161.3,132.31738884487393,107.28177043682427,131.13914398158718,165.13899874932224
39069,2010,161.7,140.9554634804349,106.70882828919501,135.88976061459314,170.36239777562037
39071,2010,154.3,133.5719566886649,110.71831739632331,137.93526109784025,173.2868886348321
39073,2010,157.8,127.71178934105431,101.4077523751428,126.22747630814652,157.03741550973285
39075,2010,157.7,129.4729190771822,108.26555494900788,129.65490086830025,160.7838688832559
39077,2010,154.0,138.65920215424052,113.37297022328697,140.3439312913354,169.06946599166432
39079,2010,137.7,120.69516712791439,91.95384966358311,122.7055048359396,155.33062922713623
39081,2010,127.8,103.52611690205681,76.31896874707786,105.43804886590218,155.6186239887764
39083,2010,152.7,127.12243695552175,111.14694810335867,128.0774831227187,166.879183451251
39087,2010,125.8,117.33256099604017,89.47181115282777,121.9725830691854,149.5045304587663
39089,2010,160.4,135.9303709189761,115.78413588956916,138.88381432548286,172.98744916367812
39091,2010,159.3,132.6521500558539,110.05743502292815,133.58964171472215,168.83901262240556
39093,2010,152.2,115.58971443697163,102.46611930253125,122.47126632068145,159.7630900719028
39095,2010,171.0,140.02019036103215,111.31628729144458,138.3171941317787,172.24311343872247
39097,2010,171.3,135.69867148748213,110.27604724223374,134.87050513637777,176.12047506012064
39099,2010,145.5,122.16479902478886,104.39065459258296,125.46223309675128,166.1581628722436
39101,2010,164.1,136.8369511819643,112.55756296285146,135.74156103507894,171.7175000595236
39103,2010,149.4,129.82493742577046,111.71078304388853,131.84449403379696,170.66656950579767
39107,2010,152.9,137.5092482441859,108.24423088861334,136.76802193845302,168.4689081322161
39109,2010,172.7,136.07239076709158,103.11446958916994,130.02084124456147,173.05348470234796
39113,2010,162.1,132.11945543021923,99.54801635651147,129.142762646445,170.41973788302573
39115,2010,134.3,121.54296160381554,97.51376830128747,120.1210178164288,161.56695612912233
39117,2010,158.6,143.62124784461136,117.71909796452279,146.0345115324658,179.58574893304964
39119,2010,145.5,127.11093814336998,98.59843791290871,124.3338507171068,164.40679784247877
39123,2010,170.4,137.61785693214676,106.36059610552101,136.12552567956746,168.83992342635145
39125,2010,141.0,132.74356204788597,105.74363371303217,132.06489639414323,156.56572356471608
39127,2010,164.4,134.5295460928834,109.87495688892244,132.96334210942396,162.9008432254354
39129,2010,165.9,133.2407055746734,107.54310475669475,131.41211686851366,175.54080290016984
39131,2010,150.9,128.91493858330978,104.5498794298704,127.71584417891094,155.53278056878756
39133,2010,140.7,124.52121254842078,110.55947266298922,128.55626391645612,170.46355612514867
39135,2010,162.1,134.29041661176566,112.67776150017646,137.9035580970236,174.24273200028958
39137,2010,154.3,129.76671657781426,104.53746807318755,131.45124823451064,166.6842065430996
39139,2010,151.9,135.39606498379717,115.35044789990438,135.35451616224842,171.9951109357415
39141,2010,158.5,136.0308885873863,115.44766111987273,140.46658419625666,176.53118927616265
39143,2010,162.9,129.89105495073449,105.81177182025519,131.78310192995244,167.17988206412443
39145,2010,141.8,126.38378049384626,107.2366519749051,131.66691227485083,156.58254215293354
39147,2010,149.8,131.4464542495558,104.38699847824638,130.49819060773908,163.16435076729368
39149,2010,158.7,132.10621435934706,103.6930871982328,131.38312837769675,168.32672435858115
39151,2010,145.8,124.54859718460301,111.61773585448587,125.11770946752804,162.67109602420754
39155,2010,157.0,131.86502836315358,112.64086567582639,132.3474666477147,169.82058124518025
39157,2010,157.0,124.40074478832452,89.30329477923298,123.55524815938134,160.3042368986624
39159,2010,158.1,131.93406234821398,108.83674195111642,132.81883963424613,167.27051717585877
39161,2010,151.1,133.20987395577686,102.79867325776658,129.81435383375535,161.6488481396164
39163,2010,165.4,116.23498809277868,91.10961518302582,119.98723617312606,148.10896435642334
39165,2010,160.0,134.3067222236191,110.12091096400758,137.99277977205932,174.715061395294
39167,2010,152.0,115.70805954591758,80.55521015220015,118.41879064146858,155.74361682295472
39169,2010,158.3,133.00688253015016,116.1015482781333,132.05193318480943,171.02774963599003
39171,2010,149.3,137.5130467876883,111.45565086826899,133.5987031798396,165.81799426930087
39173,2010,152.0,135.1422519746217,105.02789615258935,134.33942527785237,165.12590564861242
39175,2010,158.4,137.80791392206348,109.88202659067566,138.631396063967,169.85527222608903
46003,2010,121.7,114.64052829595495,96.72168789825243,103.50322612445693,145.20615717918363
46005,2010,120.9,134.34000831161455,104.78272000090168,136.0239288648707,158.69701296835265
46007,2010,79.0,115.18186770415527,82.96412604340327,104.25194412152183,137.76360604643793
46009,2010,136.5,120.38029586786017,107.4375864831586,118.09366489431657,157.83644766252283
46011,2010,155.8,149.0175691642749,119.17711846971832,151.45383121090487,161.36164669975764
46013,2010,148.9,129.98232117024213,101.57818356378908,136.92785098287172,155.4133416531223
46015,2010,123.1,119.07763058075814,91.10543076449278,107.16213059113132,150.19800085012227
46019,2010,140.6,122.7813145507664,61.07327653387593,116.9215542181131,144.36409688842184
46021,2010,90.3,102.60888161195327,69.85438039278884,99.81594349808617,133.6320348811936
46023,2010,136.7,117.94310492304373,94.23157499641295,112.14028854702029,144.92929201703365
46025,2010,120.4,143.12572168261872,109.7865682269263,142.93426816293862,160.1754276946828
46027,2010,152.1,126.80036683821358,102.71251424922436,137.30780674013556,161.28385909723025
46029,2010,144.5,136.08228892298234,114.82747134798612,142.49752717916,170.01580466630907
46031,2010,86.6,80.46995200299128,62.622358805055896,82.79089851872862,115.53093494308204
46035,2010,137.6,124.0529754811696,101.57050413541182,130.75273348899162,156.53890528407524
46037,2010,136.1,132.13255708277916,103.1023570477018,131.48637223050022,157.3991601785897
46039,2010,151.1,145.24442669781874,120.56428081576172,145.3776150317508,160.5714271356882
46041,2010,81.2,72.56466640156619,55.51727371509264,72.60324659341353,111.12382546599144
46043,2010,136.7,109.60021526405325,98.81534386912358,106.79915694830926,153.95509735446612
46045,2010,109.4,117.06016789012455,92.07280734452425,109.13844847875228,139.90692968756338
46049,2010,126.2,118.48093677294642,96.47393838085569,120.35127270553335,144.00016061850485
46051,2010,144.0,140.03418117507914,109.59160482516587,141.96924989036754,162.76688313706939
46053,2010,102.9,110.35005324847413,81.4805211013241,104.08496164651883,147.8188555221409
46055,2010,65.2,68.25453464549877,49.175893187977636,67.38636057890554,103.33805523574891
46057,2010,139.7,152.3167744459179,119.36052660631015,150.74443967170333,163.47249111941215
46059,2010,112.4,126.46533698228113,102.41640909821345,125.5201268918527,153.13562739240413
46069,2010,104.8,108.38960771535666,88.77561417174458,100.06664534619094,146.67843865693288
46073,2010,108.1,121.93716283827551,100.44066680481333,123.50058714518748,151.83511806881268
46075,2010,66.1,83.45795133598702,54.65700632278015,73.97411785383437,108.75655925283526
46077,2010,130.8,138.95012913829927,115.56971544678677,146.49197072717766,160.3252857580603
46079,2010,156.0,135.4117257645624,116.95107659595418,145.22220477022756,160.45830589836578
46083,2010,152.7,139.7668987276812,120.34054417860364,147.6002651336717,163.39387653311113
46085,2010,111.2,100.16517792931157,62.39153848163602,89.26009613399256,128.23787050888447
46089,2010,114.0,109.65269306408639,88.12672339959624,112.04791031399097,137.59117693175088
46091,2010,148.0,138.48241207212243,107.58647160255742,142.28090553390072,160.03249971088144
46095,2010,57.0,70.28318871181207,44.6622227911529,70.60135215365938,111.69750947575723
46097,2010,121.6,126.57692403251623,108.38816997912296,133.14748621053178,157.92206628225208
46099,2010,158.7,143.54708881873557,127.44126326426505,155.0287559806883,169.6360474006406
46101,2010,169.5,149.13010595882886,126.6922205756828,154.28467688431158,171.84061562364693
46103,2010,74.7,69.56947940219187,49.507499801336294,73.6625314820514,130.36265213011853
46107,2010,104.7,104.55446053658068,81.40465219349532,111.46230570572922,139.5815896891613
46109,2010,150.5,136.73393456471092,108.1189106705503,137.74280643192222,163.74587685310368
46111,2010,123.6,126.0754964176427,106.42668902072134,133.6303537137926,159.15364493100756
46115,2010,135.0,130.50890414331153,106.53777517536564,138.35093493351602,152.24923922121144
46117,2010,79.0,103.50232157141363,54.713409028369455,93.94071235768001,139.38342103515518
46119,2010,119.5,118.95484535855361,95.29240972421711,115.29831699286817,149.47727392913106
46121,2010,118.6,117.12838703265881,86.3856337095422,116.59607611470909,155.33747413084592
46123,2010,86.0,86.93892796057911,65.46902638521273,84.66112889386085,128.47150757456856
46125,2010,145.2,131.03365728083946,110.1248251424477,137.91115810391705,158.9164691061936
46127,2010,162.9,137.1737236768827,122.73032087178018,151.34453155079063,167.66457684711398
46129,2010,101.1,91.54516491785677,67.05920208778984,92.85306606939648,131.71779887566424
46137,2010,61.8,71.00129705926408,48.5135813654764,60.184759254790784,117.08283563337636
48015,2010,86.7,74.92627891991778,44.31013265043691,73.5630151801391,118.46584118280413
48025,2010,92.8,61.84424357214159,32.524681079651934,66.92206378468283,115.52939259859235
48027,2010,79.6,52.26673784669971,23.5137393926819,55.79760323035931,112.64017143585129
48029,2010,86.6,72.68810131786842,29.462668117701554,69.44790017218116,117.8786870656202
48035,2010,35.0,47.982907840765584,18.284981863942473,54.274264827800856,107.20039017948835
48041,2010,123.3,74.67194859633909,32.20612101014041,65.79723820496409,115.82981357256602
48045,2010,119.4,157.43620815636473,121.45277584472836,159.15819110448615,199.75687141971184
48051,2010,114.9,69.96363341619902,32.413655161775836,69.40637182645293,114.22298410538716
48055,2010,104.4,64.73581127664477,34.72217203931275,66.25189978928091,116.14879456773212
48057,2010,109.5,81.6943099382214,58.94606173638425,85.74223706058667,141.05506681810024
48065,2010,209.6,158.20880184961618,104.43222038770716,146.574310466907,196.43691510683436
48069,2010,223.3,156.4045539312682,107.47295206508558,153.89687981924388,206.250191250262
48085,2010,58.0,45.352510766681185,17.45511640788764,51.030008766650276,103.88313846249902
48089,2010,102.8,77.60636460921063,51.483557511626124,79.52289469751182,126.68505815587855
48097,2010,70.7,64.18575663800326,27.981214981523664,62.510832056489214,108.75136514769673
48111,2010,205.1,170.94585789622894,112.24322007800289,162.31992782125113,201.63776405249536
48117,2010,202.2,160.59568095006395,116.63146970829102,173.32068823716716,213.26493015352924
48123,2010,101.7,70.22612554044365,43.682291645598234,69.11625158416176,121.81212380094075
48129,2010,210.6,128.16744334122455,94.92406946961876,135.85950118046904,207.81110015018356
48139,2010,69.1,63.097461539577786,32.33988485270642,60.306863814357534,105.77196690232167
48141,2010,63.7,141.06927814116582,54.73158330365227,127.27471980296096,199.26040204125997
48145,2010,86.2,60.952870377865636,34.11477919615655,52.431194322746414,110.37087532326599
48147,2010,53.5,53.90058388006995,28.555159120529254,53.65659108791382,109.7096836351229
48149,2010,106.3,62.92666007631071,33.43327034460967,64.43266232001766,115.175256212162
48153,2010,188.7,177.0070113490201,138.02548091733266,168.3895704756909,218.05520186323324
48157,2010,104.9,69.80915907686625,47.10762126614099,74.0116043286472,117.89033389761886
48163,2010,144.8,102.36263495323493,46.06315061575533,101.64067734165877,135.9207203744052
48171,2010,73.7,72.00491551992265,62.89849718103039,87.22023187106177,138.27502040415504
48175,2010,90.3,61.93025608592556,46.32894494988754,77.83144942865873,118.94287101809711
48177,2010,112.4,75.44471971940958,35.20630443450355,72.16778419139916,118.05706403720691
48179,2010,195.8,147.52692232789374,95.63499752316743,139.98137033622055,183.17755960246117
48181,2010,52.1,49.19289907501709,28.062864512645547,58.22545916998502,108.93767806452274
48187,2010,92.5,60.66191065781542,35.5727041314006,66.26778641803452,119.15715643501703
48189,2010,191.8,170.8548440101238,132.2581850104528,173.24517942828174,200.91361290833711
48193,2010,91.0,49.37166802370415,18.99853317376509,64.19935784123821,104.30600822787925
48195,2010,218.6,172.17655745930426,100.50715075156492,153.28210066323695,204.13471946231581
48205,2010,204.4,185.3617399099803,114.66806656483044,173.949655300633,223.22728638156025
48215,2010,94.9,88.68639224906877,56.77041491290258,88.41360699223019,114.67838431014485
48217,2010,76.6,58.18120289602643,32.146537092194194,56.10204122516965,106.37886746078777
48231,2010,65.0,43.56988694925289,18.861594278027493,52.138413234031056,101.35178944001466
48233,2010,204.3,173.34009055684757,105.04455279629704,162.95953831913752,205.9361780367272
48239,2010,106.3,78.05999839107004,51.1695439199951,84.4211477131321,130.57654818715923
48249,2010,89.3,59.404380901521776,28.441229718498846,59.37283296235204,109.64359484658623
48251,2010,58.1,48.175994382025095,20.74232194644473,55.36618072396063,103.79516412240245
48255,2010,83.5,63.04016346544333,26.206410025077204,62.28780132387639,114.22973137806383
48277,2010,72.0,57.24279399373584,25.211993286243953,60.16129708831921,112.77421319426881
48285,2010,83.3,66.27743687306044,41.36470475763255,68.24828722415462,120.03485051998071
48291,2010,57.5,60.97354563892524,34.17008470735514,67.40073153188521,126.72185345979187
48293,2010,70.7,67.48487014454008,33.176287664263626,56.77719604001576,113.30884124736819
48297,2010,85.6,63.06255372909409,29.201306203500863,55.835412978336755,111.3967638987556
48307,2010,56.0,77.88846482364228,37.417403892668034,82.33194253595512,120.28169350116704
48309,2010,78.5,58.33977064812198,31.95978229733393,49.82025186789557,104.57534948661339
48321,2010,105.4,65.7283294091505,45.92055588784378,75.96194236855756,115.77946743615516
48325,2010,122.7,97.75354006930269,51.51653691000736,91.79518350580466,121.27487041978539
48331,2010,73.8,64.69735902385445,33.88542863416683,62.430863793282604,116.58268303233753
48341,2010,233.2,169.93235020425982,95.04022420204561,150.21115029943783,183.45352451776787
48349,2010,90.9,63.66394144009404,34.241030915495415,64.287437749368,111.84482441997261
48355,2010,84.0,58.634329968591565,40.01074218672579,60.52144793917429,117.91001632263912
48357,2010,198.3,167.4105090007981,90.15260964756533,148.84090589230172,199.48992224505645
48369,2010,205.5,186.5995855323087,124.28683865055342,187.7245962782919,196.30200538459584
48381,2010,162.5,160.3764987647912,114.12993029270818,163.69145591861266,211.00105822654282
48383,2010,76.7,120.08740634712801,87.75053069376352,125.23578795503047,162.81072572347526
48409,2010,100.1,59.93012254548158,32.945782572735105,65.73693406262554,111.50535629258813
48421,2010,222.8,183.716372893897,116.85350341505779,172.9899533833878,213.08017541313924
48437,2010,189.3,165.80271529952995,112.43518760543715,167.19181902376585,206.20016425622168
48451,2010,133.6,122.57084224611864,98.04803858280411,149.494570174953,183.74758859832343
48453,2010,86.7,57.39504335621494,27.301281759041842,68.37465432214609,113.83324230098489
48463,2010,132.0,113.81231397101308,63.323385974259196,105.79820528759359,134.57260682770234
48469,2010,110.2,69.92708369050612,51.38352363779884,80.90734162452434,122.55090443337568
48473,2010,108.8,74.41953319309388,41.36099778369313,76.03771334588907,124.15487071661371
48481,2010,107.6,77.87085715949988,46.488615719134046,83.85298873039795,122.63230265396193
48491,2010,90.3,60.26390620501513,32.64435138733461,63.09881664849883,115.46362189889342
48493,2010,97.6,68.28839383162935,31.508425025333977,67.15238645426359,119.02600846443369
48507,2010,149.2,117.13743651290453,75.20955327874626,120.44901998045225,135.34327154533992
55001,2010,158.4,132.05291875745218,105.14597741979254,134.52281124348104,170.2194833343887
55005,2010,161.3,134.1336876888203,110.8176518792472,132.64840881824236,161.99458950680958
55009,2010,135.4,142.20713929462067,113.86020290244444,140.75600515510797,177.52391836685496
55011,2010,155.8,146.39807541734882,130.82844928427178,150.60284429524216,173.72381973682502
55013,2010,127.0,123.87461845956915,107.85620310592425,127.26807700385864,160.26066428354193
55015,2010,152.8,144.15065243009107,115.4169944456784,143.1598337804423,178.44546431047223
55017,2010,162.9,133.73774926611614,107.79196070907746,136.89834858347268,166.59131893699976
55019,2010,145.5,135.89892015588674,112.9153499551431,134.6751355324025,161.4147013978238
55021,2010,172.7,149.01777895626967,125.86648361010492,147.56186978627002,177.09294689337068
55023,2010,156.7,143.2995051620164,122.77455325107107,147.62841838031122,181.63565570358318
55025,2010,177.5,153.5093011982814,127.34583529938226,150.09151396757423,181.75904902471444
55027,2010,171.2,161.4601667819908,137.81657715622148,158.46237152835928,183.827999617414
55029,2010,141.8,135.08424696211708,114.54499145902491,135.5346095163418,164.5707233147873
55033,2010,163.2,143.02711890497793,117.02391312319556,139.69928310531608,172.9700412772881
55035,2010,159.8,131.87153106560575,109.07357933643767,136.11066855251207,166.21390900807842
55039,2010,172.6,154.32056938801898,127.54541644300889,152.79835156639297,180.31207330115072
55043,2010,178.0,147.54507610393534,112.22978735356871,146.78882510529925,178.14849671767172
55045,2010,169.8,144.2279917063125,122.38537399013714,143.82680746209593,177.64491792624398
55047,2010,161.7,150.08651107333023,125.34514256655484,146.9662839361536,178.44916979295834
55049,2010,178.1,142.86466128660078,115.62092172537622,142.65720415576416,171.6028574785247
55053,2010,158.8,133.28252831507194,113.04749871911812,137.19443422701497,168.666964582989
55055,2010,159.9,138.71772432274082,119.35667739865585,137.74783444121914,172.02389937078144
55057,2010,152.0,138.15908267490073,113.56022155433052,138.63670367255997,173.65475027778245
55059,2010,172.1,143.572735979403,118.65747396666214,145.33881729400605,173.30931028711262
55061,2010,149.6,145.2696792446666,119.01046490226628,142.90918040818252,168.72799025437416
55063,2010,166.7,149.77920548304522,124.15346724181074,151.291737449821,176.6378334847421
55065,2010,182.0,152.93177404449594,121.10956016688476,150.83236604393554,182.42987365527554
55069,2010,152.9,130.26426689986874,103.22706754709398,126.53274550216283,155.0764133207859
55071,2010,159.1,142.83031578248688,115.66335038440414,141.32620315032688,169.91700221128528
55073,2010,147.6,137.72107227524904,110.8242487585113,135.45553680285272,161.78312032434636
55075,2010,155.1,128.04134442241127,101.63799199503964,134.113380748085,160.28096693607037
55077,2010,136.3,126.22669330289523,106.8385282741965,126.57018150428063,165.66616268828062
55079,2010,109.4,136.0679953110121,109.41602179408827,139.4367938566284,166.73490525090267
55081,2010,156.8,136.595526017247,113.29655877455497,137.9341816004912,171.78636716091532
55083,2010,139.0,141.48378146822714,112.12664495179135,139.40806130218888,165.6803821345039
55087,2010,131.9,145.2805421334332,123.66766396381553,148.13625331637138,178.66502505112445
55089,2010,156.5,143.97041860059622,113.98502689521246,139.72222526605822,166.5491487153897
55091,2010,165.4,149.5142847389969,128.13246332059916,146.3413159717179,176.32313142102777
55093,2010,170.4,153.75306229317843,134.02823067305806,153.19977565560143,190.97460078869312
55095,2010,162.8,130.34633392623635,104.58011634302711,131.8192977205046,163.50718845612246
55097,2010,151.6,131.23493606347404,101.25481995546525,134.9083528390802,164.22344951518608
55099,2010,114.8,126.62382052482182,103.28164385886961,128.0432737551364,155.88764077699398
55101,2010,158.9,138.65254627549427,112.72427515928416,142.28427368467862,170.62332092200816
55103,2010,154.0,139.98486235652427,111.5130461386819,139.1803321050199,173.20936059868114
55105,2010,173.8,152.7016514767482,129.0330685928898,150.61884888030139,180.15981954927895
55107,2010,142.9,129.47523967296638,101.44991218597322,129.86975626084933,156.07823228936033
55109,2010,172.0,138.2927685537061,115.46860921162276,140.1700661558687,173.5920608599567
55111,2010,154.4,142.37228476705815,118.11220911668508,139.69186229856265,173.48883366849682
55113,2010,152.0,122.54362528558839,93.00819177659399,125.07782552482733,153.05705605296566
55115,2010,145.8,144.61299835740573,115.10807960325062,141.6406532511696,174.71477713311472
55117,2010,151.7,145.68033090382934,115.02766020844226,142.8237308817403,168.94734721096643
55119,2010,135.0,135.04461951980076,108.4024679681351,133.06703280712776,156.0622170219706
55121,2010,160.2,135.0314364032113,116.27253327057883,139.6551470564766,170.28868215651372
55123,2010,157.9,140.5289659528323,124.4168341242083,143.5320656519743,179.24168432582897
55127,2010,171.0,149.95415024043587,130.76439385233962,151.6245922265631,176.44322609448463
55129,2010,149.9,129.26860198852054,101.88548546780281,129.00875005418044,158.54077216954525
55131,2010,157.5,140.11683509489538,118.16601135236013,140.76275484772867,164.73862483050343
55133,2010,152.4,133.27194817303368,116.26976983445176,133.40231579951904,166.19780112016315
55135,2010,149.8,135.17014713541352,117.4577776217853,140.58304264936444,168.55005690071852
55137,2010,145.2,137.27500629103562,110.28830810258995,137.76164539705002,169.06345955676613
55139,2010,138.2,147.44791572659568,121.00447460746548,145.86528293366248,178.1405912360923
55141,2010,134.5,132.9020483430595,115.46596179153087,135.37493215876097,162.03194985900345
17001,2011,135.8,145.0555411751099,119.30516872061087,144.4894632280597,171.18617339102167
17003,2011,109.2,126.03430785521707,97.19671721145072,133.22077440345637,153.31339585918482
17005,2011,124.2,130.93611446488467,108.55510194809251,116.33491850080507,155.67255208808973
17007,2011,180.1,158.1024909927328,140.42658112301496,164.8439515569909,181.76566505137993
17009,2011,127.0,146.63567677893647,117.11180747109336,142.6132370851158,170.4446704523889
17011,2011,177.3,158.05428794184587,144.71357120904827,161.6147756617285,181.34006732894971
17013,2011,144.3,131.91154684658576,112.01191987751791,141.96912170199576,164.0883121616678
17015,2011,183.3,156.20702473118942,143.1676024015266,166.93912898248988,176.57431928716872
17017,2011,164.3,151.32999705704736,125.87774770481985,153.45072526197268,188.2487531610368
17019,2011,164.1,149.74464712589767,133.3824148995148,151.9380435353629,177.28760201206074
17021,2011,154.8,153.5152281888473,117.45211272924819,156.09259890709066,188.96497604972518
17023,2011,138.3,144.34181482622145,112.71483618065402,139.85048107716779,154.3284485417571
17025,2011,121.5,120.63643646937298,99.92288926605602,118.4766240093286,140.58316048823212
17027,2011,123.8,129.40750100753903,110.44455574258252,125.1292284087037,152.03797195194755
17029,2011,151.7,151.40037630333586,126.02843795169281,153.76380771490741,176.2739764868905
17033,2011,144.4,134.36522535623715,111.2446323273965,130.36196044247092,150.75737846586708
17035,2011,146.9,137.50723874928323,117.29684170479605,131.4305571501844,151.64595296779535
17037,2011,183.8,157.5330332457428,138.48117916030634,164.11587470509957,184.70935678231712
17039,2011,177.6,152.85909706805126,140.9285664286148,149.91549595521988,189.04391269966777
17041,2011,153.6,148.63008112081366,135.75038945956405,152.88422394154898,177.77629683300015
17045,2011,154.5,147.6888223876588,129.4209233158479,151.8468668080908,173.7253593964425
17047,2011,138.0,132.6087220469735,104.1832288796368,130.3898411252775,143.54712150739576
17049,2011,153.7,142.04046993410256,115.58600524455044,132.61539587635647,149.48944522067399
17051,2011,137.9,134.01180950233888,108.48820603986195,126.64645080113833,148.02995076223726
17053,2011,137.3,122.02956647519541,114.98297196284908,123.78448556998653,157.86858020041205
17055,2011,116.3,119.34805096424047,94.03869533834566,118.705447557807,139.66901875719037
17057,2011,151.2,153.66383359226302,138.56598638556673,159.0200102003709,178.98543599557712
17059,2011,144.5,132.3150823993182,108.35008224884939,137.17311149550056,146.88852027273617
17061,2011,158.7,145.36067240633818,112.47964345344613,146.44462243951847,171.51723375178102
17063,2011,155.6,149.04458023700357,129.94566674465523,150.9515235746623,178.5865883941843
17065,2011,122.8,124.16425816421155,100.51277478131058,123.82634594869857,143.73215336675875
17067,2011,134.9,149.30569998045934,128.44046189086126,146.23316774635512,180.44943010757092
17071,2011,159.5,152.66799195555072,138.49280527794292,158.43423253095764,180.67581035943022
17073,2011,174.4,161.92250765525324,150.5619905537167,167.540307877762,184.1031362262322
17075,2011,155.1,142.65815180296826,134.88821298249118,138.72440651152507,171.43172789749124
17077,2011,118.4,129.20377712925566,102.38095717920007,129.85591673959487,148.84516669002508
17079,2011,146.0,135.80448534815008,114.33190155663029,130.45937044799442,148.1928162595865
17081,2011,111.8,120.24768047154011,96.60795065052831,117.52354060434236,137.7847099509159
17083,2011,149.1,144.58097899812503,114.11879623023165,145.31356922769388,169.83491210384926
17085,2011,171.9,146.16327049976033,124.2593885331975,143.2308700094824,166.76048173483125
17087,2011,127.3,128.0628343104547,93.48226813916897,122.18450055198073,135.2573854507084
17089,2011,175.2,158.06239269209206,139.8760093886122,163.417863336027,181.83764530190413
17091,2011,153.3,148.88884151616253,130.55893555101008,150.9552115574478,173.15817000167803
17093,2011,165.3,156.18493465639415,133.48432357275823,156.72639075739744,180.63705600856662
17095,2011,169.5,159.70228712373986,147.71355201551097,161.43478214003954,182.74431577151046
17099,2011,177.3,147.62341741537085,129.58191858683105,156.06763261814572,178.65878540221436
17101,2011,142.0,133.15364961574866,110.30789890342415,134.11015925001593,149.04601051152133
17103,2011,170.9,152.96522464442623,137.59362166158692,160.67213474169588,180.6839645466716
17105,2011,155.8,129.01590506756065,117.03266232416125,132.64143785304236,165.5928486504236
17107,2011,173.4,158.71953903531434,143.89847298807078,161.80193515946894,192.38588340398098
17109,2011,166.9,155.9970956040432,143.4696521759523,156.550453690499,185.92091194357621
17111,2011,175.7,143.61481481267717,128.14499388713517,159.16923690069004,174.59689401348172
17113,2011,159.6,150.9723533039646,140.0193844316166,156.55062554696192,184.90813304235223
17115,2011,153.2,155.98260179600263,127.0142646329569,154.87739409903023,186.38867055360112
17117,2011,131.1,148.4306797746843,116.84994173722532,142.24376824767336,171.22297687324897
17119,2011,118.6,133.19145455722708,109.64761145732462,139.78900806655264,163.5587327323049
17121,2011,139.1,125.70044639569724,103.7534587204023,123.43110395590712,145.95948195113576
17123,2011,178.4,152.83531398653696,146.62386849606384,157.87625617069952,179.14595828694914
17125,2011,142.7,146.29899908713418,125.10539782046408,150.18580050495376,176.8962929613943
17127,2011,129.3,134.13764611122087,103.69316169503746,123.53332774145076,143.23462394047604
17129,2011,169.4,154.9563639149023,126.30137579962295,159.48864358534206,191.21321139187503
17131,2011,161.9,157.12370647535093,144.92439413841336,161.17461147604726,181.59503466031993
17133,2011,117.4,134.02630943541834,100.83187906594529,135.3039999730118,156.35020700054847
17135,2011,138.6,139.2478189644797,110.02162546760114,137.40390637988133,163.86516660026913
17137,2011,157.2,158.89944064661248,129.15766215162293,155.88176445333121,181.93920232028847
17139,2011,156.3,148.0864804174894,128.97339751841199,155.22021191644868,179.86927606856815
17141,2011,179.5,152.07719991028065,139.9270989719612,161.1553442518571,175.30824434030828
17143,2011,168.9,154.05224671776818,141.29326480330315,157.76026592440772,176.20584736851222
17145,2011,115.6,121.68629557499241,94.88291038987606,121.88371219734744,144.31122791358297
17147,2011,157.1,154.268336293339,139.8904391142,154.33155499574005,188.28801721061976
17149,2011,150.7,143.84000758210135,120.29093332970824,148.27638309207995,167.92024702690165
17153,2011,137.9,138.80505123782828,104.82192182031972,132.5906440745859,145.60900067089145
17155,2011,175.6,158.36800114595675,146.03042361442803,160.18018594500407,186.25062202365623
17157,2011,111.2,124.6873971139828,100.90421363530369,128.43390263331773,152.97098489807442
17159,2011,128.3,119.33030393648971,100.62236272989449,117.26643925509158,139.91139121480802
17161,2011,176.4,157.62480530632448,148.73869115993776,163.5963913122714,180.8017680273568
17163,2011,128.8,137.00101594294517,107.04274233910373,138.7432132161201,159.38541194940495
17165,2011,132.3,130.95111374351856,105.84011504886998,125.6527993564272,142.16584283953773
17167,2011,165.7,153.8378951614094,130.09387659868784,150.45755201700007,188.35702770946966
17169,2011,144.6,149.33201522334537,124.56673100231913,143.9141669379105,177.54395811492697
17171,2011,145.4,151.11026759688235,121.41151025263434,147.27956042818337,176.05587744876075
17173,2011,146.3,142.23914585876403,115.64303396576265,139.7457407734319,163.800631026864
17175,2011,181.2,161.5322032660289,145.64285581440254,164.31233648436333,188.96225080470919
17177,2011,181.6,145.62595284727146,131.12417986327347,151.8240567187831,174.05452499137658
17179,2011,172.7,157.8068669111939,142.4496304975538,160.60196105690974,190.13054106343867
17181,2011,111.2,137.5998189531645,101.0835262238592,134.08313471130452,148.65768371005186
17183,2011,148.1,147.13750760129184,128.89799465381302,142.8338630586473,172.80227778675615
17185,2011,140.6,135.7846957823436,111.73075693762908,137.53117809572962,151.49038621321654
17187,2011,177.4,158.86483551412255,140.7026691709588,163.29866107402898,193.02837229891537
17189,2011,120.2,128.5854369977413,102.63646099857579,125.5262965364824,150.3416680706973
17191,2011,122.4,118.00831775384484,100.0053766198615,121.2727979488756,141.32761549288503
17193,2011,144.1,133.95466329505084,111.24717430564418,135.62324029346814,151.31165753462545
17195,2011,162.6,155.72965455746393,147.36709453600022,163.8592750822214,187.14456216965402
17197,2011,162.5,151.1353934863689,120.29452756980973,145.6554168006756,173.28831203631282
17199,2011,125.0,119.33651783551228,96.33418109686153,120.12680037240332,136.50685025480507
17201,2011,162.2,151.13012162171046,134.10495827901102,161.3916918056925,182.02252765548656
17203,2011,186.5,149.58524984953112,141.8565931549526,144.841397326879,182.2664548857816
18001,2011,146.9,109.97664653204072,100.55851423519599,110.16508001126438,150.20812338677385
18003,2011,131.6,118.33881671277236,114.83183656583907,120.20227840948023,156.75915352502267
18005,2011,120.7,144.01943301601352,117.4192992441385,147.7623320153345,157.84509165174032
18007,2011,165.5,160.27828708143528,131.50718584208738,163.49994273884724,184.98624936672383
18009,2011,160.8,121.91745568184866,102.80909275720175,123.3737165388403,154.5462831289355
18011,2011,159.1,155.34105245405496,118.90898110915371,153.59981738509993,175.93839749970314
18015,2011,167.7,166.95490531031245,129.25474161705623,162.505401343118,182.593967491807
18017,2011,149.1,155.88184430019282,134.77083169674287,155.0073273801289,181.66877285684552
18019,2011,115.9,132.152466987017,106.30454096708974,120.38738386247216,140.05340770866684
18021,2011,141.4,153.00262529923458,120.12271188765423,151.59435267709497,157.32457371554298
18023,2011,175.9,158.33071776191252,121.75158465850313,155.56466529565165,180.98405091898903
18027,2011,156.7,154.3481505815348,125.39998560470312,150.14153979220407,164.09051910576045
18029,2011,109.6,125.22221519547348,93.44157340419419,113.81100826366155,133.41514097510534
18031,2011,124.8,144.8243616679098,120.06431346801317,150.68809211951046,155.69881016875536
18033,2011,124.3,127.25917379951937,108.11203953904842,133.65476787043184,164.8014855999144
18035,2011,146.1,139.8675677860341,119.87005447662386,139.8209765792892,169.66182744957277
18037,2011,153.2,139.9635930273362,103.17459100826036,132.41037658803515,145.9502554931765
18041,2011,133.2,140.85987614010998,113.03066603581205,142.6374582097564,155.54357001982865
18043,2011,98.8,119.92987390619561,102.40103413763953,108.22971553912431,127.22668361181383
18045,2011,154.0,159.97703110915424,130.84601042809845,160.29565825108423,176.84976676256642
18047,2011,126.5,138.6848964785567,110.25226784947225,144.55977872208393,154.91345861987264
18049,2011,155.0,144.84079244864253,131.40599834636978,146.91625950086703,172.94923176073982
18055,2011,130.9,144.79440273660322,115.58196375958352,142.60416697698312,152.26315102462524
18057,2011,124.9,142.93673704588403,118.37494043130336,150.59142575337188,170.46141762386546
18059,2011,146.8,138.42015879486897,118.07261050695351,141.4413433551776,165.08052441929655
18061,2011,105.7,120.19591359261491,99.39780660850165,110.18316708382214,129.56883870419267
18063,2011,130.3,151.91254640623927,118.53053008963235,153.2266654843611,169.1234274672581
18065,2011,149.9,141.40829116878024,118.4526495651906,145.93696296915192,167.6001518287283
18067,2011,163.9,157.86620226422974,124.45374619110049,158.0121875134122,179.74032877414209
18069,2011,137.3,122.92655495330112,107.04520044404967,118.50171646381837,151.70737733622784
18071,2011,121.1,144.19701077378775,101.75925285694878,146.1629957345921,150.3532363037698
18073,2011,157.9,153.98568420772278,133.52899349899525,152.8921786999335,182.05250223105148
18075,2011,153.3,103.91920025801404,96.85876493934752,114.76166256132684,142.82328284003248
18077,2011,114.4,134.3636041663593,97.28380512054662,133.80678009750952,147.70810344692234
18079,2011,116.3,136.30293588228665,104.45172897048157,131.20403020602814,143.46708009780804
18081,2011,110.0,142.81645401045205,113.00539456073682,147.4704704086115,157.28573611900546
18085,2011,152.0,146.84222540602624,129.31790368316038,149.87243384194844,171.80723901610125
18087,2011,127.3,140.76163917353833,126.14998208656613,145.19272212423468,168.23010411300655
18089,2011,154.2,141.43388709079602,127.91570959506149,149.9123695900408,170.73117844722555
18091,2011,145.5,141.61980320106315,132.4256524860074,147.01223521748457,173.21706147813035
18093,2011,128.3,125.82658278711813,108.92247903548383,116.77619214673437,129.34254627641056
18095,2011,156.4,147.54961797832084,123.13132010068998,151.70069985747597,171.92458874450944
18099,2011,157.9,146.475168986651,134.5658617622192,152.96041116825558,174.11692521275873
18101,2011,140.1,147.09500158202354,116.12116803273194,143.91859550423388,151.20378187352824
18103,2011,136.9,142.69019053429764,129.7502181440562,143.8824345346476,173.56939721869256
18105,2011,124.8,130.44099797051845,97.65630302466775,121.27822367868036,134.22041961691036
18107,2011,166.7,160.45837044287413,122.97080031351676,159.4601095172945,177.62053630848615
18109,2011,113.2,152.0688639087477,122.62693235462145,153.5792519705656,165.58217666481215
18111,2011,166.3,160.60633057528614,136.30436651000053,155.11952198781532,187.81203133671772
18113,2011,131.9,137.69268949220933,131.39051268054433,140.55459950739547,162.32764815911742
18115,2011,97.0,125.97562190883782,93.63453037030656,119.88667903223516,138.35092739105517
18117,2011,131.9,126.11654163032982,108.92194019404447,119.42158559233646,137.79456463715664
18119,2011,120.1,141.21806447945468,115.26751507063715,141.16185071408594,144.84856034730583
18121,2011,148.6,154.06766438486366,139.2709128219968,153.39824807846628,164.79730930487187
18123,2011,129.8,139.99456130569797,110.27551944338313,135.12140075707407,145.35583987447328
18127,2011,153.1,142.21391511731792,136.75733055327265,152.0700905353987,179.64527928551138
18129,2011,152.6,143.7896910132014,108.95008886312714,146.07674219118678,158.60979235053287
18131,2011,153.6,156.28372949932827,134.5407889446728,153.98808913320227,176.06185179120843
18133,2011,142.4,160.2753252928507,125.0716312374037,154.4754075840112,164.6720486692509
18135,2011,143.3,139.45007897659647,115.0858190264492,140.583695037548,170.23850695284742
18137,2011,113.0,137.76708737810074,100.53242395047953,131.06530489673966,147.66819170883866
18139,2011,141.5,143.72424881000384,116.45118271884834,150.28973013568816,158.27255349346635
18141,2011,153.1,147.5886970047966,141.88289549358603,154.1220851566676,170.84778534045563
18143,2011,128.8,138.2195009275299,106.91780419354538,136.60669153695758,144.11167672123324
18145,2011,116.6,141.81229461618756,109.70935314258654,143.45408848762543,155.53333790059312
18147,2011,132.6,140.20793702436038,110.9178436599631,136.79868759960763,145.47246786046696
18149,2011,136.9,138.29308051777565,125.71928099120998,143.69806976576572,168.9873508228292
18151,2011,120.1,131.92119205538495,127.31579792350547,143.7174614103457,160.6486001287463
18153,2011,155.2,150.03058218930144,124.13065810242938,144.20284118197188,160.5722495231512
18155,2011,112.7,127.64128793838069,92.33773891797647,114.03443673670562,140.0813935834236
18157,2011,160.2,160.92239668884352,127.43238472086779,160.68875787939785,179.55962187909387
18159,2011,165.5,155.16371979745298,129.77211512134798,149.79558183083475,179.15462907588002
18161,2011,141.2,142.73362078958115,117.52323782201428,147.00346468741515,157.68693406744234
18163,2011,149.0,139.62790928100557,108.88691169407782,142.21896105504823,153.70181603705274
18165,2011,152.4,149.58547044691002,126.77691553573555,151.74495897758,175.23746521217316
18167,2011,139.5,149.68386482347927,122.68000721483818,144.46649465177347,166.0445787287192
18171,2011,159.9,161.33543758891548,124.23451167664388,161.88498790071577,179.89697302952587
18173,2011,139.1,134.49168178584975,105.95218607586948,138.72570860972647,151.8815250401825
18175,2011,123.1,125.13617394281027,107.80390628548096,116.78007950604278,131.2879456694771
18177,2011,118.7,137.2884610945692,117.85109603748995,141.66939352001003,156.78100091223402
18179,2011,147.6,110.34743277551638,101.92773063397385,114.04846105391233,151.20321742829083
18181,2011,168.5,164.8260984555591,130.9529700548994,157.15180610087373,185.71196887738085
18183,2011,115.3,134.55769832402848,114.4945273648357,142.76564185563998,167.3547537062639
19001,2011,152.8,132.67193710216225,114.28111400518473,137.09667973797812,171.4666736988532
19003,2011,151.7,136.5941793824365,123.55462264255712,141.73242117296758,171.67711635508522
19005,2011,173.3,157.39294808568857,130.23477937287754,160.911415483193,186.62210986807273
19007,2011,120.1,114.07287688583914,99.59501293509906,111.6879677562335,149.1961659966354
19009,2011,176.6,155.06637908237042,141.14178368418206,154.21322525312962,179.21342822490197
19011,2011,157.2,156.37125721167234,144.00756357773656,164.9545744010762,188.78383648058116
19013,2011,186.1,158.2615758844294,150.3820917844814,170.12883295051853,192.24713962528764
19015,2011,182.5,167.6096352053285,152.4005687232535,170.20383059651357,188.96793875338676
19017,2011,196.5,163.01919690468372,152.79454642415155,176.11511824002878,197.95912518995792
19019,2011,187.0,160.90569735660367,153.72134508200728,173.40256870070354,193.27882395843696
19021,2011,180.2,164.41475103407058,144.74966665018638,170.49721693865402,190.34411037795059
19023,2011,186.7,156.01576635399604,142.470088975007,164.80963170534082,188.81771793840213
19025,2011,181.9,165.65495333172237,150.2405324012925,168.74421908314295,192.7068691002946
19027,2011,180.2,164.60581424793597,141.5923227190399,163.78728521020437,186.11915020174595
19029,2011,175.2,149.92827104182666,134.1503954764575,150.50464081382881,177.5012031330966
19031,2011,184.9,162.89106501721744,155.60647813552805,170.01528092100455,189.53222520630837
19033,2011,169.3,160.66904877024893,148.28204719716942,168.78186874232736,191.83033316490776
19035,2011,176.7,156.9625227708424,138.97839126323294,161.3167302373955,188.4247845190594
19037,2011,188.8,160.4295303823403,150.57528428672418,173.83679591345063,196.72079083466377
19039,2011,107.7,109.07275004734765,91.56057868204,114.65060286313052,151.75648668905652
19041,2011,185.4,160.0597356269031,140.1479310692815,165.75716645534436,183.42296601869913
19043,2011,186.8,157.25025759797097,132.11157026060707,160.20673754665532,185.03806689456434
19045,2011,180.0,154.64125386360635,145.0104342794449,167.42913233713062,186.8037268430195
19047,2011,181.8,155.06503434981278,143.0731388256078,154.27886580877342,184.13044493976756
19049,2011,172.1,163.94112161666342,142.61369247101626,164.60551343764175,184.2194370969584
19051,2011,97.8,114.18274746355782,91.01557181304338,107.28107437223606,148.2907219768971
19053,2011,126.1,116.30524003698415,112.62684733220105,117.57538436709096,149.09935049518134
19055,2011,186.5,156.83972861275018,143.20204460178311,171.23812112412926,184.04224980352652
19057,2011,146.6,145.4743041232956,124.22989608715432,152.47207616997832,178.9659093891311
19059,2011,169.3,160.94660648584673,142.6936208636508,168.0342971775822,188.18736805138445
19061,2011,185.1,152.02198204278082,134.3571605802526,164.63911475788083,189.25497897872975
19063,2011,169.6,164.91328017967044,149.3176320670586,173.07633557651639,191.79073356073707
19065,2011,186.6,160.5856567583854,153.68426968872697,175.6980441013492,197.42162096684547
19067,2011,181.1,158.36465007535458,144.35195348752194,173.59349641991494,191.92513275836706
19069,2011,189.7,165.3475409133969,148.84392311073356,170.34586895157682,192.98263287150152
19071,2011,155.6,150.6225152071395,137.8629978221713,152.60143602772078,181.94638327372112
19073,2011,183.4,163.92538048630303,146.0671034992554,166.89993538108726,185.71555690065418
19075,2011,172.8,157.72930734755784,141.7874049858081,167.78515083715425,191.04274586403966
19077,2011,169.4,152.84035574896927,136.03681723366856,152.25587795629355,181.6148149863664
19079,2011,180.6,165.5788904105908,146.39204926265617,173.03317265223893,195.07277197138941
19081,2011,179.8,166.9347264150417,148.96529451273855,174.25328769548878,190.49035604263884
19083,2011,186.7,165.19617178026783,144.83109990836388,169.32248970988337,190.94881140638455
19085,2011,169.9,151.14408490811465,135.5436526089691,153.16495649442928,175.87999916647811
19087,2011,123.2,141.40322957416095,121.67927886449309,146.28307611135085,175.70120351964812
19089,2011,185.8,163.44498121124994,146.9853650777502,175.41493622888137,197.5201796957647
19091,2011,185.5,166.27569765404672,151.50392048293804,171.13658644220908,193.22600847973405
19093,2011,182.9,155.77236993564634,139.58832570686147,158.28898700517396,185.09827870273364
19095,2011,171.6,157.9136130252819,138.06580845128397,153.42421402955807,186.87275579821173
19097,2011,178.3,154.17673244230343,136.59282342410984,155.62339120215765,173.19537131085082
19099,2011,171.1,147.82929816234255,120.79674024746507,152.34237963765085,180.85690385852288
19101,2011,112.4,123.09351446514191,98.65285254038808,124.79580005548398,160.493956908883
19103,2011,171.9,156.1003545126846,137.61305624950228,163.13741141219873,186.896977575701
19105,2011,171.4,158.71679761464634,148.30327300950356,169.78174044167883,187.75330134517927
19107,2011,152.4,138.21541666855066,116.71754863716882,141.4946730030999,178.35305013125702
19109,2011,179.9,166.2767031966971,150.76293784620276,174.63099479555646,195.37128137268044
19111,2011,105.2,134.60302684945393,112.62756164410567,128.54504596232098,162.10307520451465
19113,2011,169.1,154.81330011904618,145.94042261261254,168.96786869845064,187.84866610558535
19115,2011,148.9,145.72499526076498,124.311369779615,148.08906982983794,180.62793267832112
19117,2011,114.9,110.59784433862596,101.60359954927465,108.92770826768607,147.2673806952296
19119,2011,185.4,150.48850006372578,135.73014188278736,163.4377331792116,180.84769276569364
19121,2011,145.1,134.02821592095265,127.33376263738228,145.91748913144437,170.8772077590674
19123,2011,165.0,130.7450782690829,104.603643991421,137.01249223331888,173.23699878710775
19125,2011,152.6,123.88134707113993,89.39715987768629,130.059486424205,165.52700289922933
19127,2011,166.3,154.63381213612027,140.03090128049953,163.486125112831,186.38715793913113
19129,2011,155.0,148.51097454721977,142.4198734584221,152.74493718800662,178.87663638908063
19131,2011,180.1,164.02658247333065,152.10828943497444,178.9402766340196,198.4715493887416
19133,2011,158.3,129.36425177198285,115.6287230821381,138.37179865675628,163.01015969122622
19135,2011,112.5,112.14285828611958,102.32703173376774,116.38814051923764,150.60092812976413
19137,2011,153.2,149.35125485616567,138.14049514670785,144.71393408576168,176.40270207075082
19139,2011,164.6,153.0447881472456,135.1088568895796,157.3668138314214,182.34306742401716
19141,2011,185.1,156.4104700255962,141.30349595536478,167.01357209402624,183.6893524456446
19143,2011,184.4,154.51091585184813,133.8322242449053,170.76685556411357,190.32053972981683
19145,2011,136.2,136.6401727909176,124.07988367081043,142.742674660207,177.28828102350414
19147,2011,174.6,164.33656714755205,149.10191030671467,170.55714353382763,187.84616603824878
19149,2011,164.5,148.5119326184768,134.4639231564613,155.13014402071997,180.82478154332549
19151,2011,181.2,165.9307774509365,147.39248355926037,169.99477818931248,192.01555907760732
19153,2011,160.6,157.34497905870447,135.11833319152947,160.5201914640867,183.1203984990019
19155,2011,170.9,152.57690063960806,134.56382522859974,153.88360687938672,179.8107981601034
19157,2011,179.0,138.518343229621,111.65690521339656,145.25739367904112,176.34882059704177
19159,2011,118.7,121.83011612296657,115.9761031566597,128.95625224800577,164.03803596882415
19161,2011,183.4,159.13966056473606,146.16415085960855,162.4705872398702,187.78726362596115
19163,2011,174.2,159.31168549061994,151.6158016202956,167.5914663296436,187.95206556269173
19165,2011,173.6,153.6515468841879,145.7652865399542,153.5887439993949,181.39654314286742
19167,2011,177.6,158.9433773409351,140.35780532243788,162.98139448461362,189.51803118850518
19169,2011,163.2,167.59263160853607,152.92213714320647,171.9578760399625,191.6774474070185
19171,2011,162.0,157.04286868601625,136.44906754932282,158.16997911739222,188.15618378005433
19173,2011,140.5,119.25744558714281,108.6567980048439,121.07235490358984,164.69760429413398
19175,2011,132.6,128.01780970220634,114.55861727752979,137.17085340936725,169.35222198958664
19177,2011,100.9,128.89168183785114,91.992849752549,119.13342550540197,150.90178873673298
19179,2011,127.3,128.41019975680229,108.21472179705721,132.0711505150561,161.03725258364562
19181,2011,129.1,125.08445155898617,105.89131339051524,122.73134735194374,168.2805714941926
19183,2011,156.3,142.66170885385574,125.93450257428879,150.61378696628043,179.21399274450448
19185,2011,126.0,119.24207534657987,106.88769786670157,124.46410956317926,153.87318410351358
19187,2011,190.6,169.6106151463061,150.67094052155383,174.90200708129345,193.92946757170748
19189,2011,176.6,161.10641953527147,146.58343516044195,174.43971186241228,189.43619579047805
19191,2011,186.2,157.09911077202844,144.81504560959945,171.38854553434732,196.1648645979012
19193,2011,173.3,147.0474380899324,131.19698584125564,147.70621974493477,181.50967035968924
19195,2011,173.0,163.86474442013014,151.00409530000894,173.87592225082253,196.4143068669294
19197,2011,189.9,166.87954119555155,151.7733298342646,173.17331433903945,195.72423673014848
20001,2011,33.3,75.9249565242856,50.624342215276336,73.9496270757647,112.82920142768023
20003,2011,48.1,76.5938988207661,47.29211004713479,77.75976244923076,112.73726865500649
20005,2011,128.2,104.61282864655871,77.32785836237679,104.22294534067508,145.41020156613132
20007,2011,119.4,114.60988407739954,84.43193562151748,105.29828825822959,136.27444725650628
20009,2011,123.0,108.76245943722397,76.56280342802266,110.2278748114647,142.45486931167056
20011,2011,46.4,72.03058558971414,43.574858703815636,70.17200461104592,112.88571083399745
20013,2011,161.1,113.72554986733336,88.44306692717527,114.85736760869845,158.58997580253032
20015,2011,26.3,54.09135931729983,43.28428225754578,60.8728859552946,99.01043792565304
20021,2011,29.2,72.14985753054317,35.58787859240619,69.31051237189526,115.6410680264816
20023,2011,118.6,136.64333302068718,87.83098981062942,141.16522899787168,164.45613916174287
20029,2011,136.8,125.5383752481217,95.19285538996228,128.46403299929892,166.00843071065802
20031,2011,42.6,75.05729963999804,53.36282996654502,74.9770667995718,114.23621530066468
20035,2011,35.5,50.2989862914367,41.83101627273071,60.16433763326411,94.03086925235417
20037,2011,30.7,77.78570809615951,40.766006793129264,71.08543032818913,111.37433484069368
20039,2011,98.2,83.66914350811062,63.747296994831004,71.85397492858463,162.6450629180611
20041,2011,63.3,85.69079155122587,58.838112253428505,78.55682891402884,146.44286080821135
20045,2011,83.7,85.53512277116126,58.144003951592026,85.26504087766268,122.57301810007925
20047,2011,148.8,140.7356189496802,95.85417541339157,125.90604033869472,149.38945938021834
20049,2011,38.8,59.94478620737546,39.33774609900344,66.91630885200759,98.86570881191035
20051,2011,62.5,87.6792759012398,57.798453342057726,88.71998712464195,153.69802566663293
20055,2011,145.0,127.22211391471289,91.63183967900518,121.14945738445087,151.6624453642381
20057,2011,142.5,105.89735123506436,74.41507891483808,104.64793412624482,148.1332515186021
20061,2011,92.7,111.57040564950871,71.36560111628577,109.81308515044238,143.14737562921758
20063,2011,95.4,75.63206423780208,62.889472657454775,91.10165950053353,151.67864621709387
20065,2011,88.3,95.14603433850861,72.70782318526626,97.58899145502895,166.79634511750803
20067,2011,152.4,126.86458301248504,93.7569824005361,122.94344559284028,154.9629802896398
20069,2011,151.7,134.72616380863414,92.8808377837774,131.38148703280424,159.57674273252238
20071,2011,90.6,103.16653506798647,89.12867444016507,93.57445963351661,161.9664867895785
20073,2011,30.6,67.34459498734554,47.31137134768113,70.52652106476258,103.39282919324691
20075,2011,90.8,143.02572610893787,99.1988095767186,136.9650235986597,174.29807820653514
20079,2011,75.1,78.97410458904143,47.66219893921636,81.69028862564016,106.3007599292374
20081,2011,146.8,133.86551006260544,84.3982242150797,134.97921780381049,154.4708864472822
20085,2011,116.3,93.41889478619669,63.276479217872705,91.26148505639902,124.24826915805485
20087,2011,116.1,92.93753509392424,62.71569812014924,92.76936373535985,126.22173213123193
20089,2011,118.6,121.84910530198852,95.49614589675093,119.19370920248288,160.8088438018731
20091,2011,38.9,81.81741841834115,60.614702756761034,89.08576653447538,119.97996479016902
20093,2011,149.2,146.13262976853395,105.17790395679907,147.22275239396149,155.89282351045892
20095,2011,128.5,135.76258281963288,107.28550669917551,121.50407402253562,149.4781101944346
20105,2011,53.4,88.48624650537877,64.67913386912949,87.52353859698175,158.13774942029426
20107,2011,39.2,73.77674301661766,47.72201388727541,78.62717810710383,114.15644079914088
20109,2011,74.0,81.03392845890349,70.64106928957685,75.01901198519504,149.05592564616518
20111,2011,40.8,75.42456931634555,53.371418167005245,76.16693207368279,108.76143022180995
20113,2011,91.2,98.90655313134504,62.29875096575404,105.70479191490433,132.1285758411376
20115,2011,25.9,56.20162102279934,46.69673739144666,58.89786435260901,108.08225935387192
20117,2011,112.9,106.91118707319569,81.42022622061246,105.5867329892885,152.20664544659246
20121,2011,47.1,72.48252746681328,49.27726282029019,79.34257197664597,114.33421281383545
20123,2011,109.1,110.71209960932191,89.1723090320458,106.87700684056088,163.22947372037976
20125,2011,31.8,59.84575749035507,37.54611679235044,62.381133503285106,101.87246956939889
20127,2011,26.3,63.78848614780561,51.982751592993765,68.30931491141423,110.79750450147564
20129,2011,127.4,120.5698926354819,85.17630183491396,111.03040605332089,155.3601593709605
20131,2011,132.5,106.17622603831751,87.88742317210122,105.6968942082827,140.74033493708149
20133,2011,24.9,64.48878766432742,44.23502374594272,68.87407622661995,109.6493884367427
20137,2011,94.9,88.39937673013497,69.48235384671567,87.62509298620226,162.18569575056807
20139,2011,57.6,75.7011695923063,55.53760257811093,76.53404406311351,113.76563350151429
20141,2011,101.5,113.76742532277446,77.05707452819718,110.68654624897663,160.05746110490816
20143,2011,74.0,97.35563175391452,79.42281005027114,91.78812291051084,156.86212504604072
20145,2011,110.1,107.77064544405293,84.17637255885218,113.99930126063002,142.52857216822215
20147,2011,103.4,95.54173056057859,66.40051235194068,90.60301836264047,154.6046920645386
20149,2011,106.7,111.22483139156573,71.09146284648968,108.36636662587004,141.4200170906548
20151,2011,141.8,120.02636693170389,82.25544984974094,120.49978956213725,145.0057072173079
20153,2011,94.0,103.57343839846908,74.69005182263551,102.27625175679755,153.31050783329027
20155,2011,112.5,125.5359341850271,95.8492329522351,123.62436470301942,140.96852312076535
20157,2011,141.7,137.1139536985634,110.59397531399945,132.75590168769438,168.40505430731844
20161,2011,96.5,105.84871458069449,72.62357219198401,98.71845945370079,149.58031368015003
20165,2011,104.7,80.950591922032,68.71018535854081,85.98686355733001,133.6882912214826
20167,2011,21.7,86.74381748159584,69.85671873109405,95.1407442516112,160.4403867464605
20169,2011,64.2,82.3116884277875,71.25164921882677,90.46195551284009,145.40362585102068
20171,2011,126.0,111.01488847726546,91.34282374795961,104.00816707668447,154.94779021912996
20173,2011,96.0,89.86087739204171,71.7662339049903,98.82316176612572,123.75126033864929
20175,2011,160.8,133.3055047489903,90.16392810707954,122.73633496145604,158.97886658741749
20177,2011,97.1,102.77356009106181,62.71771568784385,93.34875651037429,130.67245316118363
20179,2011,113.6,130.68524388109034,87.86962010723913,129.62384287812404,165.73197931743496
20181,2011,134.7,120.68925678912674,76.5859261061112,122.1451242681204,156.62883722707977
20183,2011,112.4,111.39957778397331,82.44401807037762,108.47690335671446,157.61386497272895
20187,2011,159.7,135.5327909167523,89.84199359147563,130.25387379871816,153.077890604848
20189,2011,144.4,129.1538192661887,98.68361075405004,120.79860044817161,155.68218221693317
20191,2011,47.0,57.902122118667556,47.63875165748733,64.29975642183894,114.32853171779962
20193,2011,110.2,127.6917651737806,88.39251747245719,123.4215843612513,158.71999799560936
20195,2011,60.4,95.09154659239744,60.33152354426764,115.5615978258913,166.93893565674804
20197,2011,56.7,90.5432759188259,61.1906416943453,81.0580207537056,124.65577817246239
20199,2011,116.1,106.93862928877466,83.92959219006829,103.10923428995812,152.27575069178124
20201,2011,104.5,107.23706219044067,76.16841643915976,107.51662981599615,158.36111759256124
20203,2011,139.3,130.63695478622708,94.34024444003518,128.57459771381528,171.44162321431182
20205,2011,30.6,69.68277332925253,42.22239201439391,71.54204133208354,106.53884248226858
20207,2011,31.6,69.75774468351781,55.661267964401105,79.09242856527472,112.56993619990935
27003,2011,117.2,125.07475486469075,102.5185923457669,129.8664401562975,152.44638249966405
27005,2011,121.5,135.91367487945962,115.76031166241808,135.7138850191102,160.49851778869254
27009,2011,108.8,141.5902077348663,114.67878144936573,145.18221956093674,159.39027403307898
27011,2011,111.0,140.57530817447494,104.67507835315752,142.0906015797627,155.86572387664572
27013,2011,171.1,151.33218241324528,107.4674866868813,150.19452012118074,170.17878259493284
27015,2011,162.8,164.05034435062905,123.84799440311457,163.93879357951732,183.44746848845773
27019,2011,154.2,160.0819303017571,132.19376485623442,158.27963611554546,175.8725946314369
27023,2011,155.1,160.50497450504443,125.99568075815827,162.00295870159246,187.43404349490757
27025,2011,131.3,124.50057538494652,108.08260963435087,133.06848593390387,152.27129553816627
27027,2011,113.6,135.68054856527505,112.34818738555023,143.43482455872814,157.91721737930254
27029,2011,104.2,126.95569987128327,108.2828758355246,129.1373082709505,154.68476272123826
27033,2011,164.4,160.35983195977767,129.79413630959328,164.97897194809647,192.40159066051115
27035,2011,107.6,113.37707673116144,96.87153103827247,125.61395577299966,140.42863103275528
27037,2011,174.1,157.16191835386897,123.65517513623819,157.4225314363204,180.0212116829075
27039,2011,183.6,167.81142060853955,141.92512555505633,173.5919071329352,190.01130449696038
27041,2011,123.3,141.31987187451756,119.8199543534397,146.3563640452294,169.92269778409263
27043,2011,174.1,163.03780091637412,133.83593024969616,170.46781650385222,183.6137062171873
27045,2011,178.6,164.93472309366072,119.42024070146289,163.09076144231747,182.41112858555306
27047,2011,179.2,164.61325505943333,134.0057766948165,174.56352751683127,189.0161763763354
27049,2011,177.2,167.3398868165758,138.22962832107086,175.7374711821881,188.32317813381138
27051,2011,123.1,142.40710051462952,118.3550001486626,148.53842489007656,164.29697414172236
27053,2011,141.8,152.78422035510735,130.8811807931583,157.0565823992451,178.97589589633517
27055,2011,171.9,156.57107674312647,119.90759276078279,161.63240629108023,181.77141370484443
27059,2011,124.4,127.92808582543486,107.97644064558408,137.7392821697089,148.728122145078
27063,2011,161.3,160.41670663326374,130.46409104806293,166.16061702530573,190.6439693243335
27065,2011,122.8,123.87108364844926,100.99564817922828,138.18205419524386,148.99444031981156
27067,2011,149.7,150.67974618755255,119.92170046218706,155.2908588739577,170.2779791190111
27073,2011,144.2,150.95357303008723,119.91738617774988,153.74866403047886,168.4043408854625
27079,2011,158.2,151.1064660795935,122.57983054655175,161.5654387611552,171.30525974692904
27081,2011,145.7,153.8274044418139,119.70921919370872,154.6036966871155,183.47105817963623
27083,2011,147.8,153.4589840644032,122.97319000710837,158.10473947709585,181.2496634042588
27085,2011,146.1,166.54235574050466,133.3248504929279,171.8589171865959,187.36244289726125
27089,2011,114.3,121.97598900730618,112.58951128860429,136.70934087460924,142.759667442608
27091,2011,173.6,165.50499847644716,133.2093800347583,169.92622522847836,191.7045507346735
27093,2011,143.6,154.03968003083597,127.53711347049943,155.64789508095853,176.24215984765075
27095,2011,99.1,123.10438684191271,105.56634891552726,137.87594738490768,147.0448845903895
27097,2011,141.5,132.55017472479705,103.0360234255485,139.2493039573002,152.83459014400853
27099,2011,177.4,163.26832504597942,132.5156464146837,172.06442845109152,187.5448671991972
27101,2011,166.4,157.19473280646523,128.14883092307963,161.2858271160466,186.3559557507348
27103,2011,160.4,166.53638725161431,126.13861505380717,169.20572167892055,189.82334764451298
27105,2011,174.6,156.89684983906562,129.9400425825069,159.15197990168176,189.51072903625857
27107,2011,117.8,126.27465085305805,108.03229617992727,136.5018383801665,152.88460228386987
27109,2011,181.9,160.88524729970496,126.88560547279286,167.08582168837452,183.10887195035778
27111,2011,132.7,138.6754369975875,119.2397252502406,143.75172766666864,166.86505513905644
27115,2011,130.8,128.0965294418665,110.35608652994684,135.53184554374593,146.8197123345447
27117,2011,152.2,140.1801215601371,110.41763458454842,146.86631637213125,163.48458542298366
27119,2011,124.6,129.84022453387414,113.51294602398471,127.9240448321825,156.8018521005449
27121,2011,136.7,149.06561209794725,125.23291945091424,153.68908037917836,176.21184279592788
27125,2011,120.7,131.89367904720478,111.38017760751593,130.9444355042073,158.45795327308468
27127,2011,149.1,164.1309513287746,127.92205208259145,167.10651124151593,185.7433646243652
27129,2011,146.4,164.33493878341932,130.07610044504608,168.3881050541985,190.10852743328118
27131,2011,158.3,163.16991106012057,137.27300390376615,172.04880500338004,181.7947215834785
27133,2011,180.6,154.75207871470835,135.58515238478498,157.84669038115464,182.69283233008935
27135,2011,105.7,119.4205133559179,104.83717744651878,121.83125403222847,135.89247604382658
27139,2011,161.6,162.23641723080635,133.45270389772415,164.59839000838903,180.3105476390334
27141,2011,143.6,144.93202149083203,114.38317898072486,148.4426881280975,161.81600806455197
27143,2011,157.0,166.46570367649431,129.66764056622597,168.69659943718298,191.95280101941833
27145,2011,136.4,134.48764684217537,112.93113428084884,141.45425708376598,163.44256634903914
27147,2011,169.5,162.65293222826844,136.25264910256087,173.74130749705304,188.58134703219042
27149,2011,139.1,145.26706037907817,117.60769866106426,152.1892578344717,166.27565384012271
27151,2011,154.1,154.83141902197323,132.0168644545006,157.471503027356,184.0360672741759
27153,2011,129.7,125.6716768159818,109.42774170589769,134.2278060946083,154.6179637667712
27155,2011,111.5,143.74413215742115,107.58679898080486,147.4422609468371,156.17067823138296
27157,2011,180.2,162.72588003290454,135.90774268839445,169.88486985736228,185.72178792876937
27159,2011,125.4,132.25471458242168,108.93420813410711,134.06575816513146,156.01675917569096
27161,2011,175.9,169.03220234582312,135.14963507792044,172.25238550536523,192.74191523305063
27163,2011,176.7,152.47793363581073,117.48427827585662,152.08997591869598,177.57869440230857
27165,2011,177.4,162.72643035897013,124.02115190830722,163.88970750763093,183.67195250129075
27167,2011,120.7,134.91109917452354,113.92181040186667,141.99752223596622,154.3067315841192
27169,2011,178.3,161.51450045509358,124.88354335294329,167.09278787659153,185.17298354311487
27171,2011,146.3,156.22630024769285,131.25210633645233,157.13649888270788,179.9264075842014
27173,2011,155.2,156.32526410482444,122.37254987286497,159.04268960261845,181.14797473499175
29001,2011,121.8,117.65096331567544,90.64705917262864,111.82043519550622,150.18404505899724
29005,2011,149.5,143.80146598571724,124.18281109653964,142.66446430511957,168.51160937856173
29007,2011,105.2,113.35730150457543,85.10422731628682,120.32233884109425,153.79769664862124
29009,2011,37.1,84.08562678167462,37.749740335646734,74.6025256257884,118.8941759074305
29011,2011,49.1,109.12172504905567,44.623624832023204,84.95524440085056,128.12244012738677
29015,2011,83.5,105.58490440830951,70.26458541578063,97.21193879242792,130.63094442038576
29017,2011,105.1,125.26063619319281,92.23093398481956,122.32784697203955,137.40011078584055
29019,2011,94.2,127.98920329970244,89.69582993423327,122.6992750625319,146.0080478114901
29021,2011,134.4,132.4185165361136,106.84109207652423,130.38763390392,167.59444401418614
29023,2011,133.1,139.7587810114531,88.93066388475178,138.3958836200986,166.13875975570056
29025,2011,113.5,105.37408244350259,85.89322069627055,104.16086961064441,138.03759982150075
29027,2011,127.4,122.17178949586584,85.30336165621108,119.36211962684266,143.19045778390833
29031,2011,114.5,123.65318279012634,98.09415741486289,123.13666249373803,154.99433471671048
29033,2011,132.6,126.8124510445857,91.3843330113721,117.92151360556942,146.17785801832363
29037,2011,65.2,99.34632971272862,72.2918868593803,99.67683235614784,123.20759708888785
29041,2011,121.3,128.45617279177904,90.23849278783801,122.0139379451298,155.24322743316708
29043,2011,60.0,86.60228368642402,47.111808650246374,79.49558728605457,120.8683266989337
29045,2011,100.6,118.1144835701789,87.81794612465944,111.42260473722907,137.83808891623607
29047,2011,130.6,112.65823616430106,87.30345122580215,113.01782295956757,160.05188095928494
29049,2011,137.4,114.06425373845157,87.51364134248747,108.81217753346861,147.92165250558068
29051,2011,136.5,115.68260725285434,80.32731099415469,109.58683717882134,140.52015190051554
29053,2011,87.0,122.45404111410247,91.61378114898996,127.17634922955556,164.40975537145962
29057,2011,36.8,115.17225434148445,42.434242311256455,76.5796843106608,132.75087110173996
29059,2011,42.5,86.41952770517902,49.366440233325164,86.03925109196335,127.65532135810209
29061,2011,123.6,98.9368930508481,80.9274160869203,98.5935417702104,129.62186182641005
29063,2011,124.7,107.8999350171152,84.01776826069145,103.80638405310482,134.30487557754572
29071,2011,102.0,127.59073092232137,90.9553373626949,126.73062254812105,147.53487050141365
29073,2011,82.0,116.52005043551131,87.93941326997644,106.82598183446802,135.27134222730731
29075,2011,128.7,110.51544332951686,88.91955277982036,110.03428367149506,138.4288664989649
29079,2011,131.6,103.77611421362131,82.99064353973804,101.89772357600584,137.34849233276202
29081,2011,108.0,119.54254977282692,99.47584518339626,124.30384960538437,152.03881303581554
29083,2011,41.8,97.46185417508867,64.53347756171316,103.24002878224142,155.69869908363427
29087,2011,149.5,134.37752587064716,109.45172214540499,129.36135918777185,163.62701449446712
29089,2011,118.8,139.98877909777895,97.21134855843873,133.963966068165,170.34042714470806
29095,2011,114.5,117.26838392102457,88.99932356826831,119.83308007776218,164.07851902340477
29097,2011,34.4,83.3128235724436,41.989723300560584,69.22567455317157,106.59820202441327
29099,2011,108.1,124.47096464003695,91.18456977651601,130.0509774764839,157.83448540869267
29101,2011,91.3,106.80771650895574,76.75085081787398,108.36762032843755,144.9175672315448
29105,2011,105.9,94.19148938650045,61.58760212413189,89.97533527213487,123.32391678524068
29107,2011,137.5,137.5246251454776,104.92653015585255,135.30300083800807,169.83962314947823
29111,2011,92.7,114.75061891064041,90.81914566301042,114.15707470921267,140.2292361093387
29113,2011,95.0,114.90852195099819,81.5473544737854,110.03361366117296,138.16709229322464
29115,2011,116.4,106.3524394476955,85.03964067135148,107.08835606881588,142.27529059080246
29117,2011,121.2,106.41561316049587,80.16096276686156,104.34924223410285,141.52956279756563
29125,2011,102.7,93.9205630262887,67.66636302487441,93.83335367135193,117.49160309937785
29127,2011,115.3,128.4126027806681,96.74940269274137,126.68812899764542,159.91684845078345
29129,2011,119.1,109.11993666995738,90.55462663066298,113.93928002636746,144.38926114144755
29131,2011,94.5,102.84049583694679,66.97196016100177,100.07991436162177,122.17655332571056
29133,2011,155.0,140.01900242907178,86.24430082452194,124.37398809636396,159.60179851062117
29137,2011,91.7,110.87319743622095,80.47534985473547,111.7432419740368,141.24607650902442
29139,2011,81.8,118.02473515527448,79.87946395999879,117.33634834908715,150.64152325968485
29141,2011,63.5,95.75584602256025,70.8583075022868,99.3734018218057,129.2226002205166
29143,2011,171.0,142.09063237631466,71.77803814035391,101.03026537196813,158.54231414795035
29147,2011,122.1,131.64247056949395,106.1603160496947,132.3503877273778,163.56215918252758
29151,2011,119.5,116.14414241426036,77.9720249151291,108.97001241391139,133.25714076751052
29157,2011,104.7,135.48324339206425,101.8389512044742,131.37650773947647,158.3191745102924
29159,2011,90.4,116.6699271339321,82.36061483341369,121.04434041970661,157.73759632780607
29163,2011,112.7,123.78417299146808,90.5993305412747,124.48567035422111,159.9325576103564
29167,2011,60.0,81.55022428752251,44.074642989871535,76.60500182790959,123.74043645652301
29171,2011,116.0,115.56604969153793,94.11855027258714,117.60171673991475,146.8351009551909
29173,2011,106.7,112.40931053476231,85.79987885744018,125.39521949566942,154.5333432128799
29177,2011,128.8,119.63244532735588,91.88510548360328,115.53987118147033,144.56241491030167
29183,2011,121.0,140.7783342457314,103.49198949230883,130.54701092425447,160.6873390798294
29185,2011,35.8,118.23396548243413,49.18811365092789,83.28788065737847,136.49296813623016
29186,2011,119.5,130.98266311969564,91.57514072034202,120.89443518928489,142.2459880125981
29189,2011,146.0,135.03778932683846,104.20563823772044,139.92660480606423,171.51903766077038
29195,2011,142.0,136.9345695235592,102.28711285093037,134.01933312744123,168.31898869427422
29197,2011,111.6,107.79468127400577,90.86450988449936,113.48459433431243,145.51178053838328
29201,2011,158.2,144.13769756180605,97.5328232251183,141.85203174289407,161.94087334455162
29205,2011,107.6,114.4225361770439,85.12591783134506,119.96054891082237,153.51800202316366
29207,2011,145.3,151.4926906952608,80.7087831945416,142.35280247464422,168.44657471361128
29211,2011,118.1,119.25084078013384,89.61505888222754,114.20150171662728,147.16691830875058
29219,2011,98.0,128.8113178356907,93.5542478271843,125.87559909996837,161.32647929981752
29225,2011,80.6,97.24317752802428,45.66606184112923,88.26507586679558,116.39514501705546
29227,2011,112.5,108.1940873769958,92.03900100314694,111.20430931244773,144.502399455375
31001,2011,195.1,157.352600761273,133.2190474907028,166.42966773306696,189.19089270798082
31003,2011,174.6,160.63480801883742,129.19766980538452,158.7960341676822,182.90922876594092
31007,2011,88.4,150.63940419669436,106.34661188759057,148.92884087768715,160.10456058402346
31011,2011,157.4,156.7976551171513,139.80172040467036,155.6217882618491,179.12129126621417
31013,2011,151.0,163.81651434080374,118.41859960984023,156.92938565989715,167.5111995479098
31015,2011,127.8,117.12185379618643,93.48485018675999,125.79714063670976,156.3915096504299
31017,2011,174.8,161.6364342322405,124.45466253439787,160.93612681317217,185.9728059665
31019,2011,170.7,173.93004684116377,147.56580286596505,175.32323927711207,193.20125235167194
31021,2011,167.4,142.98589064314075,129.32532741913937,140.76709735353018,169.24807976778823
31023,2011,178.5,152.3553532754402,132.86667294831489,151.5464262261158,177.6388146123431
31025,2011,157.4,144.71740952088447,131.1265458323373,141.66868530167184,165.80078362008925
31027,2011,164.9,140.11607621555962,119.98880497418276,142.59257162158346,176.71104862118386
31029,2011,111.2,162.7415654404096,122.8634909578308,167.4835874680855,179.90040076144078
31031,2011,155.2,163.61921323212076,119.40558313193718,160.47615341358517,185.02924632068084
31033,2011,109.7,156.05792512786024,126.18105245272963,161.5230846786603,170.26991986355992
31035,2011,184.9,171.33636415852047,140.28975803010587,171.66901522648325,185.20546829503013
31037,2011,162.9,149.24102026410227,131.5214109197308,153.29931146217965,174.99809742075593
31039,2011,177.2,146.78789123095993,127.5948347039052,149.9951629434686,174.0324064248209
31041,2011,165.3,163.20855067993733,146.37278290411098,165.48753174881674,188.89298906536382
31043,2011,157.1,137.1364702407499,106.71593531016444,143.17307809223922,170.32956727838123
31045,2011,95.4,132.42797060604664,97.99056160480588,140.5444358403156,156.14499434191188
31047,2011,180.9,171.91469124988785,148.16614515636854,178.5941991520715,192.01888158084694
31049,2011,118.1,152.02062186039382,123.98266593152528,160.19093405897337,179.95232676488524
31051,2011,136.6,135.54775231370226,118.44915376056149,142.18847913901115,173.19422628995957
31053,2011,173.3,147.16910082844333,130.23040006693543,145.008199683087,173.98904069876068
31055,2011,161.0,147.7929959623091,134.67239462141862,146.99511147929792,175.77994575633966
31057,2011,121.3,156.98790989708112,127.9643980471661,163.9476712678616,166.35312392677693
31059,2011,183.7,166.31904938276142,125.25176776239053,163.4823334811324,179.4242176361249
31061,2011,175.2,161.8570070213403,126.90139515480067,174.7870448540357,181.0786154628995
31063,2011,129.0,137.83372382747552,128.1267805461961,142.1204798540219,168.8557073036598
31065,2011,127.8,113.82357518563721,108.55324946300038,122.18814097884449,160.57073430067985
31067,2011,136.5,127.86516369346734,104.88772935699329,127.99816553579252,160.56413528130884
31069,2011,144.6,145.55374705301006,122.2813752424249,156.64306021990728,173.21076055070742
31071,2011,168.2,157.48226812639547,134.6643227415929,160.43971806052954,179.55569266631628
31073,2011,167.6,161.60864361746172,128.05901877158328,170.01203628787096,181.80160978359834
31077,2011,145.3,164.55243447523983,145.9275121902046,162.47329094583657,188.6312449884261
31079,2011,180.6,176.28473671252453,151.89154767352028,175.83679717840326,192.76075479776534
31081,2011,198.2,175.06178568308403,143.1289543356982,178.62296491782067,196.84360704974327
31083,2011,170.8,149.11625290726238,125.17992375246746,150.05363990178327,175.7697142756107
31085,2011,120.0,143.50232962478069,130.81361383198873,148.8645994438822,179.62397487426787
31087,2011,105.3,123.44913124872427,95.35456974368589,117.41904434987482,163.1915649675417
31089,2011,177.5,172.732086012128,125.69657815834879,166.9738199366439,191.93534985800804
31093,2011,160.0,175.03189560997365,150.73427277420384,171.18933627674846,196.7713996220053
31095,2011,149.4,146.30268206040577,125.81875119918354,148.62587077492242,167.986215139772
31097,2011,122.3,127.03056531250573,109.54830505244665,127.74830829893601,161.80778643960156
31099,2011,186.1,171.75427582534118,143.76876961029208,174.94294122066736,194.08561535194113
31101,2011,139.7,150.06932675824334,123.62916791898928,156.275911691669,162.7164318809036
31103,2011,168.6,146.92275885406406,113.90684718895818,148.49674457589163,173.25096125131935
31105,2011,114.9,138.65246128486277,107.41879512292665,142.51895169465996,167.1480804787531
31107,2011,157.2,138.86543580444527,121.43187626746283,137.18998398016856,175.06775835909713
31109,2011,145.1,130.73158905076608,108.3550219742974,130.73715998261335,162.0684742331158
31111,2011,157.7,160.85205096857084,131.9766919718034,163.24661347490934,178.54662990659534
31113,2011,150.7,156.39327895971618,130.94201374160605,157.8017961650622,178.3802841794627
31117,2011,189.0,161.98412420434008,131.8388490118276,157.24923470298944,179.72410518615632
31119,2011,159.0,150.4389746468511,132.9078519845746,155.20884111758457,180.289411192364
31121,2011,158.3,156.18345959092954,130.93011669865857,152.4531602958964,176.323185840708
31123,2011,169.0,164.59790003126426,129.19923512113817,165.76725018749335,179.75883422412747
31125,2011,163.2,160.88962495618694,142.62183786316393,158.10595665138666,184.82017045166174
31127,2011,153.0,133.41069376132378,109.8098541878855,131.2850675973818,166.97522822008165
31129,2011,154.3,145.4013327158441,127.02049975137973,153.7829786629457,174.67328561709465
31131,2011,138.3,130.29276020201732,109.06790353750033,131.13228310129733,161.99250555878524
31133,2011,111.4,116.50786037673863,91.77989797593001,117.16228645096344,157.340844624875
31135,2011,117.3,153.0132818819401,121.09004478148321,159.20598765038613,167.76866588677456
31137,2011,183.2,182.53896114459295,143.09159161184962,184.78367195009818,207.5217138601694
31139,2011,161.2,149.41151439645776,126.16131677081546,154.22569857517172,172.00049672663206
31141,2011,170.8,156.04590944547303,138.03821910346224,157.81955352512185,178.80159103383625
31143,2011,167.8,168.29359456164653,144.6634218979894,169.089467667994,183.17208767300764
31145,2011,119.0,135.50955268604466,114.5401487594004,130.48020446371467,185.27049118084352
31147,2011,147.9,124.44858019537686,101.42321712652422,125.83753272478127,162.2701648930022
31149,2011,168.6,164.97625645616952,127.4807496697143,161.4648575869361,185.0821212702502
31151,2011,154.5,147.81884836642772,125.5940406938081,151.69328530331006,169.5419821545639
31153,2011,155.6,136.19843571680258,127.22164172447862,143.47102201874253,173.8888376991946
31155,2011,163.7,145.18525529621135,128.4041788017955,137.54114965340503,171.2329390692897
31157,2011,148.2,168.59990695013587,118.13757895877956,163.79083327051524,175.9728366069255
31159,2011,160.3,148.36007120390394,127.71810736821888,146.6343423350221,166.67629403123757
31161,2011,141.8,156.17208287950248,119.90871298486553,157.23913850719322,174.76420171703828
31163,2011,153.9,164.27605790052175,144.1508814579232,167.56853394954223,183.31288969135787
31165,2011,162.2,158.8736184892871,122.66389262659756,158.57168212279436,167.25116465195893
31167,2011,168.3,144.43336342686143,127.02349633577842,147.8141169500573,177.9763347534261
31169,2011,169.9,150.55923681176625,124.93193248914199,150.93580744543632,173.61378019182223
31173,2011,170.1,137.60754446462963,116.30243441583761,142.37668849396982,173.3255864477657
31175,2011,166.9,163.30425360540312,145.654445326383,167.3409468996844,187.28550998842124
31177,2011,166.8,144.2363756188348,126.38028207417423,139.97031212886722,171.64392279038103
31179,2011,166.4,145.60973657538088,125.77867543858733,149.52204658631044,175.63982536172927
31181,2011,157.4,145.25012732454485,122.64570146749725,145.39110449815547,173.00164766894184
31183,2011,172.9,165.55783043550332,126.59904265561116,163.93731236292422,180.8623375900791
31185,2011,181.7,172.09882120233806,140.84274340480013,169.67272724618763,193.5147289995871
38001,2011,75.8,81.53431169297437,65.76692724196339,87.04565253695843,115.47497037690016
38003,2011,110.6,120.52582529325176,104.96782026607116,129.9821904516552,141.35507386170627
38005,2011,104.5,113.26374402320904,95.92960965075952,111.32936827229447,129.61327946832984
38009,2011,94.2,112.90379036504204,93.67145688127792,110.32382771788339,138.3194580276317
38011,2011,63.7,74.93413410450896,50.12316646889733,78.71767618073407,111.57937920673443
38015,2011,101.0,123.07572743041156,97.64411404712916,125.1526207104839,147.76580205231866
38017,2011,101.6,127.54232981446042,102.67318101281681,126.14866876244629,151.03839406625954
38021,2011,120.7,124.40416385910319,97.78340687936812,132.66039372615936,146.14977929877705
38025,2011,79.5,98.57176340955672,77.69811596031789,101.35116838018861,120.98500061462818
38027,2011,104.8,114.33324335480087,97.03484037692382,115.09692454838417,135.42913409548316
38029,2011,109.9,122.2508483201932,92.00083677469375,128.42115006149405,145.57599600763018
38031,2011,102.8,124.25768955467288,105.48267279224513,128.7553187081066,142.94147010729148
38033,2011,59.0,85.76571406369055,70.1754028682651,90.26432391593421,122.40716272311211
38035,2011,101.5,123.94880705036273,114.89413276397683,129.22399126492135,135.48510926809203
38037,2011,86.1,99.97138900295097,78.5488317251723,104.27500040997607,125.3107876025332
38039,2011,108.7,126.68664860355041,108.66305445601441,127.26794687305998,144.5402123380058
38041,2011,79.3,88.96483863401656,74.82354532282847,95.64081490762995,114.78132260328114
38043,2011,120.8,133.13858941029432,93.81808511884653,132.79290603481067,153.2344425515365
38045,2011,127.8,135.90025304472914,105.78771759189186,142.16935514423037,153.7890233766162
38047,2011,98.7,112.83095674225625,88.67980067107443,117.26066679888008,142.1070155494942
38049,2011,92.6,112.4603460947895,92.3923961130464,112.23437517841488,139.23400899916098
38051,2011,96.5,109.03161759289623,87.86641408994994,110.14272586261727,139.24197347778016
38053,2011,128.3,100.92883275733487,79.40995636707454,100.86563676786129,126.39458551756441
38055,2011,107.4,119.34314125871262,98.91405859920596,119.43687965831892,164.552861691536
38057,2011,97.3,117.21471814408004,90.93664905917451,114.28317365852696,138.32345544952176
38059,2011,76.9,106.83514663157781,88.10699104378789,112.64572543546508,130.30526177457278
38061,2011,84.2,110.75985123532327,87.70376449036847,110.61281539828,156.9252831188216
38063,2011,112.0,119.19904136639863,105.95871855081728,124.54254548468846,135.34367761335824
38065,2011,113.4,124.03067727318741,96.99012494140297,123.60586759736431,143.02539996257963
38067,2011,87.6,122.3443104941006,101.6099776663995,131.50218076304475,131.50218076304475
38069,2011,91.1,111.56510960184976,90.10921743818778,108.51126117962717,138.1665130716839
38071,2011,104.0,106.65700294067736,92.19734303677433,108.25446555801646,119.87811361376784
38073,2011,116.6,131.9944141981773,105.56926991966101,138.07134572784193,146.44580134221215
38077,2011,96.4,130.4831281258025,110.94497689196285,138.0436488757286,149.75576850310193
38079,2011,83.5,101.52136486679379,87.36041640348606,101.89930590508114,123.06186590692519
38081,2011,90.2,123.77376734632524,95.6054078647971,129.79012375589056,145.30674802260478
38083,2011,90.1,107.82759834813648,90.35341823982932,110.56563508846996,138.04748679304052
38085,2011,107.3,104.09161268311794,79.58368509630384,101.69426782955891,118.95025961416039
38089,2011,94.0,88.45570824557598,73.20638789581346,90.10022985583929,107.42772017599886
38091,2011,110.9,132.86239400208964,114.4320262254551,140.7138910806258,150.51363395259034
38093,2011,118.3,127.25895434544987,107.87202825195916,137.47452160732232,148.4526158389365
38097,2011,108.1,132.3797004945057,114.72969366539807,140.010406295832,143.52561805565864
38099,2011,96.8,120.44175812535245,105.9219436231548,125.85553117278626,131.6770418320475
38101,2011,77.6,119.95275579290357,99.55152778367255,124.39677150889268,140.1591857875806
38103,2011,104.8,121.71720637852277,104.13044367190022,123.42818901176578,145.57507191517143
39001,2011,143.9,114.10118527138265,93.3618975036442,119.26756503333159,143.52971388356602
39003,2011,153.0,109.31875712897634,98.54432152990454,103.73679619387327,138.24091389373865
39005,2011,140.8,141.71094916688182,112.89367678422869,142.54561717157446,159.39098106064046
39007,2011,149.7,135.5038923279343,106.17749616417142,137.9836528217535,153.83027371372444
39009,2011,156.7,127.89403660336555,106.93223588377509,132.41285849381563,153.37226766048784
39011,2011,165.4,115.5645485860843,96.094479176615,108.55784539059381,134.79897259910382
39015,2011,149.7,129.92021929865265,112.67225724309925,137.30886104249007,163.35834419459283
39017,2011,127.6,129.03422069329912,94.69107487316809,128.99288960011148,147.12705425036043
39019,2011,122.5,124.18795522508823,94.23898639467444,126.6272584326306,140.14811109364632
39021,2011,139.9,141.79621311817382,113.71072711543938,138.4133424494501,160.3117584512095
39023,2011,163.9,146.10239364720442,111.94351250337887,143.07747595502303,161.6591612401611
39025,2011,162.9,135.33536868105372,114.96821754601497,136.6929211375741,165.5709408460916
39027,2011,167.1,151.00864111432847,128.9820291905612,156.7408788872245,167.44541489337036
39029,2011,138.7,135.82323300834886,106.93234211390568,137.9264170558094,151.00594965272893
39031,2011,145.1,141.92730630754505,113.69341998744444,143.25930027657864,158.5347077085992
39033,2011,182.0,136.3472498163979,109.59685003856434,135.34907594127083,156.34581393419563
39037,2011,126.8,121.02206251523525,101.3400220917587,125.89035064997579,148.05932196302425
39039,2011,133.0,107.34448508849238,86.10067241692659,106.80505988541115,133.64135772253664
39041,2011,152.0,131.203751172227,107.24725052663527,133.23800910024806,151.31058872585703
39043,2011,140.8,140.63426982800266,114.88174290108117,144.65252118646177,158.1008570545857
39045,2011,159.0,148.12022229129298,124.74073570622414,154.65171861106316,167.23924500314905
39051,2011,154.0,126.53182882430676,93.14829019327563,119.9549363647463,158.58736002175823
39053,2011,140.3,119.61253943965393,90.72262552975963,119.56586671717467,142.4322903329967
39055,2011,145.3,128.0485777891891,104.44935973070281,133.57058980848188,149.5100327951471
39057,2011,170.6,142.81005033299385,116.59054325505433,139.1642554232825,159.9855005857012
39059,2011,130.3,124.28900640139462,99.35544669424192,131.70994515389017,150.42120948423766
39061,2011,135.0,132.9417342493116,96.48420407007093,131.97246590779312,149.35664012418675
39063,2011,165.6,124.47173090726692,105.2744699033407,116.86176390049012,146.19349244676965
39065,2011,169.0,121.12433846648801,103.2954987145602,121.02813825978002,140.97157871076726
39069,2011,143.8,122.47453098643983,94.24904530093399,117.99230686412987,148.58359886496302
39071,2011,156.6,138.93750441879342,114.46253492750074,145.35209659395034,162.0957482769165
39073,2011,145.3,132.48918296809012,107.81969797511161,135.4238817971828,151.20784575094822
39075,2011,152.9,139.99273366920406,112.46487675477236,142.10943963130006,155.26289103686716
39077,2011,155.9,139.11990024886575,111.7692704543991,135.22181400023615,153.29525448200673
39079,2011,148.5,121.71559006750314,96.89013192892418,128.39949859168956,149.63439499734264
39081,2011,129.5,114.04014426875166,87.10364381316265,119.87723412817614,144.70692209261273
39083,2011,144.7,143.88894245435768,113.88621880478,144.35567874790576,161.73862411067168
39087,2011,127.6,119.96604399867076,93.6965693830467,125.23630407645416,148.03627334472944
39089,2011,152.7,149.77852362386793,123.04257788046093,149.91364244033136,166.05192187029596
39091,2011,163.1,129.64165438032813,110.54426272795031,130.2495109502085,151.06878240839367
39093,2011,150.6,130.47533897547777,103.61366311756332,130.60513645932204,146.60273257575886
39095,2011,159.8,131.18854570400856,102.69013120869174,124.95546672090926,157.07718353669836
39097,2011,166.7,138.95053944026924,111.07761733194009,141.7478063342952,162.3567666646728
39099,2011,138.6,135.53026666473784,101.26587231758222,140.06637959205722,158.5839754544865
39101,2011,170.2,126.5858046580866,105.67719142329125,128.8861202396341,149.73123869788532
39103,2011,134.2,137.7489813426509,110.5438813179663,141.82425576555192,157.86729421507667
39105,2011,126.3,114.50645707089036,91.41689376215083,114.39364359047501,142.30845740475206
39107,2011,155.8,112.25939249170078,92.54499709154602,104.00354592248063,136.90836713694756
39109,2011,129.8,133.55793448222448,101.23686395984762,128.3967134525576,146.5583071188114
39111,2011,106.4,120.08542699248606,88.74038015144342,124.47099520434311,141.76458322052642
39113,2011,127.7,131.17746867136944,93.69317901245289,125.58387567918682,143.1769735086274
39115,2011,116.7,121.03712892657497,98.81245114214175,125.816812790444,152.26255294563077
39117,2011,160.7,145.34296597912913,122.12004531465809,150.12091276215975,162.75533895231783
39119,2011,150.0,136.56820294279942,110.73922620537597,142.12472115191864,159.06332019014837
39123,2011,156.8,114.03885441587315,87.54643237217405,115.61474686685305,138.0580189932184
39125,2011,127.3,107.7311424339693,83.62261955794496,106.5398684292998,129.1959630446946
39127,2011,147.7,142.14533003162083,115.78757004809559,147.5955940368752,159.3039829164451
39129,2011,154.8,138.61598940613982,104.46767832961477,139.76573085956278,160.31867430986378
39131,2011,159.3,129.34016498018565,109.0067432728571,131.98842719967521,146.52109050937395
39133,2011,137.8,134.88580294531047,110.5212633023648,136.4294788982482,157.75432230997242
39135,2011,135.8,129.56417427425507,100.8676878904951,129.78441727524498,148.19214116987726
39137,2011,169.4,109.4212434555054,89.57075476742303,112.7196171828693,133.10399605853928
39139,2011,145.1,139.23603985286869,115.70052852114182,140.95668983621403,158.03101335878938
39141,2011,157.5,141.51534650526733,113.6695112736687,139.97652527650766,165.10811762987376
39143,2011,164.1,121.47243054220915,95.12895763059561,120.25196029948908,150.92389338315996
39145,2011,143.8,128.4772340374552,107.8878509647292,133.61686797807246,144.36711129519796
39147,2011,160.0,121.93130682943669,95.44531150822871,118.06826577941682,145.29317376851276
39149,2011,149.2,117.74026907364708,96.8379142274436,118.12292773450169,141.6269207584542
39151,2011,145.2,139.76516729315586,106.32278794684169,141.95297430271592,158.6869416789073
39153,2011,123.5,134.91321579158335,105.10995716031448,138.65600562335987,144.9981857215273
39155,2011,140.9,129.86361171195318,106.19526618113353,134.91688812730803,151.85768766729737
39157,2011,147.8,134.2322386391713,111.86054800963456,138.43397897346586,153.56617907266718
39159,2011,165.5,128.5632784961424,98.592939407883,124.90857936555527,151.0681221997848
39161,2011,130.4,112.25919931313376,82.12806328383472,103.4260326822275,129.46846719146782
39165,2011,159.2,141.58379740044967,108.04103723359361,138.85947526811773,158.2257682127431
39167,2011,144.3,120.72594604929473,95.4120762157552,122.72551400538326,144.30219038834113
39169,2011,142.0,142.2736679269094,112.02034471854763,143.64765057336047,161.62999915605667
39171,2011,145.5,120.53493557041799,100.07611996386807,121.12445713999064,151.97230643485102
39173,2011,172.1,119.3774019549986,92.9685199124463,120.35508866191661,146.88398795780765
39175,2011,167.2,122.15896899559199,102.8180663438562,122.38946448011227,145.2691987902918
46003,2011,120.1,102.64629481212478,80.56230906315423,97.0553829574085,130.01230080884204
46005,2011,136.3,113.89219288988588,86.29413398454017,114.97909340200898,132.34416513032343
46007,2011,95.3,109.15123384608779,81.75432897978904,112.36260677537287,128.77908809792152
46009,2011,131.0,104.06817842572025,88.05434216219129,105.27514232568832,136.1428566859687
46011,2011,159.1,123.03412016615445,98.46969493787455,130.65773099288154,155.17579221440732
46013,2011,141.4,121.05405223351266,89.21709718092323,126.111547338064,143.21339673377403
46015,2011,120.2,102.93991050728452,75.624000458308,97.91177675095234,130.29190352444468
46019,2011,107.6,123.6052827958237,64.64683638630059,122.52248164746952,135.5627296073876
46021,2011,110.1,108.83318574747949,90.92708738987825,116.25349125047536,134.07634094191684
46023,2011,117.8,101.56492165814846,82.41505460079945,97.13532965199964,130.29680383044496
46025,2011,137.9,117.47554803733685,90.16302873272049,119.43539004338366,139.07432669256525
46027,2011,126.9,110.34360217835517,87.18931731068984,111.0225204242182,137.44412112888276
46029,2011,143.0,116.1640966921654,93.11751934697938,123.35607275661415,161.0821699475875
46031,2011,81.8,87.1358557360618,71.4661434683355,88.30659491968522,99.3242224283301
46035,2011,116.2,114.11517469832764,84.09959933813884,116.58971725201134,141.12476849536742
46037,2011,145.8,116.6233147574635,87.11996146055257,115.35179635854227,139.22867958577046
46039,2011,148.8,120.12521220701623,96.27798208837913,130.07673515629145,149.04648148365627
46041,2011,77.5,78.86178351832226,61.804853280010846,72.8465000519697,96.3181645973665
46043,2011,135.4,104.4821289357001,81.29932615786346,104.77946018209532,136.96875606852626
46045,2011,128.3,114.11154208537864,90.13299824776594,116.4238321209502,137.18964271308678
46047,2011,100.0,107.59296218638357,65.29294978156727,101.08330226888889,134.49994241805382
46049,2011,126.2,112.48124846288052,88.80395703460447,116.11791638618557,134.1949223017379
46051,2011,126.3,120.68777638170165,92.53382789833861,121.7423469541293,143.26399008380028
46053,2011,111.1,93.90426643789354,73.89572115820006,91.03990854618267,130.52206823290675
46055,2011,76.6,65.07030541437791,56.9202739716252,63.56840056760915,84.65047480443596
46057,2011,148.7,116.50601679307738,93.63432052282577,118.97137682389636,145.8118953939155
46059,2011,112.6,111.6163457179095,91.23045885785045,114.12614433754952,131.87359693414095
46069,2011,104.2,98.35224526538842,81.19583479370101,93.40683913446178,130.63070588377397
46073,2011,107.8,107.85803908068488,83.56226485532976,101.21823769784847,132.2062602606186
46075,2011,83.6,77.77756272834132,66.9972145120404,73.32329534755776,97.63603575903396
46077,2011,153.7,119.18228718076146,92.26910970158545,125.30828860088646,143.9733095348626
46079,2011,157.5,123.11905439626246,94.0076090509165,129.71953076879325,148.3955719740174
46083,2011,143.2,126.68914455678205,107.51537689332055,125.58671355427579,153.09632260266977
46085,2011,101.8,93.58222588227154,68.25484206282297,81.8401972791075,115.01078513053828
46089,2011,105.0,106.70979260815766,86.19812488153532,107.66837399527434,134.27716205012547
46091,2011,116.4,129.91259010605384,96.52141436005523,136.11732989487749,148.09299657683133
46093,2011,68.6,96.8227840425749,46.09469901894328,86.77363183593268,127.00098639640721
46095,2011,74.4,69.0924578557659,52.351501356112855,64.33303256656966,88.6962185365381
46097,2011,131.7,112.06452757840465,86.1778252533899,115.93572311928263,146.10472345393012
46099,2011,163.1,139.87307231860459,115.70587521905314,145.35303466266188,172.88160070203048
46101,2011,158.4,132.06995749998808,106.9024765278707,136.46201754415975,158.89459481167933
46103,2011,70.7,65.36548570079412,40.15499173254301,67.15954633400823,110.38678606899543
46107,2011,98.5,114.07008445729787,87.23033026180802,108.2557806090348,135.3878322857281
46109,2011,122.8,122.01405181825518,92.77499573181997,127.00770641552454,144.95924476121397
46111,2011,115.5,107.7944639625992,82.73297056408423,111.7889871612713,141.1266059127323
46115,2011,137.1,111.2893593266469,90.13085801969316,115.10944680100847,135.99981287025773
46117,2011,67.2,86.43833191308437,63.30604426200121,84.512595361919,118.06361437556716
46119,2011,122.1,107.5191225984655,89.89094976403429,111.17355616239281,135.69394450899375
46121,2011,94.0,126.32904428267757,86.1986688589924,124.9163211737821,148.61643840097642
46123,2011,103.3,83.01646822354022,72.73784554396785,78.4321224114724,112.54412734513322
46125,2011,149.4,113.73791725907466,90.58422246118616,114.74854235185181,143.26130815893504
46127,2011,148.2,132.5320161863765,115.54478732203906,135.1397164506086,168.66198277112284
46129,2011,125.4,110.38794742036721,85.05221326682532,110.80159258220321,131.4114286147189
46137,2011,98.8,75.60338449021003,49.38646756531405,67.2298624770839,97.70584596597045
48015,2011,19.5,48.29573412358969,23.94166220341059,46.74493293595874,77.0980220218439
48025,2011,39.8,39.44196840070309,26.47566686793219,34.1244821416764,77.12348704376734
48027,2011,33.0,34.70663464143168,23.180192418795194,36.67847992396924,72.09722511436865
48029,2011,61.3,50.75801896407488,26.84929494797053,43.82573383591516,79.84910666829839
48039,2011,43.0,77.36594011268956,53.45003237468273,77.9103851399315,118.96798667376476
48055,2011,15.9,38.492941287028145,22.08320732673184,37.623020446610575,77.04367357791828
48057,2011,51.7,75.47998505039868,51.773477928791515,76.57128237623618,124.44132370579331
48065,2011,114.5,119.20213074636017,77.59854767707135,110.98058499763513,161.87207475629802
48069,2011,141.6,113.76997177769445,82.68367811572587,110.83950532614648,169.43475510738162
48085,2011,59.4,46.613238375448034,26.076872833386435,41.82415895101655,83.97778337593925
48089,2011,78.7,59.099786203376674,43.2282016646058,57.01078014313467,91.02807745381673
48099,2011,54.1,51.090785347789705,26.53706814997537,45.941320378031484,74.38912974876641
48111,2011,120.0,137.31873277006537,78.58862530465271,140.8930702013677,171.4780325122219
48117,2011,105.1,126.05883865541914,93.06277003845628,120.72326724671609,167.3211687459346
48123,2011,29.6,35.84469652586339,27.24805280584783,38.12461895365865,82.8073300019191
48139,2011,49.2,40.067568570963125,25.115114119570062,33.56770095174382,74.51549988750081
48145,2011,45.4,39.01897027554565,24.250436285528334,40.990134813453714,83.91320898562938
48147,2011,52.6,46.08004952895035,30.121318809418426,40.006097322278876,83.8984034331004
48149,2011,30.0,41.86994481412413,26.344978627784446,40.72537145281736,76.81161230579235
48153,2011,114.1,116.52486334925952,90.52497874831028,104.89469077331668,166.42066271647843
48157,2011,39.4,48.15991552096457,34.386521821427095,51.8832785898419,86.72442374213138
48163,2011,144.0,85.81405087713784,42.094317593928345,81.08264717705097,114.05643348991316
48175,2011,16.6,41.242216217859266,28.828424905111753,43.38967264079457,84.40919701320307
48181,2011,52.1,45.573856944906254,30.404061486618815,33.654368914260836,83.7605369792088
48187,2011,15.6,31.182523653031808,20.132026130245784,32.58999679059367,73.9733111291716
48189,2011,129.9,101.23410745643683,76.14910073849889,93.71614845986032,150.99462403192106
48209,2011,12.6,32.01529295993631,22.820597670249114,30.72112097210402,72.32417222064635
48215,2011,81.6,89.89453914483893,59.08517353063421,86.17831137078244,112.358748063628
48217,2011,46.0,39.219862033530426,27.52486111675357,36.46386811815215,75.350789462902
48233,2011,158.6,137.55325664589165,83.22122842438007,125.22393227889933,176.13782497828558
48239,2011,47.9,63.80491398796119,38.98746259236548,59.74150703518725,118.95907709750367
48249,2011,26.2,43.71416706247449,30.085941717914636,39.52019842572814,89.4197480118581
48255,2011,20.8,37.93387586249329,21.42538012912765,33.69328819832975,74.85092858065771
48277,2011,78.6,48.83227968944594,25.579182294065376,40.03250158002903,84.41350715682692
48285,2011,34.1,32.97328294400472,22.787278252206153,33.173080406512376,77.62824129570785
48287,2011,13.0,50.970032478900244,31.05357108537141,46.677183839641074,92.09626371045009
48297,2011,47.7,39.19756523181602,26.12237943163829,37.133069251662725,79.05410217714841
48303,2011,151.5,106.5884108379819,77.85577439579663,90.04208199432392,156.542241094193
48309,2011,40.7,39.00553145096854,25.80996216604945,37.18366016203997,73.14534860781954
48321,2011,55.3,63.5479068462194,53.30224416274777,67.78430457466202,93.80533133535357
48325,2011,121.3,84.4444109091053,50.652130930496575,86.83242467885162,93.51977667695988
48331,2011,28.7,42.726016934896094,25.86243501026184,42.351338144951264,86.00064596171713
48341,2011,154.0,135.41748048254763,76.33855913975097,114.2916908475097,161.9407966457488
48349,2011,49.3,33.96938278853495,23.063057981936005,31.17011752721791,75.06256523667558
48355,2011,43.8,55.27335694116103,39.34006779525079,57.34364627458909,101.59324752335218
48357,2011,135.3,123.56389065470884,83.00295078172255,119.89299590242683,169.8432456238875
48359,2011,69.3,148.24468040137265,78.98617934586052,118.43095559470054,184.05605149717834
48369,2011,141.3,118.04460720718868,80.1801724000173,115.97318356916269,158.75523765710216
48409,2011,61.8,53.2009648693497,37.48792613316911,54.75437223349772,100.38433333019864
48421,2011,129.0,151.19255665395386,94.70169690340603,139.16942847648428,186.3263317749036
48437,2011,106.0,112.59033200539766,77.20313224765256,101.46816813121825,175.17115718391568
48453,2011,22.8,33.17796360197563,18.92874402001095,32.53376881789267,72.3188695741547
48463,2011,113.3,98.23153241045807,58.17531867937284,92.23654252975305,101.56387627222303
48469,2011,62.4,60.83273878242118,39.441994605218405,57.551749449872084,100.85568774030536
48481,2011,48.3,56.04533943634737,38.35446102010254,55.38777504689721,91.54024414028106
48491,2011,19.8,34.43325232808758,22.85526697284307,36.571889032758996,77.85027903878583
48493,2011,69.0,48.767177960084695,28.452764967468198,43.646063837033175,82.45112145220696
48507,2011,116.8,88.7153791652818,67.7508430432941,89.0427155272148,119.34393494100286
55001,2011,129.5,133.42287123983076,95.26634007995872,136.8764212403841,154.75129038489078
55003,2011,111.4,133.0204907259691,107.06442218272701,133.86392522801935,155.76596231506198
55005,2011,145.7,134.83369056309536,109.50802885479578,140.74188851969356,156.16054752514438
55009,2011,138.7,135.52412530674565,109.78884514523915,146.5835011742216,167.7234674883238
55011,2011,159.3,144.94185567735727,133.1845393361767,155.65561149112327,173.66683090716623
55013,2011,116.7,123.64883932423227,97.33841600614282,132.1075934649036,150.87616103814216
55015,2011,151.3,142.4092969256173,109.52495286356967,148.9988742479304,170.17324821878302
55017,2011,146.1,136.77926046972047,112.15227531454612,142.6373749042721,159.33029970525342
55019,2011,136.9,136.25234747778137,109.35854773300561,142.13352557295505,155.62898913745508
55021,2011,159.6,136.51150786172272,113.75164675801994,147.7253326316933,158.95495708250886
55023,2011,144.0,145.3666043824045,120.41297520220887,153.06424925765742,182.25434100566443
55025,2011,162.4,136.16520615158223,112.0702825380056,149.00664233360052,161.16711733123427
55027,2011,170.6,152.02565619561463,129.10685775753484,158.41103118802064,175.95940980991253
55029,2011,99.3,127.8844222004007,104.18805684641227,134.96657860500298,150.99175107783208
55033,2011,156.1,139.634253839356,116.56303762984939,143.1949089782663,162.1477857897961
55035,2011,147.8,138.8581436124186,112.59573233605587,140.94397488376669,162.21036826675828
55039,2011,175.7,149.3308003977531,125.99184723596906,155.42327887237306,171.6520332219114
55043,2011,170.1,143.70190017741658,108.40414975482551,146.74361925197803,169.08327354422022
55045,2011,163.7,127.09012844269445,102.74938034872035,135.52898388549767,155.74521440021843
55047,2011,155.3,137.7087714505268,112.21564979257845,142.43500211598717,160.02607390697045
55049,2011,170.1,134.1859271542503,104.50063160439315,140.72443283852346,165.71058455363627
55053,2011,149.6,139.78978325562815,115.05348809789908,146.74916009955814,158.23648829049878
55055,2011,157.8,127.56971783958761,107.68574105514585,138.56785783517788,153.63458589862506
55057,2011,156.6,131.58066155414448,105.81520597302013,139.26338126034506,159.10796670196362
55059,2011,163.1,142.15336660089588,115.53487307705359,148.79690389771744,164.76697746719202
55061,2011,124.5,141.0383822392119,117.80300979419876,142.87125880691937,159.43567133194358
55063,2011,156.3,142.38143769069887,121.42151034769633,152.75264520094063,172.49280190209618
55065,2011,178.5,137.0879443214597,108.9969848177377,144.6720927105892,165.9178334775858
55069,2011,132.0,127.64904044287945,98.71113749118821,129.10835568150918,152.00197237110908
55071,2011,157.8,136.42732356254308,115.70073876297965,142.22905719320318,161.1326385587051
55073,2011,142.1,129.83032009723155,104.94460322443452,137.07128718601606,150.9875301192092
55075,2011,120.9,125.81692468710176,98.44397717632378,130.91084188249224,150.65485137858013
55077,2011,115.4,115.5973132143102,88.69981939711657,125.27916199261465,148.09041598021014
55081,2011,149.1,134.21545950680334,109.76093794208249,142.05696822167312,160.58332757579564
55083,2011,136.8,135.04188036447096,113.68578063222284,142.12721408946842,154.80031279479326
55087,2011,144.8,144.4711813284438,116.70972624386997,153.06698682097797,169.58791523101115
55091,2011,156.8,137.8554125144919,123.2941549389643,148.85289233944187,167.34933558169578
55093,2011,164.4,152.63613671890704,130.6966163581405,163.1941118397115,190.0954841008307
55095,2011,156.0,132.66537323597257,108.27203568224509,141.46739135743067,157.59621634411118
55097,2011,156.8,136.96110631443815,105.87776160397097,142.87220697344637,156.12552881959283
55101,2011,151.3,136.97283967410445,106.78347853224429,146.13893750099848,160.7640161386306
55103,2011,135.8,132.47921398671411,105.82039431155647,145.20063676817554,160.72741515436033
55105,2011,160.4,136.4403092342771,116.71146373219888,142.75001949984068,161.57139427368628
55107,2011,123.2,131.09588766832636,107.67744262370073,135.29015855540845,149.1956444736255
55109,2011,163.6,142.152971405535,111.9825931313885,143.55460785087763,166.36237252264567
55111,2011,148.4,133.2283682777349,104.81996721004923,141.6323726508233,159.70002891818822
55113,2011,138.0,124.21105768941948,101.43156288457627,129.66778985369515,147.17227023181192
55115,2011,143.2,140.80262085876242,114.64274217682217,144.88557992464055,160.41415465599022
55117,2011,151.8,139.82448135442922,106.5199026205181,138.857986132421,161.4953333382442
55119,2011,127.8,126.6933026897025,109.64748534994108,131.77122877463188,146.84938661058052
55121,2011,153.5,139.7251457106523,118.59193144607737,146.45859219807656,164.28570181870205
55123,2011,153.1,155.22251424198922,130.5708768127097,158.7602243623465,183.5899019411748
55127,2011,163.3,140.63894812146398,114.03173457241151,147.87834759008237,160.20086264354194
55129,2011,137.0,126.18856604244776,104.62984359449811,133.28711446169896,149.64197777234372
55131,2011,157.4,140.95684502000648,118.11279027216466,145.45652489738515,158.22984987926037
55133,2011,147.6,130.94432810616775,103.11962117772899,138.76145658470767,151.44189124545315
55135,2011,138.4,137.62595408398406,116.3794188375974,142.29482030452235,159.69527093074143
55137,2011,172.9,138.84427971002893,105.15326761000499,140.07732508609752,156.50789684073624
55139,2011,148.1,141.02017374194216,117.28033995788411,146.65692834280466,166.32470430970906
55141,2011,148.1,134.3368358157294,111.3605862827068,139.37069545803845,155.34274855661116
17001,2012,76.0,118.02162137680689,99.01808881463295,125.28867563614861,168.22821751071828
17005,2012,33.3,120.30556746214363,81.71017190686727,115.30826133801301,163.6435888047886
17009,2012,87.0,120.0756439748186,95.38647976557998,126.79396350117361,167.0519781622147
17011,2012,145.7,147.4086006312103,120.16371486711542,144.33665168987503,181.4152811591001
17013,2012,93.8,114.78224302896419,94.05404605463191,126.43733045274621,168.12889069001872
17015,2012,157.9,147.31156318095006,115.74177359111324,144.26743758349988,168.30093144127733
17017,2012,113.2,134.4127593333563,108.0671837504065,135.40525293161386,177.6868122599197
17019,2012,108.9,136.75393721130902,105.81735530985223,137.93598202624636,176.21686824344096
17021,2012,129.2,135.6656347928874,92.14003637548426,132.87871978546968,179.2885411426663
17023,2012,51.1,129.06953750008228,78.96903781846147,125.90270188523553,156.9785202383054
17027,2012,30.2,113.31307680366079,84.17887320954084,119.0997292945396,165.45234259390182
17029,2012,89.3,127.50585506152554,104.82196306056854,130.39415012233394,176.9124828073971
17033,2012,34.7,126.67259820541408,74.96226006173477,124.75440266307288,153.6223866112004
17035,2012,34.3,118.89708853693153,72.97022128680506,114.78306307414528,154.59206303215407
17037,2012,159.3,150.78274523385528,123.23478882827146,152.7723876102166,177.0993819707211
17039,2012,134.4,138.77218035478245,114.05471790717554,135.09546075048559,184.30468652258284
17041,2012,99.4,127.85450450694184,108.46591332061415,128.26111326445255,177.1131513884347
17045,2012,96.7,123.75508184717135,101.25137279290475,131.76486850068397,176.06422578116596
17047,2012,40.0,114.17151615854789,74.27661549324922,117.28275457746807,155.7800004089675
17049,2012,42.9,119.71740673871587,75.99159355912441,118.14562224258742,153.96112425649977
17051,2012,29.3,114.11088146831675,72.47261148363923,116.6506116881923,152.12161229836684
17053,2012,63.9,125.46415949952795,90.81432517069528,116.3313012100374,164.78261974537372
17055,2012,30.1,97.08109717867414,63.94228385172899,103.70981029095569,144.8492272888892
17057,2012,114.5,125.84365725019076,108.17961691760529,134.47747484040093,173.61669513165572
17059,2012,76.7,120.7305853139871,96.19133638589084,129.42263281744482,166.95694046355183
17061,2012,103.4,131.49260154754495,100.71336701987504,128.9789253408843,170.4885082235548
17063,2012,101.1,137.56142973255552,109.34699589269461,138.23812576396222,171.82087779224625
17065,2012,31.5,101.03999130794105,69.78100654777494,109.6356377826906,150.9724168136628
17067,2012,134.3,125.43939540785034,110.24751573621238,132.85793962630365,174.22422117307238
17069,2012,55.7,106.08496411082204,90.7538043050336,103.81066012963164,148.58585015190872
17071,2012,162.6,132.2484843263035,108.34710470165065,132.5257496115222,171.21878486112712
17073,2012,140.0,141.0685008454592,117.80289444665534,142.29806357173945,174.89631781116066
17075,2012,105.7,130.0975895717191,103.96778015598078,127.34370539837943,171.28599934259657
17077,2012,37.7,107.17227887791695,78.87982388970603,118.6849218291899,159.11298717735946
17079,2012,28.9,127.7433005378787,75.89636632913447,116.83720724560979,152.68317183689882
17083,2012,81.6,127.07454070751338,95.07402192911822,125.54088123091978,170.23791147536315
17085,2012,97.4,132.90194710922174,104.87766088685758,140.4860180449191,163.8545545903973
17089,2012,140.7,154.65923733470947,126.53413437852365,157.86976758818975,177.803172731846
17091,2012,119.2,141.75411129445644,115.47550874032605,147.18904032626548,169.96981265222988
17093,2012,102.4,146.40260039252402,116.13801086265384,143.82152114325987,177.98861619662253
17095,2012,160.8,141.94560470445157,115.41572542327,144.57054378896228,174.0859424362469
17099,2012,134.8,134.0266056363662,109.01463496208127,123.56438940276809,177.31591680688683
17103,2012,142.3,148.47500778201297,116.48916027561386,146.64718829116018,180.05097331975082
17105,2012,83.3,124.74046674868866,97.22493570295667,114.69800179424433,165.94941729052607
17107,2012,96.5,139.64186501243753,110.58671539978154,135.45708958066473,179.38039446280263
17109,2012,139.0,133.93846001981902,115.30668531021172,132.80840634453014,175.52526932778102
17111,2012,124.4,145.74780091695607,115.95592629363504,150.31703042592414,175.96374419848917
17113,2012,109.5,142.54894850536306,109.85641178228501,141.82455181814402,184.05262545545003
17115,2012,102.8,140.6713695592589,105.10536490977863,139.30419308274782,182.71573995425695
17117,2012,85.7,122.77688461723763,97.6327494624884,126.0154669450209,169.3255460743034
17119,2012,54.8,120.09041670820385,89.55135352999146,128.48784759126767,171.01535322054403
17121,2012,19.0,113.34595417484924,75.26483315575497,108.61046642841367,155.1172672950511
17123,2012,123.9,134.96657552118452,117.29022614151093,134.9664137370178,177.19440716199514
17125,2012,110.2,131.6920857179714,104.80284314693144,140.11294169473254,177.80953158427153
17129,2012,97.4,131.5730516055183,107.07923110051011,138.32868020471292,179.2419688732932
17131,2012,180.1,135.0603862591896,111.99781424035778,135.99517920008907,168.97063322602006
17133,2012,69.6,111.9852644918061,88.0117664242561,121.40449653107055,161.72435914583505
17135,2012,73.2,120.63520959756738,96.94579719716977,128.68402373807362,168.97460672168953
17137,2012,112.4,137.30278654480844,109.22268156345581,140.51217481691813,176.89639352768324
17139,2012,115.1,129.51403907178846,105.0394661489698,127.76879707393036,180.4673894314667
17141,2012,142.9,149.211867470926,126.74804816919635,145.57754569606863,173.1821180784147
17143,2012,161.9,136.22690284156357,110.30578070496556,139.26866260764712,177.01124259425964
17145,2012,23.3,99.71506419367007,62.557713665466665,103.12879208826584,154.82822208063376
17147,2012,130.8,143.27285519959838,110.00550634289645,138.30073371282646,184.78902419746785
17149,2012,90.5,128.1148788992144,103.46230705338989,133.20484459592814,170.42138860921725
17151,2012,47.6,98.74347889710128,81.26199110800412,104.03999749874728,146.31502276888247
17153,2012,64.4,113.49290301293699,88.13952980362784,117.96222228558122,158.78266132175713
17157,2012,45.5,104.86153057783419,76.72175443503569,111.0341754142448,162.77077723667492
17159,2012,26.5,113.9122846805688,66.79028348492314,111.21840792279903,148.45614193430006
17163,2012,58.6,118.90842659153525,94.22923209767028,124.31086735672164,164.28615894265533
17165,2012,50.0,113.6552535284015,77.81141631560108,116.03690825447194,151.67632543510317
17167,2012,131.3,134.99408732935404,107.84174395768699,136.55732044456454,178.66446938776545
17169,2012,75.9,122.47857772284759,102.7507833257228,129.8509595058122,173.122082779962
17171,2012,117.3,129.1747463382506,104.6513628251915,131.94020067693904,170.85020405096125
17173,2012,72.4,130.8059789716693,90.57590814743016,128.8939099549816,168.49985774808744
17175,2012,148.4,138.08961741769167,116.53813348344933,139.7812723351497,182.24530525272425
17177,2012,102.8,143.10566689445824,118.80584907205842,143.465252734726,168.85031145586177
17179,2012,133.4,137.28404280360257,114.4156681992154,143.04708970847966,184.04770648026724
17181,2012,53.3,119.250550409341,86.59412855040334,119.85310472898077,160.83648362485292
17183,2012,100.1,126.04076737569783,101.21219479537011,123.86835619682819,168.50147758281875
17185,2012,52.1,132.25677263365102,90.56768770954888,132.40419031512704,161.93900245847757
17187,2012,164.9,136.04529670771734,108.0781021964791,134.22493610140802,179.64731378315432
17189,2012,21.1,118.56225208743376,83.43621431299967,112.69784412320166,165.16383875973045
17191,2012,39.7,112.52099003648819,65.10293172223727,111.05590264986779,146.2225219491253
17193,2012,69.2,115.02597121464105,89.91399816138112,128.6301427130001,160.9180769875507
17195,2012,139.8,148.09625920606976,117.21803715470436,146.2760673584236,181.85329684061324
17197,2012,126.0,142.1455513858231,112.61223729091246,140.29206715610084,166.2360817055007
17199,2012,33.7,96.38520289406901,61.464697757102115,104.43537112232472,144.49259588668954
17201,2012,99.6,144.4173242128968,120.85062376620154,146.74513286806155,174.05105384191828
17203,2012,102.5,133.50660515686556,113.00061889030546,129.01563544603542,180.5078083603056
18001,2012,111.8,131.89397521023008,109.39790993330926,119.87689782327996,163.30136807698307
18003,2012,109.0,117.17527128710017,112.44159336170988,119.06965264914513,164.1121895840017
18005,2012,78.8,135.62698682336998,112.21782898344993,136.9398371455469,173.2896155863423
18007,2012,116.9,139.77904843239517,105.15091068076957,141.9451446268562,174.9606679327565
18009,2012,119.2,130.36531180858768,107.55823876698928,116.3166984286278,159.40985906626176
18011,2012,91.6,134.14857934236807,111.2189658649683,139.51481989600904,174.1533942387564
18013,2012,71.6,116.8388498905137,91.00308596952353,121.73848964415454,159.0488496956361
18015,2012,115.5,140.22988135934534,115.0402703171125,145.9581942214581,179.95503857065782
18017,2012,108.0,140.73742720167402,121.88677391131492,143.9272569593213,177.97240319924484
18019,2012,69.9,135.2989999169633,100.70195617794563,127.28527913560154,152.84781799152321
18021,2012,61.2,123.4204382698566,91.01543991044561,133.31818647268295,164.07198512085446
18023,2012,148.0,135.98108338071853,114.22439170052589,142.7744806605237,180.83257016673596
18027,2012,72.9,143.19343866059035,102.4675931403467,142.06453633492376,173.53894878471766
18029,2012,88.0,118.16139804694086,98.87389427992112,108.14170537660843,146.6283175699788
18031,2012,86.1,134.91888961071427,114.68433209760373,139.68417013053505,173.2534451480502
18033,2012,91.0,112.8752208128117,106.81194127308983,118.29857638254727,157.72119512955967
18035,2012,111.5,136.81559172155426,117.77453877045797,129.0795222454152,173.95960152978085
18037,2012,62.1,113.5358601336864,93.0673583480375,117.66768091566911,154.77773465172825
18039,2012,92.5,142.73245030816517,126.81962601945068,146.5772291172273,175.47427056866468
18041,2012,74.9,137.73561477880142,112.38959354157542,141.20246812005072,169.44860105237316
18043,2012,55.7,124.94104302320439,92.92557770914352,113.23387645032763,145.93233916621355
18045,2012,101.9,135.91028756824977,110.96502999642216,138.50317809993314,176.26007377472027
18047,2012,89.1,133.1328791176554,113.36673852277089,136.48133279686982,167.1579853811741
18049,2012,127.1,134.52975482403312,110.98612268971566,138.62674791348837,174.08457371488137
18051,2012,64.8,142.6654682282335,105.63234924249129,144.34825003293838,173.15616111786423
18057,2012,121.9,138.08370974371942,108.92076422383103,142.81625560554448,171.19324477205535
18059,2012,90.5,134.90525864610518,110.76738770544078,137.9241986925586,172.96025138994634
18061,2012,52.2,115.93195965270353,91.78995232766374,105.64924856505748,147.28701263541566
18063,2012,58.3,132.8999275749594,111.5244277887512,138.54215501072576,167.96670850682113
18065,2012,92.4,140.159186458753,116.72625974609802,140.18755173039338,174.19160250833247
18067,2012,154.2,140.44689711886733,117.00064175709785,143.07285994274392,172.58694881116304
18069,2012,108.3,119.50191417038153,109.81035765923407,116.06420156302588,162.09941503084823
18071,2012,81.3,120.1497733482896,104.64812831229308,133.37301263709938,163.53169471329394
18073,2012,144.6,144.60236256588084,115.79823321828131,143.3677820654685,174.65880303028368
18075,2012,107.7,123.83727656533301,106.03363729356325,110.11272271803591,156.49994386949766
18079,2012,89.2,128.77296831486828,102.0176746669256,128.31181425262392,157.54614912965118
18081,2012,58.1,137.27135989810296,114.37740011669142,133.40148574309325,167.8521519091201
18083,2012,71.4,148.0378313734267,105.97142941647134,144.91847511846117,176.3324906444649
18085,2012,104.0,137.50979580948749,113.27404006952374,146.01897959038294,172.98008006918295
18087,2012,96.7,130.27011021001238,109.36057569437459,139.91526955620643,172.92777234568132
18089,2012,158.7,148.74823766248986,110.18465643285158,150.58675470885078,169.79151374279755
18091,2012,122.3,152.68036928423174,114.60084426914246,150.4617294736298,176.29824880907387
18093,2012,52.8,110.82503728521927,90.12714568911893,104.59874098928536,146.73453281414666
18095,2012,119.9,143.39519080247126,113.85115252092594,144.21918258880257,172.59344035591144
18099,2012,97.8,139.9762517938696,115.52140575938115,142.91370875737215,174.13788411482838
18101,2012,53.1,126.14219615605971,102.62558165600039,131.07941285567696,163.21757964948253
18103,2012,126.8,127.94800226491452,114.48089039620503,133.12508463114366,169.42241292491818
18105,2012,44.7,107.82368128811493,86.04851704225958,108.3913535560365,150.67707511618872
18107,2012,104.5,132.37039094482495,105.56602143470074,137.94929333274106,175.38673669217263
18109,2012,42.3,134.32103525133437,113.20279372621819,136.81272492019562,173.62896304634205
18111,2012,132.6,151.55382760320387,116.48717951097335,148.51799750703557,180.1818327671231
18113,2012,105.7,130.75872033994617,113.74506549255763,138.17240306157757,164.34995873612135
18117,2012,30.1,112.2049787378149,89.97641294607381,106.86525984913641,153.6495562916613
18119,2012,41.0,116.34374121665952,92.58643867302406,122.71849399269345,156.95568324202864
18121,2012,64.2,134.2931590427077,106.86275755211265,131.80290187084918,169.7366471630777
18125,2012,57.8,118.17010080025297,86.745386158409,125.83996563979017,162.4566258037979
18127,2012,165.7,154.92226303923195,127.07564409424208,155.15920174898702,177.22788572458157
18129,2012,75.2,136.50619165629843,101.59251494666835,136.30707129040573,167.6783618778515
18131,2012,110.9,141.6053500316169,117.92178762143892,144.80691495729582,176.20861446498807
18133,2012,61.4,132.09143408034652,112.30784088478016,135.59878984658718,173.66702829748044
18135,2012,94.0,143.14938177199545,116.84657252684973,138.6096889618166,172.26800534233604
18137,2012,101.3,124.62144518861518,97.95774962778545,125.7628568664004,157.34371013011125
18139,2012,79.6,139.15163376617008,113.37900722568095,140.4111033669597,167.24419637661296
18141,2012,133.9,148.65062220373383,118.57421630530341,147.50896494463984,176.19933872439591
18143,2012,107.5,132.39476787709762,101.79639970952964,132.84463531143516,157.27976368557395
18145,2012,62.4,129.6385117460298,110.52577356931793,135.47755751349115,167.90043211430807
18147,2012,69.8,124.5929987012634,94.1439561204772,129.35820924397515,158.2875466438562
18149,2012,99.7,135.37728006683545,105.61707195633097,134.09876067406998,170.27190244085372
18151,2012,87.4,130.8595706109831,108.46668251778517,140.37624272383667,166.6145272891129
18155,2012,63.2,117.4331296766853,100.25143254032078,115.84154737749333,149.69292186045564
18157,2012,112.0,134.53140032316168,106.85268967801962,141.82661997639207,179.25906819720112
18159,2012,157.9,142.18864919470278,118.81740295693824,133.71991034151085,177.95123091282412
18161,2012,91.7,144.87862804496405,115.29423014666959,142.81794509349922,172.07225387229403
18163,2012,60.4,139.1808240109673,94.05359046846603,133.5938361475181,167.9735529687409
18165,2012,86.3,130.06164785357703,99.948457546391,136.06696160987988,174.46210475268776
18167,2012,65.9,140.49578796364634,105.91743281469597,141.30466504699925,174.959097949708
18169,2012,105.4,133.82886248484436,120.23131240845423,141.2049900378893,172.71765520307392
18171,2012,110.4,137.07781598039344,103.55146081806488,140.17924563137058,173.2016374927697
18173,2012,51.1,121.97033368381541,98.2831969967046,129.51047460295857,162.2476642380919
18175,2012,57.5,118.70955639296638,93.90243604842378,109.09162111509399,149.43785907199543
18177,2012,79.8,139.43881965066888,114.035272757978,136.86177543273354,171.86668419615322
18179,2012,122.0,131.5155790002173,111.83729330983984,121.86788237736135,166.48431322077292
18181,2012,115.6,151.98835905596488,119.78044796408052,147.24676579837325,183.59156224736967
18183,2012,96.4,124.5350097062025,110.0809903437577,124.80424289727739,165.36353484677588
19001,2012,104.4,111.59844496554553,100.11124230631053,112.19491587954488,161.58395331782347
19003,2012,109.8,112.12162001720057,105.52363756662147,117.00709986426253,164.71411578346724
19005,2012,153.6,149.72513161352106,120.84315631612505,154.28639663152686,175.41038498153037
19007,2012,44.5,106.77059907087532,82.37646342866587,98.35055979114676,150.5516931432147
19009,2012,114.8,128.4620860665622,113.15872791920957,133.8607172244984,169.58559823045715
19011,2012,129.3,137.09307088685566,119.4067116325716,143.42122108739915,170.9100002652515
19013,2012,126.4,149.70955231911105,119.54861948747124,152.28407053032174,176.29053222706744
19015,2012,147.1,145.01290032626645,116.54337817327799,146.1691536093013,179.04644557943772
19017,2012,133.3,161.2507835677031,131.56351162864607,159.79509283460382,182.35912489853334
19019,2012,140.4,154.57030689917545,122.02490688593343,156.694570549935,178.25948250299462
19021,2012,148.2,148.90398258558918,126.87684202282063,147.1513110479896,179.87044524861452
19023,2012,122.0,144.58395611842838,125.77431523575689,151.48010480788582,177.90506292457692
19025,2012,134.8,147.84642537948963,121.30818015182089,142.28597579060505,181.4968372056726
19027,2012,105.3,140.537832058026,116.85180056860229,140.9179917964138,176.1649346453051
19029,2012,120.4,123.57048879274592,113.02607755180334,130.4025062496828,170.44120121523827
19031,2012,158.9,136.86109583624742,119.29695732702693,138.58193210497475,174.58696126484668
19033,2012,124.8,157.20194007776442,128.20155843099832,156.9389705969033,177.80855520740678
19035,2012,158.7,137.72589548839477,120.83603871239528,141.21452324966407,175.61186917677003
19037,2012,125.8,161.02286008740927,137.4620019232854,157.61305942224433,181.95634690255966
19039,2012,76.7,105.52050667764601,84.32614208766206,103.95854968880326,151.03299721322864
19041,2012,170.1,156.71691884441282,128.36696320472095,153.20439083516456,180.09629558093613
19043,2012,152.9,146.7237339462913,116.49754203709428,151.5831956224019,171.81724356623903
19045,2012,139.6,138.71765524513629,113.34604015297167,134.45275087830404,172.93396455878823
19047,2012,131.3,132.05909004989675,117.37226007290316,136.96647504693726,172.273618074455
19049,2012,129.0,142.18219443036773,113.74004301282805,143.2093534836154,176.6241223606728
19051,2012,52.4,106.08495107338038,83.86429602594886,99.3533800988526,151.02029249932073
19053,2012,61.2,104.33246176861168,91.95383297480986,107.68336359643541,158.47219118135183
19055,2012,129.8,146.8051429862513,118.0558026061908,152.34761994541043,172.65785749446675
19057,2012,143.7,110.14670718686601,94.50472588436854,111.20001320366742,165.7888905622472
19059,2012,160.9,156.35040851804578,132.242290680168,155.79095109059426,180.69393754310838
19061,2012,149.4,149.87835821288172,114.06493233014054,149.5791550885313,167.761383424453
19063,2012,166.6,163.94178904776464,133.7395017241069,163.36614022508348,182.2660018916633
19065,2012,151.0,161.4749079443173,133.59930672772,159.0006145429637,182.24592436397933
19067,2012,123.2,155.4494460539857,131.04022644982717,157.5103592500609,179.45713586351647
19069,2012,150.0,156.61621084269012,130.2954977643273,154.5483795613747,178.9892796198038
19071,2012,131.2,125.99798842564982,102.49667865610287,132.73328895398998,170.66672604446637
19073,2012,124.6,139.97072158402358,115.65029003197567,144.92459952241788,179.26878819972342
19075,2012,161.5,147.39534845426596,121.40017816470643,146.60977055444036,172.319911957598
19077,2012,113.4,130.17581465650136,114.51736185439101,133.4797220446333,170.9682953088444
19079,2012,138.0,151.71472998614,123.86207946233765,148.07286384474602,183.3655794995596
19081,2012,143.3,162.5251868442296,126.99194171809467,158.41543910616363,179.0936700387413
19083,2012,163.6,150.34559273299328,124.95474312329708,150.4459588525459,179.4497840623745
19085,2012,130.9,130.7766594569109,107.27612821170975,132.28326012553362,169.49794599832677
19087,2012,132.0,107.48390739694142,93.52929245472676,108.73414916026377,160.96430474129653
19089,2012,137.8,161.73156944645265,139.7781391231605,166.90175842458592,184.80969432239067
19091,2012,146.1,150.7472173926364,125.33629468301123,152.4914275638357,181.52144115919322
19093,2012,151.4,136.97257272301914,120.74720347255878,143.5331572896062,173.92696692266952
19095,2012,135.7,122.81605966841309,109.55336345482787,124.6087368214466,169.73912712826376
19097,2012,114.6,127.84006787336803,106.0306053776987,133.55883740727452,164.68568734305663
19099,2012,150.9,126.85388362320992,107.35530197399582,131.06019912983962,169.54413923359837
19101,2012,102.8,104.30877152196065,85.10508275681163,107.41732413051693,159.70788351783602
19103,2012,132.4,129.02022495092677,105.90532794832,125.9434462522969,170.2368959354337
19105,2012,127.3,139.5080317537746,117.84671105860026,142.3862698298906,171.57051150153708
19107,2012,113.0,106.49389226673694,92.6165161232543,108.85150360454557,162.17503336047375
19109,2012,164.6,161.30506543674161,135.75269664008675,159.27302046860714,183.79066983039033
19111,2012,116.0,111.59319812710632,92.32079159555214,102.7229791333381,160.18630103862375
19113,2012,124.2,135.60050354379243,116.55984285274629,145.9040876564624,173.0050300035443
19115,2012,162.9,116.28917631636514,102.76030181868957,123.29465627803759,170.8993122008864
19117,2012,85.3,104.78738726356674,82.52144991749545,98.8328297204832,152.19160968520035
19119,2012,161.6,132.24104307759413,112.46923303177333,136.54550289049894,172.6495632769923
19121,2012,101.4,117.45379333392819,102.77449274680721,111.56469305870448,158.68141216719496
19123,2012,133.0,114.33693113781592,97.06739076217575,111.25313215136293,163.21659269034896
19125,2012,115.1,110.74939691404572,92.61247223879737,102.64574580251508,157.35791388475553
19127,2012,157.6,136.41614393881082,117.4188872151281,138.8462554399227,174.2044911760454
19129,2012,128.8,126.87803965351772,105.55862802825563,131.71467865116938,171.17462360296972
19131,2012,131.4,163.6082486489816,140.133488230026,159.70446183213318,182.1077065266269
19133,2012,115.1,112.82179101415113,92.15042748950121,113.8569532756384,160.59511665935204
19135,2012,67.3,96.39745449596683,81.69389736956289,97.50798553282183,153.1514806645841
19137,2012,132.0,125.79667171726099,112.64909812212544,132.2242021773308,169.30374324201165
19139,2012,152.6,127.80432437832205,108.39879360763582,132.62147425128447,175.01389676478553
19141,2012,159.8,149.84271733877864,126.9613542200955,144.64870395127124,179.4123372270334
19143,2012,169.6,149.6568758280348,129.46391658040636,149.05566873820877,176.4502799928349
19145,2012,116.2,118.39039406534143,100.20672656473239,119.77198655464389,166.43935300443422
19147,2012,170.6,157.43713117631347,128.89850040571346,155.08331966271032,181.80807911186704
19149,2012,110.1,127.98077400512148,106.7185054402173,130.85697078444258,167.79496537535292
19151,2012,165.3,149.12188468515347,125.04521233179057,146.1872128595309,183.0585633925045
19153,2012,149.1,139.7486401222687,118.83475904575978,142.18906422649576,177.6580401870117
19155,2012,131.9,130.76046182931424,111.62525581365416,135.1757723601991,171.84632551342693
19157,2012,152.3,113.34830457797425,97.23365027100688,116.77246053038445,165.03497128073352
19159,2012,71.6,109.95078123278596,93.20263162537545,110.08473813808226,158.42712626158067
19161,2012,130.7,143.11215927234696,120.77235697095317,138.56965674296953,177.46103290988782
19163,2012,131.7,134.73695600859364,114.16366908715237,136.02786295694008,173.563188698115
19165,2012,137.8,129.22910963908103,114.3216770774964,137.02867635358203,172.15595629245374
19167,2012,143.2,140.36976399836067,113.93529239913452,141.50562105458238,178.0687447986085
19169,2012,157.6,144.11211115764507,123.08250375939221,145.42489365248693,181.60997638279173
19171,2012,160.2,130.92061853466126,115.64511296059548,140.44054860830647,169.54697690634765
19173,2012,91.7,114.64793646006366,94.63463194684086,108.25561673991925,157.66952204861389
19175,2012,87.3,115.05382388817203,96.1541776192952,111.42259752669585,158.9145326681701
19177,2012,110.3,94.88537999011923,72.67716562069954,108.33186856679359,151.0846587997418
19179,2012,92.6,106.02618461164683,93.98396290161158,109.02324597497059,160.11941703611342
19181,2012,103.5,109.41775183544084,95.51567639304717,109.78019527248048,155.82973974307828
19183,2012,132.1,113.44771908866122,92.92023572209798,111.12341710025842,167.1196395681451
19185,2012,55.7,108.17728790370623,86.452123577281,102.2019085673741,154.29811218444075
19187,2012,149.2,147.12578995542867,123.064488140316,143.3967207621633,182.25900164363043
19189,2012,161.1,159.94860469404335,127.9980727549563,158.09014829632574,178.45510443361974
19191,2012,140.6,160.4504010307029,137.8672310129735,161.1406423966399,179.1299714113484
19193,2012,134.8,128.37714366985378,105.66037744570143,132.808723589799,168.60517860477154
19195,2012,143.1,158.59336187102915,132.4687026398677,157.80137066176084,178.1643193562547
19197,2012,153.7,154.24962915742267,126.76026439832555,155.34052014468588,181.74311398835096
20001,2012,37.4,76.13532615135439,55.57677772545105,83.39045309196554,125.50977854241744
20003,2012,35.3,75.07532024949661,55.503780144950085,83.63358241942547,124.96102175660057
20005,2012,58.5,105.01530515439313,70.72684621893536,101.37041198093212,150.589563162437
20007,2012,100.2,114.00660296491755,89.4292399180405,124.27011923528491,160.69762162766148
20009,2012,137.3,112.49188794504991,81.34078363442715,120.41932887967727,141.3911652573357
20011,2012,40.0,78.91762016114814,55.27317040999168,86.53821362474005,124.02795903347071
20013,2012,114.9,102.50566816143348,69.72804398764505,105.2548569001892,155.61887657399362
20015,2012,60.9,80.71588487882015,58.14021229062787,81.84537317200773,124.36386196550187
20019,2012,51.1,72.08146260247739,55.55956823550621,80.38829366124911,114.2097256365041
20021,2012,50.0,89.12540057516667,56.28408371441547,89.88298497402451,135.86728251271452
20023,2012,99.9,113.38009392556104,72.73396572785386,114.64497406537765,152.265189233892
20029,2012,108.1,127.23599680566542,93.46922920765998,125.28054379970331,174.13916669486022
20031,2012,41.1,81.25116529562409,54.5973480040371,84.48526901438916,125.13887102655833
20035,2012,44.9,68.36109828737956,58.40654150282175,74.51122763035636,125.59788938133185
20037,2012,48.9,84.29330661286653,55.37178305823499,83.86950316156826,125.10928788829513
20039,2012,35.3,57.35256522791246,41.50367345591509,74.22136161762538,155.95074350685465
20043,2012,116.4,132.2449369347055,87.90949211693147,130.5979961193475,169.40371406434014
20045,2012,45.5,87.58403695113921,61.21715914251415,96.35344521635952,139.3406808251784
20047,2012,161.4,137.8193484289711,108.88154756956801,135.13452985901066,161.70678504634608
20049,2012,47.8,76.85759579630361,56.21095439469242,81.88434933795402,126.32458769571733
20055,2012,133.5,142.80171853864996,107.48688550693389,145.0819687556716,184.31427965640702
20057,2012,148.9,136.30812912946655,86.66510446426723,132.37792602322273,168.15620095075596
20059,2012,46.2,78.04009911289836,52.904960635167086,84.08275162603736,123.49067940098381
20061,2012,79.9,107.12362196505474,74.8991522862854,105.3531349965613,151.2401953749351
20063,2012,51.5,79.23610943762333,56.69752773560448,93.4310544920711,145.54363377728544
20065,2012,55.9,90.88182801008715,62.75356963668274,100.14932285324937,158.13137783493028
20067,2012,175.3,143.77541892010308,103.46634463851565,137.87540848633324,177.70697399994205
20069,2012,198.3,167.0677304766682,108.29014889400689,156.83106479731228,200.52815967257177
20071,2012,68.0,78.39261604120479,68.62735298056104,98.51971988547999,160.9796388155692
20073,2012,53.7,85.148612700561,55.69151660378342,83.96501943419335,127.2412220535126
20075,2012,117.5,127.11301896115764,95.01419656996175,134.6010444000046,181.30762144564815
20079,2012,93.1,99.48923955273239,70.18443459271462,103.36626164978799,144.2605074702062
20081,2012,189.5,153.68665502060247,98.27839224900193,152.0032463411794,181.6560500867631
20085,2012,55.0,91.43140944767151,63.865715409381764,90.96894922960114,140.8315197109044
20089,2012,80.1,123.84316284652247,80.29110257123996,121.1918322963171,172.6307850400698
20093,2012,158.3,140.7224249864556,102.87225111787298,147.83212241458625,189.51754308318237
20095,2012,124.8,141.9005157851621,105.56599344956906,142.1760253420156,165.6603474323285
20097,2012,173.0,149.08315633361138,110.71675908998436,152.4977627853944,184.24159767901497
20099,2012,51.4,77.78066116610914,55.909024916863856,82.98712507306912,123.79157856661108
20101,2012,114.0,94.20725722988215,66.11100647545008,103.52645403080946,146.23793806030284
20105,2012,41.7,65.49512084694712,47.22751397257683,88.11325427350238,135.41767736949035
20109,2012,40.1,69.45351820105655,54.72211311183278,82.52347931830985,146.91332408532492
20113,2012,112.9,108.73170928087198,79.65912440592497,114.88642914359696,146.44722312663083
20115,2012,51.1,79.43583938045742,55.09847248930471,78.95505034916536,121.72745673812214
20117,2012,75.9,101.6771234224746,72.16237534689499,102.7676960802732,149.1215811576673
20119,2012,194.2,142.44560970935217,97.24821952305525,138.04930571486398,179.75579798299094
20121,2012,40.2,78.66707226381922,56.060428320827654,82.79371026471465,126.97725387888407
20123,2012,74.5,114.15570937931095,83.47216770333306,109.51048357046523,155.1887379657469
20125,2012,58.3,79.42847363269387,55.75282169464679,81.28974967371144,125.15135958901733
20127,2012,34.8,80.43531663428726,55.31022368555207,83.15202609302929,128.27657841160942
20129,2012,140.1,132.54342034936718,94.89395630891919,130.35082471777469,184.97136319354033
20131,2012,70.5,96.75635807104337,68.95302502834882,96.86799080154972,144.29668556435254
20133,2012,61.0,81.62499600552887,57.81203624782664,83.95815546672718,126.07195760814271
20135,2012,63.2,55.904662969685134,48.90073219263893,82.51894514395373,133.55600635306757
20137,2012,50.1,81.72424711467683,55.6916718320453,90.26017813626288,154.62736862725347
20139,2012,28.7,79.56387281205684,54.265782438705926,83.24379123702418,124.06661284785228
20143,2012,62.2,92.49871901965065,76.65584207622088,95.74599414916679,138.6066202265776
20145,2012,131.0,116.8806056717167,86.39684054097087,128.6332840616904,152.08648812520963
20147,2012,47.3,89.23036532522279,58.74348774491331,94.9069872693484,145.5793623069086
20149,2012,101.5,112.46240517253939,73.19889702721893,106.48302344714111,152.37500083276169
20151,2012,146.8,136.54667998977712,89.50187479839725,143.36934145962624,183.4644038327136
20153,2012,37.5,74.35520807015489,56.04626979603353,91.39733128253238,147.3611851441991
20155,2012,121.7,120.52713440903823,106.01711532744305,129.97676241670624,165.5777373157427
20157,2012,114.7,129.99348589301002,92.364873475023,129.28745346132166,180.07418130229263
20159,2012,90.8,111.45758565484807,86.41024542856742,115.41950158995107,154.31288588443508
20161,2012,84.3,103.71698594641853,73.02862742493822,106.0624280317848,157.74567661194627
20163,2012,45.0,77.1720522891482,51.682285993474636,82.88390584761058,141.26184487851106
20165,2012,121.3,87.59771510691066,65.98314104265846,94.24380127908586,135.57964903743223
20169,2012,61.2,87.20094297361068,77.25029672113608,95.82566487869383,136.98934419256508
20171,2012,93.1,99.58603684662627,80.570310804376,100.73580757754092,158.92237663603913
20173,2012,103.9,113.10157393772194,84.76221634424148,113.01125271474598,148.5065756733469
20177,2012,85.0,104.76862067239264,68.18640592435374,102.18468951613806,141.3699536920933
20179,2012,93.1,116.01964185398433,90.37250102186003,121.44173548368829,163.65421757541424
20181,2012,109.3,97.97244888843856,68.5970368922098,94.72319824775298,153.45378914007483
20183,2012,39.5,98.13674739334182,68.352698531955,107.67860993198553,150.7325372236419
20185,2012,125.2,142.39468709628403,106.49338956363302,142.87886247769578,166.8956518598701
20187,2012,150.5,139.02439392849595,94.98715383331431,144.6032969050673,171.22102636103338
20189,2012,182.3,139.924296690917,111.75907049725474,145.99808495736323,179.4529630510815
20191,2012,53.6,73.34839585024854,62.274475585566236,81.27233729773633,128.553164890393
20193,2012,75.9,99.90139606616574,75.39568413768008,102.57848995475646,149.03513109821998
20195,2012,80.6,84.95410775120143,52.38182934945626,99.43736891184119,156.33866039416284
20197,2012,73.6,96.84022748553025,67.18754404324393,96.51450395810821,139.26406263818546
20199,2012,88.3,93.76906611978818,79.79342998484766,96.98990158666192,150.55230473355107
20201,2012,79.7,101.50131681287216,68.77083856184701,103.6848174904398,162.7673058691688
20203,2012,93.2,105.34837017711045,82.2868423149876,122.64304632233595,172.05664368048903
20205,2012,75.3,79.38258393683469,58.665457166869956,88.59334958833965,126.98885657746105
20207,2012,46.5,78.09516271041691,59.683107120347685,84.99684353588567,132.7320797175005
27003,2012,129.8,144.73429836292354,113.21951396925728,148.64120632602646,167.55980902452723
27005,2012,139.3,154.9762186258014,122.35199478100802,160.927429175872,177.48379319107647
27009,2012,153.2,156.13730252406037,117.02053777344987,154.98153601225303,172.50907390654496
27011,2012,162.9,155.13664961591556,104.22410990419247,155.35912887610593,177.1574843207786
27013,2012,170.5,161.69335428693,121.94518801017276,154.88563068612032,180.30495097416838
27015,2012,158.4,173.96084930452895,128.90527983115706,171.61136055238413,187.42016295787252
27017,2012,135.7,141.20738200805636,120.31799928055135,152.33942832813185,166.8495201661324
27019,2012,174.8,172.20406272302264,142.70875708272143,169.11917927613487,174.60076754098165
27023,2012,179.5,171.37233665746407,134.6971660568434,168.44578594659785,193.4688911049819
27025,2012,142.8,147.74854429738187,120.50369796864472,150.78063778126096,163.27866919735874
27027,2012,148.4,140.45083514226087,105.86203737595896,146.157685090335,170.31738304557246
27029,2012,105.0,147.8692991000592,112.34385742192968,154.18149770668384,170.6765204253743
27033,2012,156.7,169.57160235536975,131.244403898182,164.13028238005128,189.01328272075696
27037,2012,171.0,174.75281127340693,128.85630536700637,171.1592568472465,189.89877068969423
27039,2012,194.5,174.87465909981546,148.8507867082987,177.4681064065676,188.70285052668973
27041,2012,166.4,157.6427540773207,130.10415587629237,159.61552566418752,179.70314324958622
27043,2012,177.0,166.9097380477089,131.05385958582062,170.6908668264137,186.5786745515283
27045,2012,171.1,167.13388057155478,120.03126514839481,164.30537832204632,186.36722946703986
27047,2012,173.1,171.27427027110525,130.33344853355996,170.37368746420933,189.23487550382205
27049,2012,186.6,177.63912212336828,148.52857860828664,176.02490998385133,183.63389362836497
27051,2012,183.0,157.2579212409336,109.35911172135009,158.37240420476203,178.9938498861396
27053,2012,164.0,166.9957639106826,140.67062618016394,161.8322296439287,176.19939473391008
27055,2012,171.3,161.89775867099453,121.0990054710965,158.28199220272128,182.49847876865923
27059,2012,131.0,148.8076849469739,113.92316611166352,146.47717599923254,162.93546479740664
27063,2012,177.2,163.66150728241456,125.54933721177548,166.22590012868332,186.2705412004946
27065,2012,124.5,145.06066172463733,116.73479055732224,150.63417996626117,170.032798701305
27067,2012,186.2,167.94903438871964,126.50110661207884,168.83985919196144,185.27165647951938
27069,2012,146.9,120.57734142920766,94.79133404303401,126.61108901159675,142.2559990267199
27073,2012,149.5,163.4041310738471,113.66990229030462,160.47430478801672,179.6320718762423
27079,2012,162.1,169.6543900610213,129.9597308439571,168.93258998189032,185.28044665575922
27081,2012,143.8,165.14719665714156,124.8295380384815,160.10003742458892,183.37227817023518
27083,2012,152.6,166.50236917427034,125.1686566607653,162.32577349682754,188.68856638194603
27085,2012,179.6,176.05370750295646,143.87287811875038,175.81591999669834,190.32725078810532
27089,2012,127.9,132.5365905585732,106.13826981403982,126.17710732125722,152.3277703310685
27091,2012,170.7,174.09169443482716,129.90559153237623,171.32151838500823,193.00035376131635
27093,2012,168.7,166.1827576286614,132.77721548982979,165.99463987219391,182.5389625128569
27095,2012,146.0,148.24570553180388,122.74261835419983,153.20831010668616,166.96920335986303
27097,2012,147.6,150.33855890066104,113.43246953405593,148.9914896064495,169.7304841223092
27099,2012,167.1,168.04101372635483,132.87332656870473,171.47418683160777,188.10781711524123
27101,2012,150.7,168.03720490848977,125.36448311736672,159.3907717992275,187.95673482306142
27103,2012,160.1,179.68293411763096,137.94083769403017,177.65661096387083,190.10094064177136
27105,2012,155.5,163.283936767234,121.90694558924713,155.08730829817122,186.99693253712994
27107,2012,121.8,135.3730836330367,102.41477308965669,134.1844497251825,158.72227499866952
27109,2012,184.8,174.02141925086676,130.281599495363,172.67494390808272,187.70874136758826
27111,2012,150.1,159.09801207628095,129.8786677829137,156.66478669589318,176.3647869883668
27115,2012,135.4,146.18276044071067,119.40095214559909,146.16120171057892,163.4958230898763
27117,2012,143.6,149.73148830704534,99.25458755573324,140.65997776853112,175.88969372547055
27119,2012,114.9,129.34783582261133,105.14852736031911,126.67893782616153,171.7415945268084
27121,2012,174.9,165.36608441964432,121.04528977157692,166.98794351122072,182.21808821504885
27125,2012,132.5,127.22184568240677,101.41561946057037,124.83978769805823,172.46182094886754
27127,2012,164.1,171.02576661889617,130.8385858832429,166.88122209264264,193.57224925055928
27129,2012,173.6,172.95970971610112,136.985782230564,174.08436516820964,193.5780949788946
27131,2012,186.1,175.71563262899667,144.5021069041933,174.10387575616437,182.61524051397555
27133,2012,156.8,146.64115001785507,111.64758978699142,143.26758375754102,181.9296162560582
27135,2012,125.4,131.60802684054516,101.4922532342337,134.02829052486402,152.81227565996682
27139,2012,166.1,173.33743310564302,141.55763110587043,169.87667016305718,177.84637579169404
27141,2012,141.4,155.6514526764854,108.0480157718819,157.33729080379607,169.1727835869423
27143,2012,171.8,174.14433124849566,139.7407800786135,176.04792772821136,193.21540027030673
27145,2012,166.6,158.62014237323663,116.60762796336168,160.66050920668778,178.88897600736342
27147,2012,176.8,176.3978436960565,145.76575795942819,171.80688101414574,190.3459020576446
27149,2012,186.3,157.85007158078275,113.78816719372772,158.35285439262742,183.2431361973704
27151,2012,182.8,163.00270253271077,128.02346244976434,166.71962328679118,184.2821031448135
27153,2012,130.7,148.4495742761,115.78919853656525,147.72655972650696,173.42850624468142
27155,2012,181.9,154.94302277783137,109.58708966819013,153.87916278491605,173.57016281479625
27157,2012,187.4,175.61244951975718,144.4969702603382,174.11857195169384,179.5067689451182
27159,2012,129.8,148.97489175173132,124.64126207747324,147.8434333490662,173.5178949462236
27161,2012,180.1,175.1090399900942,140.8375218109111,175.01731650884204,190.0916084595026
27163,2012,164.8,164.1240363156748,123.21400372546714,161.02059105203332,179.29647588493603
27165,2012,174.2,177.89470432261658,128.0948879753251,173.34807248092946,187.63136568519764
27167,2012,166.2,153.17798732255739,106.10467966412988,154.80781853958587,168.3808796044407
27169,2012,177.5,170.42671786742284,127.9591052112072,169.2538435553491,181.64404476073457
27171,2012,167.1,166.318194503143,140.02627427052707,164.8951279961848,177.9244849722151
27173,2012,146.5,170.6134497616017,125.8323255355557,166.375194532863,190.3508010314969
29001,2012,43.6,87.73189449879993,77.77426613949434,99.83275332017651,152.42933394275641
29003,2012,71.0,98.40596869772182,81.20886928773582,107.80838288159471,155.11278962560047
29005,2012,106.0,126.47943730099966,90.90189842175853,124.25875608570713,164.37434946919137
29007,2012,33.4,88.49685785351166,57.45373213663355,99.79025511531236,144.45882345733543
29009,2012,86.5,71.90300017191493,46.68174498911425,79.20859256857355,122.37997865400767
29011,2012,71.6,97.57082349978482,58.80238831174135,96.65450921675831,145.50719868382416
29015,2012,43.4,80.41749644763168,55.75284254649864,86.72768255172328,132.90942703595022
29017,2012,107.0,96.9058864483634,63.49347497466691,110.01339885580147,147.5518782062567
29019,2012,41.1,91.05459679574602,60.71717351028683,100.61189840382349,138.74307181554195
29021,2012,112.3,118.98200024969974,83.00446759137144,123.33966905726963,161.71173311931418
29023,2012,156.9,119.74867808029755,77.4970170128296,115.69536941743588,156.76635819939176
29025,2012,41.1,81.48347060324235,65.13361270661305,90.2395106901508,145.58372899252237
29027,2012,41.8,98.80204252393312,65.00433678108372,99.70609419619444,142.40875089049655
29031,2012,80.1,124.51880830368125,85.95642346868821,122.1145045327596,162.88651467329433
29033,2012,84.4,101.17508197648712,75.1787579998405,107.38909166306406,153.5936474827972
29037,2012,48.5,89.92234503157688,64.6709645351357,96.81106303549255,136.0640470199799
29041,2012,57.2,102.02071145083094,72.34649686977959,106.23770973480809,149.57568218176274
29045,2012,68.6,85.86943094313834,67.6798451377896,96.87863493333008,144.96407712422553
29047,2012,86.7,100.0236045816535,71.41462639118872,98.64188724786864,158.03451949344472
29049,2012,57.6,98.42296504762028,66.94326006107856,96.97796389399606,148.33030338107676
29051,2012,73.1,95.0331342421337,58.02279460503449,101.50888426096441,141.0622932736391
29053,2012,57.2,100.43520349705531,65.2536073438469,108.73047110287384,154.5421499622384
29057,2012,87.9,86.86796692623126,54.75059989524242,84.20813347442858,126.67151495329607
29063,2012,56.4,85.11898352629551,70.86164907788073,89.29875860450612,146.24083657169427
29069,2012,155.3,131.43225769548377,73.1290821667415,130.1337152036781,164.72704188435065
29071,2012,48.5,97.40877381580339,62.112473561999806,111.96353686075383,150.364625951442
29073,2012,64.0,88.62510358515497,58.396171334768994,92.54281391901148,140.35369401919476
29077,2012,67.0,85.4550859518119,52.03647467718354,76.84134398268726,126.72571320464597
29079,2012,60.5,88.19571041510686,62.5535325043826,96.95120371807961,144.77522048857412
29081,2012,43.8,95.17531852894548,80.39596138960762,100.11948617744146,153.16303540136673
29083,2012,34.5,81.72472557102748,56.925234771942776,92.79156645437682,153.7065193359644
29087,2012,129.2,119.90129484599844,89.81625516715188,121.4790950972053,162.58104704247472
29089,2012,81.3,103.27177577324314,72.68111093076915,110.52180854922675,159.10703184020502
29091,2012,70.8,68.95707485222911,49.96644437859656,80.79200036378639,127.10759835134688
29095,2012,75.2,101.81794458847602,73.31336153445595,107.32513912591621,158.02462671461083
29097,2012,61.6,92.9305775554541,58.431491517169306,90.01086602490047,136.35516832174432
29099,2012,44.7,84.38882006111771,67.98658017766387,111.23188261978771,164.39438568954316
29101,2012,56.6,93.71146016815081,63.801990605613454,94.50393441485112,143.82061234312238
29103,2012,40.6,82.20415349924029,65.06793269066635,95.06112201592312,149.73190467252135
29105,2012,80.8,79.76384198693525,50.967632181243765,77.90463193283406,124.23518924144814
29107,2012,80.1,117.45014385788626,79.26893552854146,114.77472014521614,161.10143544561197
29109,2012,70.2,87.07148509492615,52.5450644051014,81.23789160944554,124.3637167743126
29111,2012,41.0,83.62706881691174,64.0827602559069,99.227095013821,141.89516532061305
29113,2012,44.8,89.61112716174102,59.56933275765549,96.22851681340111,138.51467629608857
29115,2012,51.3,89.94402297656276,66.72035720042363,100.95069271742905,152.56668430701163
29117,2012,50.1,94.19004502263067,65.43247309105526,97.19666157719318,142.20220226703685
29121,2012,45.4,85.52364390885103,62.80271384558303,99.13893992890956,142.35840063869836
29125,2012,45.0,86.25440957009135,53.3151768471021,82.15082631051835,129.30428768751923
29127,2012,66.7,95.71440064311456,69.32689713830909,108.17788261988383,148.3723530335825
29131,2012,53.6,84.21334909309456,54.53907945376513,89.35331501790874,126.66216244917642
29133,2012,131.3,117.62384367118283,83.76498437981455,123.64642598565963,174.59029043279628
29135,2012,43.9,92.37767905887078,59.13140543516822,95.62083590196495,146.71687068240192
29137,2012,22.3,84.87028795071656,57.2018757246951,97.98681194782108,138.6108185753574
29139,2012,31.1,93.49131072502932,62.562665260836965,99.46511432401932,142.7965010478885
29141,2012,40.5,81.4599626984187,55.66554405299915,93.11349989842033,139.21020108951328
29143,2012,159.1,121.24637636086604,67.1478906314547,103.9371296495113,155.53126882136874
29147,2012,88.1,97.80208255551948,84.05561486797488,108.20664280855975,157.35946027260027
29151,2012,78.0,96.8104836545529,57.51967235258765,103.47111549360133,140.0330167718845
29155,2012,160.1,131.82877992381972,71.09667209378371,119.94807468639131,165.01378528214664
29157,2012,60.7,113.23323209237705,79.93318023425415,117.9951980331727,164.50577318537356
29159,2012,42.1,97.16727176584749,61.0699959404359,102.1834725064033,151.71066645570394
29163,2012,43.0,93.98863496844633,65.44437982921512,106.12591045108621,143.52650592906372
29165,2012,83.7,119.29515002266086,84.00226605309295,126.10992319285857,163.74205053399513
29167,2012,44.0,81.71038477400229,52.93528455181708,80.25044419773097,126.20837701628768
29169,2012,41.3,79.3920982236241,50.45903711665273,83.27055551100929,126.68987156496227
29171,2012,65.6,96.45065353421207,80.93086330504524,104.35736168313976,154.4484251237085
29173,2012,40.7,88.2286214288837,62.64360192092009,104.23917978295202,144.66538134920657
29175,2012,39.5,82.83292175427961,54.848473393062335,97.86139740116897,139.37700513330816
29177,2012,87.7,95.2116313304243,71.8178745950617,106.69337698061803,153.39289587649412
29183,2012,68.5,122.15614573707082,83.78207080877779,120.1172212423345,159.07570153268895
29185,2012,45.0,83.90148487282268,60.03056189681074,92.64210366425108,138.4656323569552
29186,2012,69.1,95.15123584177863,58.695743575169374,117.59583718281908,148.37762385597406
29187,2012,68.0,90.45336864578967,59.54920160374813,101.3687659325975,147.27737354327684
29189,2012,74.7,122.9760245788611,88.00316166331562,124.57860001309186,168.08578490185423
29195,2012,84.3,116.74457068584584,82.62359741288894,120.85100765629663,162.51296707513595
29199,2012,60.6,84.38088938604633,70.92631361682713,99.26266985830826,146.30514024359206
29201,2012,139.2,119.70672495537612,84.7940906803005,135.04474316190553,170.40018151771693
29205,2012,35.5,88.42432905588001,61.61582337244117,101.45206207176967,143.15316020798042
29207,2012,129.6,123.89243564779935,78.35069742691157,130.4667383415973,150.4758740710259
29211,2012,45.9,95.7675787131877,73.00188024444414,102.94525926223282,151.4074053881152
29217,2012,67.7,97.09354684443935,59.73646945662374,96.54105432107714,144.00660999814025
29219,2012,50.0,100.88204670256894,66.12285383073844,98.27200468521542,147.41428067687642
29223,2012,53.8,89.30442731644008,59.0257444572989,108.41560499271101,153.63906312462774
29227,2012,60.4,94.60707509448454,81.81676229429978,100.35903153278595,153.73851345744472
31001,2012,185.8,148.44285483803617,99.07557833308378,146.29029400335216,188.55259517029992
31003,2012,174.9,152.2368832397786,108.00553299003185,149.5989222623104,190.6631315271064
31007,2012,75.1,126.2208309839185,94.22073705331466,139.63276833100602,169.24262626587995
31011,2012,141.8,138.3826613841763,99.14189035616134,128.34221951992004,168.21976546787045
31013,2012,141.7,133.9433216684026,103.54069999622423,139.44548154260067,179.2379979280083
31015,2012,72.2,94.90590167789944,65.84324118326431,103.19624486934013,154.11314729362024
31017,2012,162.8,154.24703761322584,98.04708702074738,145.48016406289398,184.7560292187617
31019,2012,190.6,163.42845960037684,103.5048184355086,157.32868914739691,195.59808872824757
31021,2012,125.7,132.2626940009628,95.69327343903986,125.05686203728065,162.2664341836754
31023,2012,141.2,140.627592841025,95.91981633785933,135.99692146637832,175.23751768394095
31025,2012,84.3,127.3410642008391,83.17922322438496,124.4973701680921,161.97420018642552
31027,2012,99.1,127.39922563089246,89.17716727853052,125.68203060790093,169.52926195634777
31029,2012,173.0,166.53883854657246,107.18542637928145,154.79497169200786,196.40959170930282
31031,2012,177.8,163.59165636308802,99.9709814762336,151.66502608032704,194.09700315907972
31033,2012,94.8,134.6146414535762,89.43974972733956,130.3359578835495,160.04769258050914
31035,2012,165.9,149.24829363284687,102.37866533725024,149.38415645529713,184.8663891686648
31037,2012,109.6,134.31058793333705,95.86974418903075,130.81121944906823,167.11149898366375
31039,2012,95.7,133.29738054895427,91.34333274626171,129.5578409922064,164.95193013860708
31041,2012,165.3,145.0208654854503,105.99173029185376,140.61137074520278,177.23717269896585
31043,2012,91.7,133.61059427114566,86.13824332072262,131.48911702153404,171.2741171851527
31045,2012,134.9,120.43403648791933,70.70965234155149,118.34756642023065,164.35224400236513
31047,2012,186.3,170.51479695402293,106.68905987044069,158.5865227743492,191.2789921784395
31049,2012,103.8,137.64337784830545,93.12774547708686,130.90462335816267,167.21375157977172
31051,2012,77.4,131.33746370667964,80.28976670178572,128.24490727780156,161.2499952863821
31053,2012,142.9,132.74620680754714,95.59697817755604,129.51204780120284,166.4650054887727
31055,2012,122.4,136.7177060384394,95.8944403623983,133.13004563926214,171.1178501755123
31057,2012,137.1,165.16839668136257,111.49547401481296,154.4246837121437,185.59189671855864
31059,2012,174.7,139.79543982330384,94.40136791923938,139.64410924053934,176.7615904849788
31061,2012,171.1,153.00335185049104,98.57970215231789,154.4600196003915,186.26572136192055
31063,2012,116.8,117.71895835946094,92.06005192406356,111.74086166680965,161.30467952037193
31065,2012,81.2,112.31326916503126,86.01099078394402,111.75222412219041,156.68179091417406
31067,2012,89.7,115.00275204573185,75.88390465191371,117.14417106698541,155.07447178715844
31069,2012,120.1,137.5295897268155,95.30445364581048,130.05233215082302,165.7918048651529
31071,2012,161.1,146.92791605101598,112.341774710781,148.23663505441763,184.89049958963903
31073,2012,156.6,153.4047978947614,91.24931409534285,142.28882835195705,178.24639819834601
31077,2012,161.6,150.39209348426803,104.7888791735176,144.50545628772156,184.1049461839354
31079,2012,184.9,157.46310553780324,103.55560249155367,148.45139838624277,189.17860871888513
31081,2012,196.0,161.58783489430624,101.39407129164569,153.5993317687118,184.83019293540394
31083,2012,144.3,140.01120949869156,109.62431274706988,137.05480926226707,177.2164235744719
31085,2012,130.2,139.56171447783515,100.93140163507637,129.64633314067598,171.367022211819
31087,2012,72.4,102.69947132096465,80.69532136291257,109.81984086044879,152.50970410090858
31089,2012,186.5,170.98783880480823,107.7149437507825,163.63483000737918,199.11387062391196
31093,2012,149.6,160.7709520139542,115.50930771626379,151.446026744033,197.94188517918772
31095,2012,123.5,130.01944080606575,86.9250073280002,133.79211291978655,159.92747843571567
31097,2012,86.7,112.24589428702143,77.20982350279407,111.59365237556086,153.5871141475317
31099,2012,201.0,166.54153545334725,103.15683653434253,163.00997658827345,191.58281426297916
31101,2012,142.4,139.10695763929664,94.14486857271054,135.15482202340647,165.58952664534095
31103,2012,183.9,150.80982069627862,98.74649354427693,137.95341668634725,187.9472795851403
31105,2012,108.2,121.82787239603387,81.73339668999127,118.50425502534672,178.17545781341119
31107,2012,96.8,128.6855331353044,89.93631136026364,118.09734326120433,164.834294083901
31109,2012,81.3,113.7355876713137,79.22391228897105,111.476439892968,153.675202098288
31111,2012,171.3,149.3317912604081,103.61071261687006,149.5029425932222,184.40801141728303
31113,2012,171.1,148.4797824969238,107.5987432290065,143.6032200937146,186.27050361691144
31115,2012,141.6,154.9561864133463,107.93197818187083,149.01103711674682,184.85718143915267
31119,2012,112.6,133.24640636417507,99.97894212181164,127.53600557629552,167.80197524195387
31121,2012,158.2,160.53449157947554,102.33131723037245,144.24173301778188,183.88499973256353
31123,2012,151.4,150.08600245588136,103.18277680050765,150.23612366405982,183.3953100988469
31125,2012,128.0,140.34627904577962,96.96337200883958,132.5673389018537,170.16292614044545
31127,2012,107.1,108.23710706346527,77.00223966767332,113.54186935917632,159.43885299463832
31129,2012,141.0,137.3542014984043,96.77539842622532,137.7461520195623,177.56096871667475
31131,2012,81.3,109.94176286926586,74.99146618307351,112.80327571039423,156.13794580667746
31133,2012,68.1,110.45905594097545,72.68798151576475,108.55497007866246,153.37423213850306
31135,2012,112.2,144.23363066332533,98.85598548252229,135.565301066273,167.32750426787126
31137,2012,206.6,176.5023600533397,125.23311744458104,169.46793724279868,217.41773719304805
31139,2012,139.8,151.16425852139298,97.7215796636985,147.30106160505085,169.33241872388112
31141,2012,154.3,139.27338421851226,99.52635772176241,133.50772388594055,165.40041856495614
31143,2012,160.4,150.36901566208172,105.366042073967,151.9255415871546,174.3520744852888
31145,2012,102.9,127.4034110205844,104.68795856076771,128.1804053198039,188.58250051855765
31147,2012,102.9,115.34331841077145,79.06332014752321,113.6648247049984,155.64084996627042
31151,2012,123.2,134.08155760727453,95.20218175218177,135.32792062097778,160.84289206744117
31153,2012,110.1,127.32842684248142,92.83583915438648,128.61129474080917,168.25986854271832
31155,2012,118.1,135.65037111832459,94.78838460482628,128.3284019693943,161.28373017588393
31157,2012,149.0,144.13497361735912,95.60202685994393,148.7426042300586,178.98412524077202
31159,2012,147.6,137.2103778447015,92.76895187233781,132.7650640670982,160.0805383556318
31161,2012,159.8,146.85877678613804,97.25745554187175,139.61022920024655,172.7879954954729
31163,2012,154.8,149.48988318125691,110.03344990133276,140.90046864533664,185.11449341430773
31165,2012,168.7,152.7776376564579,98.58094354594031,146.67903510412143,179.3305886836833
31167,2012,69.0,130.20547547389958,94.59251624340594,126.33505535000735,166.20601432151284
31169,2012,167.7,141.45435616203736,92.30582060861552,142.5691714523666,177.54455700296774
31173,2012,81.1,127.18214038741291,81.74689956751634,130.12090574082035,166.2023936774974
31175,2012,162.3,152.30115294043927,104.8377684529356,144.39379828538787,181.3415274090916
31177,2012,99.3,128.71179962684099,92.71970845632349,125.17244639105765,167.3560614089391
31179,2012,76.9,128.4034883236488,83.12464179078695,127.38705960833319,164.33321634835227
31181,2012,127.7,141.34556990058437,94.83521770708374,136.3934025183311,175.879967196379
31185,2012,193.2,164.43681489822862,103.33686832406848,155.20027226053298,179.7983313370897
38001,2012,69.8,70.03778324860603,41.91491557725851,81.35211519159377,110.61940536948144
38003,2012,125.5,105.91637437681099,83.63435748002867,113.80881061153936,138.23635449943964
38005,2012,109.0,120.23020576599963,85.73215253773496,122.47828908291389,141.80815432891458
38009,2012,90.4,95.59690057332354,69.9294761200489,96.44515896409085,134.11470282914482
38011,2012,56.3,63.0649725568,39.75025510112827,68.42341541466958,109.48484305484588
38015,2012,97.0,119.47990886046269,82.60301087805557,125.54534286089394,146.6307602636929
38017,2012,129.7,110.15803777678201,83.45962151775312,113.86933913030855,136.05351873698334
38019,2012,103.0,126.44460196388403,105.51769841628762,129.15285853077873,138.85315159694196
38021,2012,142.8,123.7745798910063,84.21443080444347,121.90905286141297,141.56804521906076
38023,2012,78.3,100.49609970183405,72.97691401811112,102.01590838137925,125.30896333700754
38027,2012,127.7,109.5622169163451,73.14237981975624,117.74407635310804,137.24452089355722
38029,2012,86.0,120.95151666149133,83.69556362205917,122.81373733748639,139.68409854482616
38031,2012,141.7,125.59281279238702,89.13422573731187,130.36196625136787,146.91935897728308
38035,2012,133.2,125.91553301962705,93.73405184282727,132.43512081252348,144.34614611725996
38037,2012,79.6,92.04964829743854,64.64358191645387,96.46294832765268,112.50081013709256
38039,2012,121.0,111.30156394569032,85.05519624165198,111.79464484416143,140.42379391729543
38041,2012,67.0,73.28605042557697,47.842770729472115,82.11731436761023,108.79580452549978
38043,2012,93.9,143.8264741103596,83.24272953437558,140.13268573320246,158.55164029897264
38045,2012,131.9,129.77536718240728,88.74871610539664,134.1142422970302,147.16414267470012
38047,2012,78.7,118.98629963102226,72.20162473472642,125.83833698811442,141.7842048702139
38049,2012,88.9,98.46131334916966,73.19126940297751,108.70964078723789,135.29564725604823
38051,2012,96.3,108.99651174427255,69.05671925452127,114.60075768361783,139.43670898126953
38055,2012,98.6,121.8442939079548,88.08599478725917,126.28935139965854,156.62573805061874
38057,2012,74.7,109.58762214091371,72.37952534087087,116.39788718862577,132.0672059478657
38059,2012,86.9,100.96174119127804,65.01266355113223,110.37844523892834,122.99039622582502
38063,2012,114.1,119.92880167589642,86.56976793867038,118.52384910191638,140.72317872569252
38065,2012,100.5,113.94243907723504,78.2965231775815,118.38658006214477,136.06309286139847
38067,2012,102.6,146.28384121292697,106.05867360926725,151.82220328155051,151.82220328155051
38069,2012,96.9,99.21607330480403,83.9117238367191,107.26210784653664,137.30311716120315
38071,2012,135.6,129.29634830139864,94.14453428865382,130.00599701386864,139.72739613592455
38073,2012,155.3,121.22683060770831,85.23872783989974,126.62608530847102,159.0890087829931
38075,2012,84.3,97.66578661328273,68.94425609894826,104.96633748494226,144.49556708968714
38077,2012,155.4,138.153451103113,95.17780982670179,134.75277019050407,165.13717014947918
38079,2012,74.4,96.74570797481718,75.49498486926397,103.55936599538158,126.60600264865018
38081,2012,139.3,129.190401417885,81.6479203972924,130.54627276370698,158.2804419516426
38083,2012,100.4,111.0411593024842,76.1450547409287,116.7829184575808,137.6510976656865
38085,2012,86.9,102.95238880123289,64.15817952213847,108.26187007828379,130.1136218021276
38087,2012,50.4,64.32127803956428,37.11281027692883,66.17654245202756,118.61321715022548
38089,2012,61.4,77.97093681248117,49.45337590439575,80.33450237269828,104.51369761929185
38091,2012,120.6,117.75379916508764,82.58527338578499,117.53824923630616,140.65944893089102
38093,2012,131.6,123.41175009314063,88.14320959390243,131.8847690164652,137.32238750887052
38095,2012,131.0,115.68618894927664,81.49788314861696,115.98756509667969,142.4061710468989
38097,2012,126.5,129.3699785187722,97.03969745576761,129.84846335633995,147.42530538813375
38099,2012,129.3,127.99891986335649,99.74555810853873,132.4666514333104,144.42786511926585
38101,2012,92.1,110.66887666444637,79.20900556789671,119.47359206727695,141.51334548015916
38103,2012,131.1,123.64900332427287,95.63317945605466,129.82588597095307,147.85227284859258
38105,2012,114.6,105.46339604153644,78.07039774003194,102.96508968212983,130.28965097352918
39001,2012,80.5,121.41052926087299,98.52543124227317,125.15483660849134,151.83684963139905
39003,2012,111.1,126.22394956757935,104.62802278592825,123.28258852916652,162.6626916424776
39005,2012,118.3,149.36175945158226,114.47261387235447,149.9027545406181,169.05985639607883
39007,2012,132.6,153.9585575830101,130.96956910326773,155.61673339192765,181.10517522803684
39009,2012,114.9,124.49463788690036,101.46549888832072,135.8344740475822,155.7711274008407
39011,2012,104.5,130.17997986535227,104.09544319164691,125.98903734533569,162.74253580737067
39013,2012,96.7,132.04785348225448,104.75599944107675,140.0736888138287,150.7246337833346
39015,2012,123.8,134.26467491643913,108.4695455252383,137.50714304539346,161.9181263870399
39017,2012,64.5,132.94408410603654,95.90968319323578,135.40286649046018,168.53425658710944
39019,2012,82.0,121.89643013417641,102.4388719650711,130.73704442924983,151.87835368539592
39021,2012,121.9,145.86772380833406,113.76225690957678,144.77373681357767,173.2521032330997
39023,2012,138.3,142.96743820138832,115.59202272234505,146.11506475691007,173.66907638200684
39025,2012,115.2,138.9692383698426,104.26454590808173,145.08112690835173,161.08417610605383
39027,2012,145.1,154.82892935764707,128.3419692221163,155.74277536077167,176.1435200890125
39029,2012,129.3,139.90563530138056,112.63940446643564,146.57776834879104,164.38559977088218
39031,2012,114.3,145.98137469390736,110.9113140030132,157.33172226785283,164.8594065067758
39033,2012,131.7,137.59715662539668,113.57912285605407,142.1053140401318,173.3120444469306
39037,2012,100.1,137.32769549401542,105.33676112681043,136.26912747876372,171.76099959368818
39039,2012,80.2,120.12996860843262,90.52035789124234,119.80434837779792,146.17216872005113
39041,2012,132.8,132.18112726355886,111.79467815587013,132.85975418293097,163.83306383742539
39043,2012,141.4,157.76941582590837,117.81619507503619,154.95557196175096,178.57385569375967
39045,2012,105.7,148.4906352933945,119.48535746752627,143.22506157671998,171.60351107116585
39047,2012,125.8,144.25979154566758,114.87348953417629,151.14944902238759,173.21129504395424
39051,2012,118.4,138.1959770390517,97.06831734899252,139.00878668166072,169.94356494657677
39053,2012,136.2,122.8176133784494,93.77582654793659,134.03447419534524,150.84635791609728
39055,2012,127.1,142.59344090493573,122.26774328821497,146.68949210542652,174.05019436156743
39057,2012,142.0,146.16817469146474,114.04442239504954,149.66174839332947,175.494098654206
39059,2012,122.1,135.87805575303713,109.1236210701686,144.15219341012104,156.95056737135613
39061,2012,98.2,139.2835977845751,99.08152301148091,139.51351993203926,176.39081784175653
39063,2012,140.4,128.52603565992183,109.07922247723958,128.55569962318256,163.60785403710932
39065,2012,134.4,128.5921303536543,112.71674767126639,127.67390409588624,161.12791433598113
39067,2012,106.2,128.83559064873361,106.34804783464624,134.484388706366,157.71200531954085
39069,2012,98.6,129.5385615601202,95.18229747299971,127.99508458701347,157.15917344745978
39071,2012,118.4,144.38724262757498,113.89873293759581,148.17630816890264,171.4522117781196
39073,2012,110.0,130.32121644524022,104.502046241861,132.44908332468856,162.46142633885077
39075,2012,127.2,139.72081992538807,110.2488324362822,148.14158554361507,163.56711351185592
39077,2012,139.9,154.0036299706991,116.63865698530442,149.75995246300903,170.8840798599052
39081,2012,99.2,120.17239931792292,101.41113241482039,128.0933673480889,152.34232996899905
39083,2012,140.1,149.0862069384168,113.48572268853816,153.59265377811016,168.8835257443775
39087,2012,108.0,130.40727488173508,97.72485386140568,136.37914978888608,155.5648125844077
39089,2012,129.5,150.80746202619264,117.5370425596734,152.84713191611087,176.09800466468
39091,2012,140.5,134.12690953417078,114.81458969051987,134.98583590243828,159.2725143487856
39093,2012,148.5,140.5791811535602,110.64825432012618,143.71350827870629,160.19413616465607
39095,2012,141.6,136.5113353314113,107.01836007830308,138.30712988397724,168.4890112883602
39097,2012,140.9,139.22409266618652,106.19458959474194,144.5112393449542,169.33955626151175
39099,2012,138.5,146.15686561059348,114.19178239738382,153.0321562001237,170.2185980229039
39101,2012,129.8,136.107361194657,109.62636885067006,132.85274263653028,164.86991070323762
39103,2012,115.2,148.66089566683576,118.61975878216764,149.9995041264608,169.2086310845943
39105,2012,126.8,111.9630226290117,94.86139567030213,116.26867792133156,143.39539708794334
39107,2012,107.7,131.86852017833837,102.39421916433953,122.7978391856585,162.3402964028181
39109,2012,107.4,142.13721404387474,103.90496249234737,142.09311477061345,171.22594211504924
39113,2012,67.4,136.48758746539255,102.59407573076352,138.94467651303165,170.37322507168105
39115,2012,103.9,136.53370459445296,113.02905179582271,136.78887584505944,159.0462964361678
39117,2012,144.7,154.75104952185143,119.11098674294375,155.35118148508263,178.27928195006004
39119,2012,129.1,145.68905836929375,112.52402156244278,149.55087246514498,167.18919220588023
39121,2012,111.2,130.08591843787715,102.84866186405574,134.62419838707055,152.932364391607
39123,2012,154.0,134.1744841113938,105.46037517556012,130.8311473464201,154.5507970282836
39125,2012,89.4,124.66286590399523,89.73444236162753,117.67889818381828,146.34301709586506
39127,2012,101.7,146.58823740469236,112.45763013938307,147.90413839136613,169.16981473044703
39129,2012,93.9,133.3015201871391,106.09538050939607,143.4030176860597,169.3633019741674
39133,2012,138.0,138.79363681855935,123.3478278642637,142.2471507219956,167.3167999016825
39135,2012,75.0,139.6160499923996,103.94118680097795,137.53821512524073,176.43617407856897
39137,2012,114.0,123.20917776214966,101.15461865009131,119.71609844520863,152.12033921626127
39139,2012,122.5,151.52944927250195,117.06737430206725,150.36298054724048,168.73538208830956
39143,2012,143.8,128.3935158903237,107.24751866189705,132.17240960694218,159.08252329967647
39145,2012,99.7,128.40818803375456,102.8455631537429,135.3566063222493,161.82405302259357
39147,2012,114.4,128.52720902960715,107.77445660556093,132.6321992733123,160.40529570614518
39149,2012,132.7,127.84486505703036,107.28419728287919,127.84111988526051,159.27398995084368
39151,2012,118.5,143.3210168227601,115.12035290920589,144.9469386342696,166.6642156915576
39153,2012,102.9,138.22024183567362,113.8154169808325,141.7950707289097,161.66684326775302
39155,2012,141.4,145.07941149861225,120.43275631906178,151.16205587140618,168.79337120308512
39157,2012,110.2,138.3636096516735,112.35852370077542,147.65923193267764,160.4397330943642
39159,2012,135.5,131.80393139042863,106.05522472612644,130.69726227426213,160.39932498914246
39161,2012,119.5,125.2317171810844,94.58488339330775,117.02624818336294,153.04589391495355
39165,2012,127.2,142.44973501036924,107.56622237680867,146.74593152785374,173.48263024459754
39167,2012,123.4,121.96405849902492,103.75612064124623,125.1554237274115,145.45718853924043
39169,2012,125.9,149.04182269834794,116.8770554389409,149.84434793794642,169.88025359779755
39171,2012,96.1,122.2769377514021,99.70567676811906,117.21482635942156,152.39060363539235
39173,2012,133.1,129.54398406258102,103.48840814050082,127.27446678946903,160.4648869199199
39175,2012,123.2,132.70970470009993,107.38841282612715,128.85606458452222,161.22898712445135
46003,2012,63.9,87.99002305193505,63.85325859669534,93.99217511914529,132.35273120952624
46005,2012,96.0,109.84940872816284,73.00738097707513,123.01448602099153,139.63483067133308
46009,2012,31.2,83.92517813780823,59.23130487104844,85.52719453136501,129.184079540938
46011,2012,131.5,142.2101685017365,106.5337872744462,147.24717949055287,166.04806361181855
46013,2012,153.2,125.87546358244096,80.60581870163413,123.7959414615133,142.76467759380523
46015,2012,74.7,77.34236753663471,57.843944922083594,81.3909934615424,127.06989059762371
46019,2012,111.3,121.11023210691815,63.85154769445954,116.0583096896064,149.3620925177547
46021,2012,100.8,122.6585716495887,76.80066000297946,122.39285540711352,139.11451396054042
46023,2012,54.5,81.45278759946868,56.82621208848717,78.7945740076189,125.00346199388214
46025,2012,110.4,132.15940855837255,89.87949602007198,134.29233621523713,153.83001631977422
46027,2012,68.9,97.50933956037004,62.87852663193409,100.68251967282872,134.63224944868142
46029,2012,132.5,145.12770396587635,101.40412028240097,143.17390898054842,163.481267134464
46031,2012,64.1,72.16572563438491,48.70185459090755,88.34040634778323,109.90740062555936
46033,2012,74.0,88.77810747387242,56.67382659838623,83.76804628557103,133.76882061155
46037,2012,138.9,138.55102954886576,91.15090276780496,131.53509291270052,162.37486659753418
46039,2012,114.0,144.88335300306818,101.84376215136858,141.57341782797914,167.0310470293744
46041,2012,46.9,62.317967914828884,43.8231480086819,84.45294567802249,100.71454811073285
46043,2012,51.2,81.14976498869689,60.97717434847813,82.59402068198304,130.9677564890463
46045,2012,115.0,111.26859796019248,75.33845485556436,115.97399638625943,138.01182961033427
46049,2012,110.2,105.4829417261369,68.88122466651437,117.60294346551588,133.96916536817105
46051,2012,134.2,136.73330287106927,90.73125270196631,141.92893014539288,160.76755588893604
46053,2012,34.5,74.65179271385327,47.250659308833065,70.45067344638818,121.38092777845266
46055,2012,34.2,60.14571906591336,35.030173201676824,60.787996679937756,105.23891135804702
46057,2012,141.8,142.6197525007029,98.8189452086997,147.88460774168877,160.47346737204694
46059,2012,95.7,108.60347545952749,71.5702830406983,112.68219315747776,134.7939875781309
46069,2012,76.9,82.53648005256885,58.04515097705739,80.87230138035981,130.6507923249422
46073,2012,74.4,96.10981704873836,71.59070124451848,94.85016582051985,136.60494673671286
46075,2012,46.7,55.404938383404165,37.98013189313717,59.626083313895705,103.69321751145503
46077,2012,115.0,120.63777727435486,93.70602792258875,131.5178147247231,154.6003560560939
46079,2012,126.0,114.87140079709995,90.47229242612472,123.6866078906224,154.95410486701613
46083,2012,61.2,116.9795032342006,87.49543536138042,121.02248205045268,147.57569079647047
46085,2012,46.6,72.12149998664,41.12068642721467,71.21729622467012,116.43421219553612
46089,2012,115.6,105.4692689088606,68.20488686332645,111.76843206996666,139.422192799367
46091,2012,156.7,140.75946084715807,91.03349436413914,143.86821136357804,161.14916600795968
46095,2012,40.0,51.63901694972018,32.57092817424201,51.25041096968547,100.73747339375538
46097,2012,88.1,107.9088146470151,78.21992591163591,114.19144016958289,148.50717263508102
46099,2012,117.5,132.2510231481541,93.863041224106,128.6426455423088,164.87677355408135
46101,2012,147.9,138.96539148625462,104.58398181151999,140.55736267236756,169.31969954314604
46103,2012,21.3,59.734815075234245,38.631752784342844,63.74373491368484,113.0624955659773
46107,2012,93.3,112.64562398484047,70.35697096980353,106.29586749452405,134.24211383232708
46109,2012,152.2,134.27576483767407,87.56003775798531,138.59110204594413,164.2379144631415
46115,2012,135.0,114.04436601607999,80.73398502569195,123.69101992248189,139.00809075221085
46119,2012,82.0,90.48260091330343,69.0722025210922,95.02052093301616,139.91702992141143
46121,2012,86.2,119.5094426479353,88.030747322665,109.14493811724867,160.92893720770385
46123,2012,43.8,58.19139814211884,40.59631040741211,60.12832634096496,110.61459097643139
46125,2012,64.1,105.94288738800088,75.34836250381325,114.5028736002591,140.2792935331199
46127,2012,80.7,136.23287854320992,85.39480008375396,128.15091401734836,159.97999940216718
46129,2012,110.7,115.68867841459802,71.43976403101122,116.21012707140996,140.18931096246197
46137,2012,41.7,56.19327127312121,40.591676922091274,60.06084569750988,131.13238133637066
48013,2012,74.8,80.86677779385337,51.895156050144166,77.50182187943513,97.90768157465537
48015,2012,108.0,90.9896572337879,56.286041432971274,83.02342246752416,123.90036206432016
48025,2012,52.9,54.051365157443186,28.75692735121185,54.86850527798004,97.66748834343748
48027,2012,81.2,57.53607418432539,43.67056428271312,59.29851961827768,96.9067176252809
48029,2012,83.3,65.07126304457078,38.33428043600067,67.25275566441255,103.91861466246623
48039,2012,118.8,100.48459825963525,73.46840118583884,107.8591068603569,114.5072918175279
48051,2012,102.9,77.64270403622713,44.557378819110774,74.19984207323142,113.25930557263617
48055,2012,96.9,57.781468110117956,40.42564955127439,70.3223469662835,108.72631913780727
48057,2012,73.7,104.44864013650385,76.742335080681,110.29442375583794,121.40755972180337
48065,2012,181.4,140.7861803667266,96.29784199279955,146.73765510483477,170.6659609600071
48069,2012,196.0,185.522635008239,96.53366351379502,165.35612631804716,196.846115760581
48085,2012,87.3,78.67200418633989,54.878297605780816,75.40469345760188,107.89372994105712
48089,2012,81.2,94.0732417998638,68.88016032041024,95.71508581026872,120.87700797202167
48097,2012,98.3,71.91850083641532,53.388795961716625,71.21366792306056,105.2799574077794
48099,2012,69.4,54.81420283803521,34.18614148350109,59.142786810391335,93.75584024004989
48111,2012,178.0,182.45426857867034,108.75025690836615,155.4413400187533,212.08646396915657
48117,2012,151.1,181.85139147025757,121.8672089455275,174.3675481620705,209.52612179420106
48121,2012,36.4,65.48287460205411,43.98531093429172,66.73343982109778,104.48001463114836
48123,2012,80.8,58.17054161027869,38.782806273033245,63.590655603966646,105.77158907898946
48139,2012,97.9,67.72956023987729,47.941557885799426,75.02681853130345,104.80396369179142
48145,2012,94.9,75.17706709868658,52.48816912560196,78.32213299267018,109.71188007775716
48147,2012,90.7,78.02080726049861,64.45065500496544,84.30961339656709,110.83432185893106
48149,2012,73.2,73.34417372685391,46.34850145150958,76.3547468755542,111.14787486403809
48153,2012,144.6,139.0918520287277,115.98660893700814,147.3986902807024,182.76195997184263
48157,2012,102.1,99.28091277281725,64.57280478746382,103.2376814492131,107.41682734178887
48163,2012,141.9,94.67817589825603,50.17230353987968,91.57062509885955,111.76586554161536
48171,2012,92.1,72.47762284578528,62.596716098917156,74.16972372883207,117.71757527660755
48175,2012,55.0,59.44603105373954,39.81521868122247,68.3298787673668,108.78684335513951
48177,2012,110.3,77.07251898064607,43.280008313849116,73.01706526014168,111.66050101004684
48179,2012,197.3,150.9656996591135,92.72472162842392,149.24652233112857,171.35728960617217
48181,2012,89.4,77.58500263961247,60.44044377776517,74.69938653242143,110.17482810407928
48187,2012,78.2,55.3456854684337,38.900662173643596,69.90798816637128,104.71994458721791
48189,2012,172.6,153.51798986416222,106.43070208638308,143.64707756129908,171.9380514461894
48195,2012,177.4,148.2571312897475,84.31520712806277,159.04686512495783,180.01789817190988
48205,2012,190.6,198.7894126649428,118.24939174104826,172.69208617571186,219.13820026831678
48215,2012,91.1,83.7343703623634,44.80392233661478,74.75974532597044,111.55258044969607
48217,2012,101.9,64.42351578650961,44.70156150938516,69.13597380631298,101.31670254609192
48231,2012,80.0,75.86464614996929,60.093348387369886,74.81363518705116,107.52605297828741
48233,2012,170.5,161.49192785295006,110.42138133655386,186.19616766848745,189.6929301673321
48239,2012,90.4,98.38543634302184,71.09469592987502,106.99453404515911,130.58758513512674
48249,2012,33.1,52.030923644848265,32.41415133196755,55.44850827096815,94.38979065870286
48251,2012,97.8,63.646894907755964,39.96520089676674,62.13103185867654,99.97563766390319
48255,2012,49.1,54.423311938626135,30.705057717822704,55.307337263887945,99.30131188661973
48277,2012,115.0,85.51550671614133,62.37582188511114,79.88859734076658,111.49258179473826
48279,2012,161.2,150.06556813219285,79.26765502181705,131.3261627880586,171.24752952073626
48285,2012,74.8,67.31696648752865,45.1245685390953,72.12378556435577,119.38347347005653
48293,2012,112.4,75.47353865301532,48.575705775330555,77.99237106458408,111.7108995144062
48309,2012,90.1,64.44386936618301,43.72053650773366,69.30730085113164,101.00839842707573
48321,2012,104.6,102.4565724893428,76.90637606959774,107.35645580050225,117.20093349181708
48325,2012,119.7,85.38075709512016,49.55783881025328,83.35491008630683,108.68127475352559
48331,2012,82.3,66.60421812668207,45.33858785430885,71.50384562590787,115.67525165131603
48341,2012,169.6,167.14708166442645,95.43226926734077,149.11621952143165,192.99934854942282
48349,2012,137.6,72.37112256419742,48.31552691243804,78.97817415691726,109.45724354300704
48369,2012,182.2,172.19689910623327,102.41622254831951,148.0058994407898,186.66020188943924
48375,2012,96.6,159.3114948524477,87.2265169894305,132.8494977793656,174.96279872863522
48381,2012,127.6,163.7956306128558,108.45974051405092,150.04194121830096,189.597198028243
48399,2012,30.3,98.6557550478003,62.499433202234954,106.13669875832309,116.3540622161495
48409,2012,64.3,62.664799408192955,36.559951575492995,71.20000858746172,102.15602171135346
48421,2012,199.1,181.8689671244479,105.60962586465878,163.32059742880165,210.60529124083553
48437,2012,145.2,163.4649493415004,93.15595336202445,148.62784720294644,184.64764228619052
48451,2012,109.4,120.44200943038335,92.77332685796001,125.01608690706107,170.21109066476606
48453,2012,72.8,57.65626985361078,42.38466801532844,62.610951196868605,94.6215062480877
48463,2012,140.1,113.34646216241013,54.798940603282425,101.5129527725507,106.13407421890024
48469,2012,88.5,99.41459519572847,63.48522316670069,99.92845115105801,125.54746950826278
48473,2012,81.1,89.55883983474946,65.03148507136454,92.02252901820883,121.81230526558203
48481,2012,101.5,100.48869038663823,70.60901629104107,103.47836873268228,120.89663920217411
48491,2012,84.4,59.97017851531029,43.58751170921724,61.68537713347965,98.90545999920947
48493,2012,104.6,62.867495130662405,42.42755425191178,62.20711856668355,107.2609726274488
48507,2012,147.0,97.06970898038321,63.30897316650372,105.93181388982251,132.1789381793154
55001,2012,104.3,137.74634359151383,101.22348632084761,129.01533148492936,166.41935436521825
55003,2012,100.0,149.3623175594877,131.2549329265615,151.80444949594374,179.85045052682847
55005,2012,135.8,145.518315517505,125.64677602066573,146.51642478993824,169.05630984972439
55009,2012,144.6,148.9071985213466,126.41011033218015,151.74938679761226,168.73589785226656
55011,2012,146.1,159.2296579730163,138.78064559186112,154.5104378268921,179.73097133075763
55013,2012,108.1,137.02305151685556,117.50319674140113,139.7422484866167,167.02302295892468
55015,2012,151.2,146.68267227624182,122.26900235724239,151.08418944941116,166.23936985741804
55017,2012,109.2,145.1494498614605,117.99523079826953,150.43672144007022,167.62686250026647
55019,2012,120.7,147.23644055726777,120.0999670641087,150.16851836067585,166.68265741375725
55021,2012,109.7,140.61103516432678,115.84408862670234,142.71139804830116,171.21490374831097
55023,2012,126.8,145.4238552434699,113.23019514964382,146.2436677896498,174.44834382874402
55025,2012,110.9,138.6243852271936,110.73000862412984,139.67726413129213,166.24343156650986
55027,2012,140.1,148.17389271671416,123.68847920267262,155.70360646019807,183.4116764539062
55029,2012,119.6,146.50791143938707,132.06454184020737,151.77023999390292,179.7048972791753
55033,2012,135.8,149.29673494951555,123.65230627426911,152.62917927266622,174.05147813393026
55035,2012,116.0,137.8269149986459,123.96086218807645,149.49925766591355,170.43869694807498
55039,2012,120.4,150.77982483572944,122.01493659687,152.8330351206919,181.513027206105
55043,2012,104.7,132.90325208939362,91.47616787540896,129.80119967691616,169.5623288267038
55045,2012,76.0,114.20831705010774,94.70321034941902,134.24215704394945,155.13858997344136
55047,2012,97.3,145.88942149212818,115.0152753653853,140.90089099361532,177.7974578219801
55049,2012,87.7,124.77534295437107,100.77535908184923,130.11667254320187,164.76514255351537
55053,2012,116.1,144.7420871236578,118.28902401162371,144.3157132192361,172.6266397031138
55055,2012,114.5,137.65339668004515,106.31491534057231,139.90874112117245,169.87283170492034
55057,2012,105.6,141.90452877496944,105.94214557145482,135.1011832780162,174.249040427702
55059,2012,127.3,124.97262275645465,109.52810198305899,134.8828570688268,160.25849075587746
55061,2012,142.5,166.8292462997935,141.18840826190618,164.403348724906,191.4419595540817
55063,2012,137.1,148.81840504853247,121.3748348193295,147.44499064375805,180.56021983632837
55065,2012,77.6,125.36575495535445,98.71300211423325,127.80661754495581,163.73990993884763
55067,2012,127.9,142.69564238572127,117.98169152352246,148.1162223937885,169.42943886034092
55069,2012,116.0,145.0578341023727,118.37992607655055,148.47337047461195,168.18756122636003
55071,2012,148.5,161.00727458891146,135.54360769094032,162.174261665199,184.59982959119026
55073,2012,111.8,144.02747029001543,125.1954049656531,150.18000405786873,166.5929531755838
55075,2012,130.6,142.56531004344848,125.04739463764804,147.84927630774192,174.59821797461026
55077,2012,60.0,131.727751257786,99.20798147847144,126.10872922007552,165.5798785743902
55079,2012,125.0,134.4187028962392,114.51395923585828,139.3180624328005,161.48593265299542
55081,2012,122.6,138.9787600306056,110.91474613266037,140.40905917544796,170.95920099924086
55083,2012,156.7,152.7245680130872,130.85085632917244,154.299327912056,176.78031578981978
55087,2012,154.3,159.46493145601727,125.64633931465545,156.9146116401865,180.76374426669764
55089,2012,132.5,145.54878995605785,122.44304724579527,149.6360988547455,180.03591719278384
55091,2012,144.9,152.99970663272464,129.56437290123063,154.55836576785967,178.0503243071539
55093,2012,167.1,163.64487502545705,139.34249523562346,164.11912148467508,178.37977579624533
55095,2012,141.1,145.46271856064874,116.79370807879015,146.9497845997776,167.9249627340361
55097,2012,118.4,143.94094484987983,112.84094493703192,147.16092202916403,171.97925484051993
55101,2012,132.2,132.04917121953517,109.59273915349074,144.5712846446819,166.3606202913589
55103,2012,110.0,136.7689476276587,103.44784444306045,137.49898528241127,177.32683355378316
55105,2012,101.7,127.74344829580076,111.26046631924144,139.03698711619978,167.88900537917868
55107,2012,107.7,145.56729449090682,124.36577692254525,146.91703327527443,164.0268096046677
55109,2012,164.5,150.96885948024658,122.6892494458969,153.13273487119565,173.81976704804367
55111,2012,113.0,136.3306553395863,105.95442737007552,137.5859226708083,170.49551621313833
55113,2012,140.4,139.54667838911772,114.27847615459183,143.6100332537704,164.4443105255275
55115,2012,153.1,158.28104373845184,131.70807010247037,156.71424727545684,177.18026538617204
55117,2012,135.9,154.64436522206282,129.4759800413348,152.32340854965108,182.1408080845273
55119,2012,114.5,150.27933935547517,125.63482749395652,152.21089205006984,164.51384456444234
55121,2012,126.8,146.87268545973564,126.20887991972626,148.00440102803765,177.3384929354025
55123,2012,127.4,145.8603047324959,125.45376769773159,149.0631658681364,174.2741674326289
55127,2012,102.0,134.35447974168198,110.98838443119554,141.82641392032352,169.93294980725707
55129,2012,125.9,141.819627226189,113.9637499624776,145.4337390719394,164.27653272917212
55131,2012,93.7,129.31787668629926,115.3857567019836,140.3020089077084,170.14553822401285
55133,2012,96.7,131.33307462163833,105.40896668044574,136.34615612773698,168.69293387573953
55135,2012,128.5,146.313260184504,121.90121501695683,147.07185040257707,173.26750343160282
55137,2012,118.1,146.4212052620664,108.71929235359575,139.29532663018952,168.69855000597718
55139,2012,109.8,142.04945287792276,116.28330008334585,143.73469096369496,163.27344719293464
55141,2012,109.6,138.99295852751015,112.12785631330023,144.2660479173777,166.60141364660976
17001,2013,153.3,171.44605338935358,138.54238904605666,168.10156314343095,197.56051419598947
17007,2013,179.9,168.86525150766974,132.43069673364994,171.8780511290641,203.02495562088308
17009,2013,176.2,163.06096871517482,135.87232193779118,165.6143859901541,195.56179725176207
17011,2013,185.9,175.53187544465084,143.64901741372068,174.5812297840289,204.0672699542274
17015,2013,199.6,172.79063611937772,139.99736989471313,169.24711064885813,208.7045460890306
17017,2013,184.1,174.28147644307987,141.97229158429343,179.79619355912897,205.65276770127434
17019,2013,168.1,179.9185209411921,147.5832496281938,175.86186657635028,204.07556749898202
17021,2013,199.8,180.8271527956522,147.75801388673034,179.8597739517169,205.63372060013165
17025,2013,153.5,137.34340920813895,113.3642489100409,137.2401080258901,165.43684313909034
17027,2013,162.2,152.51956079925725,128.02944551931807,155.49763288208757,181.54099430603952
17029,2013,182.2,174.56730612704249,142.16988334710345,173.13455780140845,207.8321794895689
17033,2013,154.1,149.2986307410037,126.43931987948112,150.89304138310297,178.15967717688983
17035,2013,171.6,153.09087686874116,125.64824435815599,154.3432562056967,183.11988343809463
17037,2013,193.8,170.3342587494288,138.90058085803167,171.0889021561829,203.68978072585355
17041,2013,187.1,180.5049454243595,148.64037640418064,175.98697767950392,207.4899604754229
17045,2013,186.4,172.92792423072902,140.25981764995356,172.03973252045148,204.74584739811831
17047,2013,154.2,144.63302422996313,122.85005098024716,146.05679820823704,172.97257742148975
17049,2013,172.4,152.41833487451726,126.28518557640781,149.75311122550343,177.85894879670997
17051,2013,161.8,154.47564437279388,127.10244945306512,156.7593220922657,178.18790195346645
17053,2013,164.0,160.77422869954705,119.33309766376128,157.52379518680266,189.05306766702523
17055,2013,164.3,138.91610557021104,117.37681631208584,139.8669394147811,167.5280660433972
17057,2013,171.4,169.06202981448013,136.94095811506764,169.57590433467115,199.22239101322003
17059,2013,188.7,162.7091227926887,134.22326407952397,161.71475100982164,183.16193225105826
17061,2013,167.4,170.58432951053916,142.91695089671913,169.0231282983148,196.03786558857638
17063,2013,192.2,154.52047413435272,133.21393433548673,161.73856075003602,193.4882790554579
17065,2013,175.1,141.4887929476062,119.15814599646934,141.6271083984425,171.744832457909
17067,2013,178.5,175.61161372055477,137.0022680642782,170.70519750301614,201.15739606231057
17071,2013,176.0,177.4255399461403,135.54886343273898,171.6507486092401,199.74107289393686
17073,2013,184.5,176.96414738681403,141.5438687864946,178.40081952257978,209.36434898198297
17075,2013,174.4,166.77353814219262,132.5989871930094,160.6010497864466,193.1226876700128
17077,2013,172.7,155.92691886631854,130.39457900733225,160.70293608389343,181.84272670133873
17079,2013,151.0,151.10260824708843,128.6575016623778,152.03087785969467,180.87536208702528
17081,2013,153.0,135.7309082767676,113.0228901138767,136.99406770617477,163.21973510409146
17083,2013,182.9,167.2322008107982,140.87306802160037,167.50108761580515,196.08830446800027
17085,2013,175.5,153.69426077663152,124.30244339771322,156.92939998663306,190.41849555729323
17087,2013,154.4,135.79086784570043,114.5643445004507,138.47368190950067,164.6325875543306
17089,2013,191.7,168.13352057428378,137.09892074386892,165.42043945237623,200.81842789237692
17091,2013,172.1,160.56475688782143,130.20044388066782,156.5100657998335,191.58196311541906
17093,2013,182.2,164.77267394292394,134.93240703374062,164.36871129534754,196.4659709751822
17095,2013,191.0,176.37070259931505,136.82566916274294,172.9455068810442,210.92992449449702
17097,2013,153.7,130.92601568066996,95.70622825843834,140.6408861653735,177.02963290896935
17099,2013,186.8,161.97280629313087,128.71361519031564,163.73177891524432,199.92013332804976
17103,2013,171.3,164.2646771336794,135.616053553244,163.2578961922863,202.06218988180945
17105,2013,179.1,151.20673284266618,120.24354636868397,154.60225401576076,187.27157707783243
17107,2013,198.1,182.4639682135881,151.00921886546087,181.32529887243874,213.57399091449065
17109,2013,187.8,176.92390887694225,139.39191857292525,175.62821981249886,202.1891948446438
17111,2013,160.6,151.72970337038714,122.25098042429927,155.9180510992741,187.41751964485098
17113,2013,188.6,174.86071248616287,139.44952884030243,171.20588949147213,207.47506062891745
17115,2013,192.7,181.57900033264852,148.8390689935597,178.635838570847,206.27103829105238
17117,2013,170.5,167.74798066181208,143.92814743310845,169.9002132434407,196.88476471825106
17119,2013,164.4,165.73200384532072,139.67904344650844,165.24038606477606,189.50391314675426
17121,2013,159.7,139.84381942448826,114.1068888104273,143.82917188502822,174.49680858384068
17123,2013,191.2,176.25532580859823,145.64651339583338,174.8948542797515,210.93136106421844
17125,2013,163.3,160.93077424474566,131.03086296020382,158.34441478670706,188.29906067258958
17127,2013,170.7,146.67005264341594,126.68147784999711,148.3087177948901,174.7653876081614
17131,2013,177.1,179.8616372776945,136.64814521802361,168.82153618612324,211.22089107173656
17133,2013,147.0,158.31841621805052,131.7956925731495,157.3843446603384,183.20319326358555
17135,2013,182.9,171.5672149296694,145.9566099525536,169.6147778395555,193.81201065589698
17137,2013,191.2,176.42690074472065,143.8824177417826,178.73319646145748,203.62297457716937
17139,2013,181.1,179.74779125894446,147.83154241147355,175.48906701537084,209.66741630282587
17141,2013,189.6,167.92662670646476,138.14358690918397,168.50008613991776,201.57330863332766
17143,2013,180.5,165.43321412635567,139.00050860668023,173.92782001868602,207.98893965955227
17145,2013,136.1,139.2893784308826,120.28055107344234,143.34542508040062,179.6860964559981
17147,2013,187.4,182.64458108422474,151.3661300612523,179.89294049477056,208.044409947605
17149,2013,164.3,174.40872485002973,142.5049270986329,171.10167941784516,194.36655213714977
17153,2013,169.9,150.84239824548143,128.51830392666795,152.95521829031014,177.5874895484332
17155,2013,187.2,171.26379939869884,142.5380439188683,171.72511347810465,205.8424506262777
17159,2013,147.7,138.18812861723893,116.89870839832027,139.50990104877945,168.97285153193377
17161,2013,182.3,175.63481341707978,139.84133638882895,174.3844357151451,209.14063802765065
17163,2013,158.5,160.1905056426279,137.5877838003653,159.90307811505187,185.44681336283162
17165,2013,171.3,147.30173081031631,120.95711671721891,149.8524914041468,172.97653909077388
17167,2013,198.2,184.92023830045602,150.01515413530723,184.66982797979452,213.53146605763703
17169,2013,169.0,169.22425687985782,136.725104295057,169.80338458559405,200.73311081597495
17171,2013,168.2,170.45486418792095,139.5979347279419,170.72048152597898,197.25979101178717
17173,2013,178.2,168.79073613577944,137.29500184318658,165.82065424309354,200.70772377119113
17175,2013,192.4,172.96905687267548,141.63802671479647,176.57936169786365,209.406502636418
17177,2013,182.0,165.94614124359614,132.50576200175783,163.86577504808477,199.16937842520286
17179,2013,177.1,177.98882636547035,144.18577243547855,175.33715577620302,207.83492688652922
17181,2013,162.3,150.8035274447423,130.00372766196887,153.11700210407844,182.92863297387822
17183,2013,176.9,167.9914374386222,136.85686430048582,165.65837345096463,198.18139735926655
17185,2013,161.5,156.9719888853477,130.9077853527807,157.9618403285339,180.05609117409278
17187,2013,186.9,180.62458865248016,136.59503761159522,175.00000877089184,208.49930008313612
17189,2013,160.6,150.03952049070116,126.56550476066151,151.67834614770752,185.76600573182844
17191,2013,154.0,138.45394524532946,114.50715019884005,139.61912339275017,166.13294539048502
17193,2013,187.1,153.42570970386814,132.9422737683111,162.74527834335333,184.23401872658434
17195,2013,179.8,163.06501507410874,137.5402425500664,164.68528650609028,194.52756288036977
17197,2013,149.1,157.26236330703463,128.4245698056202,157.1036108750802,186.40038421387084
17199,2013,173.5,134.18836856801875,110.19238632999752,135.86461255412496,161.3276000694675
17201,2013,173.2,165.34160441765337,130.92819612985267,162.39552566206314,199.66440440926556
17203,2013,192.3,169.95569886042767,142.96973166197802,171.78178702788028,203.8837588364674
18001,2013,176.7,162.82476738159437,128.53343869912726,159.6780455812949,189.8967200307253
18003,2013,180.7,155.98198494072943,124.91649877187437,153.9140291616267,178.11457780279096
18005,2013,176.6,169.0435040917421,135.52400162956513,166.30306772129944,199.59322838700388
18007,2013,181.1,170.98075800159674,131.54628021989816,166.0902043066528,195.90616645758126
18009,2013,172.5,157.95095732590815,124.31198455847716,155.36010563885435,190.4423214326311
18011,2013,189.8,170.10004893081506,133.26558322466906,169.50479927384583,200.95136777835796
18015,2013,197.1,175.39844212637584,142.86114857325373,175.25378406469662,199.11785908730138
18017,2013,192.3,165.5440881634348,136.16350081542646,163.58777018888077,191.79508583249094
18019,2013,161.2,150.4758862987257,115.54788887225295,146.3748413054524,174.26399287522815
18021,2013,154.7,162.64805983924452,126.63334978988651,165.49398787012234,189.03570386820383
18023,2013,191.5,177.05354697647823,136.08339201352317,174.468406412656,204.3760478657219
18027,2013,182.9,165.4107900251963,130.89318935150277,164.49255910399313,186.7469730978171
18029,2013,145.8,146.0739422013694,110.91532852828111,147.26024443759528,184.3670696067926
18031,2013,183.2,171.17745189632808,133.50282631355037,167.66892887423484,200.0764483892819
18033,2013,167.7,148.9062498856832,118.55813552363547,150.7490118267949,178.40045444189866
18035,2013,174.3,168.91570059743597,134.2995343660782,171.0418431317043,202.38223626418932
18037,2013,180.5,152.76315670007668,109.03425245231325,146.1998104100673,184.23627847485102
18039,2013,180.4,162.8479129276933,134.0862773209641,157.565602172936,186.70768508705362
18041,2013,172.2,169.42733101530186,131.6384722408879,167.6672840988655,205.9398993229542
18045,2013,183.5,175.35771863065565,140.34140522578934,175.90329414959615,199.37536713988476
18047,2013,179.2,167.3304611169303,129.82774295305126,165.1115246916013,199.4199359810916
18049,2013,179.0,154.7536043652145,128.15674946079753,153.84730570080373,178.53791036036307
18051,2013,177.0,171.1933383399519,140.56338350521088,167.7710159390099,192.43360020625488
18053,2013,181.1,164.07246154950474,128.71729547764903,163.72834137287353,194.26272005250092
18057,2013,173.6,166.9896681042897,131.96320730890267,164.59851884946733,197.4227325561804
18059,2013,173.7,171.26078467167318,132.54404958078487,164.64977229522103,198.34603940080132
18061,2013,168.0,142.22236450514865,106.18935413027945,144.42533696289064,177.54832745709888
18063,2013,183.6,166.00643889942168,135.22617943463894,164.0223061628173,196.44876125037598
18069,2013,191.7,159.3545242180782,130.00646794787792,160.21369826769,187.24941244032152
18071,2013,148.8,158.74543760068622,128.46036496163714,164.1136773908535,188.30294216392684
18073,2013,179.9,160.04124159962157,125.60277808163688,153.23416493678278,184.23668558803632
18079,2013,156.4,154.63498685444134,124.6297610350977,152.99430779913615,181.4388211052019
18081,2013,172.9,163.40138764952837,134.98937865961864,160.82319001059304,194.29670473834705
18083,2013,180.2,167.4549501710246,137.96113380472275,164.1854645053104,190.19660495724435
18085,2013,176.7,152.9040850386285,125.72448113488532,154.38769996189842,178.06188839312557
18087,2013,154.4,141.63855928415393,109.38904736632227,147.9185693643447,177.20177218111644
18089,2013,155.0,150.15301198584842,118.47109719808704,151.43707406326934,179.0238642525016
18091,2013,150.4,146.58594033097222,107.69606243191527,144.21488227680322,180.7433942032112
18095,2013,181.1,170.68622206903984,135.08393207154245,168.8942252655043,198.07953284904295
18099,2013,171.0,155.7318662857702,129.26798481970616,160.21743042929387,178.93146943938035
18103,2013,174.7,162.90430701211648,134.64893373915947,159.06115505850397,184.46512347687974
18105,2013,185.5,152.31113234620744,115.32933420715925,150.0710151869842,176.88132933752883
18107,2013,195.9,172.153896079816,135.8680992283808,172.19131489425388,201.48050595108452
18109,2013,179.8,169.73171880300427,135.07028677659264,170.72883803237087,200.32625251624722
18111,2013,174.1,166.52882998539383,129.3496043356783,160.71950254444525,192.84357477514448
18113,2013,164.1,151.10912205696974,121.41506194059058,147.41932485262592,173.7192428090956
18117,2013,181.4,150.97776295238248,114.63662646663978,153.06883891418912,178.84878815075513
18119,2013,148.6,154.7236306067463,120.60548710865574,158.09276697823864,179.04363283856708
18121,2013,173.1,171.54670128408773,143.49167319832708,169.948956747723,207.09322677076284
18125,2013,169.1,158.9769770508693,123.87341151820321,156.90628486240433,179.32763513538038
18127,2013,177.8,152.08594982878697,124.60085335785907,149.28668946397914,183.1075237400268
18129,2013,193.0,168.515020317841,139.33778204318355,170.8683712441947,193.910836925029
18131,2013,163.0,159.13190882038757,124.96218912816234,156.55431991012992,184.41095434483572
18133,2013,182.7,168.4797849751182,132.03728190735762,168.7512794375606,200.1498171298117
18135,2013,171.3,168.77817683027047,130.47492019914517,166.2017926967712,199.04479461086964
18137,2013,170.2,152.83101015018772,119.32680368015907,151.92669943183944,178.09643505069863
18139,2013,193.6,169.33360664667083,131.92961155568008,167.43329383330882,200.77044607926996
18141,2013,157.9,154.48916499688343,126.35273863442175,154.43903960400564,178.45089824281058
18143,2013,164.5,154.79859234638485,119.07994483168189,149.2982521285783,179.8800372423836
18145,2013,178.8,166.0855580152909,130.5777435418188,163.20761983807762,196.04260377879382
18147,2013,184.7,155.42006206451708,123.33195455982106,156.29582466428724,175.11522207039428
18149,2013,161.7,139.7780645112832,108.96105266249444,141.72098997532706,172.59711482460182
18157,2013,185.1,175.1890904822915,140.73910601774264,173.8361281406379,198.2636166209506
18159,2013,191.2,177.45521704200647,142.6997690718519,177.42034799399084,202.43166678422654
18161,2013,211.5,172.0176776612424,137.1835395951494,168.12597775680484,201.97713400448447
18163,2013,179.7,165.69553039249988,136.8145347922823,164.8538976243405,190.5545046354444
18165,2013,185.6,169.7375565764473,135.3503288232414,173.51128885973512,197.81763306911535
18167,2013,159.8,173.33399047984838,144.69819740238,166.67803523297755,205.03326780989926
18169,2013,178.8,168.6472556697423,136.46542543338518,167.4720757468241,197.58673793733135
18171,2013,184.4,174.05670415557654,136.35728806661194,168.46043750236362,198.33157064776157
18173,2013,183.6,155.57982026792837,121.90098082765444,154.99382451295457,186.4371358387346
18175,2013,146.1,150.46289604035326,114.18478130793575,151.27021365311398,176.18677569903173
18177,2013,177.3,162.57288167529524,130.98709803739303,160.1017831063067,201.96067960125328
18181,2013,184.1,170.21496390771188,130.18476148722817,165.33460125116025,193.8516059902708
18183,2013,181.0,156.63682110870585,120.11873282083427,154.83525380529755,180.4246140229011
19001,2013,137.8,152.06059464475936,99.66726294042489,150.2108218148489,181.89828439439134
19003,2013,147.6,161.97476777945096,107.86167396497265,153.86216287076277,190.74319916343006
19005,2013,162.1,156.36598973920505,113.22385842962045,157.96888764997254,192.5159110980186
19007,2013,109.1,146.46185052615743,90.37175716326907,141.87775884609127,183.51384503979318
19009,2013,157.1,164.67313595078133,121.02702584750854,167.4823489557255,198.8232870228273
19011,2013,163.7,174.5339383850236,133.24828560622262,171.84454722368727,205.8759296789517
19013,2013,166.1,173.27595883124357,136.26196795622405,173.2832098135867,202.67673083250855
19015,2013,154.2,162.2635597634999,123.10111519199477,164.66942425866696,192.13638629525104
19017,2013,175.1,177.1854343055682,136.55059126426738,178.58148664995082,205.55972361646695
19019,2013,168.8,175.4631997115042,139.51401184162825,174.52454910526203,201.1237301122489
19021,2013,160.5,158.3892665782897,112.87879837198788,163.39426834355632,192.07583024485814
19023,2013,179.2,166.66364455350558,130.58862284479886,168.54560855013816,194.35423239835734
19025,2013,132.6,164.42156371685905,123.1917870233947,163.78315699373775,192.46168361374004
19027,2013,136.5,161.9849983593425,120.05267852658422,160.62221858177912,192.77647526395498
19029,2013,159.5,170.59464242972214,125.08930766704715,167.82776940741985,202.5563866901516
19031,2013,169.7,178.3247733249046,144.25532420396632,174.43292309036636,208.70275273971998
19033,2013,163.1,173.25197716971638,130.40550294080185,167.91200633707865,197.16931734074177
19035,2013,185.1,154.4157309891158,111.88711230123208,162.38232460267503,191.69286379153255
19037,2013,171.8,179.54812011695466,136.7520276206718,174.71423224700996,202.56937354698368
19039,2013,126.5,134.6742420806973,76.2401077512356,137.01251524130242,172.91910531949082
19041,2013,167.2,158.12379035287282,113.3999297679464,162.4380988646732,190.60176526254833
19043,2013,181.2,165.8180692190247,119.16015746770562,169.57890423003872,199.33861835540938
19045,2013,185.6,174.89682634651055,140.51432018972986,170.6974991419088,204.30057989443907
19047,2013,157.8,164.99910565831007,121.36860763304897,165.9342536873666,195.82374718590734
19049,2013,145.3,159.93425217611733,121.96873066605873,164.47607049440805,182.96016381904337
19051,2013,146.7,150.91600025584444,91.62566435600675,143.68065233536888,178.53691159391366
19053,2013,131.2,147.47133542414252,88.52795527756494,143.38238195457657,177.63757195052386
19055,2013,184.7,172.8362878081054,133.3273886136812,174.81639997207654,197.57913769070825
19057,2013,165.4,171.30711204595852,121.44072140103286,164.35053365963427,198.68733031581803
19059,2013,162.4,156.22958822985606,112.5136506719585,159.89351547678143,191.95470484591237
19061,2013,196.0,166.37130179450875,134.27428408069267,170.4856712149167,203.1858273207502
19063,2013,166.4,160.9528134358478,120.24617846738884,164.38680079902895,196.89526528621428
19065,2013,181.2,175.7585223421593,138.77198234239364,177.16743876175403,205.89854851113267
19067,2013,170.0,175.40910158682382,133.0840812350662,178.2433104520849,200.68084146013388
19069,2013,179.6,171.15373215053637,129.88035361691942,165.92727306403916,198.45711363859328
19071,2013,159.9,171.19380757866352,129.47346727390305,168.6768568633333,190.82446792031993
19073,2013,137.9,160.4955689924301,117.04465442477915,161.17613064553623,191.47145230845229
19075,2013,180.8,170.38891115319225,130.99791545871375,169.57681752418992,200.71821921737296
19077,2013,130.1,160.2331676627769,111.2343908053718,160.9225073504361,186.13775180777503
19079,2013,135.0,165.755683854522,120.45833582602297,169.39870423495069,195.67892206738907
19081,2013,169.9,174.33618857906748,124.77721736601377,169.50954283422797,195.7587195399487
19083,2013,156.6,173.8721510219826,128.72033000198917,172.92094323616345,200.48313805300535
19085,2013,177.1,153.7800817801605,111.29375583566035,163.05781908764786,181.25998874363552
19087,2013,160.4,168.75379864755018,119.43390361190869,158.04995977956466,192.37680297062343
19089,2013,159.1,169.3456576233694,132.64353698721584,170.7945265153998,193.30311602505486
19091,2013,155.4,162.87567288280954,117.90346266408692,166.4980596274216,195.551180004941
19093,2013,177.7,164.2970011525938,121.06734458461288,165.60442668969668,193.9907012260157
19095,2013,165.9,172.91989117272684,130.80150264419876,170.46299920015718,207.1810822113884
19097,2013,173.2,161.81977229523173,131.80377461626296,164.18003183112071,201.67913112057198
19099,2013,158.8,171.78487393065205,116.64774815770791,168.84219572217754,198.71589447040458
19101,2013,145.5,161.8327249268743,107.20572642277229,148.0721196864794,186.23134171906054
19103,2013,181.1,174.3652384044232,132.50512109857976,170.41176441711156,205.62553453468183
19105,2013,179.3,180.23646931231,142.16036138482423,176.8986850498377,204.26678622043556
19107,2013,156.7,167.6126607233931,114.5048515878557,161.30197399103108,200.60149992000493
19109,2013,167.7,164.67648322645695,123.08391238598644,170.01094336128207,198.6011651235042
19111,2013,144.1,160.83697430414193,106.75837832479569,157.92985998445764,184.18906296381203
19113,2013,178.6,174.66796982896267,134.78801930229162,175.02416759800104,205.008441934404
19115,2013,158.5,164.9940431326287,120.41036756255333,164.46726539654182,188.96314914059803
19117,2013,117.9,140.8448331808763,78.79176358727794,140.86333828428988,177.62176657836233
19119,2013,190.5,154.52427029992228,111.99812639828532,162.75226099942304,190.0418034670908
19121,2013,140.9,152.57577839150545,105.08208123616433,152.59819243466032,179.7329642652769
19123,2013,168.6,165.5284983369611,115.63631307068123,163.98148569581846,194.9518618779129
19125,2013,156.4,153.97427327510817,95.46410397337232,147.0013195421295,181.65732057297032
19127,2013,163.2,171.02686286265634,123.32121256706996,172.15554921739087,201.02722423236207
19129,2013,171.0,170.1766626920283,125.05411770622216,168.00559546061,193.6360460515648
19131,2013,164.1,168.40495987103884,128.85684134341284,169.128762958089,193.54088800988262
19133,2013,175.2,136.35785912513904,86.57786783314381,145.8402124350935,162.86777180417067
19135,2013,115.3,145.90471729152017,91.66995327208987,143.35876173683351,183.39204204188894
19137,2013,154.0,171.98864799503087,123.9874687474116,170.51387572237803,199.55886335140326
19139,2013,158.3,174.06886322091586,130.7656192595254,171.42962088494173,198.10259604761706
19141,2013,195.3,160.63157371042658,115.00680464673239,163.80717952309578,196.69942672277102
19143,2013,182.0,156.37185709554083,113.25275723670332,160.16030312396416,190.73457369728658
19145,2013,154.5,167.05055978001297,121.19599542423161,161.2917611904035,199.20046898959197
19147,2013,168.8,160.24668126698734,114.85498094146944,163.5387861987573,196.29903570359124
19149,2013,188.9,145.20325676795667,105.57393598830443,156.15742802522402,185.1971187721369
19151,2013,163.8,160.74317923813285,113.84888090833827,163.88368185342955,192.91971223105446
19153,2013,143.6,164.1091260077934,122.81158233492361,167.90136204659566,187.99509392734166
19155,2013,179.4,168.59294871959872,122.92956969197725,166.3460907801681,195.42265013878443
19157,2013,158.5,167.87658419160732,111.32335049985149,164.29162686610476,201.58929749079738
19159,2013,121.1,149.6755555961874,94.01533424469478,143.32217111850773,177.2119138752475
19161,2013,142.6,166.03817477655332,123.00257020607829,165.54807207901595,194.10352702135992
19163,2013,167.8,176.1734381591349,142.335643794502,177.20689145047052,208.94104206714843
19165,2013,182.6,172.12052317748336,123.69555685509307,166.63557487516033,202.4082422762284
19167,2013,194.1,161.68912816681353,113.65040607477492,166.7933798544403,194.68037365496514
19169,2013,137.2,170.50253357736955,124.40911570405702,169.21944642478502,199.45541470109754
19171,2013,158.7,167.28715035946678,126.51237597109132,172.67158010866532,201.53355208791862
19173,2013,136.2,151.90187625710934,96.70643350729716,146.86351214874875,177.1407125946924
19175,2013,137.0,155.21022194758672,95.37721846056,148.74986864479737,185.12279235554013
19177,2013,144.1,151.39270502095025,105.57800877120312,142.98844288068835,181.53111976014412
19179,2013,150.4,162.50642544388074,106.78219699393513,151.45945070459544,187.61306625628214
19181,2013,146.7,144.40608052867086,93.72129310970499,146.84772206203994,174.89083580361745
19183,2013,159.0,170.30607683518457,119.65145579149502,162.88098288798568,195.59487982512275
19185,2013,125.1,161.0858231387989,93.92423179154231,143.61110188247696,187.84522118603786
19187,2013,137.6,164.19755576754318,114.63495284912302,164.1844458279027,193.51973230579534
19189,2013,149.1,170.3882816548547,126.35448028385453,170.673915872659,195.64431247587248
19191,2013,181.8,164.67878867905114,129.02759582558156,166.3618285309127,200.2095812956872
19193,2013,164.2,152.26048682289263,109.96184852867576,155.53259648607104,186.94239524101914
19195,2013,150.7,168.40855227488535,128.5138173197298,166.4969307968978,191.434909769973
19197,2013,168.8,165.1991468184558,120.80503837702808,170.06741883499464,198.7823040575862
20001,2013,100.1,106.45403899653606,66.7362706826964,106.62275890480485,136.71218452414598
20003,2013,88.3,109.97868793593406,70.34932849543524,103.9029012075519,137.31162297262046
20005,2013,129.1,141.42786397502385,94.0338320623949,131.17932766826925,165.13928393679373
20009,2013,161.1,134.4530480678424,85.05314760652394,144.0704090799443,175.51731027212122
20011,2013,86.4,93.19548256969814,57.17116793243956,94.42577562577024,134.63250315432452
20013,2013,171.5,153.68403792361983,106.5475502382117,144.5541458480495,176.18708259754698
20015,2013,78.4,112.23109937888533,67.89447395268157,100.80190201108034,143.7717878451216
20017,2013,85.5,112.6751867240696,72.54509738665803,111.13204366669665,141.6799577820995
20021,2013,71.4,118.54352371964717,77.67251368807972,117.65126819457602,155.80968278473642
20029,2013,151.4,148.87686800288608,100.46483170754621,142.0161142069662,173.2074448981263
20031,2013,91.5,110.47947642890914,71.39654969842991,106.22970577172927,139.3327228067238
20033,2013,127.0,130.61986096985586,79.18633495769062,131.32769172387984,184.49706305593628
20035,2013,93.6,103.91583991504582,63.05194043885663,103.2418153387343,154.1293476712931
20037,2013,65.6,101.5954986482168,63.0744673257762,104.92716601364198,138.29342432805856
20039,2013,39.4,76.98908358088744,51.968863479797676,73.92572053588768,152.3858118389211
20043,2013,171.3,159.31148226137856,126.54969783286775,160.4192733638137,182.99572684220078
20045,2013,127.4,124.73427844084739,75.60413308914819,116.63268543508765,149.95494994294586
20047,2013,185.5,163.03103787283484,105.51477469721974,160.34367543788667,196.76603252834826
20057,2013,177.0,152.21166206231038,90.14194019275801,144.83557546488228,183.28686599155338
20059,2013,101.4,108.89495112744041,70.93597587009133,104.5554978439579,136.41559195362265
20061,2013,137.1,144.1811905244442,98.2564806942676,136.65937373014305,166.40318489723307
20063,2013,68.8,93.67246095353566,55.64254749067521,102.1570957616518,150.8480099561362
20065,2013,69.0,102.06461569771308,57.70030816178135,100.22370045265458,156.3562560830195
20067,2013,192.3,162.38330270831088,108.10045101994181,156.99743178924703,191.04198499560164
20069,2013,212.3,177.5543648108588,111.69120035923474,167.96788771361355,198.99949031326275
20073,2013,84.3,113.71669944251803,71.36240967816168,104.11660982848773,143.28540593488648
20075,2013,106.8,143.5835391260761,102.22063947781632,154.4303422397886,188.05698830462023
20077,2013,68.3,122.43173189775744,75.51661414682447,141.24607540377048,188.4386422110345
20079,2013,110.9,129.67575027711484,74.73064241711882,119.5179629684475,165.68129390144804
20081,2013,186.0,158.17684239849703,97.43638576756916,162.29963036467703,193.74372062122103
20085,2013,119.6,127.06187032744724,82.72961598970359,124.71979328938548,156.36427392154076
20087,2013,121.9,119.24019135393961,75.64021233457566,121.34892416279943,151.3801131012175
20093,2013,167.6,166.73156613481177,113.98162898538486,165.1486099752928,191.32685554838656
20095,2013,133.4,154.1173675572855,106.62339997480352,160.55446186163311,188.22901153452085
20097,2013,183.3,166.5403977809634,112.2253897197371,174.49090973869718,202.85766514972727
20099,2013,74.3,99.14266847606505,62.00659499682379,96.29654719213978,134.07731961567208
20101,2013,136.9,106.1398952184073,74.99556357357099,107.92776583761609,159.35099317898568
20111,2013,105.1,112.25352212444258,69.6063045537646,106.55247474061763,141.3064838201107
20113,2013,115.7,142.78262567320095,84.4028851165814,139.29449081122684,175.99181189080616
20115,2013,94.1,105.52646205277092,66.97744373242419,98.15922392734706,137.49962403175707
20117,2013,133.9,141.5038655793832,94.00930162342675,128.8158523805897,171.6350862104618
20119,2013,211.9,173.2801458327122,80.85307436688149,153.3346505417896,202.97242774320716
20121,2013,100.1,110.49669590717477,72.58357027999422,108.48460781272308,141.58603081949482
20123,2013,128.0,117.69230795081243,84.39950742408985,117.00967741984006,162.67438008164453
20125,2013,76.2,102.40353811420664,62.442105351534565,95.93870380550005,134.8240671550527
20127,2013,110.8,112.37035069936911,69.29353821250145,112.50062094590788,141.7490338130229
20129,2013,185.0,148.2324022065628,97.35663240021609,149.56842631698441,185.54660555169107
20131,2013,148.6,142.82809193899612,96.99421731928139,139.93329160297804,174.386435532453
20133,2013,76.5,106.33418043610936,67.38677660950869,104.59938960686596,139.02688748224773
20135,2013,90.3,84.60032559791854,50.11221948808611,92.71429231682411,151.04210074499827
20139,2013,108.5,107.96735951298926,66.5234881588415,103.04692262007224,138.8408688842365
20141,2013,102.4,119.39068349021267,68.27981325794279,112.10136377409272,160.26499550426763
20143,2013,129.3,117.90461357582407,85.55577625194073,118.300432711247,170.71811311747302
20145,2013,158.3,140.42248573108765,89.05876374512526,144.17202912894294,180.03031480349716
20147,2013,74.6,93.22843953857897,57.1391558304193,90.23855643852161,145.48604324634266
20149,2013,150.7,149.10775980410708,96.48476805275274,141.8708574591429,160.7541063842013
20153,2013,56.1,96.43135212778698,59.563015405175705,100.74505085464938,149.25999315305694
20157,2013,144.6,145.1243766757454,100.89671474491354,142.8032851050057,173.99055504104115
20159,2013,126.8,133.7623235159206,88.6526353276443,130.8170575804331,168.65124561685894
20161,2013,127.1,128.37934995116717,83.67188684842536,127.32909259942376,159.74332348152592
20163,2013,52.5,93.12957106902272,51.59247393849739,89.93334983588487,153.08695486795193
20165,2013,111.8,108.32743430933542,69.36426380986586,109.8614138416577,156.100849202794
20169,2013,124.8,117.6181951027956,81.27693761323124,113.80637910236136,164.63261389560392
20173,2013,119.9,139.95688651011358,88.11940742294112,141.82973364137268,171.61470440764134
20177,2013,129.5,131.38156414777,82.25834014521234,120.39398266753696,154.6134826486009
20179,2013,102.3,126.47043920247759,88.2115649368713,123.4164848651498,169.1306139135508
20181,2013,122.8,117.24403066406506,70.3656869019672,114.85639442035647,153.8005641644071
20185,2013,160.7,147.30890087470345,102.78345048416656,154.69674394057688,191.97326837459775
20187,2013,183.8,151.16257671730088,93.91963107528431,152.47929936016473,184.1666362267731
20189,2013,198.5,175.5275513575423,113.44227788167355,167.16899994097875,196.35030270627493
20193,2013,90.2,117.16767107442534,77.78740735652877,122.28513595056657,152.16020462966856
20199,2013,100.2,105.10625654264372,70.45269146574073,108.19722928565115,149.24603601653672
20201,2013,114.2,123.10931647878677,77.60405628019063,125.2404568227439,165.78527392179637
20203,2013,125.9,134.594733909032,89.24349061720625,125.33496778793345,176.59456506590624
20205,2013,71.8,105.5444463024312,64.4512022753373,99.1162760388293,135.9222405725805
27001,2013,74.2,122.57942928529951,88.17163718319462,131.1019252161822,156.06556563126458
27003,2013,104.9,105.09016445642735,78.25015789459275,117.03811352121659,153.70891392250144
27005,2013,128.1,111.7139919480803,82.4121006879097,124.26816505951423,158.15567910380008
27007,2013,126.7,114.9449371795242,86.42722562557813,132.19423380481715,160.2939165710893
27009,2013,94.7,117.77916912061576,77.99618518873345,124.09292148906627,157.48912919121238
27011,2013,143.1,121.18482448692453,66.75518129607448,122.52744674784209,157.39793032132286
27013,2013,185.2,153.8304915466006,93.80320400794223,152.34329998249885,181.33724666694758
27015,2013,170.8,148.26891570730032,113.26569958969323,157.97585223825408,191.27796038614207
27017,2013,156.1,110.85879276094502,76.4850530682761,116.42934062996932,147.57304874471163
27019,2013,153.6,152.31362308917798,119.53704489093396,154.63719248565513,189.72253360387663
27023,2013,175.6,138.69876743881935,104.85345472011274,148.995471663617,191.63840305245606
27025,2013,125.3,108.61094550287126,78.82766564885677,118.60262595126918,151.13991844051128
27027,2013,138.2,116.28626105742259,70.96546494625086,119.02761460182721,149.90756481863633
27033,2013,170.5,150.67716361127802,116.39654030201588,156.42886933831844,195.3577036196216
27037,2013,158.0,151.5896322061093,103.20504479920436,150.63104937193415,184.53416788702458
27039,2013,164.0,163.16019988354643,125.72972578642582,169.52877039452474,200.79703247712933
27041,2013,141.0,118.6921928044105,77.90804633494578,127.09735966940687,162.4859742999846
27043,2013,176.0,161.86690910725272,117.59573149229523,169.03934524815037,193.82722769997542
27045,2013,171.9,160.3432836673631,108.86116505285035,159.23373362008442,187.11335420027984
27047,2013,157.8,164.13947611961967,122.71412057060134,168.75031898991355,193.71385084166036
27049,2013,181.5,159.9377633109472,124.80569028352171,169.89522606635424,201.63850412320284
27051,2013,160.3,117.26572167364765,65.6732894310137,120.68863798648006,163.94504090604568
27053,2013,154.7,142.5395259370707,114.03066836797716,149.87055154990128,187.9085199708145
27055,2013,153.0,156.27763651128222,113.13162106830659,156.88590377307602,188.3775771790829
27057,2013,146.2,132.48194127796907,90.85754913488996,129.24265390464015,174.45485714836695
27059,2013,112.1,103.81167467730253,77.9894091179869,117.58942742440199,147.1783973533569
27063,2013,175.2,146.0861378428811,108.1120813363562,154.17202239303356,188.34361355262223
27067,2013,168.8,132.76697655634496,88.87470744104654,145.34090461159153,169.39533334313876
27071,2013,143.0,147.20751439615762,104.49728099108665,153.6430703813992,189.07206843522505
27073,2013,169.7,135.51378503590308,98.07147074471327,146.3968611839333,175.1577196587486
27079,2013,164.2,150.01015260439743,109.2174149919896,158.50972333182636,179.77294194829005
27081,2013,157.8,135.18846526695833,104.49503721305054,148.6805509532274,188.24647081520612
27083,2013,150.1,138.75041005877512,99.82677518877703,144.04903237255544,182.58877711946366
27085,2013,161.2,154.10729492979323,116.34681573794087,159.2760234200762,192.04999466420782
27087,2013,131.8,105.70438760050322,75.4330812772481,111.17601758786672,143.7374715118632
27089,2013,130.8,103.97471582487897,74.3410402194882,101.58625267926789,140.68527154033086
27091,2013,187.8,152.96215346328975,115.95423783342618,162.93280467142137,197.40527798498482
27093,2013,154.4,135.28686927175605,97.17763240875104,142.87808981476206,178.64716000278014
27095,2013,105.7,105.02153911787617,65.8068906830636,122.04765036456314,150.76529988236143
27097,2013,87.4,117.00692876762292,69.96655551722617,120.45260092612922,159.63356080578012
27099,2013,154.5,157.98289513730967,110.62460630060814,159.1532544371847,191.44888361876986
27101,2013,176.2,143.06934377984174,108.23968482871979,152.43617568048276,189.31973337249195
27103,2013,174.0,160.29800226654513,120.3639956773428,164.65559110928294,197.99003004877886
27105,2013,168.8,146.99344531562443,106.61424559079944,154.49599742976974,190.6819492160463
27107,2013,119.9,110.63063515416981,72.96391783766924,111.86371085299461,146.70702672033087
27109,2013,175.3,150.10193662308762,104.38598514908294,158.26445426500024,186.90615320340953
27111,2013,140.2,119.65995103625659,89.67361921069221,124.39618818920799,159.0079319350262
27115,2013,125.5,114.3280452233733,76.14520436872444,112.27843239332215,149.3003665599942
27117,2013,165.0,124.29154288287984,84.17408623512063,139.26311742402586,167.46558901732283
27119,2013,120.4,110.91785414936946,79.39698746485313,109.59140216627436,153.97352505456638
27121,2013,150.9,125.81664225593222,82.38404048343668,129.65392375906933,166.06324145902
27125,2013,121.6,108.72509593380197,80.55189386733443,107.64986120248415,151.72797718589476
27127,2013,166.5,147.61558639703637,103.01466920243989,150.6489142660811,189.58253551122806
27129,2013,173.4,147.19599735594053,112.79836664155489,158.2001963984836,193.96534853530608
27131,2013,168.5,159.4664510610476,127.13147001384901,168.27565678061146,193.83997926245786
27133,2013,180.1,143.60166850200133,105.06264652736515,151.80608648049338,185.41040402518263
27135,2013,139.0,107.35553015497287,75.81324476339006,110.9271446841737,144.08803930104875
27139,2013,163.4,153.39092304106268,121.69246205550972,156.6339126359736,190.25526607407284
27141,2013,132.3,122.70757354871479,81.50267147601522,132.27442593252565,161.31614107678786
27143,2013,160.9,153.94307231003378,120.60846133132584,162.57431436441306,197.01726393859803
27145,2013,133.5,116.724101345616,74.24763769538416,133.53954653098188,156.9396934269928
27147,2013,157.4,165.15152890237962,125.77674956641145,168.2835085235254,194.1309091191597
27149,2013,158.7,122.30354314675454,65.0939150305491,118.1664122489549,161.29802851477746
27151,2013,163.3,133.92218732217998,96.5644364329028,140.75815943718771,184.8332346814152
27153,2013,94.5,110.14801596682724,75.8342144345317,117.86199478180491,153.9289361205806
27155,2013,145.8,118.5758491111345,70.61968431791229,123.67904737417273,161.0491430562913
27157,2013,174.1,159.8648998392949,121.5735833895546,169.64205169668307,198.04216850159276
27159,2013,111.1,111.92757163329723,82.5923489766726,116.47157907032266,155.81517216898823
27161,2013,171.6,164.4367076912548,122.79336337547194,168.08923293597445,196.89865430165293
27163,2013,129.0,139.19164967553837,97.27547676753595,141.11080104484776,176.75453630064362
27165,2013,189.9,152.29733131775174,112.60605882754793,160.91878139087427,191.2171380282826
27167,2013,133.9,113.09915841386878,69.5142588529993,115.9870543783396,148.44523905484016
27169,2013,173.6,159.54645762746088,115.92771185508089,162.4273409334924,194.93908095569947
27171,2013,129.7,136.272383363373,108.64886724221023,142.14547208753956,187.81713137736352
27173,2013,171.7,141.317009403349,101.91258342355432,150.3686205414498,184.6865597288164
29001,2013,126.2,133.88607307878593,87.72767850255862,129.93787380164423,168.45437123029933
29003,2013,133.2,155.5144492106825,107.5820432004448,146.1594063056407,178.90092874149065
29005,2013,165.0,164.2927654087222,124.84711544841419,161.58352596177718,184.3358882821277
29007,2013,124.3,149.41788308745072,93.78471028713923,140.06352980382238,172.65926419912756
29009,2013,98.8,127.4344722388542,92.4202845283921,131.9355787406472,153.240017724239
29015,2013,111.0,125.11803909353654,84.9578046594491,126.43883688370742,157.88277901532774
29017,2013,153.5,141.46740324801513,111.07104488564242,144.73264648306753,166.19411339918776
29019,2013,131.9,144.58282550674699,98.73331746511825,138.2490896189828,173.80528589232074
29021,2013,148.9,154.57119521472455,119.56943647111488,149.19830717956174,181.43218020981908
29025,2013,90.0,133.68459620821287,87.72791611745119,127.49146628671222,168.10234418388893
29027,2013,135.0,148.2351160803344,103.72760847091918,148.53761392335602,171.44731956269192
29031,2013,154.1,146.31895925329513,124.00881677089738,149.82537544799868,173.75137343266312
29033,2013,141.5,146.58094765170512,93.97036296394931,145.11590911609443,164.88752750677133
29037,2013,107.4,124.42905014631624,83.76892516351677,121.88838903418318,151.32783259767677
29039,2013,77.2,122.590193341069,83.49297183044125,127.67055644339852,152.10960224601803
29041,2013,114.1,150.19505486887175,96.88640213771463,141.0244771294798,175.68648376376194
29047,2013,141.1,156.4828108317919,106.58244138008556,147.4568526642999,187.6969050422013
29049,2013,133.4,144.80371493703876,93.30509777831416,138.86816904430674,174.01142218203194
29051,2013,136.1,140.8243288285512,94.34531541583065,140.68968843833787,166.73268110565573
29057,2013,88.0,110.02406673607084,75.32308642637756,117.21314708168075,147.35977504875018
29063,2013,101.4,132.19408985363944,81.42760234776551,125.30583134680329,165.2103484415764
29069,2013,192.4,157.59758595344462,102.81500602680448,157.311178564247,190.47321629125378
29071,2013,149.2,135.89237264839832,110.1037053289617,144.73579521314352,169.7665522710816
29073,2013,123.0,138.28865342168962,94.82368099551941,143.4440556700883,160.62109434415135
29077,2013,150.0,120.82008580088919,90.47795891450772,120.71230939731063,155.2661147158248
29083,2013,84.6,138.32429543245215,94.57246687261814,137.22090730658383,182.24666267728617
29085,2013,118.8,123.56704321513816,88.86524088097592,129.8553340092768,154.64781048228775
29087,2013,182.3,160.57913949021287,124.42561959925654,159.18472780158345,184.22432790485658
29095,2013,142.3,155.8089396391623,106.59150866750629,146.4615096686591,181.7832358707946
29099,2013,134.1,134.0465563749953,111.98686677430054,142.25019072254895,174.83890816144293
29101,2013,124.6,147.86237694793732,98.57548959804326,135.36476237628523,176.4603332648403
29105,2013,109.2,127.41041233193039,95.55151732513137,132.9704614093299,157.95328320405918
29107,2013,161.5,168.08255513409205,130.50444841679854,160.95658614600114,187.2775346543503
29109,2013,88.3,116.69700433635654,83.41400414023127,123.54694073419518,145.02063157853848
29111,2013,104.1,137.33457839034747,88.13584883839366,133.70162021244323,167.4462542383909
29115,2013,101.5,133.8063702256193,83.1383795685955,129.7388789526961,167.3971256254752
29117,2013,99.8,137.46874630940042,85.92326787028095,128.8421522227243,161.17243102662007
29121,2013,109.7,137.91157586648347,77.46468472843713,128.86028581785627,166.81334760480746
29125,2013,130.0,123.33438260679021,87.25398873335682,127.96772829694629,152.9887058548511
29131,2013,122.9,129.27163881950509,84.20516003941938,126.63999943718322,157.39676407620465
29133,2013,191.9,153.64459401046827,109.857928528303,147.91406006742952,186.77069334183608
29135,2013,124.5,143.61498461956185,93.730829601727,138.30151245868166,168.03799692596425
29137,2013,123.0,144.72589225699454,92.58519954105573,137.58455821070376,165.86281883390478
29139,2013,122.6,143.87764613531002,102.43451427469235,139.6965080063912,172.30184405476462
29141,2013,126.2,127.35091934097662,82.2866369626581,125.17962696002397,158.9688360490117
29143,2013,175.7,157.42211150484343,88.19611061889248,133.75071860783927,182.42721146710062
29147,2013,129.8,155.88036686186192,111.19984710744903,144.6986804433479,185.41462707441997
29151,2013,143.9,144.00509196380335,90.09633909918486,144.36074828530946,166.8916848421336
29155,2013,173.9,133.39799782439405,86.90908727078848,130.81480222901254,167.41539533923657
29157,2013,160.6,153.4897792388044,120.78123350513282,154.994989710493,179.46650938950108
29159,2013,126.0,151.32236964798423,104.05710285867119,137.3536608629918,182.9473214942576
29163,2013,157.1,147.34081964163784,110.26794066396916,148.99285364865582,170.93462137651636
29167,2013,139.3,110.87008104925076,86.57939151838798,119.4807771618998,149.7111661018535
29173,2013,148.2,145.03391537880123,106.16734180702028,140.7452750500785,176.0986741081852
29175,2013,118.2,133.5597903755015,86.10698293294968,130.44024967502233,159.11667782956482
29177,2013,141.1,145.81678119163055,95.57073396184293,138.9681769653807,172.20494598268158
29181,2013,150.8,128.37020632600664,90.9559609888652,128.34872493224452,161.87996372508218
29183,2013,153.0,153.11689364943018,124.12060917418758,154.15405780820737,180.29166667263638
29186,2013,163.3,139.11116955745294,110.52773389999506,147.72582162008752,174.71276411418432
29189,2013,158.1,162.54880954185842,126.37134870597605,158.4937876164796,185.24806810095026
29195,2013,153.4,167.2730491125312,120.08636445994053,153.55618406497618,186.8819209878793
29199,2013,119.1,135.60863268425973,84.34803919772014,127.92174528383612,167.34234072309096
29205,2013,97.0,149.6611876526941,98.50923484152473,141.50569241408547,176.68933070533672
29207,2013,185.1,156.76379546432318,109.8688011477681,155.68458937607483,182.8237161193632
29211,2013,95.5,136.12384530953517,85.40648307888513,132.97135916049717,167.4089685141102
29215,2013,134.4,120.87063255943772,90.98964059674151,131.25989799403897,161.53916250619778
29217,2013,93.5,130.63900573447808,80.86612903848975,125.32975026273428,155.81316476998802
29219,2013,149.6,151.83221765927988,110.8751225530663,152.42044322275723,179.0110237376171
29223,2013,95.0,129.3221929590947,101.36585395894267,136.57852264813116,162.66033141701888
29225,2013,125.8,123.0076432448806,90.80286603695268,131.18949044733478,157.60595290945173
29227,2013,118.5,136.14118312531195,86.89589310826446,126.68242900526552,163.66003597367984
31001,2013,184.5,149.4055106035578,115.917461648144,149.35368862620822,192.49753321583688
31003,2013,186.1,148.3449791284933,103.68254927473528,151.88198019179603,186.95510210709068
31011,2013,181.5,156.27978186367477,119.00141732612339,154.96749797649878,188.7201839363682
31013,2013,147.0,148.93144212280876,104.08700673056116,149.06588475858405,183.438176124081
31017,2013,177.3,159.4302139368549,111.27092426573135,149.7959010442051,197.73792344779827
31019,2013,178.2,159.63040533830795,118.99717220033197,155.91860201903734,193.13313775313645
31021,2013,190.0,144.77541289579088,101.65570681579595,144.20693438726107,172.42117119262554
31023,2013,174.7,154.78587172088805,112.49961172320515,149.8504014644602,187.79978077610218
31025,2013,150.3,158.0089712994709,112.37185482184533,154.3382233987988,184.64404932487685
31027,2013,183.3,128.64483397420213,95.73673078857199,130.86788279623352,185.464495138227
31029,2013,169.3,151.2286905390653,94.65249110321648,157.7613809848398,191.4927530222871
31031,2013,172.3,163.74017641625838,111.15324136430321,144.21787411914875,202.06300177822783
31035,2013,151.2,155.05501731235944,114.12735884858667,151.67813815628458,186.87524178653518
31037,2013,183.1,150.12575653401677,111.09826701593478,146.11780922228704,182.66440106001562
31039,2013,192.8,143.52590691961595,106.12246468359574,143.11561574976935,183.24427676184058
31041,2013,168.3,157.16493502997426,132.11924670258213,157.3477307184589,193.48655305878873
31043,2013,188.4,121.70096091274034,82.414912110384,134.34627368194367,171.15801917234631
31045,2013,74.9,122.35730632842677,82.37447000868833,121.35841863289966,159.09899815039466
31047,2013,194.3,151.05515085439905,112.05760863438137,156.16842159451622,184.6279343713481
31049,2013,104.8,126.32724461490152,92.67719551594647,137.2925733605124,173.78383165733283
31051,2013,176.7,117.96600883925981,86.53844924035411,128.393521251126,183.04999044132205
31053,2013,191.8,139.46615154660287,106.43122847477575,140.94486324737647,178.06359384725687
31055,2013,177.4,157.68567033832878,119.15849137017749,149.96745902605468,190.808894685913
31057,2013,135.0,149.85537522838342,102.66201252106,151.05365073026456,186.4364090987425
31059,2013,187.3,165.3189037822073,110.54259433615597,161.66699216094918,186.96440205281613
31061,2013,153.9,136.3710717311635,90.35589053931923,136.26626882114314,176.33507202231254
31063,2013,98.3,116.00750926858106,83.40096472878211,110.64263238332406,162.39211252272122
31065,2013,69.4,114.2331621151322,85.64261753746553,107.06890300302518,152.80712828943552
31067,2013,150.6,152.28919981218922,101.78312218360013,138.551035989986,177.3856167518514
31069,2013,116.3,129.8877335598742,99.71796016746806,138.99719575794754,173.81920395710642
31071,2013,167.5,145.7541834213071,111.29718458220638,149.80764824216448,182.51541203747934
31073,2013,166.7,137.4867173195837,86.40769485478809,132.22518684545736,175.91106152844077
31077,2013,180.8,145.59983122531128,119.96673780487264,149.4678533333852,183.95071043681298
31079,2013,202.1,143.40172319404704,118.99823013404894,151.32195787550737,184.103181783563
31081,2013,201.2,178.91230195297044,123.10862988838225,169.835307404453,194.4424481257438
31083,2013,133.6,140.5409347555328,94.88049750876705,137.80545058116,174.70956899135814
31085,2013,113.9,122.1427658586407,93.61103988918312,128.80467208571469,169.37343274803743
31087,2013,74.6,111.0870447919373,79.40933198340053,113.47589872299355,153.5742898770365
31089,2013,190.6,163.23046959552929,103.58890510260449,157.05101970159612,198.25787249300305
31093,2013,172.3,158.2246895550096,120.35330850770602,155.6606010956464,189.90832872741345
31095,2013,164.9,165.30095699135688,117.94882952233083,158.21522301443397,182.02562018752343
31097,2013,149.2,152.10381772524707,105.53162334465956,142.04709599275134,177.0483889813271
31099,2013,191.1,146.5980893784351,104.62805519719161,151.0603831766581,192.98134733236452
31101,2013,147.5,126.17702418061337,87.12004541606774,135.18019452407785,162.12894042723644
31103,2013,177.3,145.85274702700116,100.2145121520747,137.09059702184143,189.7085085432488
31105,2013,111.8,111.46319514610872,81.52901348622858,130.77801784617674,177.75166332774103
31107,2013,168.2,133.9900313163553,95.11563925487036,130.51807560148401,174.85978902402076
31109,2013,146.0,146.4840447054316,96.69527725367487,142.11564651493933,173.0426418438123
31111,2013,157.5,144.34484554189638,98.07459899233464,146.3449056077219,185.04826493880216
31113,2013,169.4,154.34281387633092,112.34726198641694,149.2356141000405,188.62267826652953
31119,2013,175.4,150.3538331865908,113.56122587427559,152.80126050116903,191.33270064379798
31121,2013,192.9,140.89620487480627,107.44504639014103,141.62241678961044,177.66082119812268
31123,2013,163.4,148.74184524109558,106.1706621380857,156.62674412541793,185.2442995634895
31125,2013,171.2,143.9569802134659,117.73649757661558,150.1915623996221,183.59058565575168
31127,2013,160.1,152.5085250566112,107.76871033488459,149.49312201176647,179.85265069612672
31129,2013,155.9,146.04106361217015,100.3089106046673,140.33623361024524,176.4500693821637
31131,2013,131.6,151.90051272616608,105.62559215295055,146.19149296119946,177.3112749524683
31133,2013,140.6,150.98310330104076,103.05154384968733,141.11671200480896,178.59951898521462
31135,2013,114.1,131.87140297378775,87.86839543986227,131.31456382833298,173.66067304845683
31137,2013,199.5,171.2185431563801,112.83701999672424,165.28221167252497,208.4783164897492
31139,2013,178.9,134.35551117664275,98.0048790244583,141.60761007826454,169.94188715640456
31141,2013,196.8,159.456309805508,116.30301984646896,156.66429889355464,189.20031210303068
31143,2013,183.4,169.48695054251704,119.00165124770847,162.53300585564156,193.5659513167991
31145,2013,77.0,122.13550787169542,81.91249151722195,118.63232093933418,186.7099020946365
31147,2013,162.3,154.08359052233288,109.28969257838224,155.6669969780369,177.76584861548588
31151,2013,163.7,167.39024640150777,123.27637214718852,160.9437911465717,184.0857181379646
31153,2013,168.1,155.83640362340506,113.07957424449664,154.6705999314906,193.57862718719093
31155,2013,171.7,154.52693076581025,115.11119845880914,151.06392130817625,181.6201667917723
31157,2013,153.5,143.98539894114518,100.6784646096262,144.5461498216626,175.2148193883903
31159,2013,169.3,168.28066801339637,114.27244042143654,160.0741251472913,190.18132407544658
31161,2013,136.5,151.41578965897827,112.10053371282815,148.5212069891259,184.97966016920066
31163,2013,169.0,149.35284822334432,115.64513183994701,153.47990728381762,184.0502919244649
31165,2013,171.0,142.14677012150437,103.1789998819675,147.62698960508357,177.60429661667615
31167,2013,183.1,138.61061117968035,112.4015419131725,142.37849841276469,189.27273542211742
31169,2013,176.8,148.3588039682222,108.60417884084862,143.51117937730945,174.10791871343616
31173,2013,185.5,127.36225681703898,94.63350529973599,145.5089033671172,180.51599411241182
31175,2013,165.9,154.1497741717572,124.26983403143403,154.02092845524675,189.22445044128762
31177,2013,169.4,150.08428537477764,114.79573564545846,149.43494907719017,187.36517462384006
31179,2013,186.4,133.0183716735067,95.78757999185932,139.39848127327838,187.1211339996612
31181,2013,135.7,128.1341267973477,92.77601615396988,126.83934564460546,171.494881638467
31185,2013,201.5,177.6620916055454,122.61235922996623,170.8105353588859,191.32714966072734
38001,2013,90.7,84.73805550800326,44.086429554334565,84.59001604686966,124.14021150174209
38003,2013,105.3,110.10876447081647,51.455070927995436,106.87926205187132,134.54043605440154
38005,2013,103.7,94.79067281604908,62.23078188723632,89.73708004431337,133.80899702394177
38009,2013,110.4,104.73217593455688,73.49489001582434,109.78646713434556,146.07131664487827
38015,2013,81.8,104.87780364116372,64.50672016085723,105.94700101297343,143.08030152426008
38017,2013,126.2,108.1245655379534,49.01194567027227,108.20044657436048,142.16228303754338
38021,2013,108.3,108.74511528174557,55.397487000892895,109.63569787858073,135.80907355823342
38023,2013,106.9,96.33223660452097,67.42177848737855,94.75113625082096,136.3488414790065
38025,2013,94.0,84.5667037443121,53.5845397580411,90.69320947696391,124.83902940783801
38027,2013,98.5,91.01286098088346,55.5197283415081,85.10986937841591,125.63103615080814
38029,2013,89.0,107.09437870131681,57.84021277798847,106.06049345234943,146.6470780106335
38035,2013,121.3,108.42265780213697,68.74467064294772,108.11672446187373,136.77592417386455
38039,2013,114.3,101.90686864847603,55.11762098287137,93.69996300567102,131.09598057922983
38041,2013,106.6,82.6950248725497,41.808374950235624,87.55763110928343,120.85187707388812
38043,2013,75.3,119.04199604027711,58.0344554579775,116.32950679621045,148.89993788665373
38045,2013,97.0,118.9255351612993,62.093577040915264,123.05398826237511,143.06383448966986
38053,2013,101.9,97.21465148935599,56.391988065947984,93.50162240104322,133.78409666423462
38055,2013,119.1,106.27699200031941,72.69622634678409,114.84350738901178,158.8435762181581
38057,2013,108.2,98.9029616970519,63.902538597105405,97.96999651449396,142.51507891609498
38063,2013,107.2,98.02624747752257,66.74248121745232,95.74006078314524,131.27979893329615
38065,2013,110.2,103.50226227044298,69.0164714466651,102.8103683603466,143.64251091477365
38071,2013,114.0,93.52338811440018,58.349207914317574,93.38238451556484,129.87634078475637
38073,2013,136.5,110.61241634681313,59.10491463760279,117.07310452826849,142.11901608539264
38075,2013,108.7,100.35032448412468,74.23253344732302,114.71137805886376,159.4870957004694
38077,2013,135.5,118.74659714476235,60.38655490926965,114.91108320203324,147.4135309980225
38081,2013,132.2,110.48397649428837,55.3562414946213,114.26246974859,142.66761268508512
38085,2013,110.5,90.5772659810573,44.17037393151246,93.69321213992811,124.31762636115795
38089,2013,95.4,80.12473773530006,49.87157928340707,86.71891268916484,119.72517963766782
38091,2013,114.0,110.6468352513189,56.31501462412115,104.99209530275924,133.6077112202702
38093,2013,102.6,110.9814096282882,47.86274822812986,99.36410157545852,132.9581518088661
38097,2013,121.5,116.34392148163771,62.46388611374398,117.91216349654174,144.4405007329429
38099,2013,110.0,104.66121781869393,69.1415401214399,103.71744395804016,137.30333973310465
39001,2013,155.8,138.63177090591816,98.43419442623498,136.2007903739893,178.39441877736277
39003,2013,183.8,159.79316828280704,116.84092194427488,154.43420979388586,186.0877652658172
39005,2013,159.0,154.34284529783548,118.26988852245411,151.34880393677687,183.2756455416661
39007,2013,135.4,150.23892585223237,115.2494199190899,149.1860279648845,184.08998931832775
39009,2013,152.1,146.95088061911414,108.25168974708625,146.83979309076514,178.09433668967324
39011,2013,170.8,161.48515562625815,119.1485770515802,157.36067321747083,187.61293913187382
39013,2013,130.0,129.81281109085236,91.72910086087063,133.33716052526623,168.0009611855824
39015,2013,172.6,155.134627864319,115.53060695698052,153.22241055006637,189.32949609979585
39017,2013,167.7,161.38343657544104,118.78042397316092,160.66797338033598,193.0663461419024
39019,2013,127.4,133.72235624961363,100.21245964355005,136.55307720826073,167.7023333054022
39021,2013,192.3,165.98976078614376,127.35431997491419,161.63809436084847,192.7774769852092
39023,2013,187.4,168.90350470966953,129.3550372246433,166.84862080343206,198.29680515347184
39027,2013,186.2,171.74983532459834,135.04622327436903,173.28032916350006,199.53165472083344
39029,2013,170.6,145.8834000125715,111.69224165044186,145.88603633437123,175.1557306072251
39031,2013,150.9,157.05278363778513,116.33970428229243,155.32998069880819,179.1832003926309
39033,2013,181.0,158.693550012292,114.01591654127465,159.3601479061476,193.14878119924833
39037,2013,173.3,165.36728007735377,123.76770711170862,160.06655905164882,194.35236376726954
39039,2013,163.0,143.15364434518648,108.83669698386441,145.0641266781666,181.57621800501812
39041,2013,178.8,159.55016432753447,120.8692736219674,158.6874391958281,192.19832541417423
39043,2013,174.0,165.16446701234275,123.4491177497534,158.73074462805317,189.88312415265182
39045,2013,175.8,169.96702399427963,135.87631428232032,171.57656743320726,199.20410731119006
39047,2013,177.8,167.51772953521362,128.48627906092122,164.70970888525284,198.3455526254403
39049,2013,176.2,164.7709900546632,128.12274321814118,165.10772064930907,199.30596351815274
39051,2013,188.8,158.31981616187267,119.12037382869762,157.6143556645775,186.64959755794462
39053,2013,152.9,138.38842562825022,103.47391439848529,142.39455483825728,169.6274763494464
39057,2013,177.4,168.7720011516657,129.39638703806298,168.38707395343215,197.95903477368927
39059,2013,140.0,139.8612863768709,99.5631671449711,137.00371660968736,176.62911026328794
39063,2013,177.8,161.4255124295031,118.3396013429436,156.1227742823474,186.5020890342359
39065,2013,172.3,162.2483202768851,121.2402749809823,158.9052359065359,188.45415017736337
39067,2013,150.0,131.51002427744132,95.42699987438269,129.5035769754453,176.79573645762736
39069,2013,183.1,161.44070891804995,112.71164223484534,159.0821050346468,187.12762365426346
39071,2013,184.3,162.83370607782118,120.27983230892836,161.14847132643044,192.58558370804525
39073,2013,151.5,149.0416524737653,112.62824022866074,149.92751335772815,174.81251093504392
39075,2013,147.6,149.75452437785114,114.87107769654752,148.76819425619686,176.2558278151841
39077,2013,180.8,162.26368866837623,121.72773300818464,155.3921968899584,188.2633321645252
39079,2013,147.0,136.81087813351368,99.37247221004502,138.18162752951,169.8319262555127
39081,2013,134.5,126.1559399524875,88.04414803256171,127.42701817867362,168.02287637559613
39083,2013,165.8,151.59314878684978,115.32425507314339,152.30393553286822,182.55274466442614
39087,2013,162.5,138.59049295626113,106.47807115907113,143.12579000476987,175.64504776262453
39089,2013,162.9,161.71593265727935,123.90999601815606,160.2959859125497,192.88819818296474
39091,2013,171.4,162.29851585831466,121.65868733099661,158.81629606840414,187.8984245414856
39093,2013,141.4,148.0775679162788,112.48758617489587,149.12260610635104,178.6998746106999
39095,2013,174.0,163.15187275727138,121.03669488204149,159.64366012076036,188.58028169111685
39097,2013,189.5,167.74479524184974,129.802549464258,165.52505836584854,199.42320370433958
39099,2013,163.4,150.04678029286194,113.04490740771719,147.2235057637248,181.3773197072726
39101,2013,174.5,157.9273057313533,116.94087029759352,153.56042633458176,187.20063272233858
39103,2013,140.9,155.35492511007223,120.64577743166846,152.20047454108024,182.1154789413298
39105,2013,144.8,133.76219324033667,100.39033974229166,133.00648181846336,165.21712276818243
39107,2013,173.3,161.64815773569418,119.70602471626977,158.08946487773434,188.7933321692737
39109,2013,182.3,168.0108758386316,122.53992428432493,161.53164259722882,194.5017196227908
39113,2013,184.4,164.9917906999347,127.55496740927252,163.52976663500496,195.74379218936195
39115,2013,136.4,137.57571483753597,102.98122115604369,134.6812888161499,180.25471139848986
39117,2013,165.1,159.94549904126757,125.1735892282969,162.91843390169163,194.86704895845105
39119,2013,169.0,145.6721535693129,110.80139557010126,145.32265178996386,180.87892454659948
39121,2013,137.0,130.68542933620967,97.21286257003574,129.8478080093917,174.64997548146607
39123,2013,158.6,148.44539285396903,109.2891788065331,150.05061581550598,184.0124992407566
39125,2013,172.0,143.10831303005534,109.06252909619039,147.1352058956787,180.75225259197538
39127,2013,161.5,156.5565229070079,115.54506419890537,154.97773881409606,181.83571488421603
39129,2013,174.0,165.9539306859785,128.8697597235705,165.70422063567435,199.83422757598504
39131,2013,170.3,153.33084477697,113.16136935857132,151.70082501415106,176.64758323029452
39133,2013,137.9,146.6588750105137,113.39762421991013,145.9479335165647,178.73530285967172
39135,2013,185.0,167.52904355858183,128.85086256012391,167.76458811020996,197.62348053684315
39137,2013,188.8,154.33859935165094,113.71398920925976,154.04874165851479,185.1903940914487
39139,2013,167.5,154.04310758072575,119.0145829818989,152.47198624806052,184.69752118823214
39141,2013,171.4,164.21589706565533,127.33957738422531,165.7157727536204,199.80526184620106
39143,2013,170.4,158.94076931940796,114.4159503886061,156.41708374480578,185.8169480946637
39145,2013,157.7,152.93524229288596,117.53270740710555,156.2401186999453,174.10183885354434
39147,2013,164.8,158.51561245419674,113.46671562448866,154.09940270305609,184.59890787920062
39149,2013,172.7,160.54079565354,117.09232362779623,154.24214503358635,187.70536841637937
39151,2013,155.0,147.36158262420426,116.28979933759778,147.76680622906835,171.77913687900423
39155,2013,175.0,151.45439652156773,114.03739864752437,149.29281222063406,179.87361513842046
39157,2013,149.8,146.53608525989665,109.48155620342273,145.1750174013141,176.93377845093443
39159,2013,180.6,158.59535392654934,118.1613055118715,154.56193121256607,188.89820953432115
39161,2013,185.0,151.24196575076024,111.84441111807517,151.7524402519504,183.1819646286723
39165,2013,176.0,164.33353880769022,123.64109808749929,163.58559852449855,191.75189232734994
39167,2013,153.6,139.11660237514857,100.23916284119768,139.11850867104582,167.10269956408757
39169,2013,161.8,152.6205645273676,118.01167520604967,148.98724891266795,182.96848889833257
39171,2013,170.4,151.1890111304423,114.49257786652971,148.8317886055728,176.87808565183758
39173,2013,172.0,159.5464362313785,112.54567205327722,153.40872216928295,188.3834236758895
39175,2013,173.9,159.11784639120086,116.86832814976755,156.53436051610106,186.87689508132388
46003,2013,142.5,103.30574828143095,70.92773692448964,97.66342102665448,141.32270075035817
46005,2013,136.5,105.50501177068053,67.98659530978244,110.02203337963824,141.77427260706656
46009,2013,158.7,106.80908649076557,63.157980078865094,117.08921054725616,148.89630375558215
46011,2013,148.1,123.27415394139042,82.27548664214281,127.10197178331141,157.0274885565039
46013,2013,130.5,114.0802446489454,55.41259984231395,108.34841391758222,139.58626538605705
46015,2013,152.2,101.99655820637366,67.35753681287406,105.81562985517088,147.4032095725271
46021,2013,105.1,107.69893777127866,61.03844121441611,106.32515857195082,141.37140635624812
46023,2013,147.8,106.04688947948283,67.6022444167851,108.38228189806578,146.92778224351247
46025,2013,142.1,116.03434925148376,59.62044236135554,118.4133258232951,147.4083684261925
46027,2013,166.9,102.62361516964303,51.042209011367845,118.22402709700913,149.21600873485403
46031,2013,97.6,80.6784900522566,47.04955568462944,85.05113717563704,121.83802818568171
46035,2013,144.9,115.61306482752671,76.48279491528558,123.21271759168421,147.4471350980735
46037,2013,134.8,103.20452565881148,54.96124918390467,104.39824475689507,141.52796161608077
46043,2013,149.3,116.34153305376557,79.05717500839748,118.01660073471893,151.87106354261397
46045,2013,99.3,104.06051451664952,53.875673272173785,97.1900845696242,129.78564561416385
46049,2013,98.2,105.76368193465953,54.850827886220586,100.54301545012734,131.8385665621456
46051,2013,130.7,108.8290710627296,53.4635436350318,109.35307836898184,142.69666626393715
46053,2013,123.1,109.13702789348902,61.6988269121711,107.32610830840645,155.07084337446736
46055,2013,72.9,64.73916586224861,34.61803768396983,66.07536901980195,100.09597599261906
46057,2013,148.4,125.1828060591988,81.14113396317101,127.15794481832401,155.44343629060342
46059,2013,122.8,111.45407837249512,70.32210026363467,106.26759655989393,142.45839312230868
46063,2013,74.6,83.28100057447122,38.082867811398216,99.75966732470833,136.61727291469435
46065,2013,109.2,110.12764857142189,69.39459816034021,101.03894329067738,138.37887327209603
46071,2013,77.0,61.60173573410487,51.83905218164813,78.88147008503444,122.50082595120485
46073,2013,121.7,102.30493266627201,67.8510466685791,97.4014655550246,141.92197416085392
46075,2013,100.1,64.77175912344566,46.80617952311499,74.12779778393447,107.2663550031755
46077,2013,141.2,124.01800285394289,81.48923349934287,129.76477831772215,153.0592622510522
46079,2013,157.2,130.56605761155333,76.8141237719449,135.1581628687789,157.9324712845123
46081,2013,133.3,90.14423649549805,48.43929787271843,95.81128394788486,135.8317741798549
46083,2013,164.3,132.2630086774363,80.63409345496669,137.1126410447543,157.0961185094488
46089,2013,87.1,92.00211990949501,46.301413897912866,93.56152845708502,128.60572651074602
46091,2013,138.3,113.34254851375914,60.49520420371039,115.65020932714695,144.47406920032586
46093,2013,63.6,86.61205021892864,31.81270684629615,91.94022786407385,132.1994430460461
46099,2013,164.8,144.40338937735518,96.15710742155163,145.34021516488633,177.39849833316538
46101,2013,171.6,136.75960812732356,91.75546423840412,137.87756744480447,165.12537147229966
46103,2013,68.5,70.2457713089314,45.37882574534125,79.49624667331061,121.87056615728119
46105,2013,81.4,82.34737536918597,42.87063687644075,78.51275933384134,113.70356836545953
46107,2013,103.6,107.08098193166349,63.582298723910796,103.68015974460653,141.23385948834388
46109,2013,130.4,108.77655940856768,55.1264274325481,111.56906186791329,144.06596327908346
46115,2013,132.9,113.12790315628072,57.0794730353951,109.93535726167394,141.99394881583243
46117,2013,69.8,90.12662357058905,40.89987690484115,82.47085312287119,129.5595779795467
46119,2013,133.0,117.35485412820205,77.81213863797443,116.98369529384146,146.5639298563437
46121,2013,100.9,123.3851507383712,78.96360222570927,121.08537223848691,168.65807851853197
46123,2013,108.1,87.47919194412773,58.79075625969445,89.84009602012249,131.48149534703737
46125,2013,168.7,126.29312495423783,70.24919418373794,127.65993505500349,151.79322522269894
46127,2013,167.8,119.57330958910421,84.80381046813073,134.89789515157187,163.73350943928347
46129,2013,117.8,101.20996680426799,53.36581491213131,100.60523023855625,137.44760479401924
46137,2013,61.6,68.44776154103737,17.94842193757615,73.25810028697953,111.71838962595025
48011,2013,188.7,172.8470913972931,97.24569472783251,160.88408558653,216.74588383372787
48013,2013,83.9,70.90794216068481,27.83336380541018,76.73055220570723,121.16449525177796
48015,2013,91.2,67.70576742935772,31.136454374635072,62.08127733653902,118.49487915728112
48027,2013,94.6,63.82905489506443,37.64177143027927,68.77221867430413,108.97674870503718
48029,2013,87.2,68.82586459812616,23.968412861363824,70.54346190075385,114.54821864274152
48051,2013,92.2,63.31526498651984,22.331307699175063,63.10046886747877,113.26609684923704
48055,2013,74.2,59.41425566658564,27.075015230488155,60.816334834403264,113.3581911581017
48057,2013,88.3,108.68024161459277,52.84399406490094,107.71805927734142,143.51789259569765
48065,2013,204.7,166.14207481683601,108.30679848155543,172.78726142790882,210.92990699043435
48069,2013,216.7,193.93609025324605,104.16344886807826,183.08724350522468,229.684118732123
48085,2013,91.0,69.31493161416003,35.546407254500174,73.28339790216272,113.88063707976099
48089,2013,82.7,79.50039551949521,47.85086136922192,76.25344732854266,124.88733082813388
48117,2013,198.5,187.91534549562985,122.99164510716743,169.2766882528569,237.5457394433069
48121,2013,52.2,59.13998792092911,26.689593668125987,62.009983824660104,105.39705169760454
48123,2013,68.0,58.069968776254676,24.14338447158383,59.396404274610354,115.76588378002462
48129,2013,221.0,158.52379798688722,84.07545948601175,149.4608261639748,215.96689784735855
48139,2013,86.2,64.50512599283107,31.286516548484705,65.95884662260254,108.12243155234891
48145,2013,94.8,63.46833249696389,28.376533325469694,64.58159836763761,118.402072844287
48149,2013,53.6,55.182348553409064,22.411047245623763,61.683878170973124,113.25650070578772
48153,2013,195.3,176.9781103637293,123.71537000294272,169.291023199173,233.4330642400921
48157,2013,97.1,90.87519990836243,43.733664900688794,84.25490517228683,133.99178201243222
48163,2013,134.9,105.78922418977692,29.923410755200067,90.73951330497708,137.9215305600638
48171,2013,44.2,85.52086398868308,49.09824062668454,77.4611050542123,136.73856485124767
48177,2013,84.0,63.01042812648749,23.288569452026593,62.418613532675465,115.58375074408526
48181,2013,92.1,83.39193436368268,44.40745754990209,79.98562076432958,127.75813657273379
48187,2013,64.5,57.055968222326975,27.20841382939264,61.02073132813008,116.826586369434
48189,2013,182.2,174.5328109611573,109.13585351375568,171.85563928846116,204.9723804474262
48205,2013,222.8,194.09354103536964,118.57858565588661,186.07666749222767,220.85742334933184
48217,2013,97.2,64.00255034252818,24.36279532540292,64.78697169707651,109.71072965878659
48219,2013,154.0,181.0451194847912,87.40916958640696,167.2078420052391,215.20891936623457
48231,2013,102.3,76.82674378720951,41.51541046636628,73.01028533770102,125.23371673129071
48233,2013,205.3,200.48685044861872,126.1535134078619,187.4002354768007,232.2278821474614
48239,2013,77.1,93.86993184156537,51.4114326410875,88.00208491343449,137.31108533779235
48251,2013,85.1,62.102940068795455,24.187254545219893,61.76234332518034,110.9542599391183
48277,2013,133.2,90.04703212983235,39.4952527049036,91.46977580507881,129.22248677771557
48279,2013,190.4,178.53936583824478,97.54908492829583,162.85846694909088,197.77217314745002
48285,2013,65.6,64.13933867838246,30.49198722454777,56.16362983043896,117.9475606075683
48287,2013,58.9,60.297532788217744,23.086187269703053,62.352148213753374,131.05801138777866
48293,2013,82.0,57.36180846231677,24.58198396078376,60.33029302022993,113.97450223102344
48297,2013,55.0,51.181870852636784,12.33623753894858,50.29618733110274,105.94855719346346
48309,2013,89.2,62.05738323119814,23.880614958643598,63.00510857709428,109.2692919325044
48321,2013,89.9,86.88323194407384,46.3868472507951,89.09883874032619,129.10675656491176
48325,2013,117.1,82.56039475522876,36.36825443483855,78.03960841404447,127.74101413079758
48331,2013,91.8,59.093697177877175,30.99452472904253,59.837683238763155,123.21536452012245
48341,2013,220.5,190.87365328419872,100.88421415935511,177.17635880821447,216.28660921374103
48349,2013,92.3,64.88373764227826,26.00068904216704,62.577760942194544,113.990341256932
48355,2013,35.5,70.41800325598531,34.68201070720583,60.4219673354952,122.23210917284953
48357,2013,201.9,175.544134198802,105.62292600601656,157.76222826221488,212.64307649695837
48369,2013,179.1,190.50438150578924,106.64669256886565,192.3317878458211,214.966106545687
48381,2013,143.0,175.7146851062392,118.26526522419626,176.03044534699112,224.23824608305728
48395,2013,114.2,72.28637765428195,31.719034654441487,68.7110702538719,120.16313277345775
48409,2013,41.3,71.53100849366294,31.848215076929527,72.51463249132114,126.42430261780991
48421,2013,206.5,199.5837824068192,125.34918888333523,180.7718397771412,226.42695321371718
48437,2013,162.2,179.53495417153655,100.13977991580713,169.01659378351835,228.22442319208756
48451,2013,175.0,126.81743810475142,88.29498825756353,117.8862965836127,166.90756034497127
48453,2013,54.3,51.62082668858004,31.256902946558732,57.17828093137918,112.64289700963117
48463,2013,131.1,118.01890876570448,48.53850476762787,103.85872038984121,144.23755970224207
48469,2013,80.8,89.74182417220682,56.29597063405281,85.18799231974182,135.1408034439538
48473,2013,99.4,73.32905327352782,44.8756214117184,70.51107477892866,123.04603277041483
48481,2013,94.7,96.05221127905413,46.71830298002773,88.71527407028087,137.68211887792245
48491,2013,80.8,62.58834761879771,33.828358755192276,63.252000518879434,117.44550518135036
48493,2013,92.2,64.4796622460316,22.234674312459966,64.43285927553472,117.91992978592407
55001,2013,109.4,139.2109407043673,98.33141590240807,134.30628459118088,164.83598976724028
55003,2013,115.7,137.03259035125527,95.03156898430576,129.79086798097126,160.53501249370288
55005,2013,109.7,128.76730521973275,89.34316719096911,132.15987736680862,155.8892485514511
55009,2013,149.5,135.44144137376801,88.85645342032318,135.00198321832497,171.9599998636009
55011,2013,141.0,151.2509757110855,114.71028320392246,153.3389477768846,179.13323876798654
55013,2013,85.3,105.83713890055729,65.36984727382571,116.02917663185661,150.179928013572
55015,2013,140.2,139.75113150460578,89.5364118553541,143.6834165387791,172.56613167179802
55017,2013,101.9,134.58492523965788,89.12117967844424,137.95087899214715,158.95429160661882
55021,2013,157.9,152.3941842242483,114.54989494904372,148.13297487811744,179.67731140877692
55023,2013,144.8,152.91458606387184,117.57540568617135,150.21546252351476,183.77940476362164
55025,2013,177.4,151.553960897167,119.78977873946737,151.27078425210863,180.8010972465534
55027,2013,163.0,163.95650702107085,126.23103528303612,162.7333765791611,185.89506371094484
55029,2013,161.4,126.05461267514768,92.74089666195101,130.37587957145865,165.34146435427112
55033,2013,112.1,133.71394710584966,93.83290103381276,138.47031408529088,162.64661804185477
55035,2013,130.0,137.25977786853136,91.5906403561751,138.0372553710623,162.95668733371815
55039,2013,166.8,147.4040581266086,114.99235893246522,145.76019740927507,179.35863087705155
55043,2013,179.3,154.61947073525937,101.64729815223392,150.1374049329137,190.2103728030005
55045,2013,157.1,152.09276935384895,113.16425676669341,146.53028030029046,177.7424134375314
55047,2013,151.6,144.83591494743598,110.86695060702398,138.34444250381347,178.42012882147498
55049,2013,158.3,150.3137981579186,107.76545038983814,144.79193217168256,178.65201652966846
55053,2013,123.8,137.0370644907794,94.82220347686699,137.24204690563923,165.45624778979595
55055,2013,164.6,141.72917890248704,111.86285820768613,143.1409331108316,173.43007652459994
55057,2013,101.7,142.62250874495984,99.58055979106142,144.42062870924502,171.36761366817564
55059,2013,157.7,136.9097974644564,109.42069302183812,141.6597690436583,170.4666266002189
55061,2013,167.4,140.1058971341358,101.60122982684373,138.6189246977842,168.30978069169163
55063,2013,149.1,162.0172303646825,110.25218804117635,156.18121307135127,175.10570383372698
55065,2013,169.4,156.46295230298293,109.90868837842235,151.0756629249452,186.50754748597257
55069,2013,134.8,130.65750739022604,87.75687549642356,128.24789765676783,157.6658174970966
55071,2013,150.9,135.60613081126698,92.97909001954092,136.00674085764115,164.0828420224342
55073,2013,126.5,135.7466658527624,93.7097967733479,132.39386320349905,160.58957897938313
55075,2013,145.2,124.55023433238117,93.1760753896379,129.34240741013895,165.3270881231175
55077,2013,110.3,124.44798096745767,90.80938055644557,124.78479119263766,159.59123241761478
55081,2013,121.4,145.46222037322426,96.96219976180177,140.7915275539228,170.80102186877377
55083,2013,154.4,136.12103483815665,93.12108090619753,133.51169384383448,166.7995514193865
55087,2013,153.8,142.19865099550572,105.18748855019486,140.1885459955739,173.47773573831415
55091,2013,134.8,141.68360046752574,106.40310344445855,148.108325514596,170.79212284593632
55093,2013,140.3,150.10429131684464,113.18083408047981,155.47938502330015,185.3352489713012
55095,2013,103.0,124.55204651967738,81.71152338564302,130.3765605490578,156.1688116416217
55097,2013,135.7,133.78132392605684,84.88531030721408,131.27059795655842,164.6185461597367
55099,2013,105.2,127.94233653873027,80.36792477729648,127.48685519542107,150.34246377664527
55101,2013,162.8,133.41257275504978,100.06300271756574,139.59302458514443,170.958479040829
55103,2013,141.9,146.9147152674726,107.97269823861127,142.2219879995533,176.33836266224785
55105,2013,168.4,153.34944048764126,117.83331448928145,149.68090556361565,179.12814882199564
55107,2013,106.4,126.90396114564685,81.86092540777045,127.66775359711214,155.04961452133824
55109,2013,84.6,135.41865517388783,92.40506428687979,135.8415476128714,164.7133501359565
55111,2013,154.3,148.61993267723358,106.66974585090286,144.4912047857026,175.44927540016738
55113,2013,115.6,128.98242201567135,79.10276816613374,124.11841209786049,156.19563048459696
55115,2013,152.6,134.48225206484958,92.73388067753707,140.10862245112364,170.94237533904135
55117,2013,146.1,134.80988763263562,99.62431668021036,137.6769230682447,164.82881945861538
55121,2013,122.4,142.58670899985702,99.53323920078911,141.23617739868206,166.30623629946086
55123,2013,138.8,158.48248769454543,122.69142269533434,156.28906497142367,188.9019530834018
55127,2013,161.3,150.36542745012022,119.85365699813231,155.7946902629538,175.41424976760499
55129,2013,81.9,126.7363529168988,78.9842286486983,125.15495264368087,154.30546473160803
55131,2013,132.9,135.28682219537663,101.81995702626564,132.77024226185566,169.32200879514284
55133,2013,153.3,131.68099901892117,98.30406547126623,134.29138083171264,164.6728832829968
55135,2013,151.4,129.81780254044332,92.60838454807977,133.6248753327806,165.04721014527337
55137,2013,143.5,138.30331287893935,93.93126607461073,136.26156384983327,164.38959354151046
55139,2013,155.6,142.45995187111234,93.98108642267309,141.5815432121448,173.30392549992786
55141,2013,98.5,136.37541834428632,88.88588152824224,133.22647463527215,160.85544431353708
17001,2014,202.4,169.23505752811468,146.5333169991843,161.8616251088212,197.34425063323542
17003,2014,192.8,149.49184446944435,125.60950278580259,143.75210915045022,171.5882929251011
17005,2014,182.1,145.26600500798494,119.20878833707302,135.07070933516295,173.26726226458905
17007,2014,191.4,160.19136242481994,140.78474275481062,158.44788555605265,190.94222068648133
17009,2014,196.6,165.80693851581137,139.41896020371684,158.6917475981645,201.72365828839781
17011,2014,196.0,169.81142856917543,151.3046462695969,168.9980133182085,202.76818621336716
17013,2014,198.2,161.2719793170997,137.3427372964943,148.59093383425525,181.85808111290078
17015,2014,196.1,170.77009785648525,144.11255024208205,164.41428091667828,206.22247324414965
17017,2014,208.3,178.92512375183586,148.44235883127837,176.2024666703706,206.30285180166123
17019,2014,216.5,171.8331759355078,144.3918031882394,166.63598446368067,200.05731570806094
17021,2014,217.8,181.6847969005775,159.2817031416034,179.45996546444493,209.76968127448686
17023,2014,198.1,166.2037963096428,131.4625588257812,157.68374410320317,187.91949351981907
17025,2014,173.1,141.5637908129573,108.92081769542553,124.92503756092351,157.63175654840367
17027,2014,192.7,145.2978794759056,122.25774969321921,136.97758158978567,175.37979481230767
17029,2014,212.6,173.6636161829097,140.15571592265312,167.72196050918978,197.71158615408896
17033,2014,184.7,154.7852407806579,126.86706977048979,142.81364457103817,169.84146477706113
17035,2014,196.1,156.16776534096087,118.31395800673333,145.03067188522144,176.13664911875648
17037,2014,194.1,163.78556268446297,145.3557778634083,163.07642403406732,196.76042165343137
17039,2014,221.0,172.96255784732142,149.10653224958483,171.75721450257086,202.06808022127223
17041,2014,224.0,179.72708234791722,147.55557207840724,175.19250452439113,201.3877880408927
17045,2014,201.5,169.73202755741107,141.7732648992451,164.91685215092843,195.11795932298406
17049,2014,196.4,151.56909338852768,121.2262825005318,133.23149657927925,171.3772534420281
17051,2014,180.3,146.09845831739193,121.99973207511152,137.8413518174216,169.37177075442742
17053,2014,201.1,153.22149204730513,126.90299651649306,149.56242227757872,188.14388293955156
17055,2014,160.3,134.91100423036235,103.16931686262436,127.8904436075274,159.95851172295835
17057,2014,198.2,175.40668588245882,150.08237926609675,163.90523261285537,204.9672515904548
17059,2014,187.6,158.2772830997677,132.98156651865304,154.10951449899048,182.5099676199365
17061,2014,198.8,173.63935257511835,145.70835427520947,164.61550210299282,198.89079756367053
17063,2014,205.1,158.80406701228145,136.194655504043,155.62610902947245,192.3723569986726
17067,2014,218.5,174.70478047769677,152.59665713238968,169.62528846675673,203.76849669450053
17071,2014,207.9,176.87034733609795,147.40895293290626,169.55755473988717,203.0829128441066
17073,2014,194.2,172.66187906537203,151.0174687290457,171.22437105585072,203.04518429455075
17075,2014,186.2,160.78263661210244,138.44894166295828,154.37645285416497,189.9567961955401
17077,2014,169.2,153.31561260866846,131.80864310408833,148.29807445326622,174.46240613701912
17079,2014,185.4,155.68430056426044,121.84753233844833,146.34810688640144,173.720005634391
17081,2014,165.2,126.71979739506222,100.46129965226487,123.03503171063944,159.36970551051365
17083,2014,199.9,161.59524122437725,131.8087372999098,147.7492170616961,185.3542739109865
17085,2014,183.2,156.12854831560773,123.05737387792405,145.4975611249603,179.6143916914145
17087,2014,142.3,131.43419564128743,96.47937321958415,130.53748304378814,156.83709087975365
17089,2014,185.6,165.2008114450446,140.55672426325617,160.68507825062113,192.06783610224022
17091,2014,174.3,154.73129825050492,135.9153788652833,148.34095641106154,189.28173884844063
17095,2014,201.4,177.9343449478916,153.45114225336522,168.14041729025035,209.035709369183
17097,2014,151.2,136.95411980760375,110.28530892299275,132.0952304996439,163.2292123996502
17099,2014,197.9,167.39285802482772,143.42975759707426,165.63500313335607,198.53757521075127
17101,2014,177.4,153.1959983408913,128.24807800685005,145.44979535210567,176.8341374141854
17103,2014,181.6,162.0553029412972,141.1172730329313,158.87123600257274,198.44806791139405
17105,2014,211.6,149.96339199426777,128.14557144367015,147.91127487889835,188.05676374914268
17107,2014,230.8,178.9491901673199,162.0549097062085,175.75551760649643,208.43768706652367
17109,2014,211.6,179.45109345170602,156.99956050622566,177.8926944249335,210.04051145459226
17111,2014,184.3,155.14079879680233,129.90609386977238,149.72893931620513,173.89950312278813
17113,2014,218.3,172.25664413626802,145.04897207712162,166.69374543234278,203.37993493058661
17115,2014,236.0,171.3904945577209,154.2562627923228,172.50268894257238,202.15733871163582
17117,2014,199.5,171.5764624870165,146.43003801743544,167.07643911507444,197.49091283043526
17119,2014,191.6,168.37523021592125,144.1345015657961,157.84242598468094,185.54589214992117
17121,2014,183.8,144.24591372972708,109.22971581566433,128.66067334879168,168.87789567274905
17123,2014,207.3,176.8488230851501,155.44755955995896,175.91411412047472,205.47790251502374
17125,2014,195.7,156.55114435560026,132.49694063807243,150.74995933019153,189.4468353443089
17127,2014,163.2,136.979185556375,117.20281882082976,130.395876641667,164.4691600519962
17129,2014,222.7,180.69454160255756,158.5888182628835,176.67522663804397,212.14381360733478
17131,2014,193.5,173.26594383680668,144.7495078079212,166.43338709527393,203.50714545292527
17133,2014,181.4,151.74103837375318,128.85640021875574,139.92602209424652,175.83153120051358
17135,2014,205.1,172.49669378379141,148.65518800127361,161.61064088512975,200.82350038626936
17137,2014,223.3,179.31691599731673,156.60669720294467,177.50748858113815,211.63221863087978
17139,2014,223.3,177.31760998572497,146.2032780096319,170.0579534051792,200.9180842994178
17141,2014,193.4,166.68597827060063,144.63288046760928,163.90584362125173,199.1518616142079
17143,2014,208.1,171.64087902673162,145.59835641941504,165.05985619628663,205.66115961224548
17145,2014,146.1,136.18014816790884,112.57573440886512,131.7419174081593,168.9895658405042
17147,2014,235.2,179.17471048766586,152.69198354217087,173.68484109256804,205.20513210189728
17149,2014,199.5,170.9712431576398,146.93553480446036,158.46835127636754,193.1858697249888
17151,2014,160.1,134.8539601347928,104.24231792622983,131.8112501866233,160.03084021890146
17153,2014,177.7,137.40071648418365,119.34189588002427,128.34859962431926,160.71257323040328
17155,2014,194.8,175.1165933946969,150.8947422443749,171.998794904365,206.39059086271246
17157,2014,181.4,141.62228264408617,122.25245307475319,136.2328974864561,174.8911019458791
17159,2014,181.1,146.45536076845036,117.33370596630571,138.50294332914612,166.25700548566996
17161,2014,185.8,171.8682786233893,147.7725210544931,166.14812635597656,200.0134492661106
17163,2014,173.0,166.09850255671304,140.9082568309743,150.68766717139826,178.28890511560184
17165,2014,176.7,145.99500413201466,119.44726013139154,137.1633043958541,163.89599622865845
17167,2014,226.8,182.84192094702686,160.4526476069979,181.50982273569963,210.851740564293
17169,2014,204.1,171.2502296241774,146.4219817312326,160.2755313208055,207.3427125515561
17171,2014,201.7,173.405639592993,149.0291195487509,165.93279107494615,200.61667377373786
17173,2014,206.4,159.78975695380524,139.21616745324494,156.8336803956444,196.60057013419222
17175,2014,207.1,176.0065985746633,153.03402905908126,174.5986329052085,208.73312867543206
17177,2014,192.6,158.65783920477827,129.75571320905107,158.7801136736258,187.83217076670553
17179,2014,224.4,176.92016394502022,152.20712714081824,171.77422557496408,206.5974698774795
17181,2014,185.9,138.65875130955254,125.21128841891121,138.72924941035706,173.0356979765525
17183,2014,204.0,164.41865132873522,139.24998722707969,159.47544826073613,194.75201300599
17185,2014,180.0,163.39551461091946,132.2920166324336,153.33438132646282,178.77093372995643
17187,2014,216.1,178.55247409121645,153.0680779923356,175.09479779820578,210.02019683292852
17189,2014,184.3,151.9008257157772,127.20747938968498,140.91647213935178,181.04747437576074
17191,2014,184.8,138.53948582754637,109.94814301192528,128.4492967546332,158.66635989995774
17193,2014,196.4,162.39568549047675,128.21790630763383,154.6756797284318,178.33273637918623
17195,2014,184.6,163.2002350729414,143.18824880718262,158.47096803240714,191.53577173803427
17197,2014,178.6,153.8472078867028,133.74585790517705,150.59104320579613,186.1981795174768
17199,2014,161.6,131.34486093318668,96.90274729110985,116.59556085513844,155.13734825681541
17201,2014,190.4,158.36138991410027,135.9362890574553,152.32669152027268,192.36710980402916
17203,2014,217.5,176.10127290652807,144.63781351462623,174.4594433272196,201.67997380009055
18001,2014,183.3,154.93841273081918,132.14109959497853,154.599816609001,181.63246292538173
18003,2014,185.8,152.4568121895152,135.06012402468886,149.85438610880905,174.07716966224552
18005,2014,200.3,163.2707089932462,134.83889940367746,158.35042503867635,191.90797339707515
18007,2014,202.4,162.06037973868519,142.35682133822905,160.50502398160683,191.1089364837457
18009,2014,157.1,153.77142673382448,129.94022892034093,149.96742354191153,182.41384684548888
18011,2014,200.6,167.73462111633165,139.33279051134815,162.56280990111026,191.09821373091418
18015,2014,205.3,170.28622007517467,144.86271070014385,163.00121765668032,196.3643134800164
18017,2014,195.9,160.35160091323374,141.31592972728993,153.52126698773515,188.50049035432426
18019,2014,173.3,134.30042320646447,111.40875255014711,132.45391163219827,164.9969734676519
18021,2014,200.3,161.6742372463516,126.88757239043213,153.98778276761666,181.84234090079792
18023,2014,214.1,168.60691536679806,141.8542527325045,161.1449362035703,193.34773148689985
18027,2014,210.2,161.65329178476915,126.5726075485916,154.57699654973024,186.83163573806783
18029,2014,165.9,140.49534974147596,110.74264284189161,133.35435610370786,168.741923874544
18031,2014,205.8,162.26773043825239,134.34304349857737,158.23213319545667,190.03596083780877
18033,2014,164.7,152.68887553166016,127.60007233350933,147.99605531439047,173.5405719963814
18035,2014,174.0,164.33139818259957,142.31666627200366,158.84258957692208,188.98447041998355
18037,2014,190.4,138.5908846552549,108.5915522342422,133.7074344427622,172.00008380911908
18039,2014,182.0,158.07536967324282,138.0121666191579,151.47106143213313,181.01462562408503
18041,2014,187.4,161.36777404680885,132.54183891958806,156.93062254310982,193.0165114430238
18043,2014,152.1,131.21561226788134,95.99754927102511,131.65447264804618,165.83484841145628
18045,2014,204.8,171.638337200574,141.78669478932582,166.27902010401613,193.564483896356
18047,2014,194.1,155.50132011813594,131.09185633228972,153.42839003424106,188.04059683228544
18049,2014,177.9,155.39030321745088,132.58068774819384,148.16953279639694,172.45886293593443
18051,2014,195.3,169.80131059740532,131.6100705819832,158.0667088399882,184.75999084971926
18053,2014,185.0,160.49046898673885,136.1692469445217,157.03572486519337,188.89439309251534
18055,2014,186.0,154.56838353871314,122.94293906215862,150.1562844342516,176.29376289333442
18057,2014,197.3,163.60321558964102,138.9333705827689,157.47343413246273,185.48063077402662
18059,2014,188.6,162.0490842584989,141.67095483271294,159.31710978205336,187.62631069549005
18061,2014,178.0,136.73199624098166,96.07689356287676,130.8558132789287,168.91993442498432
18063,2014,198.5,159.66424696136184,135.95892556190637,157.00924563908825,185.72859413370065
18065,2014,192.9,162.2175879844144,140.95848066177598,156.66138617017526,189.43531504421517
18067,2014,200.6,164.04850641508452,142.99599055580018,160.24174798538158,195.75853031245592
18069,2014,185.4,156.40415910381353,133.25514043274,151.0776773837006,182.44216514487098
18071,2014,171.5,155.9695142164182,126.44043628117385,152.07709194074667,173.9080217007567
18073,2014,174.2,152.621082886781,133.85386273700803,150.46938214574402,178.02334893904663
18075,2014,169.1,144.21117296545117,126.17746626625097,140.9120267555929,175.23006436248468
18077,2014,188.0,145.98672094722693,117.71856401285554,137.6705075228032,169.6853602534021
18079,2014,186.6,149.7051643645183,119.77689962453752,142.21589557839783,171.5909593891106
18081,2014,186.9,158.678328219801,134.73059392277796,153.8638652863413,185.05923161269945
18083,2014,194.2,166.68981360618764,133.81225022094858,161.72799851709695,185.02920163088186
18085,2014,173.5,151.72216002431313,127.98415999819434,146.49349967314419,173.4367518873576
18087,2014,151.2,141.85891545585432,119.0041247944447,136.87464166057072,164.90813088913632
18089,2014,167.4,151.34123973486248,126.49148064298066,148.34365870807324,172.41489372707656
18091,2014,167.9,145.0326588827337,118.81362250711409,139.68451676155377,167.2031043329868
18093,2014,190.4,144.93008774213712,105.68787108986011,137.59583065310557,172.5166778831351
18095,2014,196.4,164.21791935114956,142.21478775231182,161.20085718535483,188.9531211114215
18097,2014,178.5,160.13541143874957,133.62487597343667,155.5698625894144,185.14199254232656
18099,2014,183.3,159.09117681834422,135.45040410512584,151.47656002150597,173.22820379164747
18101,2014,188.5,153.19223211236707,123.46288785043876,151.8927054274712,175.57145110797563
18103,2014,176.5,158.90134710101344,139.10434002414036,154.07960834027975,181.82794730156942
18105,2014,180.6,146.17910984286516,114.65144152365464,141.11479342257047,171.58121330293844
18107,2014,205.3,170.64885728919924,137.99676842689794,164.75649523532985,193.65564174846958
18109,2014,197.0,164.64726326958436,134.04327661890306,160.64449242354715,193.93770300550491
18111,2014,185.1,159.34689814316832,133.19201364796663,157.0879941377314,188.3894140144387
18113,2014,168.8,150.28345624080558,130.08090308811236,139.8091040547477,168.2283070767077
18115,2014,182.8,145.67024570656304,119.12964440622905,142.47997450814466,177.28524762816497
18117,2014,196.9,146.6721658545842,106.23254672281145,142.5300056662684,171.8780903919628
18123,2014,172.5,142.87358048831666,116.38903500412344,138.93071179743185,167.22266853319422
18125,2014,170.7,152.33759501765144,123.2651648340609,148.5412928108365,175.53409297766103
18127,2014,177.1,151.27539987575688,130.7016263345125,144.9003355483528,172.66621997946578
18129,2014,197.3,170.92432661756538,133.56789786469037,160.91934608908,184.47644913854828
18131,2014,155.7,153.8324162082574,131.47363114989014,148.39818278689995,174.57577401359558
18133,2014,198.6,163.10737056277156,135.3384038915072,159.18105143171593,193.4510150021898
18135,2014,179.6,161.60919071454003,135.2389148047187,152.78808894480554,186.83346060287
18137,2014,178.3,145.3624200181817,117.69158199161927,142.51286704637315,170.0331509849383
18139,2014,197.3,159.92323837273776,135.87836975566807,154.3251568247332,189.70034606213432
18141,2014,160.8,155.4821827588008,133.21057712432045,145.74288853459342,168.82803716630923
18143,2014,190.7,146.54995995459348,116.0876275584358,138.42444452528906,169.13193791710637
18145,2014,187.9,158.61171066993353,132.50013902986674,154.23345297666447,186.62948310775124
18147,2014,174.0,148.47481945728083,118.55789945145855,146.4216714333538,169.4092630078054
18149,2014,156.3,135.73675183402253,116.39794128172086,132.3104163930106,167.0011385984713
18151,2014,160.5,141.44218155207784,118.72958466364626,137.10784664320386,164.70476072030786
18153,2014,196.0,161.124681648966,130.05418063807687,159.27371780437514,189.45547570731884
18155,2014,164.1,138.02849274069996,110.93545552882766,133.6698099357055,168.98134538120107
18157,2014,206.6,168.19545997612934,141.50834053694837,158.51324435817182,191.88529896409256
18159,2014,214.9,169.72501989755233,143.83649303860128,164.93196395933217,199.02559082528234
18161,2014,200.0,161.74396594649534,136.9358377743523,157.51552173147368,190.81735392421044
18163,2014,188.0,165.27734086681292,133.87713003374648,158.30482416849443,179.7424629057039
18165,2014,213.6,168.81118931064861,142.53915728057706,165.73499300052453,192.5403631850146
18169,2014,181.0,162.6564089859705,141.62841861527497,156.6273247483943,190.13771493417107
18171,2014,209.5,162.87388116194276,140.24138587079128,160.6954870445021,192.49392101816875
18173,2014,175.4,149.94169209646003,120.36602918200762,140.47195845956423,177.10833384005946
18175,2014,180.0,144.4532789783167,102.57003273247551,141.12982439702395,170.4572983014171
18177,2014,185.2,154.25402978535524,134.70841164902845,149.2194062627572,186.53472685691764
18179,2014,189.9,153.20486804864123,133.6409236114146,153.97363857748266,185.5233211125935
18181,2014,194.2,159.51596279491704,137.00264551224106,156.2138053938865,190.69744506629795
18183,2014,183.1,156.6436809986486,127.45445866921736,149.82886043118557,174.41597221220653
19001,2014,169.3,145.20009218175105,122.65277627197136,149.9786567865799,175.28134872442092
19003,2014,169.9,159.3947930989865,142.75021548357307,159.11891076263285,185.07063736150047
19005,2014,175.6,158.1583002801863,113.78034877344308,153.42101849741107,183.81027467837083
19007,2014,170.9,143.60045275122874,113.23388873998285,145.8588463299087,178.11245075294178
19009,2014,185.5,167.74037033629983,147.55713432128698,164.83054646837098,188.63065673414718
19011,2014,185.4,176.86615560734728,155.3453030465417,171.26333996306687,199.90458746342057
19013,2014,165.2,179.3575436092875,151.53099874809604,172.77344007892134,199.71612485055263
19015,2014,180.9,175.22459839481462,153.76052484419117,171.90555423066007,190.68306627418235
19017,2014,159.0,177.08665772908398,150.23072137487088,171.51290064931376,200.81419368178246
19019,2014,169.3,173.6085869588942,147.66311339811145,170.82036282295212,197.82206475500294
19021,2014,172.1,176.1686432724449,152.3956251146159,175.77129276766027,191.45554596095633
19023,2014,167.7,175.80219589657096,144.36921742347863,168.83409453931583,196.9134350605959
19025,2014,189.6,180.7468999493894,156.4780660110997,175.0963054895729,193.68398057710513
19027,2014,188.6,178.1860167833448,152.90378789774593,171.54732097680514,193.7122286149426
19029,2014,173.7,171.4685888729467,151.3087640623012,166.98470114051386,191.72867741991155
19031,2014,184.1,173.71990847164398,152.40952564994214,171.47689621387488,196.42999546830657
19033,2014,168.3,177.48898621796408,148.69400220297894,166.1887200196553,192.95652882520602
19035,2014,183.6,181.28396912217437,160.72754670660564,178.04753799679222,202.28160323747306
19037,2014,157.6,172.7193183442528,148.21174809152535,168.2715514249518,194.28645829520013
19039,2014,162.2,130.56241873131447,99.03164134425298,137.09189780083815,170.80215353848448
19041,2014,166.3,175.86877724084923,153.03782779178633,175.44063662407032,191.27483970260548
19043,2014,176.7,166.38652707469637,125.1401956454147,152.87620305287115,191.20064389040772
19045,2014,197.0,172.97907124020136,149.11733011316824,167.94226665921087,200.03203000835472
19047,2014,183.0,167.50992079674376,147.25699239721467,164.41874882220367,188.55718216029135
19049,2014,195.5,170.20682617681527,152.85307868133168,168.83450101513674,188.52003720500707
19051,2014,184.2,143.64231662365455,114.98385125563007,144.35567539653138,179.8125107417138
19053,2014,164.0,133.03006087054194,106.8842544625963,136.54849689416827,173.4781317294346
19055,2014,174.9,168.98707390945205,139.2912324530675,169.02136767097966,182.9766234958088
19057,2014,199.0,165.3638955056338,136.6573746463589,164.8659673356304,200.6100321241572
19059,2014,157.9,177.35495602317215,157.10862521785896,176.249775545137,198.06963073272485
19061,2014,184.9,171.50891497042474,135.95968645645627,159.1726083460197,191.93466385547114
19063,2014,165.0,177.92204550846347,153.4649483862361,172.6785883399791,191.79817189361805
19065,2014,170.9,172.22970470778782,145.676277928601,167.68728798418454,195.99481160271898
19067,2014,162.8,176.79012983894523,144.1578495395141,166.3616169983243,193.11163739653364
19069,2014,165.8,176.22672500281928,147.58023306464298,171.29895974971484,192.27724036944994
19071,2014,191.5,179.81574896485253,155.02231705363226,170.81861530935396,197.54294676507826
19073,2014,181.2,176.1152184088332,154.21477442460287,170.42883967037795,190.34720746222555
19075,2014,182.4,177.8533757282363,150.981423733408,169.50772287545817,200.08164531566203
19077,2014,176.1,166.68548008435326,144.93771865241715,164.07188203736214,188.3235176972744
19079,2014,173.1,177.91148600779928,151.76358975422232,170.17582242881446,193.10986390140232
19081,2014,173.9,178.93879531551562,148.87594907622238,170.7243150904662,191.01754712286493
19083,2014,166.3,177.05817760212474,151.47507060614996,168.85094931124544,194.06687005631727
19085,2014,161.1,174.17089658498583,150.3715610921053,170.20662167060368,192.9082491836939
19087,2014,196.6,161.7919094471582,133.30169926628588,161.25970067592652,191.7102418946871
19089,2014,164.4,166.1890467785029,137.9752389322009,162.97310253084837,186.50864626520047
19091,2014,176.9,176.21006633651987,156.50030526092644,172.76446234808344,192.06028514404855
19093,2014,189.9,178.87038869385563,154.77300635078998,173.83914245053614,195.1535132856461
19095,2014,192.1,166.04801278589218,146.4887309261014,166.10382364603151,191.87170652687394
19097,2014,188.9,165.00335847880208,130.33289467593596,154.63475691842925,190.8085314933442
19099,2014,191.5,171.8852420309318,147.33866532669666,170.093200301706,194.41676368785872
19101,2014,200.9,152.93277343071702,133.96555956972765,150.52316616525076,185.55026126065428
19103,2014,184.6,169.15157271542435,145.9210605058078,166.79551219598682,194.21833317662612
19105,2014,180.1,174.07842585182863,150.48913782297691,171.61779878791543,193.87960735899176
19107,2014,193.2,161.15655247861508,139.1614619752448,164.1612844170866,189.68253738102197
19109,2014,176.6,176.6443147933626,151.58937120978348,172.38710376148703,188.86646716886733
19111,2014,200.6,160.64840737322618,124.80132742166779,158.9194832952834,187.60727346526016
19113,2014,176.1,171.07295405457575,148.64565305391895,167.5847076916644,197.59070009532093
19115,2014,188.2,164.68402954377927,132.99230305561252,162.41534163203767,188.77901715721214
19117,2014,153.7,131.68700642959533,99.13924466167535,136.08555413934795,171.79085493395294
19119,2014,172.9,180.5676270982295,156.65134239045332,178.41173847166635,203.02559037599087
19121,2014,171.4,161.92077562730407,138.44164660522685,158.7943646038647,185.16120801658974
19123,2014,189.9,156.12920058604584,137.36933287014094,159.5350924683952,187.49239259404538
19125,2014,171.6,147.23171765757104,125.74328339700949,149.02945280011522,180.21569974605978
19127,2014,190.5,173.03345736573516,152.37408268183128,170.98493249701937,191.04022053389855
19129,2014,184.9,174.17764863995816,153.7350067143292,168.37850540850454,193.26100908167308
19131,2014,175.1,175.3565694967388,148.05868436372106,167.29765963836326,191.4695532699841
19133,2014,156.6,157.6411224578397,124.6213712164373,158.6917097490148,181.40838156483397
19135,2014,175.7,143.20883024802058,119.45064592349718,144.3925446595867,179.98457464308686
19137,2014,163.1,176.1986467566537,155.74608489525173,169.3825726468783,192.8180449507357
19139,2014,188.1,165.52428141363114,135.5352654403133,164.7439576047289,186.50274056657196
19141,2014,180.3,182.63169049094284,163.80359127259734,179.36466152651715,202.56665863882813
19143,2014,175.4,178.6266077434179,159.7068110601465,177.36801263863572,200.24700693837556
19145,2014,182.4,173.3693383150909,145.90028289725328,168.1571845772946,192.60562248709059
19147,2014,164.6,177.32707965920744,155.5464963529281,173.74563544287253,187.45177448599097
19149,2014,187.3,177.6400680442083,155.48066784573928,174.46789345381643,202.75592844831843
19151,2014,174.8,177.99103650188002,158.1663897059263,173.20972619427522,189.50048182880874
19153,2014,181.4,173.3147592326214,151.07975142724348,171.90671200343357,191.1511048395794
19155,2014,169.1,173.21917934397146,151.72277564787103,168.80962540294033,193.21131802427732
19157,2014,188.4,155.713554989937,135.76425495544206,156.58981068399228,186.20087852381909
19159,2014,166.4,140.6117514611883,118.39010789061469,142.84776342151955,176.50916256037897
19161,2014,179.8,179.42290969398186,156.94621334124136,173.70883310736454,194.13853835281185
19163,2014,194.5,173.65092028009988,151.12460018106174,173.02819205650437,201.77196609625625
19165,2014,185.2,169.06241989851165,151.39630335971188,167.34290213137103,191.8786671525055
19167,2014,187.4,186.01280329821526,161.46520108392764,183.8088267681306,205.50014358517467
19169,2014,169.9,174.67846425880296,155.18867182930157,167.99437566510858,188.27562436680958
19171,2014,182.7,174.09705216536523,154.40809386824344,170.71535993471085,199.00689035093507
19173,2014,178.8,148.29234225960963,130.68102192846484,150.81371048412768,181.03072921808234
19175,2014,176.1,148.01279791102775,130.2283903010038,146.60426768986423,182.6323380489871
19177,2014,192.2,149.6745169051485,122.1674854173724,146.78400829626932,184.59756728462884
19179,2014,195.2,154.3802784439484,130.71601222938875,156.45059336787065,183.09573484707192
19181,2014,169.9,146.28697912663867,125.08660408066308,148.56155018306677,178.35302622681772
19183,2014,191.3,160.95552395099799,137.73179598381324,164.49187054897325,191.9243869582981
19185,2014,171.9,136.2282145900757,107.47512956249828,141.2889783808391,175.3477437829605
19187,2014,190.0,182.30523686652828,155.0312056221266,173.8123542722294,197.21147131232107
19189,2014,172.7,179.21989804899835,147.18615588856733,171.1177202088623,191.93595211511695
19191,2014,174.0,169.53773908547922,137.26722397825108,162.04559274460627,189.94148850395035
19193,2014,177.5,176.83285076696538,154.7617926036788,169.1866355671774,193.15330576457612
19195,2014,181.5,174.09744396915607,147.53147035905417,163.40075789178366,189.93161027667796
19197,2014,169.4,177.8692495810335,150.00980402107197,172.1744719968765,192.17633221342487
20001,2014,150.8,99.77602758510484,73.39363513015346,99.28717387720613,129.97469227499903
20003,2014,149.1,98.60208159820066,72.44340802920452,96.57536652237712,131.91711927396756
20005,2014,183.8,145.6875790517381,124.65924029101112,144.93993637541774,166.08977644971893
20007,2014,152.1,119.23212385575575,96.31876177692439,130.38547857195087,169.8015183024907
20009,2014,175.3,119.44753625575035,83.90583071512303,123.91459398985353,155.78727700046673
20011,2014,150.2,99.66285262156899,73.40640292483802,98.28939185979709,130.13164495217836
20013,2014,196.0,161.8023341212504,132.88932259371524,159.97923984247,184.4053115227069
20015,2014,124.8,88.89273652944703,61.78209017810234,107.11999316976471,126.77995792786207
20017,2014,125.1,92.18223744533607,62.91225134003032,104.19555977119566,130.48540387081346
20021,2014,155.8,104.24253664968472,75.35808708163464,109.9740081655954,146.28842620299739
20031,2014,124.5,96.13305857913619,71.85024211423475,99.25223156362415,131.55720851645225
20035,2014,142.6,92.6034520888713,74.25981975648072,96.25449590714672,135.36067979212083
20037,2014,155.0,94.52230159851977,69.19219320226085,104.24930698686987,135.39566297741206
20043,2014,209.0,167.57622616701173,144.05594691944745,165.60559605454216,194.02898830399096
20045,2014,152.0,112.03648532850896,90.35496105884314,121.51051747193071,149.85604175865436
20047,2014,184.9,143.75018165218873,107.75971444504404,148.4935432997527,181.8660189238467
20049,2014,155.8,81.36359981601363,58.06169145578447,91.80916031604264,119.75307123989865
20055,2014,166.6,160.23470588091382,128.58070746113205,171.76759813604852,193.99817887500606
20059,2014,146.0,97.11962390889906,68.46064260584038,103.11490802014832,131.7177190786869
20061,2014,137.9,129.1969761165877,91.72429740695513,131.51354914555768,161.10980186740295
20063,2014,99.4,109.31846300612742,75.56678206745809,119.40203547493127,156.03412432741203
20067,2014,198.7,155.07384329441385,119.78679162135143,161.15366248240645,192.1612472747924
20069,2014,211.7,173.85961182578734,127.7719500539022,170.1844799133862,203.01077364374052
20073,2014,129.2,92.68189365261121,66.34833364265351,102.26169857237275,122.64478476815854
20075,2014,136.8,139.37395235470026,111.60523364507515,159.5013748213605,190.45492159164425
20077,2014,127.9,111.38751540616754,89.4820610698612,126.1402955590745,176.28901185803403
20079,2014,134.7,126.47294094574184,87.2918071224587,132.70715445662432,147.4374843961132
20085,2014,152.3,121.98604781197083,97.6834365743486,129.82952585834386,150.33319281160507
20087,2014,166.4,118.0465389063664,90.76246098957337,127.2250340871017,153.689668292734
20089,2014,143.3,140.87295613800677,100.77587353310243,141.0933220657897,161.02369412089064
20093,2014,169.7,156.61949797114596,135.34862085613935,167.11880681674353,193.7673124416387
20095,2014,171.2,134.96316359787835,114.3546992564011,142.3432381173438,173.57100677009706
20097,2014,202.6,147.3221582002079,120.66337934875261,159.39033505439727,186.4578519235276
20101,2014,173.7,114.68876486571276,90.76695199283564,136.4299906888755,167.28804862698527
20105,2014,88.9,91.82780301030243,52.208812171886265,111.14624998124356,147.80887241880419
20107,2014,157.6,103.25153177527986,75.103321397498,98.81432906838329,135.98667703684592
20109,2014,101.6,100.03982428421165,73.45509241673352,103.02906251401963,155.6124388963019
20111,2014,124.9,100.16600296384964,68.84753123756418,112.87407601543092,131.91215317054167
20113,2014,146.8,139.0160745146892,90.44287638994108,139.99311958034974,158.98650550669203
20115,2014,100.8,80.14890278774432,58.30939059907689,100.32170132315304,123.18970982182933
20117,2014,130.8,123.88638859327591,100.1738310284961,129.64648347887322,164.5352056911001
20119,2014,211.7,171.28621524693023,119.2977687987653,160.0541168317296,196.85648794456836
20121,2014,158.3,112.10361150584119,90.0024879871469,113.69320257177355,144.07131796544132
20123,2014,103.8,122.56684106077712,82.90027654845773,123.86392583728967,158.39275353522856
20125,2014,145.2,80.93568140188181,58.648963710345356,89.55684473877216,121.17579567614654
20127,2014,106.2,98.4042413868958,61.56391860868813,108.50360244050928,135.42148593137625
20129,2014,179.5,145.40656084977272,123.80141234348787,151.90365058938505,183.2007352514343
20131,2014,140.2,139.73066050616407,114.26613645299766,148.33540570453746,165.36821334178393
20133,2014,134.9,95.63399115067928,72.09496734036742,98.65182917965464,129.28216661992116
20135,2014,100.6,84.03936606803589,62.442963385626015,95.28796392628784,147.57716375024395
20137,2014,77.6,88.52254253062974,56.743117572451254,99.14097907875448,152.76338486087198
20139,2014,127.9,100.2500652578003,62.61414141522813,104.77268918897013,133.3051992360485
20141,2014,110.2,117.89868258107823,72.98828326627147,128.72684529173236,152.08690121440972
20147,2014,85.3,83.53569342852202,53.70444050557314,98.33827623937937,147.04443395047883
20149,2014,136.7,143.9005660118733,100.2114029985322,153.73207175913836,162.56851066393335
20157,2014,158.3,153.54874372872024,110.92041804863892,151.97483559094732,170.93740406916913
20159,2014,132.0,130.25098400304952,92.72700810315024,130.6449349115504,163.64372727803408
20165,2014,145.6,106.50100980174007,79.00317787892877,112.05088139772528,145.83231028815948
20169,2014,100.9,107.09781997444497,71.11440434261162,107.47088627117434,147.5568873188957
20171,2014,150.7,123.99395497351502,99.71755208815405,135.16159036131873,164.36922211552132
20173,2014,152.5,119.90778039465708,89.57283665629103,129.10089739748784,164.1608901244394
20177,2014,138.7,127.20616572783017,91.97602902169842,141.22741018466817,152.09151746285124
20179,2014,119.5,143.2416765327699,90.63234727512017,142.43801379197154,167.00911440192027
20181,2014,157.5,135.6662050100467,95.34545619695614,131.4195548404191,161.59647354559098
20189,2014,186.5,158.80203977878026,125.0917707601142,165.05038477669598,190.90807266842944
20191,2014,121.7,98.84239613151374,73.8919188067467,103.10835905455178,152.43116449049228
20193,2014,125.1,132.3566728912896,92.4322464656465,136.96407922158298,159.63075734169593
20199,2014,138.6,117.34688758478106,87.28942566594912,124.25880278687218,154.81416396461418
20201,2014,116.3,117.35057843884495,81.71248612448979,125.5055922798121,161.59323297482436
20203,2014,137.5,133.4081990837391,108.02170782849481,131.67112976669551,176.99994050776414
20205,2014,144.4,94.99212865600869,67.591301457077,97.73446878036324,121.22707027621566
20207,2014,122.4,99.94901035834185,73.00243391013916,100.30047149236105,128.01811835687465
27001,2014,81.6,129.55015712849826,95.59423266881798,122.24865692494083,151.0871904810666
27003,2014,109.0,117.31970697550169,90.64849906743767,120.79709772099616,150.6995288447908
27005,2014,116.2,127.44687588281205,97.89220366554417,125.7674184948731,149.93434172017075
27009,2014,90.3,123.26454224350496,98.43484525615146,121.66713083605052,153.7122928889397
27011,2014,155.0,133.6940020724423,113.6682702607686,134.9057312513577,167.6171382999203
27013,2014,158.2,166.7336000093356,126.50720406017803,166.38308624114583,188.13171037115842
27015,2014,168.2,168.64425127183617,137.7935139331751,168.56197017762418,191.91948702332775
27019,2014,123.4,160.1969041567377,139.339907619263,160.6566783152333,185.60432972285332
27023,2014,164.4,160.99137782168398,137.3713202362059,160.77223973554965,186.5879813529883
27025,2014,113.7,121.38180126588036,97.84159208910242,120.99725137392151,145.86062210319105
27027,2014,131.4,123.71835595034618,101.92155258125845,125.3645004571872,156.30146609628872
27033,2014,175.7,170.03504671048665,147.29821273778043,169.6021967250387,195.06122843885768
27037,2014,168.5,141.4635562731836,119.25126678051409,143.10003441672814,173.89347809100718
27039,2014,185.3,168.2419989055549,143.61519776222636,163.33878936460445,193.03816244431673
27041,2014,137.0,130.57691926347732,100.97385832300057,129.15126158762237,158.97189143915992
27043,2014,164.4,171.46477738730567,146.49428500065991,175.68207361628413,194.31584754879546
27045,2014,176.1,158.22205713281699,118.12101919014887,153.55407911098555,178.01593262723077
27047,2014,167.3,178.3926105639023,141.84378788761043,171.32746264838474,189.62164063404165
27049,2014,182.0,167.59978959756023,147.90502098585193,166.1593313737861,191.37063873399148
27051,2014,144.9,138.86355980974642,107.20446093358476,137.33998389776724,164.9470178441493
27053,2014,138.4,151.31032327133104,131.83456421659403,150.79451919258855,183.11936175096147
27055,2014,169.4,156.0382106429889,121.50631678950978,153.1945178973522,178.6657367406658
27059,2014,98.2,118.94985570335416,92.25539899846282,117.03944030954598,143.2423571030159
27063,2014,167.7,176.12366898987514,148.27311470317565,168.74743164355831,192.25514761438689
27065,2014,118.2,120.64493266901225,83.55177314773027,119.84758439844002,147.42370499014825
27067,2014,150.3,140.14046064141593,115.88587269913324,143.15139247526773,166.78951118077072
27073,2014,167.3,156.18093457907156,130.99915332737822,160.52607644571444,181.95637079349638
27079,2014,148.1,158.89725729455012,125.93094713499531,157.3327604394594,177.57936732510922
27081,2014,154.1,158.17281387634526,137.9029357239127,158.30105497001966,185.36776681186205
27083,2014,152.4,161.81964960478234,134.2860946676457,157.74842754626582,188.69331151846814
27085,2014,128.6,166.57019066938494,137.20851274057156,164.22457172846475,187.68694001984534
27087,2014,122.4,119.86006998610762,91.66149460032568,117.08020873962606,144.77336169452101
27089,2014,119.2,115.05591988462342,89.20616330527896,112.75047378844543,139.29452955209
27091,2014,168.4,172.4838014415789,143.74800600929163,173.07153806228646,190.42899054697838
27093,2014,145.4,147.00213385839515,120.74949653082984,146.60006615455833,172.3638938153132
27095,2014,113.7,129.50849378354866,99.40747220202302,123.58076996766329,147.28660807413678
27097,2014,117.3,116.01926109630837,87.87677916428646,117.77326323696322,152.1691911490826
27099,2014,175.9,156.6094809855584,124.77437080388447,156.24080341404692,180.21285693860915
27101,2014,158.7,175.42523030131784,144.97432557281664,168.8134800387468,190.4123175579688
27103,2014,154.3,171.01641045732651,143.36836341484067,169.10126087021678,195.8276358055438
27105,2014,157.2,169.82362446096496,146.5167802621842,169.52562271573626,191.3991751694834
27107,2014,125.2,118.71299165980037,97.78690929531678,116.5366473402623,146.92999879139668
27109,2014,185.0,153.07176935170992,122.57645685781557,147.00006498456676,174.98292719233007
27111,2014,128.3,126.99504256463577,104.03421989422213,127.91169365382346,152.48077602400838
27115,2014,97.3,123.40495268625833,96.72835268467877,119.67638013259891,138.35162853955876
27117,2014,145.8,150.08469780103658,124.23602579330984,152.05539014002014,170.88631015434706
27119,2014,127.0,111.57917838727721,91.14152686024728,115.64301048392275,149.68035217277387
27121,2014,157.8,142.51914500338685,112.62244769678728,141.84805893232613,167.8596306932395
27127,2014,165.8,167.74888066650104,139.6370976975201,165.63047576768474,194.27759882324298
27129,2014,150.9,165.70700115929213,141.07252250570502,165.97197771321405,192.60841870637896
27131,2014,157.1,169.47991204645234,144.5075760436018,169.2768791336683,193.51952494766942
27133,2014,155.0,169.36204413551735,149.68339536914388,168.07014685380764,197.7486971344829
27135,2014,110.3,106.76874089459338,81.22800034344422,105.2063617465787,134.7083475963109
27139,2014,137.9,167.39339079818032,137.60469628716473,164.11870113857535,187.87819158503999
27141,2014,128.8,129.09566448431028,94.57323112834338,130.05096948124947,155.24638574984584
27143,2014,135.7,170.65436379821034,142.28853863151906,168.6963396054709,195.36990608394018
27145,2014,133.9,120.8711572756225,97.27945149713257,122.89787084810962,157.31081121314307
27147,2014,168.5,170.54908930915946,139.74814707213247,169.76151395586908,189.24166818653927
27149,2014,164.3,147.66366953689857,114.74756019131985,139.91408649347986,170.96160577048866
27151,2014,157.8,156.15858961074105,127.51924301273368,156.29171185683015,185.91944404161958
27153,2014,100.4,117.53803032364327,92.90350876574554,118.09803756096564,149.91127288305293
27155,2014,146.3,140.23531775481624,110.53579281797326,137.52677789964383,170.78742570894863
27157,2014,178.3,166.2513903262233,146.07001352820055,166.57783620381267,188.40264214757988
27159,2014,126.0,124.91157130382634,96.18900343517284,118.75913863358988,146.3287556140241
27161,2014,160.2,168.47328284572936,141.18314968069762,168.5516277210877,191.4166191143841
27163,2014,155.7,135.15845840158704,108.32972434675852,136.69827343645406,167.51534348053815
27165,2014,186.3,169.09369491586912,138.25251592895148,168.68358333129476,192.67530199457235
27167,2014,136.2,124.06374286267484,104.32258890180177,126.57593836969198,158.42238970562218
27169,2014,175.6,157.8726367794964,121.84156023427045,155.42243670602994,179.2221807143817
27171,2014,129.4,153.32070609928815,132.63660799484558,149.92149824349005,184.26601571034362
27173,2014,153.6,160.3977644096403,133.3803591812161,155.31072506176682,189.38727762212997
29001,2014,179.5,138.03752100972048,116.18739138636967,142.7282215101265,171.22650359451063
29003,2014,171.9,158.50365149389668,130.40204163449596,162.20094564792515,187.6271789906315
29005,2014,192.2,168.49984480853533,143.9182351971752,168.04673961062647,190.82832884172205
29007,2014,185.5,138.52146146510552,111.63470312655792,149.4355491006103,171.87815028051563
29009,2014,143.5,116.6108439684448,73.79504224693441,125.2466257845155,146.0387465970608
29011,2014,178.9,120.40688046428156,88.49320922428713,126.5289619060103,150.41048263617452
29019,2014,187.8,141.27045004406344,102.73609641868131,148.9785997852499,156.87582256523686
29023,2014,174.2,143.41198301723713,115.5841909213744,150.58216708545362,168.84857713127806
29025,2014,184.7,142.0984745843451,108.42830795818097,145.29720698388977,168.4082599901296
29027,2014,183.9,134.75945930722762,106.82702341387987,150.14275599644208,161.61403097877692
29031,2014,157.6,142.71690456819962,131.02185933605307,148.3763117521829,168.46565828462917
29037,2014,179.1,138.13189601270204,97.36961213809428,136.9595941911348,152.0643843686623
29041,2014,187.8,145.14133051293283,124.75408815700561,156.80275623487478,172.1420365024609
29043,2014,138.6,114.68975578486332,75.40753028580222,124.90767766173643,141.2803955155806
29047,2014,182.8,156.31318132692584,129.25020859551006,161.63493509752698,178.637410935871
29049,2014,183.6,146.64279024853263,115.39340847758712,153.54776235595753,173.57586338956287
29051,2014,178.3,132.44613559369574,99.70176820531084,134.02411849971205,154.67149867555005
29057,2014,167.3,106.95688662919312,76.06578431157818,112.66949770146564,145.51166578084107
29059,2014,145.0,100.35748417552281,73.22132482283841,111.30944838542828,136.80878879646403
29061,2014,176.9,140.0797769170377,106.61961649149652,141.40116784952093,168.4365712911748
29071,2014,173.0,136.35189737987125,103.31547650211986,139.98695409952737,157.41511838259447
29073,2014,159.7,130.41262192483737,97.4896025768577,134.83062023103582,151.06463434131015
29077,2014,132.6,103.22851568438932,74.03742393492789,113.7383786983747,142.26500451459873
29083,2014,162.1,123.3419302772787,101.26439807893827,139.51930218840263,175.06518162856167
29085,2014,167.3,105.26497946425788,81.36535621856288,114.82237353530815,141.2055752917205
29087,2014,201.0,171.20902843145035,144.90015174504524,168.84369314086658,191.0571968364236
29091,2014,170.9,118.94590391364324,83.84013576070038,125.17405008726826,149.75811867621022
29099,2014,126.8,128.07928140408188,109.72877602915872,135.43317918219353,170.6555658221158
29101,2014,185.9,138.64656430511417,106.42599394497192,144.0089443268559,163.75129690842942
29103,2014,194.5,136.00003716608626,107.68115216327215,143.97130722795762,171.7019623856083
29105,2014,126.7,116.70977850279137,77.78634073289398,121.60652758943418,141.35454576655945
29107,2014,209.7,163.65199250888406,139.27710776880483,165.96977757411176,191.38553352111876
29109,2014,144.6,103.39977526232448,81.385356321446,116.59761798067026,137.03230025350229
29111,2014,183.0,135.91205626303608,109.88027235054132,145.336595419677,161.65174166269645
29125,2014,166.3,114.41565359627334,78.70908451404384,119.03917957332673,140.9586047036574
29127,2014,181.4,149.34818382998927,123.35059878406392,157.72320803911649,177.84050972440318
29131,2014,175.4,112.26123799273512,77.90193361117858,121.49680974132605,137.28953249779195
29133,2014,196.4,151.95742803089962,115.67211634644087,151.44369013640105,191.50731741141993
29137,2014,187.2,135.89750475842928,111.68916008675194,150.98188933186472,156.516553644128
29141,2014,147.3,124.27848760294589,89.23565031921365,128.98909286142228,152.64970241431112
29143,2014,197.6,153.82153099607544,99.49877998310548,145.64317689128688,181.2741843812085
29147,2014,194.3,154.23214783542406,135.3383908197164,157.21406973837028,182.40720977231052
29151,2014,182.5,134.0582984507343,96.5389874571543,137.18004366938405,154.05679423677557
29155,2014,179.2,154.8516422219431,99.63780826167837,149.90547221429173,174.0232206952822
29157,2014,169.8,146.24790917142923,126.21673110786244,152.169825504043,175.8822023459443
29159,2014,187.5,140.35623798745888,114.9409904992578,145.6117740379156,180.50326001003893
29163,2014,192.9,147.71424113626807,118.31219191681988,157.95365047430474,172.74504466191408
29167,2014,167.8,104.29961731340249,74.12848899062992,105.55735282500255,138.7744518590252
29175,2014,171.9,129.9091718865886,104.28970135567462,143.4613306605151,153.42608461298744
29177,2014,191.3,149.13140314166216,121.68802442625983,155.03765632635665,168.56977246377738
29183,2014,179.3,157.92404481385418,133.8002305298412,162.40556895060863,175.25864821267683
29185,2014,157.4,116.12988864407943,91.88128162045514,119.48139281406115,148.86428113228465
29186,2014,191.5,135.93268246536383,106.07153329910665,143.53900596140411,161.63404630909045
29187,2014,164.7,135.17856068795533,106.65886073746175,132.18651852309938,156.20079723614145
29189,2014,183.7,157.7658755306399,138.79582386338228,158.30119748343077,184.5403711676636
29195,2014,207.2,165.9564254285334,142.95075264057968,165.92088715634105,187.6107530695503
29199,2014,179.6,136.0729480266874,110.5973451982909,142.7840119271073,171.0331478241467
29205,2014,184.0,139.51289773210226,113.76965563428666,150.28478002502638,173.34270400696235
29207,2014,190.2,152.62209672827595,113.76899710402292,157.91964139594396,171.3247902010307
29211,2014,162.7,138.9664239755756,115.37080647351885,141.24497396571618,171.92945891016873
29219,2014,187.6,143.4251652372093,116.3876610331477,151.87449052778075,167.53431873445686
29225,2014,122.2,109.56005523062964,77.87345489194739,125.27373618723814,145.20216400028636
29227,2014,190.4,135.53488613827733,115.03418228471726,137.98602701729786,174.77286834278289
31001,2014,183.3,172.09386854041995,145.79067522282975,175.61672551441504,196.55007623740556
31003,2014,185.9,161.1316811218065,121.91560694370776,157.12388283114194,193.32260298539782
31007,2014,90.3,126.17640998983892,100.68121168230677,124.9494922700462,163.21353493752142
31009,2014,154.3,156.27279121395486,119.26048670016479,158.26008090514227,191.46155078662343
31011,2014,193.6,163.39458070841155,147.6969563894133,171.47848973141473,198.90103892727694
31013,2014,160.0,143.52532076816257,117.32543589642431,148.24236813057698,174.87348910735525
31017,2014,193.2,161.7085161456977,114.62066892324665,163.97871014523426,192.36069561562988
31019,2014,190.8,178.54143449845046,143.4878295928809,180.6252942030853,197.03624273154654
31021,2014,171.5,173.10245150384168,151.58273922070745,172.77015681862096,193.6588993749276
31023,2014,182.6,173.5545680133019,145.78310312413834,175.1909734755657,191.07871351731546
31025,2014,170.2,167.80051540086137,144.29587655275063,168.92726104477833,195.48469363006564
31027,2014,184.8,163.42895526772247,144.5198495488201,163.6906763000002,192.97579337801656
31029,2014,186.3,163.84709676514882,117.91701875338012,166.13970071561212,186.70860753169111
31033,2014,139.7,143.64348424756275,117.10645607264036,147.3524297179263,168.99563721560386
31035,2014,203.0,182.597363792636,150.16266145076747,184.17561503717536,196.11331378431862
31037,2014,202.0,166.28382114429886,147.8713427340403,172.7170281960679,197.04449454021005
31039,2014,181.1,171.70082472388526,152.03811430789057,172.9205092316638,198.3336061218977
31041,2014,176.6,168.36635670099662,142.31265246601205,173.1131739103621,193.98947255596096
31043,2014,186.8,158.44965015471942,128.60238119691732,159.07465433247353,183.81167466655006
31045,2014,108.2,129.96651972586312,103.68771330064071,129.03614130615907,165.34860464699233
31047,2014,205.4,185.4646293333328,144.8957212351139,185.2034309347475,201.8117991457531
31051,2014,181.0,163.47298309983992,148.05865592887784,167.4287323847915,193.58080735816176
31053,2014,177.5,165.76805518727096,144.46938901109647,170.2676064495528,188.3878091801504
31055,2014,182.9,168.5250710694596,146.9366990008251,168.4195039257092,198.44806969382
31057,2014,160.7,160.49613799242243,118.53344866237906,159.6385570633915,180.06569660759024
31059,2014,198.7,184.41037775803608,144.2766218646633,182.66737492128462,195.97445863433637
31061,2014,169.7,170.39252616674452,129.38907848553924,167.5763056943834,192.45582461693988
31063,2014,131.5,138.34531358080133,111.97997929426948,140.57837569949444,169.16874522299673
31065,2014,122.4,138.87730527519668,105.87588174846981,137.62612138678273,163.18612278866573
31067,2014,169.7,151.13888600035634,131.1060293078912,152.85955396099786,178.26009035602002
31069,2014,143.9,146.04770950507603,115.80307994628792,149.22192025146828,174.55107621778208
31071,2014,137.4,156.66150424747377,122.91729048896451,160.75576560043385,185.80932052203522
31073,2014,187.1,168.68583643058946,126.12524629130718,164.27417060212403,189.18927571529304
31077,2014,176.5,162.9717776794375,144.896081528681,174.80102137546896,193.54376998734955
31079,2014,204.8,180.3113994630337,145.28460074070054,179.80998349696188,199.04661872746874
31081,2014,209.0,183.39071121945906,152.71110093641047,185.11114157815535,206.7907015179446
31083,2014,163.8,158.00319469854875,122.71509362449123,161.5597659310429,183.06495266512044
31085,2014,149.9,144.50604931434643,116.74035417373693,148.36915494631506,172.28468114207948
31087,2014,107.0,128.7540332995516,87.73505998577184,126.2057300664419,165.8361365188438
31089,2014,169.6,167.50300356735494,121.78951749688673,169.4725877150915,200.70911146762606
31093,2014,176.2,170.20158976799598,147.8818966363276,175.6267848955661,192.9011419135961
31095,2014,185.3,165.62964873709515,139.0774458734911,167.09187405052006,178.38079515881455
31097,2014,160.3,152.81448689668835,133.17602883966694,154.00070397229385,179.8115252846208
31099,2014,203.4,179.40082355451554,140.3742414983109,182.3498133774534,201.3213164888958
31101,2014,167.9,151.34938359431294,112.69803608886063,152.46646804031658,166.98158072921882
31103,2014,156.4,147.54638322183672,111.26003522532766,153.0587846630559,190.4612410969839
31107,2014,183.4,159.97593065702756,138.31691823230096,167.08077985753673,196.34848038348517
31109,2014,155.7,152.65105017549138,136.06968813363062,157.16706136173303,180.56046497263557
31111,2014,178.7,153.8353451149615,119.19362654599779,160.9912519533581,178.75888063786365
31113,2014,154.7,158.0618126762249,121.0824237107216,161.41314943353646,179.82698015203349
31119,2014,182.8,163.7430787773956,148.50335508759682,167.06668184516639,198.22803041320708
31121,2014,183.4,161.5096660794969,125.89621505357923,163.4296157880534,190.25631172966544
31123,2014,176.4,154.9803875276375,125.61365994961307,167.56065368948322,184.68048538280087
31125,2014,178.1,164.1031993114429,141.10711584693118,169.1516026461549,193.76157623074798
31127,2014,177.2,161.63646885303402,135.37497844263098,161.985597884259,186.9824122663237
31129,2014,175.3,163.56369864330009,133.6994213877531,166.7981248226928,189.89504642873814
31131,2014,158.8,157.9556225059001,135.43749232427865,158.98755718526348,184.37177123855292
31133,2014,150.3,149.17301558660463,124.43990430843368,150.2476867731529,177.85863960929643
31135,2014,150.8,151.65801228791037,112.35549112271241,154.01712600408024,171.72054243647156
31137,2014,222.7,184.48236041502835,143.03354070963474,185.908063963872,207.69235252781272
31139,2014,176.9,161.06594507394016,133.34047323907188,159.91261106433714,189.5018409060605
31141,2014,195.4,166.4262155067449,148.1596187345703,174.32391967949508,198.57466148837938
31143,2014,190.1,176.33113168998293,153.16811117894324,180.39494110849554,198.34666187806565
31145,2014,122.5,148.13969396286402,115.81174505949139,142.93457594788026,171.20713831930513
31147,2014,181.1,162.3240008204988,131.77841465689974,163.72550345691687,184.35543204034383
31149,2014,176.0,163.58234226714472,115.29058543992336,157.72949264109968,194.95278968842445
31151,2014,176.9,167.97881085007472,148.381120922439,171.17011270710006,190.8297459454877
31153,2014,197.5,161.02620887580622,143.49646736668458,165.92335529568652,192.31181292137794
31155,2014,185.6,165.80065148471593,144.415301267752,168.47564386607255,190.99591349759052
31157,2014,177.5,154.74068257589636,117.51027949552225,154.51328789936676,173.39461175895602
31159,2014,194.2,168.94144597798584,144.83576487813187,171.6865377384376,192.21581633878898
31161,2014,168.7,151.16001838335947,115.20793965247688,149.07309219059138,175.55767783754987
31163,2014,154.9,162.3765408254549,139.46401127166243,169.38334456079323,187.38678060166615
31165,2014,178.0,142.1881151484139,113.5485182228103,147.7406975870225,174.9318875033717
31167,2014,178.6,163.6615424853053,148.28660903590648,164.62095765838765,199.7759973853724
31169,2014,196.6,163.6300796647763,133.2461776909693,170.9570049389795,180.53148125936792
31173,2014,181.3,169.94580199367238,146.7803595493587,170.2283767888694,190.6401784103626
31175,2014,169.0,170.34031776232194,147.3415852252563,177.57160370883557,195.17524132051057
31177,2014,159.4,168.891661601314,150.73112423124238,169.93230479645453,194.78250856834603
31179,2014,188.5,164.12820343035864,148.39211096048356,167.87605159502488,194.67872364518033
31181,2014,140.9,155.52058394750438,123.00738429293506,157.76141037936813,184.88629984885364
31183,2014,197.6,158.01937795925915,118.64487580433465,157.39269646447877,195.40273604960257
31185,2014,197.7,184.04209047790067,151.45076524622365,184.57316827481395,204.9145809064572
38001,2014,76.6,70.32897931300388,49.16170156103582,71.79719626460985,121.18784128875916
38003,2014,128.9,108.92445404365401,89.44833255972587,109.84506405011776,140.4424888745949
38005,2014,112.7,93.44922426118875,70.93440009285929,83.07675539784694,123.84152105742113
38007,2014,86.0,65.77299596654939,34.91095870339094,67.21097703937133,121.4307265315369
38009,2014,95.9,104.58638906567104,63.25332743829067,105.86179031150019,132.2207055677377
38015,2014,99.7,95.55674667695631,69.51893035343068,97.13036519741607,138.9223122689468
38017,2014,138.9,116.11341839138356,92.08927457422729,110.13797561662768,143.6523008113465
38019,2014,104.5,93.8887760003837,76.73530816726431,85.03530758430028,121.36667929137053
38021,2014,150.6,113.75702592077342,96.1723961315671,118.93129499543024,142.78146532726615
38025,2014,89.5,78.38887975870061,59.75784769425343,83.69826283176607,123.09155522086276
38027,2014,122.8,94.40652462543089,71.24819107822606,86.32525114873923,125.34036384552148
38029,2014,98.5,89.05646534970185,70.53111321020997,91.36538996620891,138.20823346610484
38031,2014,110.8,100.299175571818,76.6010757556269,95.950364207738,132.74940616385874
38035,2014,126.1,115.4299165098364,85.9665199443572,113.05000367152637,130.91729966417307
38041,2014,94.1,75.55866035525152,57.89533831851958,81.52130413500494,120.6893520821766
38043,2014,108.9,112.42582361303376,72.39791246635421,99.40647679145991,141.82127593582516
38051,2014,107.9,84.82796535183604,76.80698338229509,81.58504233192342,128.33676272546666
38053,2014,71.7,79.91296814328868,49.18222061966106,83.26564517287514,125.0981199669697
38055,2014,118.4,113.34858923554506,80.1636132550263,115.08797593185825,154.5579966871162
38061,2014,104.5,104.06722208331558,68.06354686913434,103.8778062264667,145.33818425542688
38063,2014,104.1,110.78360178870216,84.32139180160685,103.68826453764576,125.56449480843044
38067,2014,127.3,112.55331006549673,79.83845616690662,109.4106965227055,123.89444605834518
38071,2014,111.2,93.47832403487222,68.75652291454274,89.26283431953999,121.72779721627239
38075,2014,113.1,107.34054630477398,72.10029142464784,111.96108129689262,148.61325922991819
38077,2014,135.2,123.27327859562689,96.66501544796978,125.10993498187716,148.29988410595988
38079,2014,97.8,81.55200596094862,57.91086676502307,80.01304538473866,122.06976548321641
38081,2014,148.4,115.1583623865552,87.76036353086303,118.60495788953095,145.4644408787958
38093,2014,122.1,105.4908346599053,82.24306400764905,108.44213114078414,138.85940213412627
38095,2014,116.0,92.20296725388599,66.40231782102789,86.4467652227894,124.33559918462628
38097,2014,123.1,121.04871309664875,95.65166218821939,125.58760546007389,137.7602689176115
38099,2014,118.0,115.12511038622897,83.75849884108369,109.43634758575132,132.01875242549704
38101,2014,111.1,116.0117087893259,76.46010665668311,120.88763758786295,143.24806582976603
38105,2014,83.9,80.50872253510055,56.17647817168171,86.96060757225864,124.26655366320381
39001,2014,143.3,133.08545662660927,105.79207990931882,127.83543553212823,164.91013079788402
39003,2014,179.1,148.59483679556803,128.57141430729362,157.0810909996105,180.08378007233264
39005,2014,146.9,147.9370986948492,127.5329159193742,141.18960015946985,172.52183731327247
39007,2014,149.7,148.65255507425914,122.8539510381531,141.29871224382964,165.95225223240686
39009,2014,160.4,141.56357457722876,114.89943311675754,132.49428770690315,168.92713168936265
39011,2014,178.2,147.625810232656,127.52989556918573,159.40868021859544,178.7494180861775
39013,2014,130.0,122.08436155806127,101.02995661649615,117.23631833544331,158.01128132106246
39015,2014,171.3,155.77708549681157,124.1714667930448,151.17675366303067,180.77520647971212
39017,2014,175.5,153.39004554805368,124.40125061898237,151.86307827596832,181.53445049090257
39019,2014,123.2,122.0173634895422,100.4113405118638,117.16400048429219,157.51230682665016
39021,2014,180.8,155.32597923056488,133.8485952072432,154.7318972300631,186.06612542132197
39023,2014,195.0,159.16212758297624,134.3441493049207,157.2243425631926,189.57849427836496
39025,2014,179.5,156.1358978459755,129.5151912934863,153.4565819584509,180.94869400693014
39027,2014,200.0,167.8572387104551,144.40510227433796,167.69126404678127,189.51162860126266
39029,2014,163.3,139.75172413079912,120.7717738749341,136.09110412141592,167.96647375601148
39031,2014,166.5,140.91813617520108,119.42126812527471,141.11691596681155,169.33609015457634
39033,2014,183.4,159.55449299598288,131.89503645864593,159.73259727410166,190.6748469043731
39037,2014,183.8,151.32966469584593,129.43243873402338,155.93227472512916,185.56498037350818
39039,2014,184.0,147.5313294930148,114.34175872831463,148.67234567934707,172.4613868840887
39041,2014,154.3,150.60708995103866,131.04710694788042,152.42964437625923,186.19533812110595
39043,2014,159.3,156.06957707733346,132.28830479641343,157.16833431321172,182.53759741649216
39045,2014,178.0,164.1904552338204,140.85335438721663,164.78680104574812,189.20752620675944
39047,2014,185.4,153.12119748545453,133.48461369715426,153.967417874401,184.12870398079855
39049,2014,172.8,156.13127504417443,131.869320092109,156.6830439571596,187.73421002945025
39051,2014,183.1,150.70584405709096,119.18910005307202,151.46214833571673,174.29577827515993
39053,2014,145.8,132.0055836824638,105.85727349630339,125.68511390564358,160.98824633309334
39055,2014,122.6,137.729258828288,114.26199700464429,135.78102214200592,157.20506959915483
39057,2014,190.9,160.05404699030376,136.7677650549782,159.78523676395946,189.1572229223565
39059,2014,166.7,132.0443137473642,108.01510674455236,123.46596592722159,168.6115219631462
39061,2014,197.4,158.39102736343617,130.7564307471048,157.45007376538123,189.87110369767476
39063,2014,193.3,153.93130255196542,126.01721206501517,156.2778830889338,183.7906859794956
39065,2014,167.9,151.21618099817294,127.47580591527637,156.2327725144483,178.66189730723252
39067,2014,151.4,128.22918764880106,106.4605466658829,120.70092253052933,166.12460793709178
39069,2014,190.9,156.83225760334017,123.22334102963967,156.7844270994818,178.88276143497023
39071,2014,177.8,154.28344597911328,133.3088854347813,152.46872490179663,179.67042190033646
39073,2014,169.7,142.43230154157297,121.0778218815638,137.68395097456943,168.5297819002416
39075,2014,154.3,141.66869263835525,121.65726422929,138.15793513447042,166.58142472241184
39077,2014,155.0,156.7636138210972,131.05921280685197,158.5111045748197,181.32530481527084
39079,2014,137.5,130.9781848217742,106.83099240488735,125.54557718294309,165.12477738958822
39081,2014,152.9,119.54198804088719,103.97513138725215,116.56381097972555,159.75038072434674
39083,2014,156.2,141.6558703236836,122.29967742534163,139.73599033525292,167.01577399963728
39087,2014,134.5,135.15183453350045,110.57486818985811,127.38551977640562,165.65943325447589
39089,2014,153.6,148.41190018305528,130.97758308502827,146.4289611372237,177.69822184925124
39091,2014,165.2,150.93226902980078,127.7976785524173,157.17454120705293,181.51097565107554
39093,2014,160.2,148.5480147211331,123.90493855504258,144.8591738977152,171.14758237219755
39095,2014,179.9,153.9181148316003,126.19988849177253,155.9508418211834,177.46833156062198
39097,2014,170.6,157.78659611642436,132.4024524651125,156.1061388087069,187.88412823583462
39099,2014,149.2,140.41905378680985,120.27173006701744,136.479470996223,171.95990857666013
39101,2014,171.8,151.42228434038879,130.1464957702437,154.7933036232317,180.81494057249097
39103,2014,157.6,145.8334511002484,125.81164883576227,144.78238791771201,175.8982466832163
39105,2014,151.9,129.25363061272037,105.79885241782932,120.49158379129707,157.4294966205399
39107,2014,193.8,149.7669252424623,121.1857132634816,158.25353871410496,180.07339591326857
39109,2014,178.9,153.49989376324203,128.05454161226893,156.05395745339015,182.801521271268
39111,2014,146.0,120.99929936502215,102.09878373911616,116.54469765967539,157.18561040587025
39113,2014,187.1,153.74489648237085,130.55024893341655,154.53792675232475,181.4890137421145
39115,2014,160.0,137.19765594427182,113.91569720328755,124.94681116198612,170.90241496797591
39117,2014,153.8,155.03680017164683,133.54768263563315,156.64882482834253,187.11598772679366
39119,2014,156.6,138.93472201131232,116.77687825648107,131.01688761397307,172.17655225156125
39121,2014,156.3,129.1852691236009,102.53419514248736,118.27250998058884,165.58201003326272
39123,2014,160.5,156.4852951063101,117.98022027108703,155.00297732662676,173.58847790104338
39125,2014,191.8,146.89549422639004,113.91048046507018,152.2779220565667,168.95590166414948
39127,2014,157.6,142.98946029904073,122.38377866359286,137.86973583724765,174.07549538927856
39129,2014,179.6,152.97377831520046,131.6171738984666,156.43669733026832,185.85926238501688
39131,2014,165.6,144.0666529035595,123.76399599130488,141.67690002433577,167.53804385840664
39133,2014,152.3,145.47791955307227,124.02044220430759,137.92822349226552,172.09341130403664
39135,2014,186.3,156.3164273702722,131.8492336614745,154.29487290632508,189.06994308788452
39137,2014,196.2,150.90992769855438,117.15986190244439,155.02698144338524,178.37744863827757
39139,2014,167.9,150.34754753382,129.6225695479815,144.86240664510012,173.32702853739704
39141,2014,173.4,156.88809548365313,134.1827409294655,157.52174808486825,188.35235206004845
39143,2014,183.9,155.85879276416796,125.48394527128804,158.6613313983315,177.2702525072525
39145,2014,152.6,140.76968620805332,126.0979231906193,143.6796806555056,167.93400819057175
39147,2014,168.4,155.24413638180079,127.89010746488557,156.04085725944995,179.1435683741142
39149,2014,173.8,149.34117139411026,125.82028810874351,156.02454858204382,177.57817358958494
39155,2014,159.4,144.070053237205,123.09041465858829,141.99208627375668,168.1711015177287
39157,2014,154.9,133.22680126097043,114.30894810814434,127.64907478060026,165.6454265567641
39159,2014,164.0,151.19468294415785,124.04494844369526,153.91686414212384,177.910556020548
39161,2014,192.2,147.3062426746109,112.96945868496147,155.01758207645307,181.42315251652354
39163,2014,147.7,129.99476180726325,106.24646878206516,127.1284123671427,162.4212958060242
39165,2014,184.7,159.56177924317382,135.12110665458042,155.4115932600358,184.4780514868634
39167,2014,175.6,135.05383721644574,108.72513529381472,126.11589376751047,159.84476288231576
39169,2014,165.1,144.3424869826812,127.99476929131794,141.65053704692036,173.21699595493106
39171,2014,171.7,144.18757776840448,125.10504281967681,148.84230769166518,168.1737781637144
39173,2014,182.2,150.8859512840361,118.32813052432645,154.71806610814744,177.57071882958869
39175,2014,170.9,153.41621990491666,127.88389823528115,154.11964317603358,181.5063252664484
46005,2014,148.0,122.77978789119086,81.11500828798125,124.02429218767215,145.76070641101643
46009,2014,169.4,143.25839432102853,111.0495402562841,147.55848422653,168.5667556154529
46011,2014,170.4,127.25206215576922,117.25970722608751,135.59441993310168,154.57450415132277
46013,2014,157.2,108.22574371070063,94.39360023402534,116.05195456890523,148.5750160464806
46015,2014,135.0,101.01271737596105,79.09699301893346,114.35084392670889,143.82012388353363
46017,2014,130.3,89.79002487851558,70.08614075512862,91.05193804054586,138.29026303020612
46021,2014,117.6,102.9630905633615,83.7826867597931,101.87201459385746,144.52001167472943
46023,2014,137.1,118.57548778923764,97.20184292641045,126.73193620142551,150.6380893673573
46025,2014,160.6,112.11342879957596,95.17482035666,117.43302199871853,144.10951047095747
46027,2014,187.5,154.58754593165918,122.29732007252505,153.41649458003658,177.17620434252194
46031,2014,93.9,84.56831330807078,61.85284620091731,80.50740239501711,122.55582388525823
46033,2014,95.7,114.95155300984196,85.42258352128235,112.97051868990893,142.88551820582612
46037,2014,147.7,109.00310510239164,94.41964943883487,107.86138859889131,143.70525633354742
46043,2014,116.6,132.9119196175551,103.52724217599341,143.74930780265578,158.0145999599042
46045,2014,135.5,99.93296914348964,92.05808392659698,110.65663982619311,142.03053616977354
46047,2014,130.0,115.81436036278932,78.27046809365174,118.23783481269777,150.7481861910538
46049,2014,145.2,98.89694346255384,84.0180823785755,110.7738151781018,141.02049958015078
46051,2014,159.7,122.61676867566595,105.07474461768425,121.43583262120903,153.1554146232778
46053,2014,112.8,97.44260531379156,81.78033403038434,119.66831995292672,152.89434993310016
46055,2014,95.7,64.55127637493392,47.70288659171718,66.83803340766372,110.90558245217447
46057,2014,165.7,128.26140083917946,112.09616542734439,124.6592641116509,152.60487716504988
46059,2014,140.2,109.07528912387427,92.45860422704489,112.24299382337362,144.46215605609166
46063,2014,53.6,79.29398250198007,54.531576203606605,80.99270198721169,140.32533065775544
46065,2014,119.6,100.55160432419382,77.73986999824822,109.68497566207685,136.4348850960001
46073,2014,118.1,114.56125455390318,80.56996735758703,108.72268759626914,145.04130863191486
46075,2014,88.2,69.89069288232234,51.43893651475181,71.70157857076063,112.55937099722294
46077,2014,171.9,135.8659966520514,110.90351294902555,141.00569799715456,157.23070438112254
46079,2014,170.9,144.64347912129773,116.7465097155118,150.40101061840124,162.4945067217811
46083,2014,165.1,154.6330137840796,130.8208506280855,161.81176744934575,173.64353751013232
46085,2014,96.7,81.89467845554346,60.367304051448784,90.30593726789847,125.31550353304736
46089,2014,121.9,86.10905130426285,81.07845529242016,94.55326100798693,132.3675377397891
46091,2014,152.8,114.01767218639462,95.75586107585654,122.02480142564367,149.6735630710445
46095,2014,76.8,60.63359541716517,50.38769168970944,66.50485545453016,114.26240905445302
46097,2014,156.5,131.79909620929078,101.92643258294625,135.1067087415426,158.7271264228144
46099,2014,166.2,154.2906725716453,138.30551627400385,162.08437400229275,181.71050596749762
46101,2014,164.1,149.43222903191275,124.6118527454004,153.06533498266495,164.94963829519614
46105,2014,93.9,76.83250100650358,58.788614993702524,75.382700803627,123.98828179207909
46107,2014,127.2,108.38372376200358,86.06574672096656,111.84526098929422,141.41357495543588
46109,2014,149.4,120.77272729120646,93.885140924538,121.28869678648759,153.48770667027136
46115,2014,156.2,113.72684945734383,87.948473726919,113.88463884042389,144.5954001228188
46119,2014,120.9,106.10264638071621,84.38280054252122,111.67939513296774,147.68442162981947
46121,2014,110.3,129.26102566067695,100.50359561421148,131.08880983763743,162.22670612844996
46123,2014,101.3,76.42184104407464,56.98678282046859,79.72279473804473,129.5817523807404
46125,2014,174.6,144.3686238395294,116.6542959850198,149.58982004605699,172.07785609013325
46127,2014,177.2,167.1642692124212,142.2510000892317,169.26973874475368,184.79486974620343
46129,2014,132.7,91.05683806522656,74.14145044959541,97.88905873448293,136.68655357564356
46137,2014,83.6,70.37655471996679,46.82303741031601,71.53587774450878,128.1306791163845
48011,2014,177.9,184.64357140475235,102.98555675307949,179.26734274297556,218.4543209686742
48013,2014,87.7,93.9476067944781,50.2493926894424,88.38356636933801,110.87082517340599
48015,2014,105.6,97.87417795872209,64.02612730408117,89.03814730237619,125.90966925788825
48017,2014,150.5,175.9929995761488,104.59208868418203,175.4091207630058,212.53375961959534
48021,2014,86.6,82.46095787260911,50.557164245429114,78.8983351203504,120.74985550781398
48025,2014,55.6,79.95872429772984,38.993278919182195,72.07817228995654,112.9357365100368
48027,2014,113.2,86.34142891939253,57.85895064460199,82.77689622411299,122.59852927649881
48029,2014,69.9,74.6381086566941,32.758283941146935,72.95567285759867,109.40762844177554
48055,2014,91.1,73.13193717142094,34.73169875966727,70.46683874545667,112.78359328487853
48057,2014,77.8,99.68025581342512,67.846397345845,107.32782508131916,125.84984574873744
48061,2014,112.9,100.88465815620641,56.883516973902346,95.51922698060518,118.86705205705675
48069,2014,218.1,195.2180182623381,115.85873687301432,195.29532506365896,221.10296346162923
48079,2014,120.0,162.7405764609678,99.22327188753341,160.44858050155432,209.1040797450433
48085,2014,120.8,85.84077900293052,49.63184977263913,85.21483822906264,112.46504204493095
48089,2014,115.9,102.85854625599768,71.84855019715414,97.4645987468945,127.66551790875607
48097,2014,75.0,82.975338355368,49.42454080438955,84.17944363135817,112.32974768247509
48099,2014,101.7,71.52684819111457,40.86885942411406,71.74688457407655,117.2020493686086
48107,2014,145.5,166.12106553574765,86.63263230100371,145.90315977504554,195.92753758541036
48111,2014,223.7,201.27879584853943,115.7774222803041,184.27484395783063,232.5952059796516
48117,2014,209.3,176.33744058835234,132.7445724422363,183.5459604319373,217.3446512879906
48121,2014,78.3,83.8687978414851,42.039899613863824,86.6899294289593,127.2585410544128
48123,2014,81.8,78.3321569118183,42.079414159181646,71.33932586296473,119.40110989737559
48139,2014,107.7,86.75212399397476,50.8425082711754,95.44215424294282,120.18956713147399
48145,2014,118.0,89.633516360814,54.76033742198674,89.38188407091529,125.36321964852185
48147,2014,118.5,88.8089283840816,54.91620357583489,99.88937637523183,129.42335039425166
48149,2014,110.0,82.67948568508649,49.41155722314129,81.64345279431562,118.51460037477462
48153,2014,165.7,165.4084216592838,125.0409872212222,183.44697977099227,215.43275650605216
48157,2014,127.7,108.21324803774941,75.28325867629181,112.65333737572145,121.36377803559199
48163,2014,151.3,104.59913766681989,46.81200536823977,96.47746551310374,144.29147242996447
48175,2014,89.7,78.53243636149222,50.197268667929954,85.19031493759704,120.91250589583339
48179,2014,212.1,174.38243931023948,105.64307427942039,166.86555161049284,210.09934693184016
48181,2014,98.7,75.62924445383315,47.86111627873378,80.95867455178114,112.62524675665941
48187,2014,54.7,73.80876365009598,38.53844684471876,72.40226370296811,113.08577459895248
48189,2014,184.4,176.40393221389346,109.61647364351626,177.44298980033778,202.21065193783062
48195,2014,212.7,187.5708877189829,110.87656040972809,183.8569573617513,218.59710996497859
48209,2014,81.9,73.95317781427092,40.43080689335279,74.73693451092522,113.2389569235667
48215,2014,84.9,87.84990379255585,53.93069716961046,86.12935583168681,123.39850699251195
48217,2014,113.0,88.83621468412784,56.205347897216896,85.00154482250011,133.53003592594902
48219,2014,130.5,183.75407194361912,107.38124217656691,166.072816071143,223.26684304503988
48231,2014,116.9,77.85652297440713,47.589075842697035,85.13925386375716,123.32822093408664
48233,2014,197.3,186.45413095168573,130.23972862079594,191.99146700415218,225.5821497197588
48239,2014,102.8,98.04224902218338,68.74969911338151,102.56593179663062,126.42111688500228
48249,2014,38.8,68.6540623578872,41.9042962179667,58.13017939188778,104.23290949302387
48251,2014,68.9,75.38836268312127,39.02041194120949,74.4210284298171,128.9356687858993
48277,2014,112.8,105.02745878974058,64.49391357522568,102.8068067234058,133.51880835373674
48279,2014,177.0,173.79058823415085,104.11503730224368,160.4754710691885,201.58680824612696
48285,2014,78.9,85.93524431781246,49.43861254558175,81.21179996175819,120.77688293438003
48287,2014,94.2,85.6437129701509,53.59687960020319,77.92362401242443,132.85137111050562
48293,2014,81.0,90.30632222510033,53.13140509548212,96.51894976356364,129.87077821378307
48297,2014,54.8,63.320351629931764,32.91138410605925,58.341640117093476,96.34247857339166
48309,2014,106.2,83.44615726222976,48.70990451751315,79.81064173675274,117.538210672711
48321,2014,107.4,105.10564144328312,67.77445084285087,107.7967351151105,137.02278698157542
48325,2014,103.6,111.13254151071017,46.8135961471973,94.07384692592645,119.87576283003132
48331,2014,118.8,91.31338584127312,55.04839394052389,85.95119152089977,120.29919291681372
48341,2014,218.5,195.18913946316513,120.54730667021894,180.7380508564134,214.12685232129124
48349,2014,119.8,92.37438520861787,56.97942271171469,95.67679957405092,135.02681518583034
48355,2014,56.6,78.77922688016156,49.552889953851974,70.16118593162352,112.96847784349694
48357,2014,210.1,182.3484721480617,115.55394885704234,160.61599802490605,211.71777908458802
48369,2014,212.4,193.67367818175754,118.60718999247624,197.17239715445334,221.98361518819732
48381,2014,201.1,174.65781846908467,129.18509524139017,184.87049847261423,220.90444609129543
48395,2014,154.8,94.89419228409876,56.63405745519641,90.4975076526537,129.92469480892447
48409,2014,81.7,84.05356265563152,47.71400562889748,89.54340164647608,115.6774629132621
48421,2014,212.3,196.28918415128732,143.10117494015392,188.24511299218193,231.0955624211703
48437,2014,181.9,176.9397368427988,109.50402574398082,176.6698235189782,213.51877042663637
48453,2014,71.3,83.17549772960261,51.71030774463354,79.8749332550704,108.0226322924574
48469,2014,102.6,91.24902171378672,66.30036141978681,93.44465312904669,126.49654698288117
48473,2014,123.4,101.23125527176227,75.70817266516097,98.02482216604177,127.93794820668667
48481,2014,120.1,105.83707560068788,72.979462510806,108.30458559207368,133.0740259026698
48491,2014,99.9,88.97044243550883,55.5288316109408,83.4305859934815,110.3882256875292
48493,2014,105.5,83.11322897187269,42.31236378909811,81.37639759170173,119.3539242093617
48507,2014,109.3,93.2599242738226,72.48995667772121,115.72363636841852,135.58689327172675
55001,2014,130.3,127.9971246982289,97.05789637016962,123.55024652177471,153.7180464342493
55003,2014,95.6,109.01410320973687,88.77371213478027,118.96876839226677,137.4582321615882
55005,2014,116.9,119.29198512521035,94.53148039432855,118.06348162332986,141.3081578446628
55009,2014,142.2,124.47491597842219,102.72193043613892,125.28274263053598,156.30246379477805
55011,2014,148.3,145.26789528337977,121.47510079636928,146.52734165086488,163.40868046401678
55013,2014,95.0,108.55720981211903,84.90821989332738,113.31281408530339,147.56012617070087
55015,2014,145.5,125.17116199298965,94.51839495365385,133.62479685384045,156.5492840363724
55017,2014,126.8,119.01491617114591,89.30445060310483,125.0390763888299,143.58331149482947
55019,2014,133.6,115.11655385860676,94.11676351642525,124.02550480052149,139.2060076611831
55021,2014,166.2,140.54115250917667,113.3923165120099,142.12432747089792,163.48726240377837
55023,2014,154.0,146.8077228631068,127.2288324667987,148.16922274049594,173.72192978133836
55025,2014,180.7,142.45357750594556,116.86914704624014,147.57630754903658,161.52896314186307
55027,2014,166.0,145.06062480418595,128.0193976807467,157.0385716852687,163.13246593427147
55029,2014,120.6,109.33728236161595,91.11941822370842,120.80784599599197,139.85325726503112
55033,2014,140.8,115.17997574340411,99.5034583028885,126.72145442407441,150.64789355409877
55035,2014,149.2,120.60066142577713,95.90500783096917,127.92528626379955,146.28293438048817
55039,2014,164.8,130.1605426464012,103.4054034847037,137.11302732159035,156.70902277399992
55043,2014,176.3,144.18547472059026,110.29497898420804,143.49492144839286,172.01069255059988
55045,2014,177.4,134.13825788619465,112.4723773779509,136.98369114358394,163.31359841358724
55047,2014,169.7,130.5731817517273,109.22515995004284,137.84973999588905,158.20751260567246
55049,2014,186.7,135.0601206092724,106.83597857915925,135.8758898571411,163.19917338248158
55053,2014,149.5,122.14932846342208,100.84738096381373,126.67655432762857,147.09551162297726
55055,2014,163.4,136.28660567152633,115.62895416694089,138.27867044568836,157.51831760646945
55057,2014,147.9,130.23449820451884,98.68108869685008,131.79744138054244,157.6421932715904
55059,2014,174.9,131.04483766133197,114.05226539083051,142.23898739879252,158.99724536216655
55061,2014,140.6,115.83666443672864,94.31858021431661,123.26119276430424,144.58785848243022
55063,2014,167.1,143.66009031421325,117.57464888582055,152.70782160711425,160.7631269952363
55065,2014,182.4,144.4749288654296,112.65877595507587,142.97540071877853,165.58667315937666
55069,2014,119.0,111.29498100569725,82.52183520537699,118.56162546154845,139.15821530243556
55071,2014,125.3,114.42298581155086,99.43878001930061,123.4435057389633,140.7069247070558
55073,2014,124.0,112.84855374134139,89.82833544154262,121.18363373675858,138.5548232644534
55075,2014,112.4,118.31483593664078,98.50300547152068,122.82076099759006,150.5948837644629
55077,2014,143.2,111.99220342271622,89.90428865445487,118.09918744427898,152.0359197440108
55079,2014,126.4,118.35700573859017,104.74989116865318,129.9795089189438,150.8248058047174
55081,2014,147.2,122.00736596482425,102.73539846568852,128.88039198534346,153.05421742881578
55083,2014,116.2,113.83204562279755,101.36607541429373,124.53815287517745,148.90557319267052
55087,2014,133.7,127.22909036608532,105.96246629727518,130.08106606336491,157.8270264307351
55089,2014,143.3,115.70058614851351,99.27170665528038,126.47993478710514,149.2450566603376
55091,2014,147.7,126.91047621361261,111.83621410837264,132.51621781179597,154.97841944574583
55093,2014,144.5,139.03287246985312,130.12003422939188,148.98092991627314,171.05895803660044
55095,2014,112.7,114.87340599252126,89.56940832171917,120.73833638326484,142.59379269016367
55097,2014,153.7,121.4489581256163,92.83405982631518,124.06003430002926,148.468260519267
55101,2014,172.7,128.06935391450796,106.82381469398324,136.89207391902002,158.88608742242704
55103,2014,155.1,134.8465241400849,105.50711938872463,132.272070471332,160.34955583075896
55105,2014,184.1,143.32447474446042,121.49557117771585,146.454352585906,163.73932241171258
55107,2014,99.0,113.39850876951155,90.47356320709252,118.99587194034386,139.7424788122274
55109,2014,135.4,120.1935222340627,96.05736273097659,127.59821835405248,153.78272370768377
55111,2014,154.5,134.1198880531089,104.81144713352673,137.22488403698608,161.01297051446957
55113,2014,127.9,110.371904356713,83.81617428474713,115.5717147676991,141.06988390179987
55115,2014,137.6,120.60165557832231,103.64496594634043,129.47466005063507,150.5742171001825
55117,2014,142.6,116.77964073878904,95.94934314554664,128.3520186516567,146.84410820407166
55121,2014,158.3,126.76535425596185,104.05847761347557,129.04691953141733,156.2732683273829
55123,2014,159.2,144.89447027608713,128.14658150589995,143.4980522001118,170.96176150269633
55127,2014,187.4,150.8072233989408,127.21615270901509,152.69386036180578,161.06866423022754
55129,2014,96.7,117.07721186818051,81.95477786504618,120.79801067895819,142.34280151777708
55131,2014,150.6,119.62014531162644,102.24981091755323,127.95497893884219,149.05255890144224
55133,2014,169.9,123.92561094957402,102.04834769238674,127.24059297180682,153.62262681328426
55135,2014,141.6,120.72979100971152,106.22534450973512,125.67246272180009,152.24608711659445
55137,2014,182.8,125.88450591444138,102.16845277702991,128.6235694357201,153.05763797126792
55139,2014,145.8,122.89539009009805,99.88306914978288,135.05845113392553,156.72179447751526
55141,2014,148.6,113.18947225258182,93.16655217359164,124.31640400706586,140.68796562126363
17001,2015,158.1,177.0878899570104,151.6697589606821,180.22250679703424,213.01974608315908
17005,2015,159.9,162.65049844357196,136.9194165974576,158.81926454560178,192.6844952057474
17007,2015,201.1,185.01509462831453,159.44819507883423,187.59919719146274,206.97128687719666
17009,2015,157.2,175.82406675785376,149.4221151581881,178.43261579730373,213.1383983650363
17011,2015,196.8,183.6693804953869,163.05759801885014,185.6668567753988,208.6281442028848
17013,2015,154.9,165.56720265723533,139.45391544085385,168.36571464461028,193.74316770675202
17015,2015,204.2,186.1379191815731,159.58561416183903,185.11561767516866,209.0321566702359
17017,2015,182.2,188.13517812476906,157.13430636072218,187.30650020326598,212.83738866071812
17019,2015,189.4,183.13532618999952,154.66050466195037,183.3857166103631,210.5285686107253
17021,2015,189.7,191.90533194575545,157.27582961379264,189.3898374953417,215.6867982508355
17023,2015,164.7,170.83885180403817,145.28361344561614,174.67650967731234,197.2385662610593
17025,2015,131.2,149.6223974572541,124.09886108587992,150.35889751371516,175.08898752504297
17027,2015,162.2,159.50331944565065,133.25354756950856,161.57248303764985,190.7484976405759
17029,2015,188.5,183.54533335239475,151.93225216210246,184.45522766907854,212.63850082237747
17033,2015,144.1,165.52154538946635,137.7915698101067,161.89669744416418,187.91222175113484
17035,2015,163.7,165.74073031873357,133.5359306465367,166.67589835079391,190.88766446045628
17037,2015,182.9,185.30370751837407,161.8587366710445,188.49072733867013,210.21724106883775
17039,2015,207.8,189.25083801226302,161.30800282569632,188.0944261859984,216.71321132122907
17041,2015,209.1,184.29300281013386,153.7965901042246,184.84329291075713,214.95382156280345
17045,2015,180.1,181.32140747041922,153.82829756535546,182.3243945864361,207.77131807595077
17049,2015,147.4,163.17606605642496,133.80298082150406,162.29263610592292,189.0080967195547
17051,2015,154.4,163.3707308874721,133.93493128879118,162.88725751947257,188.19898116365076
17053,2015,160.8,174.82231766653095,145.9844913981182,172.93894516867496,198.10405650989128
17055,2015,149.4,155.78448380569398,123.53648866316354,152.67190787751466,177.3537341957089
17057,2015,170.5,181.34503307960114,156.8307863393526,181.6691103024705,217.51491544931903
17059,2015,167.5,158.58934738335844,131.1178491202591,161.34454462877633,189.72846923366907
17061,2015,150.5,171.09890072291626,141.40080543854438,173.0985079872734,205.299609688908
17063,2015,164.1,183.0624129638204,155.5792169496795,184.41416931587705,206.68194759769688
17067,2015,180.3,182.64131919425137,159.2572156497479,183.77373803209943,216.88361887910352
17071,2015,191.9,186.1118227319706,154.91996021683408,184.80837066657605,214.32690863901624
17073,2015,193.2,186.39379734329356,160.64677594241707,184.65817426295303,210.0415025099835
17075,2015,123.3,172.10942882302228,145.87373895048168,176.89467283120274,198.9341006951968
17079,2015,155.1,166.27155903898634,139.65705127580898,165.88196229176546,192.25518001795413
17081,2015,125.4,148.04795747408156,123.0513859615188,147.49135248784964,170.4961770449573
17083,2015,159.0,176.0988508650475,151.3043968226906,175.47068443416234,207.76541570489235
17085,2015,183.2,174.3894993737647,147.3610938820857,176.536079521175,197.21019046363853
17089,2015,184.0,185.5909525346714,160.5885573659521,188.04264358913923,206.51925698467838
17091,2015,92.5,172.92127902601635,148.19592747222998,178.80417393146385,196.90187902407686
17095,2015,205.9,186.970604034853,162.3094963659671,185.32335907232073,216.08372004956712
17097,2015,155.6,155.7690395763678,130.2573369096141,157.9711560527882,182.2540583807642
17099,2015,178.4,186.94319750311155,156.31001727369687,186.73630812749258,209.0309475826368
17101,2015,160.1,159.68241661786297,136.28828166107817,163.31084662619836,187.24198005595778
17103,2015,188.4,184.95648852598734,159.9270414460165,186.19790032580104,209.42185523795837
17105,2015,185.9,174.37833207701286,148.34629025518512,176.2637625677448,201.0100133726761
17107,2015,172.8,188.85675218699382,163.12249288830023,189.26374853708936,218.14079068140364
17109,2015,175.8,188.24605240929492,161.3234609578456,192.882157007458,219.1563326189888
17111,2015,186.8,170.0950439150867,149.36938210468114,174.25698065266113,194.35587639231503
17113,2015,199.2,187.4598201418359,159.61574155828495,188.1822542403872,213.42266495429377
17115,2015,207.5,190.18292181582498,156.10967964056363,192.0329078117006,216.19306657309576
17117,2015,152.5,180.04664695031366,152.14060153393612,178.29481816456487,208.60566091283007
17119,2015,169.8,172.6529218531718,148.0756611560375,170.55825319326672,197.40602306851193
17121,2015,147.5,151.38605409385065,123.72479189414409,152.11942016653936,181.45999705126502
17123,2015,198.4,187.72517620951123,164.68874109266412,184.5888572614316,212.2372177334581
17125,2015,161.5,171.20880808967962,142.07856370461067,173.63454500785284,203.26257047954192
17127,2015,171.4,149.90612297845965,127.04201365715775,154.94749099145886,175.3407521736171
17129,2015,188.2,185.4805677543453,160.60874523351555,187.77207508947552,216.85064010683732
17131,2015,205.7,185.54809413748404,159.4648937724214,182.40061273622624,210.37324291450687
17133,2015,169.7,161.22093549877124,138.64640787463523,165.67421443015948,187.90922443427576
17135,2015,169.8,180.67630552082397,151.51429122602175,175.6990008966566,206.9904770180975
17137,2015,180.0,189.23943864070665,159.04523694334682,189.98337601242926,217.7970561276659
17139,2015,206.2,182.87849387890202,151.68098221667043,185.29135386263417,211.90065611575415
17141,2015,186.6,186.45977303387176,161.43387773145085,185.06310139835904,208.13721748208167
17143,2015,185.9,185.5170807174151,159.38907081193386,183.8478056505902,213.40156641293567
17145,2015,144.7,148.815329617372,128.96948440366506,153.73370194039958,182.12100711030686
17147,2015,220.5,188.6879408929075,158.47841495395548,189.49190378482362,218.82968249297926
17149,2015,133.9,173.65824932966538,149.3990414044639,176.04505553702174,202.32090176653332
17151,2015,164.1,145.84717000717652,119.12344494823503,148.76808504800695,175.2174674367782
17153,2015,152.2,153.96790975862007,132.53564729855978,160.0116427215572,174.71481323946222
17155,2015,186.3,187.74270347056287,161.00899381370837,188.19464337889877,211.86564107239036
17157,2015,141.0,148.70275574681537,123.99078243568178,155.74631555721052,183.02198798718712
17159,2015,143.3,156.40909908999961,125.17479489370871,156.42209451231676,182.81610681372527
17161,2015,193.7,183.44664340480423,160.70314284156774,182.37116828303652,206.26468651635233
17163,2015,158.3,164.5280703795264,143.18480465416317,169.56166624359682,194.86583418786284
17165,2015,172.1,154.1490088528686,128.90274644996916,155.12281499985895,178.93790589008287
17167,2015,183.5,192.20877278172205,163.97844936553838,190.31968828932426,215.33011264851802
17169,2015,159.5,179.83885067123188,152.46713797170125,179.6060599910122,215.07126123444775
17171,2015,149.2,180.48701662578296,150.46573382998162,177.5753221415745,208.7031246666683
17173,2015,175.6,175.30874632052016,143.79976079507168,178.4491081579022,205.0197460919251
17175,2015,210.9,185.31677603244094,162.25781465078865,186.8299000943897,212.7098430414218
17177,2015,192.5,183.78090936989176,158.08865697513485,180.386930276727,202.60881366904565
17179,2015,182.5,185.33153139697527,155.0857646736643,182.09782610551346,211.83137440750588
17183,2015,168.0,180.07004890082484,150.48472681720452,182.53444617404017,207.928378917754
17185,2015,159.8,166.2753194036574,138.3276814225316,164.0373947755658,189.47757725022478
17187,2015,202.0,190.0503182354081,158.0949917373586,190.6796665814585,218.28532642562058
17189,2015,151.9,157.26512930763468,139.49747087927582,157.19045556827737,190.4774887238576
17193,2015,171.3,170.78164053327322,139.51424612333858,168.53611651360038,187.9242364249498
17195,2015,184.0,177.91516114739295,155.44021495664344,181.44560773436663,205.21085811898894
17197,2015,159.9,179.59319420895562,149.42299725728626,179.82305207193332,196.56372278805082
17199,2015,164.9,139.45790501977626,121.28664043140901,146.4341226862256,168.4999265221662
17201,2015,184.8,178.70123765839253,156.72840720203996,178.94848637419807,205.94434412692806
17203,2015,201.0,189.64330164339853,161.45922023349746,187.42758813958028,213.76177015604142
18001,2015,103.5,163.63188253650927,130.10736392949056,170.06112619149874,197.1068153459148
18003,2015,120.7,168.96671307674652,144.697867958839,173.0611851911916,193.4377407049728
18005,2015,161.0,169.67798686087446,134.62942111584042,171.2721013868214,201.2498654746159
18007,2015,169.3,180.13482781276298,154.1139280681076,181.97861315767716,205.45630496611622
18009,2015,117.5,167.90153123342287,138.57022012877783,170.3749361781148,192.35760712337236
18011,2015,136.5,180.07407624582976,153.1270198412195,182.8249781818008,204.9995659053037
18015,2015,157.2,183.88913739132718,156.3407074081957,184.63213193631654,210.51889167473217
18017,2015,129.4,174.68881409791962,152.49948872471307,182.05765318049674,203.09219582192208
18019,2015,162.1,141.99049395146264,119.56038792285744,146.28781575647642,182.74817154478527
18021,2015,165.5,174.2117612384317,138.15122683480413,172.21454970520486,195.9798012770393
18023,2015,146.6,184.00504394451212,153.32691625137772,183.22246021152853,206.89000284975978
18027,2015,174.4,170.57896305766204,138.44984532043225,174.06215279188368,204.24185803760335
18029,2015,151.9,153.84184739630555,128.2502060246394,158.75026868158378,186.70555821794292
18031,2015,177.9,173.89587690828597,149.85804197333172,176.33026022271352,206.1740511615545
18035,2015,130.1,176.82368540053363,151.45456026462548,182.8344934886921,204.45966372027803
18037,2015,165.8,148.7906738078052,108.80683272314215,150.9384731183171,187.92986853441485
18039,2015,154.7,171.95825745395433,147.62018907762823,169.2842097363782,190.13993184009408
18041,2015,181.5,178.72231591009208,150.4375300721223,178.48824465549782,208.10730159041393
18043,2015,158.1,132.3355996512155,112.2106916934815,141.07956668337224,179.53359365717498
18045,2015,169.4,182.891233396092,154.7861314001008,184.0815202915231,207.3601975382255
18047,2015,182.4,168.88381828568617,147.24909369761133,173.44109491249887,201.70968287302392
18049,2015,142.1,164.10757331309534,143.90784448181478,165.53630670503838,185.38540036454447
18051,2015,177.1,174.57578183545468,143.91180467993584,173.77895570403908,198.53773370902067
18053,2015,135.1,173.0828857474775,146.04017593385672,177.20297080369537,202.84915935267222
18057,2015,145.4,175.89305012082482,150.0212480393011,180.88909532858796,195.94408288869235
18059,2015,149.9,177.6030322724307,148.61781374871913,180.45792180783275,200.80773766215955
18061,2015,173.1,133.8892069821276,111.27185224184893,141.78439480878578,177.8977914014881
18063,2015,149.7,175.0713250964665,147.0622712349916,177.08083400330418,197.49512892601817
18065,2015,158.0,176.93404069466774,151.31796869704758,178.17046769074415,200.18433661060595
18067,2015,160.4,180.62897657069956,154.81054871617792,183.6733835338834,205.49681638739406
18069,2015,123.1,172.34580346172427,141.43977086404524,174.95936029089904,197.39059876109604
18071,2015,151.6,158.02222744647526,122.93231625219019,160.12203681961321,189.2542803407594
18073,2015,98.3,172.03489888265852,148.1152318016246,173.35039380930937,193.47326885245025
18075,2015,108.3,158.87285172891214,124.54724469676401,162.0013867759978,187.62552695720478
18077,2015,151.8,151.66379307267871,119.61992699153953,152.71802126925795,184.2523140936163
18079,2015,160.3,162.51460998051752,127.34133567838373,158.4776157765065,183.66347203718777
18081,2015,152.0,175.13046372362723,147.37752106069212,177.2906615938804,196.64661213746612
18083,2015,164.5,173.52002292001427,146.16448070371544,176.77600091752888,199.47659224734545
18085,2015,170.9,164.56328383729766,142.53395530398322,166.06425181435412,186.1839593808037
18087,2015,150.0,157.74256938071704,129.74987558985146,154.46710680556552,179.75321674483246
18089,2015,142.0,170.41057539366946,142.23765748430364,173.42262768785753,186.2813454580076
18091,2015,151.3,157.10462591514656,130.29994061897287,156.1399130039083,182.68957427628877
18093,2015,178.4,155.23005632128866,124.95644343403691,155.5815233680784,183.13069470074845
18095,2015,136.3,177.9973127519096,154.89327116854776,180.54333633632956,200.46587719497123
18097,2015,167.8,174.87126825822205,147.04837962719822,177.02620426734933,194.5203020483256
18099,2015,143.7,168.82962167339662,145.08410369727835,167.8122768381318,185.87435363245686
18101,2015,149.4,163.9288135926413,131.9061203602653,168.60160117239624,196.53809946869941
18103,2015,138.6,172.0382438778056,151.18462826107648,175.59151504201253,194.87773634548762
18105,2015,158.8,160.09755055753254,131.2099324990084,164.38810679251625,186.5225395128408
18107,2015,176.5,179.68071407981336,151.0834778554867,177.69819589361634,206.7772960726195
18109,2015,155.4,180.8334944966877,149.55139335865573,179.6208247530406,204.55704693843197
18111,2015,110.9,172.24924625912035,140.37456808237997,172.52262196224754,200.44639678361045
18113,2015,163.1,161.56160948195298,141.8658976575076,158.3128200856694,179.88507101850269
18115,2015,162.5,159.29026125006038,130.1946010898081,161.84189558654012,192.3981410647506
18117,2015,190.5,141.4422857498654,114.61807934831086,150.72887839635902,188.01253587461036
18119,2015,164.1,171.5235796097714,137.11392896709734,169.1494898706799,184.36133737752837
18121,2015,160.8,184.25714353014627,158.90917564640642,179.85519673450332,204.2521145223606
18127,2015,151.5,164.0647586471967,145.84731845012243,168.87546201296473,190.60449386205974
18129,2015,190.3,172.80477393388705,146.58071886054407,173.23189274556606,199.38749670153294
18131,2015,109.7,167.8286690807699,145.01080761646097,173.21997247157321,189.6056339089911
18133,2015,149.6,175.44373283576112,144.65556609369906,175.04475557787143,200.2649910983112
18135,2015,144.8,175.9663330414102,148.19718035575582,176.4601159892115,196.15973432881907
18137,2015,158.7,160.99373097134574,135.19911016464053,163.38540583021629,186.9912557355193
18139,2015,169.7,177.32275200075924,147.9185161451628,179.29801884090446,202.34529972629497
18141,2015,151.5,165.58046627213267,142.75227365582623,163.3070499882916,185.1357119946324
18143,2015,167.8,150.55600413907797,119.95722733319525,149.74944990048962,183.4347940624673
18145,2015,157.2,174.49750906252322,147.96952064431005,176.20201446118514,198.98387021514225
18147,2015,163.7,148.91305383950007,121.19944400071216,153.9814609087272,187.65148881993235
18149,2015,97.6,151.04726957578652,125.26101331421177,153.22436046427188,176.4826290927841
18153,2015,163.0,172.75155258370177,138.23155687885844,175.7333178434334,201.5895845211763
18155,2015,158.2,149.94300277433098,125.66971172179771,157.1221985056433,186.4053948917398
18157,2015,147.9,183.63937085803863,156.6506734818881,182.22389767939023,208.47971119648955
18159,2015,173.4,182.81181673543804,157.56245957019104,186.98443065243742,209.69522920943263
18161,2015,174.0,178.48634560358366,152.14037481648793,180.2729377218997,205.14601486451485
18163,2015,166.4,164.87703340876985,143.12702270934196,171.19153902488884,193.04087155639468
18165,2015,156.3,183.00112788908626,151.79348927287808,182.43777982848533,206.36530547086286
18167,2015,164.0,179.71399279861467,150.45180005786509,179.70444248543672,205.35788951295703
18169,2015,135.3,177.67057836370898,154.27129837034613,179.17435382243275,202.64620157547841
18171,2015,178.7,182.1080927004874,156.1194549092391,182.39500746066312,210.10058390074383
18173,2015,151.9,149.4146953834001,118.9667946677479,157.39596210841208,193.24887191675157
18175,2015,156.0,146.62815664176094,122.56813013127521,150.82608485985836,180.06074098042623
18177,2015,161.2,174.26954290448973,149.50730281420692,176.95224923749603,201.41831375334004
18179,2015,112.5,167.06734619930265,132.22480120301117,169.19795255895065,199.8319497201175
18181,2015,128.0,177.17803833594303,150.44408338292985,174.80266630591,203.05106382535246
18183,2015,138.8,170.88922801164196,139.90322990463494,171.29797237080948,191.2368823991796
19001,2015,176.5,170.3230032110515,141.17117233313175,168.012722955616,199.54370162884175
19003,2015,169.6,154.6812733285623,138.91555133582494,150.22109779399034,189.03293142635397
19005,2015,175.4,177.50317397495368,147.01591533115965,176.31455104803055,205.16210173215035
19007,2015,154.3,135.77090640702366,100.35701340640642,135.63982231043,178.274545856744
19009,2015,189.8,174.00105576582337,152.51334555129858,176.7124211520145,197.67823282010454
19011,2015,187.5,183.446128033606,164.6032524044889,187.13648136739585,207.52554966187017
19013,2015,192.9,185.5001125141127,165.06758787899264,184.92130470856276,207.367065891591
19015,2015,192.3,165.71982143148722,154.88602435023498,175.83236885923105,192.57036701373798
19017,2015,203.1,185.80382969506155,165.99793350991885,187.27341237848012,209.7163784095652
19019,2015,191.6,185.22561048019213,163.52327088081518,183.87922561027412,207.7941320731786
19021,2015,202.7,176.52475074030565,160.82767564604433,185.82326965432884,206.36609217803448
19023,2015,193.3,184.5037083448509,161.0532323698565,186.04489342710315,208.27135654526703
19025,2015,194.7,178.17661847882547,163.1080579210959,186.4438066196945,204.91083446074887
19027,2015,195.4,168.9457930156828,156.44693095973938,176.55267638737345,198.47307153822854
19029,2015,193.7,181.78078521562955,158.06889319966794,181.91422026741373,206.1912780730847
19031,2015,188.8,185.61589306232204,163.2754204155541,187.6260556546971,209.49052548070682
19033,2015,196.9,181.05429116072114,164.67065496828664,181.24517408107914,207.8235931434337
19035,2015,209.6,183.97015941308476,168.43466019881998,190.52200090276915,207.10480346269517
19037,2015,202.8,184.8649856138956,163.25857850168768,183.76008251027977,205.81204570815993
19039,2015,152.4,152.45795575738558,126.3771758418707,155.17297354290875,190.6023812395596
19041,2015,202.8,182.9480426360969,161.70127400917454,189.02997554208528,207.34060912883317
19043,2015,193.2,179.13382596686924,146.6736890570912,177.82816686850677,206.65216772747743
19045,2015,188.2,183.56405578373406,159.1683807632738,187.55780550155993,205.0698363728391
19047,2015,199.1,170.62227443994075,154.77511481720353,173.91601950027305,197.18261356448804
19049,2015,182.4,167.82710668747973,154.76482325026177,172.13748860627538,193.95460944426884
19051,2015,142.4,136.40524704508857,115.10330545810254,140.47196240970294,182.50240302524782
19053,2015,162.7,154.37810845884255,117.98436594440889,154.49709224136618,189.08636197968104
19055,2015,195.8,181.08117128139034,155.61571188784492,180.53928826210114,207.49768445441237
19057,2015,176.0,180.71082021329642,150.6666776484951,175.03544424998086,208.44048116271225
19059,2015,194.5,178.72996497758234,162.57740886151416,188.88279414149397,206.63409795304707
19061,2015,197.0,183.93494743025903,154.32245458071384,184.69772498602288,208.86663459042194
19063,2015,203.3,180.36921110001552,159.92901874367845,189.4049996777945,205.93381507659205
19065,2015,191.8,186.50511001173186,163.47180213003097,184.18687446001064,208.081461437298
19067,2015,196.5,188.24363756994592,161.17878092284167,185.80668547729834,209.0640880364429
19069,2015,200.2,181.11129079143757,165.95609007679937,189.0520405966572,207.80796142569207
19071,2015,179.9,160.48673930491017,142.9069641687604,166.38901446439635,199.84861902521632
19073,2015,189.0,165.81290773047024,154.62817642142244,172.2958175275956,193.40842583282384
19075,2015,199.9,183.1222039177399,164.38886374113454,185.6212780241216,208.47152970567547
19077,2015,179.2,174.02518867289845,150.70001557487834,175.17992649241884,196.16473713395098
19079,2015,198.1,176.9872608827702,161.57614399359775,190.22706168804518,203.91758707624106
19081,2015,201.2,175.54354132555773,162.49217858954904,185.48302623457022,200.22095725855166
19083,2015,199.3,178.56811944676045,164.5609224589512,188.48258449214129,206.41530483487904
19085,2015,189.5,175.44687371204986,151.93769658951143,179.00247512708336,200.87531744603956
19087,2015,178.4,176.3913161197735,147.2918086091511,169.0893906596806,200.6354661573395
19089,2015,202.1,184.60877204897852,159.87277260373907,182.0536481178319,203.07524405176582
19091,2015,194.8,178.81483301172145,160.73796785462707,186.84454619284486,205.93820923693235
19093,2015,203.1,180.53883208009424,159.17315681146536,183.09975172362937,205.34916552246455
19095,2015,199.3,182.46438138848018,161.27536316534957,185.33986399621068,205.15431034665735
19097,2015,190.6,179.68674393761106,152.34444065875098,186.48171908230796,200.29402261303886
19099,2015,198.9,184.74363036254485,159.69447330820228,185.53084769201212,208.564360877986
19101,2015,168.2,166.46316021360562,140.61606745938312,157.2277461996006,191.66808502827584
19103,2015,187.1,183.01292562684955,160.18537958665655,182.0214393001341,203.72147132326106
19105,2015,186.6,185.64791781628338,161.21713717175882,184.70435144247912,208.1979907795756
19107,2015,181.0,178.69662477961447,150.94239855308578,177.80709161081788,202.8906903161141
19109,2015,199.0,179.89687876386932,162.99777597686958,189.938417297343,205.14576383109278
19111,2015,145.1,171.18281122199352,137.7371382526019,168.59186751339362,200.95992099556287
19113,2015,189.2,184.88639881233922,160.0353411827671,182.899287166692,207.16898085320034
19115,2015,181.7,180.05617851521967,151.31794230395036,175.36754532498873,199.12472509448034
19117,2015,154.8,152.5414591612411,122.26045724305965,150.04875409189268,190.08516063649085
19119,2015,196.0,183.40909209258118,166.47330859309332,193.00700943125744,207.7348101086597
19121,2015,169.6,167.96846964752478,140.6572692024669,170.00980665859564,197.1465340295824
19123,2015,190.3,178.34011406395047,152.8877189112591,177.97119648736603,204.8083027515628
19125,2015,178.1,169.18314876242718,140.81273616375762,167.70724394864644,194.57320903247174
19127,2015,194.9,179.06881369722777,157.0846589723689,179.8126505755868,203.81571381114554
19131,2015,202.1,184.50314324686218,162.70375681400847,185.39657909091721,200.03415591814365
19133,2015,169.0,179.97401904439226,144.8528517613052,179.15682023533066,199.53258810882485
19137,2015,185.2,160.916421682243,148.89663769424115,167.3152037318753,197.27650591779576
19139,2015,177.7,182.36485546762515,153.0150042992339,178.69962050170392,203.5073096776798
19141,2015,205.2,187.71964230457593,166.48134114822287,192.57361953672233,211.29306460860354
19143,2015,204.7,185.7498643422425,168.51134568077666,194.25262291558118,208.44500973799117
19145,2015,165.8,146.62530999671918,121.07578958280524,154.73536969771058,191.18299159376738
19147,2015,197.5,174.29598185939952,160.4513625069348,188.77314464250708,205.14396707861755
19149,2015,203.6,183.32968216186975,163.82231745469173,189.2918587902181,206.93024582854306
19151,2015,205.5,174.11051115837722,158.16283628001656,187.63194158287982,205.0660117989855
19153,2015,187.0,177.81201116557835,161.20865602973868,181.39858972890016,200.66970257546998
19155,2015,204.0,183.8057691727339,161.85563349185003,185.46613292631682,208.7632327122602
19157,2015,197.8,180.91361852661686,151.15875553958415,180.45861046342205,202.74648156179163
19159,2015,147.8,145.6041315016197,116.61289226878492,144.56057555021428,189.05504091706428
19161,2015,204.8,180.52819952026687,162.0474373724896,186.0222048359717,204.064904881744
19163,2015,195.9,184.46393299412628,161.47119774377546,187.27757030032717,207.73692876435965
19165,2015,195.3,183.54945929434516,162.44968714895256,186.39961908819433,206.96630232283354
19167,2015,201.9,188.4248785352783,164.30261558958404,191.1674177722033,210.33834772383307
19169,2015,188.0,170.70021685265408,155.50590337802106,183.05383977283014,197.40459145368723
19171,2015,189.5,185.24950527777295,161.1208086732415,184.76149415963306,207.34498676486953
19177,2015,158.3,155.37420858749158,134.35946431601502,154.67621297284765,191.6443205729712
19179,2015,159.3,165.2424506677596,140.52194776144773,162.1950093332481,193.46227673176975
19181,2015,170.3,156.42697441815284,133.93654457535172,159.564636842951,191.01993104624165
19183,2015,195.0,181.57551855591635,151.9864299970609,179.35632377617597,202.96583392476077
19185,2015,158.0,141.32873059104435,117.60650188486684,138.45162851730487,183.94925410338575
19187,2015,201.0,178.07578518246572,163.49390467309334,186.58860733160844,204.26763257371266
19189,2015,203.6,181.40900930971443,162.9323701677916,186.5239295296854,200.04586704681427
19191,2015,185.6,185.58023082114588,159.62834432246845,182.97036695004155,209.06775699727692
19193,2015,202.3,182.34512913299437,162.81838812394236,185.15804730543783,201.3189604810159
19195,2015,202.1,181.2584113955811,164.9275999976347,182.8992493714926,201.40846005496263
19197,2015,198.4,179.02201757845646,163.2913259647414,189.40315197202577,205.36218353012285
20001,2015,128.5,110.8110491046433,91.080746548073,119.47850879141113,135.6333604660433
20003,2015,129.5,113.27198257775875,90.9659391976419,117.7656602353988,136.72397328059827
20005,2015,136.0,136.0144572605009,114.33943904013974,144.7850542583826,175.81824651771393
20011,2015,109.0,110.64521909739878,86.01478840089462,108.8183882952318,139.53395569793503
20013,2015,173.2,154.70849005387737,128.46336675176187,158.5422534245424,186.7400504754657
20015,2015,131.8,116.32660967473738,90.78839566511283,113.94130129464327,139.21252267652784
20019,2015,123.7,111.56303401084185,83.03985077229558,104.07026652686534,135.09547386162296
20021,2015,125.5,108.51504489923802,78.67368357284117,114.33876660350208,151.91288341766227
20023,2015,153.4,144.49341650511442,95.40355546391166,146.84711757312363,174.64714013825025
20029,2015,178.0,164.78608559508555,126.77400887632379,161.99391908398763,185.2788272536425
20031,2015,131.5,114.23928851656795,92.28111452254568,121.51375912855318,139.12634825251163
20033,2015,137.3,148.48529024589098,92.92184560299641,136.75757675472192,178.1494475987326
20039,2015,86.4,100.05299324396805,66.9430236657847,87.11317372127492,171.3170202933289
20041,2015,148.1,124.51845278126486,97.48212762586122,130.81299813262754,165.94747852326594
20045,2015,138.1,121.26328992357499,96.91453722329649,128.35951252498555,162.31913256559525
20047,2015,182.7,160.55530658923817,123.92086044922226,165.6852538559524,191.09281981060573
20059,2015,131.5,114.25562586139753,89.94499548304685,119.48391632265788,139.57545704634788
20061,2015,165.0,145.49729786157445,118.41445637201488,146.31131309153542,171.36057245179322
20063,2015,105.0,108.24807608597438,86.37976846820358,119.65378016773987,169.77136227436316
20067,2015,222.1,183.95882442176367,129.25691240820075,175.50209303479357,218.23084792708934
20073,2015,95.0,114.58372649403326,89.79254125715555,110.39451567812576,137.75379794856173
20075,2015,144.2,159.83074782767443,116.88255494855196,158.30035845893542,214.12853940112845
20077,2015,113.2,127.51446446409335,84.42841926024332,137.8850651980248,180.91969468643433
20079,2015,131.8,142.53067203146847,100.32319099528902,135.64645720180718,165.83191990393476
20083,2015,180.3,162.1984537037597,105.26571216751812,154.10220721745506,180.53743113632453
20085,2015,135.1,130.72750728616654,100.22016630234032,136.36671412492393,159.325609812904
20087,2015,151.0,130.76254204836584,104.46000785193782,137.2202815497117,168.9151744800504
20095,2015,160.5,153.56218344331364,105.14650296954092,143.86541487417938,182.6088942176023
20099,2015,114.1,103.78283320269439,80.54124088498402,104.15734000607307,132.71083213813853
20101,2015,177.9,136.02654582900868,99.2578577409103,140.2849640124043,174.72329445064827
20111,2015,119.4,118.68327266509867,90.95362280895641,123.32884928892479,146.01081253541093
20113,2015,147.3,156.3508865119509,110.07164930556023,154.5079166390859,174.31984001505305
20115,2015,120.9,116.78783983503662,89.9601615349519,117.58712369871651,140.0713111167099
20117,2015,157.1,138.02746675964562,123.656048726803,148.3139052160441,174.17304274047632
20119,2015,206.8,170.44007209896003,121.08294350709676,160.96558313939167,212.47739524724992
20121,2015,136.7,113.55195063713306,94.90228298977694,118.61886185472409,140.68997948922305
20125,2015,107.7,109.4163888000187,78.62906143839544,107.81254630992342,133.455390706807
20127,2015,129.3,120.67912702737686,94.33589573979904,127.42749408571419,146.03192944609557
20129,2015,192.2,168.918697583428,115.32503712826389,158.64644536229602,209.23297900275125
20131,2015,156.2,143.40598113103312,122.88182577913528,150.31822776853133,172.0742241693966
20133,2015,120.9,111.30559192414276,87.63706977306846,114.2721632706433,132.89134497004406
20135,2015,102.7,107.58970470292131,79.89892737016568,111.41510164354214,168.83600106028976
20139,2015,131.8,114.50030734975869,90.26022256371851,117.7567473190606,142.38112220327776
20143,2015,149.3,140.6364866375128,108.00213834867562,141.81327960767555,177.87323734183533
20151,2015,175.5,162.0847146461177,106.1278381872309,164.86099049665657,189.4837775339289
20153,2015,98.1,121.91601007338787,90.5045993218753,124.52494353718379,176.32809258183752
20157,2015,167.6,170.33700655098326,139.78932407804066,169.75729328054697,192.5944294338544
20161,2015,161.2,144.48335100641413,114.67580323529472,144.07598665063946,173.85229705858453
20169,2015,114.1,134.48653411519447,105.05391565151069,139.0737898695878,172.73915561810426
20171,2015,161.4,138.41562984696617,112.67380115384258,133.77918316083066,175.91366006673599
20177,2015,144.9,121.47075113918171,97.19058252264306,128.0713690782438,165.55155630392576
20179,2015,127.1,129.7797156946816,100.98563640977594,134.81829929542943,180.92822521940613
20181,2015,153.6,136.00203236122655,98.29955373681355,143.0819254932514,174.37937103875242
20187,2015,194.0,180.7399003506995,114.82377389610305,165.00542552888703,203.521675839664
20191,2015,113.7,109.57645845877283,82.53294510933112,109.37763740641371,164.83691577131552
20193,2015,117.0,131.85995152605048,97.31253089016197,133.46757471173072,176.90035778925895
20199,2015,143.0,127.62424777889063,103.51477773308964,132.2092629659225,168.3102626830976
20205,2015,114.5,114.69862964522721,89.59394200682364,108.4384820054803,134.27214495436257
27003,2015,132.1,136.26445191304524,108.24200591981523,138.30157769666553,166.5539827561043
27009,2015,167.3,146.05363640783494,116.45317623659886,145.03173389794344,166.8593760581129
27011,2015,173.7,156.0340276572525,121.11447896150756,156.50716630447155,180.01402000330575
27013,2015,201.4,179.8486195889936,140.42212141387984,178.74010729852003,204.12301843903433
27015,2015,189.0,183.58294971030742,153.23138412509925,186.37802240259916,206.61287352694146
27019,2015,200.2,173.63697200654173,153.97644365214657,179.18863506469629,197.2634782747018
27023,2015,193.5,173.523938979184,148.5332125973506,177.94826982003116,202.03676545036922
27025,2015,173.1,137.6424080066962,120.72083580595992,143.55573468286414,165.7434158045125
27027,2015,156.5,144.34957766073146,116.7854799167992,149.15569545686,168.87948849459832
27033,2015,199.5,177.430150220012,158.99868228661472,186.5070336619946,208.61175110737028
27035,2015,114.9,123.0427679030712,90.96729481295102,121.93778979052036,151.06016286256497
27037,2015,199.5,170.9999225578123,135.46202460741293,170.88930566797367,192.31069414469516
27039,2015,204.0,174.19740798140145,154.7753309884468,178.39936770310246,199.2229293137618
27041,2015,177.8,155.6317446701885,128.7729026161385,156.6271980841153,173.16959529319635
27043,2015,207.4,181.00434055278328,156.65520078713746,184.944895368344,209.16897525728308
27045,2015,192.0,173.67001994414056,138.72527243127328,173.7085456542493,196.34443070715918
27047,2015,201.8,176.41905978747621,151.80414853292672,179.79381886039158,199.36264355689966
27049,2015,202.4,180.4298037588599,153.62574041250224,185.19299702196932,197.49568643229088
27051,2015,176.0,158.16153041704592,121.2224074381717,159.5405599742824,180.33240117022223
27053,2015,198.5,166.75320231757362,152.31724704888964,171.1357548237542,192.12575220124873
27055,2015,185.3,172.34229922994473,140.8768791159974,173.7940072005841,200.87044570195584
27057,2015,154.7,146.3498515113108,119.96450296054454,148.22564332388347,178.50360925360673
27059,2015,157.7,139.27596128492303,113.44412358284826,133.62222372017567,157.08463012423618
27063,2015,200.9,180.47161984065406,157.2647125591776,184.61655931593907,208.1138083889323
27067,2015,185.5,167.05608088081914,134.72412619657823,169.70910661484115,192.43417471187885
27073,2015,175.2,172.85045406552302,143.05073305407456,174.3685013091347,189.32312863349964
27079,2015,201.2,170.07422363767398,141.1433756844481,173.46067865499708,189.15428409613617
27081,2015,180.7,174.54096062470572,151.5596560364163,179.83512696130546,205.5519564109126
27083,2015,193.3,172.75455827175585,146.74229128772086,177.34564849030482,203.08321677081264
27085,2015,192.0,176.5241856915994,155.23482862831523,183.60395270152068,199.61401210636714
27087,2015,146.6,124.99951154045468,105.37120373848046,129.78264837795908,152.06204494915977
27089,2015,141.2,128.6598161689647,108.03739740920416,131.66419598896138,161.17456330081313
27091,2015,203.4,178.2118747696872,153.8795423278449,182.53066956572,208.08701331210517
27093,2015,185.7,162.75226949057654,141.54503200721564,165.2814323771633,184.7340977395281
27095,2015,171.4,140.24613784370928,106.83804356681578,140.65977063243307,163.5324719424554
27097,2015,171.8,139.76528113481902,104.34285318925164,141.31447061912888,164.20624530701082
27099,2015,198.7,170.56135401417094,141.7838848191698,174.40104478712664,198.85415335250838
27101,2015,199.5,178.90141268209774,154.024229558865,182.58613900638412,208.95801820670485
27103,2015,206.8,179.2371020124952,156.9434841679386,184.72471381691346,202.19161725710475
27105,2015,193.5,176.63211268863193,156.8442017814207,182.9107810454201,208.0438748643659
27107,2015,161.3,128.0498457483965,109.40379871527513,139.6879504581813,163.15830429712187
27109,2015,184.9,168.6885018476046,133.6573326965223,168.5802831455326,197.76098399652506
27111,2015,172.6,149.82123358175838,121.1158664079021,151.6999839111991,171.13758436932648
27113,2015,130.9,129.49773691387279,111.6318267012372,139.7255403088639,177.1609104896912
27115,2015,158.3,136.73810296091327,106.82424627429471,135.98956062742545,154.96894032641063
27117,2015,191.9,171.504129838347,140.07354053024204,173.67868519096768,196.66349485237575
27119,2015,160.7,121.64010172187888,110.02454462905452,131.8434819844821,159.21239603396592
27121,2015,177.9,164.71055597057233,134.97154689805913,168.20562263648222,190.3673704149189
27127,2015,197.6,177.0260701283045,148.31070646755063,180.40151950719954,205.00599985818064
27129,2015,190.8,174.14766099904995,152.21165248732393,179.95191929540135,206.8955607466402
27131,2015,201.1,172.55190733779264,153.08350519719053,181.04999193780787,195.13516376005845
27133,2015,198.8,178.74806908204425,159.28458844890787,183.26925716371392,208.35473599134028
27135,2015,122.7,120.96591343947806,102.84940238014997,123.04728298199564,153.56764121259508
27137,2015,115.0,137.6257182238598,102.7907424671992,138.65855482011574,166.42285026738384
27139,2015,191.5,171.131410211745,151.5272866984401,173.61825227226686,190.94261419870213
27141,2015,117.8,150.38419151973974,119.6195471678559,147.5509276170704,169.71212719774695
27143,2015,185.9,177.95482981107043,158.1845881144482,183.24986654221811,202.38658967860724
27145,2015,171.9,147.25447415949964,124.14411926347373,148.23247269311977,177.9103641758621
27147,2015,201.4,174.03731251976902,152.5281120977678,176.9197280302379,197.86890778690997
27149,2015,179.9,161.4035164043331,126.43307074163889,162.27025913368036,185.55355713616675
27151,2015,181.8,168.91295090451558,140.87896030384104,170.98636158973537,198.80867522149933
27153,2015,160.6,133.87238264580157,107.6372763483889,133.82195838403462,167.15047534634132
27155,2015,175.9,155.47204663519824,120.36314199560167,155.76459496679587,182.29505669314068
27157,2015,188.5,180.38697396612042,149.48877553680742,185.83087764795584,199.036102470373
27159,2015,136.2,134.61375610444077,113.23867948054216,130.64648610510753,165.0482852191405
27161,2015,199.2,174.11139479215473,150.0379277233305,181.57961582573884,197.23748941867106
27163,2015,192.6,157.45602862867182,127.9321231471572,157.76129179924558,177.7846169536462
27165,2015,206.1,182.56082316804904,152.2319825311337,185.28295061911209,206.3808796856775
27167,2015,168.4,147.06395003179526,122.84779861096249,151.77448521734462,171.40035629273373
27169,2015,186.5,173.1923965110879,141.54789349414818,176.84022355735377,196.91500475225928
27171,2015,183.5,162.78666979177194,149.08455902721576,167.57307752653233,188.58406671932192
27173,2015,187.3,170.0231509379617,144.7004793791837,171.9102758273723,201.8991340198281
29001,2015,128.5,130.89715407698515,108.41205710802555,139.7041486532909,175.76087904814074
29007,2015,109.4,145.9916985473881,123.4265498221854,148.36923054147664,174.61669689705005
29009,2015,140.4,126.65247828758143,91.53556862748768,129.99136068461544,159.5925366149501
29011,2015,148.7,127.42076045337664,89.21263926347085,132.86533699132244,167.2224076158909
29017,2015,146.2,149.59956245847718,117.7580018732539,147.59712432081935,169.0087262831705
29019,2015,125.0,150.05164465777096,120.36287732668256,149.45234880731985,169.73004971627003
29021,2015,141.2,160.61669400600334,132.62093621543175,159.15232308113565,186.6594026962652
29025,2015,132.8,134.71652282420624,104.17591080588338,140.07145890198845,168.6826062793278
29031,2015,158.7,154.16365900677454,122.06013646852512,154.99283884825599,175.98815515634263
29033,2015,132.7,150.07363927893962,121.76615418989104,148.62658771104714,170.31088360670205
29037,2015,140.7,127.27302737486394,104.3555850543758,130.10372419648266,150.31476084847466
29039,2015,98.2,123.22813152704126,90.13914986520096,128.58606133237865,160.525923978826
29041,2015,139.5,149.82922921259689,123.57803914883169,155.58949295163248,174.24938425986596
29047,2015,122.5,138.0214570781312,108.93717774196841,144.50912858424854,175.3884262362183
29049,2015,127.1,126.79672381037852,103.55651051780782,133.57117026025767,164.99785316528556
29051,2015,123.1,146.59344076375578,113.75602482560706,148.91940247578984,169.01081720580535
29057,2015,118.5,119.4410083205382,80.09822948612496,122.58569052277299,158.11435197370912
29069,2015,179.0,159.8184146581034,113.33584874693123,164.20821659736677,187.28019066752012
29071,2015,138.6,154.2985012094795,119.28208424609224,154.37550745299237,178.88447586506143
29073,2015,87.7,147.83160211999905,112.95671874613078,148.52535269019737,168.84462470001583
29077,2015,138.6,120.19751076799629,89.52384990367294,124.67190984408771,157.41182581551365
29097,2015,130.8,117.35630996489198,79.93697979629516,118.91540230386907,152.26829578254018
29099,2015,135.0,148.80973419505858,119.05608322312054,151.01469251103254,181.0917999569924
29101,2015,138.2,137.51869820891488,106.61021683097628,147.57632896360343,165.45403506880345
29105,2015,100.0,128.20622756789103,92.54863278307647,129.7633435944837,162.1057704793778
29107,2015,156.4,158.3840700224619,133.18527865860946,163.16158156854797,186.80585206534593
29109,2015,142.9,126.82876217770891,94.64028017758619,127.74579869135499,150.99423394181335
29111,2015,118.5,145.13859610214047,115.57770734688265,149.97436286827534,172.86961661682523
29117,2015,140.3,142.03038796335713,118.8593453827778,145.24252689132442,167.74233079368298
29131,2015,95.8,140.3598318921982,100.85084553958463,139.22965609521546,156.46781524885577
29133,2015,194.8,160.88851915412764,107.51057121927803,151.18861421907877,186.61298706338664
29137,2015,140.5,143.152758633426,117.95712756910177,147.74494126936173,161.55081115373181
29141,2015,136.9,132.44423587094053,106.58357548574426,137.7403265386932,159.22202877713278
29147,2015,137.5,140.29003720345025,119.29619210502094,139.05038872506026,177.97388445245062
29151,2015,135.1,150.51871428384985,112.17566149156693,157.10664109334698,174.532505433348
29157,2015,160.9,157.69928768598058,126.10895747034834,161.31015898048685,178.64901915460717
29159,2015,107.5,137.18023555733055,119.5172010643318,144.3262351453845,174.87016049817169
29163,2015,96.3,149.3343310100445,117.29854389971842,156.64839850780564,173.67799589372183
29165,2015,135.7,155.08234450777525,127.32967446996594,154.84591468072932,182.26116868330888
29167,2015,112.9,122.75607072183249,87.68920443396898,123.75586561411095,157.01407618448764
29171,2015,141.4,129.32984158184732,105.08817203672248,134.1708135140374,176.2945707524533
29173,2015,111.4,148.65748510591317,129.5404985283873,153.763596733497,176.36174801096556
29175,2015,148.5,139.1176122327006,111.87962318072373,143.3352122135058,164.3778274095596
29183,2015,142.2,165.14528870906534,135.66017661153495,168.3455755067284,181.51049839435626
29186,2015,147.2,147.57492987378566,110.38140482004415,150.0915302636117,175.15290591842938
29187,2015,140.0,149.08255555837053,116.01711858257372,148.8067087355054,171.40335203264934
29189,2015,150.7,166.4453038264761,137.26435883402849,169.3981280920599,184.91817589819846
29195,2015,163.5,163.57154175608989,139.42081867344606,165.9768259929585,187.31792537123795
29201,2015,177.3,157.21577314484253,112.0567247514972,157.9633979246629,186.1193425390518
29211,2015,120.9,137.1228641603623,108.01233996228535,142.37066185765332,181.3789198277974
29217,2015,122.5,114.17663839776442,86.71732831333397,128.70149996305284,161.89852448112387
29223,2015,120.0,132.24128832106638,98.41994497776224,140.69249638357113,172.2005263980802
29225,2015,106.9,124.58786066597017,86.99284317628484,127.48619796707104,159.3867272617465
29227,2015,126.2,124.42827842065238,90.90292479254589,128.0076497228341,175.1144105137906
31001,2015,208.8,186.63984134748452,155.8139612031634,194.48684089370315,207.22025363358827
31003,2015,198.6,170.87958345814812,134.17394678305448,172.99854638287133,203.73633321841675
31009,2015,167.2,166.36392892076626,128.5853358113948,174.05334136514654,195.5693324313408
31011,2015,190.6,180.83008229808502,156.68914465956138,183.4080666276718,204.5140990923772
31013,2015,147.3,159.6150396747997,122.35006063100639,161.7202227545711,182.132105770223
31015,2015,149.3,159.00634165039494,126.13456830943929,166.22067098838937,195.94398490346325
31019,2015,202.0,191.87250876091517,148.00421729678968,186.41985716040426,205.1302029794565
31021,2015,193.2,178.3702975122203,151.08366782029637,177.97655933466632,203.17158008610738
31023,2015,193.4,182.04289762294368,152.34852084726114,186.42451027816958,207.03843401942072
31025,2015,182.0,159.179178076129,136.59675221499853,160.69198722734907,191.96661511667835
31027,2015,195.8,169.95810702763418,144.70232496747212,173.81845828967442,205.06511631147708
31029,2015,178.4,171.22427487009804,118.57364462384348,167.12343561961603,192.06677018525667
31031,2015,174.9,173.70342111893112,131.1818830242174,173.52250094776858,199.46865847862344
31035,2015,202.1,185.92140586505244,159.50053699224122,193.49251750369524,207.68532172781067
31037,2015,204.8,179.5566045705286,152.04080363388243,180.32848600231182,202.49697439818186
31039,2015,200.1,181.92393025469582,154.50795348016658,181.704774123582,204.68654951169756
31041,2015,188.2,178.95989820495728,156.64706059448028,179.21130478651588,201.67700350653644
31045,2015,173.5,145.97635501740345,107.6016289647749,148.15718552074077,170.35679753214913
31047,2015,212.0,190.60902850766254,157.243427457884,191.52440178597172,211.66535598472473
31051,2015,189.9,176.66389150398797,149.03344910838283,177.1574618411562,204.40617306339513
31053,2015,194.8,178.2222959897404,148.4341517066104,177.96057168003904,203.8413110335852
31057,2015,153.8,166.9103387793553,117.58179890780599,167.6187357910187,183.90580488509664
31059,2015,199.4,191.9081084057716,147.75405752697162,194.0510466110995,208.45592718334194
31061,2015,186.0,184.54646480765985,141.60469313446487,182.74993558245862,202.33498129898166
31063,2015,151.9,159.89962247494935,130.95877763417317,158.29330885447362,190.73517752407244
31065,2015,153.8,152.50846008885063,117.95898330072765,155.35171437420811,185.60274786076673
31067,2015,152.6,156.87873600627287,138.16192176658188,161.83036807872233,179.17791206070473
31071,2015,177.2,169.6626696236634,132.5937996814773,170.70438608554838,196.03947430970038
31073,2015,186.3,181.11236825882781,136.52987229966593,183.13071484533378,203.10587952204682
31077,2015,181.1,176.05482754967935,149.3451982386649,176.50680639709807,203.39809980292677
31079,2015,200.3,186.16217071213143,148.61812406562936,186.98492410644718,208.06849412540035
31081,2015,212.9,195.21226367843275,162.2529277581674,202.4194218412715,215.37923163467806
31083,2015,180.9,167.2813879862665,137.19801735355648,173.859322814912,196.6196064561986
31085,2015,149.3,168.42757145156423,134.63576441674542,165.85428489836335,192.48822735645615
31087,2015,122.2,141.08074885634224,106.38851689909309,133.49873826814894,179.04301541258909
31089,2015,201.6,178.92215138556867,132.79579144761254,184.11854503693237,201.49841517796295
31093,2015,183.2,177.35868246462778,147.82827982572476,182.73263194675818,206.12721196046482
31095,2015,167.6,178.95351093305973,151.44678046644648,180.1521432169062,190.92383283371177
31097,2015,147.0,153.24450419396032,131.72024553523298,156.49743821814977,178.2579220395138
31099,2015,210.7,189.83839919112862,144.96413250480768,185.82445214194132,209.65023926190975
31101,2015,158.3,168.75697586333246,125.63500739860729,166.8822755450175,183.85625090981617
31103,2015,190.1,164.32652180116352,129.72264988802638,166.3903496438796,195.01954325067243
31105,2015,116.4,139.14895822431535,113.13768945406471,136.3673914291001,178.25153934244003
31107,2015,189.2,171.42343845478698,143.61309642125232,173.93484605586784,206.32061484077613
31109,2015,157.2,159.76838815296082,136.7151953722849,159.6598201966736,186.190856791041
31111,2015,185.0,173.49559970034525,132.9029284437786,168.04738919959743,192.94431714986044
31113,2015,179.7,171.8217999398463,136.5064970076622,171.64595121577463,198.02581418028768
31115,2015,174.4,168.17090367766372,132.03606767717625,168.1968761130229,195.81574713262492
31119,2015,195.2,178.95223337544215,153.38209600027741,180.24272473718423,204.22655658770762
31121,2015,191.0,171.1653349913394,134.32506064287577,173.5051299966872,201.6724586175981
31123,2015,168.0,165.00108611743227,131.01475434742136,167.36450175617009,184.4113650704631
31125,2015,185.6,175.06177227926975,148.11984626781552,175.81954422394583,206.2008347282898
31127,2015,169.8,166.49604678703585,136.49143237385144,170.3280011811449,194.3717831958546
31129,2015,166.5,183.7976481647373,153.16009600012256,182.9149585625191,201.44606071144378
31131,2015,156.7,152.45578696943548,123.68819799486624,151.780734699997,186.57397830426225
31133,2015,151.6,153.44664149073225,132.5800344951032,154.9017472633661,178.61571844633943
31135,2015,144.6,166.2177573254191,125.48639619771234,161.29971772446208,187.32054439480072
31137,2015,224.0,194.01692085424114,150.23059756829693,196.13704299350567,218.84248047039384
31139,2015,190.3,173.6524871150256,136.01043514517818,174.6573134051752,201.56580991494064
31141,2015,203.0,182.02534635184125,158.2722768944868,186.70253940689952,204.70924230379802
31143,2015,203.1,188.89961984541094,161.54361136557355,188.58587355030323,206.60392959461038
31145,2015,145.5,150.83689224323948,123.79181231687741,153.59118030714131,191.0308604969717
31147,2015,160.0,165.27579843309132,131.48006013774432,168.5060231012998,189.8858792216512
31151,2015,160.8,179.62855102989678,153.35382062744884,181.24637771210612,196.39565182014954
31155,2015,186.3,180.00030009535777,150.06817955541385,179.02551754998365,202.43164211663068
31157,2015,165.3,156.2976205915343,119.05981150269946,150.4774704002158,178.22662235358953
31159,2015,176.3,183.70364826661282,149.93418816846128,185.4828402255085,198.26824982010058
31161,2015,154.5,170.33220350910716,133.57130688282405,165.30659247218958,190.29331849760572
31163,2015,172.0,173.63792819769336,142.52694344098123,174.32860733336477,197.3186269783495
31165,2015,150.3,160.08526045437884,116.44047589058042,155.43246997497218,180.8642854499368
31167,2015,194.7,177.98481592164865,153.92762519301797,177.5079683707761,203.28789608674572
31169,2015,185.4,185.96145157738187,152.3112564175418,181.96685976654783,196.25383907751348
31171,2015,183.8,153.25300434157955,118.97380401150409,160.4508576951863,181.3737828787102
31175,2015,187.8,181.07695562076532,158.8980482689116,182.2755033957557,206.1869089284922
31177,2015,187.6,179.88794617474662,153.60189776761965,179.9077527192893,202.04811446815907
31179,2015,203.1,180.82004922131364,150.7508755069844,180.95526883202598,204.5722853818098
31181,2015,159.7,176.3936207593505,147.15747215690433,173.47236884311133,198.76118226237202
31185,2015,214.8,193.56777665593592,162.33403600763407,201.05297128217347,213.74385051142306
38003,2015,134.8,119.2102380182368,96.16028683127143,127.22853665274063,152.64072455482915
38009,2015,110.6,112.72779062828477,88.52665661864653,111.50945676584114,148.29638148209432
38015,2015,99.7,109.99397816514914,88.25456252198838,111.034743387114,145.95255077256203
38017,2015,150.5,125.60085827708582,105.58458729878622,133.3005948303173,157.30801217946131
38019,2015,107.9,118.25724076668459,98.25595325116956,116.33248117281566,149.32198950795328
38021,2015,130.7,129.36914843956197,100.79331036633515,130.93633235734512,156.87530980173668
38027,2015,107.8,99.24149923130547,78.30005847128842,98.39144933498022,134.73203472142492
38029,2015,105.0,120.54669356208626,91.66186582020796,116.2244178681075,155.04525817110414
38033,2015,62.7,82.29835757373516,57.10747943710379,86.4179187352923,137.846090285239
38035,2015,139.3,114.20143484675768,101.84278708919375,126.95901637824375,157.80996067144497
38039,2015,137.7,116.35005826653308,94.15950204282989,120.07394508013306,152.5695551095712
38043,2015,90.9,120.38019203915712,76.3372477154758,116.85208607686516,152.48264655933767
38045,2015,139.3,131.11157620283896,106.29316964701349,132.72821171195108,156.29198469732432
38049,2015,105.9,105.23102167689477,74.89916827389946,102.58016848537824,146.43253982423644
38055,2015,107.5,116.36277828975966,95.64981464743406,116.4422654692671,156.53329699725282
38059,2015,96.4,92.72302979652885,72.74664389441467,96.49571476331064,134.2205864870735
38061,2015,91.9,105.10212036346196,66.25508040932588,111.43688133143169,153.61327398643104
38063,2015,117.4,112.87399225683156,101.3121191920321,119.40369793930265,151.663226946754
38065,2015,93.2,113.53241402543622,87.84884257869355,111.48280629603163,147.1074458870512
38067,2015,139.2,125.27142097038906,103.81202020058294,134.93879630930448,157.0565005811258
38069,2015,100.2,107.87774713043548,85.71461327285157,107.57657509571823,145.86002978606888
38071,2015,118.0,115.62809058394032,101.2964540621651,120.1129201986834,148.62938764841294
38073,2015,153.9,129.5116210300976,100.74830857067406,135.00311120818898,156.10640094025354
38075,2015,107.7,105.55101409662826,77.00602531832193,107.45484081520503,155.63714250711212
38077,2015,160.5,138.337069658993,106.93790430479847,143.76769844313944,173.54475978371948
38081,2015,145.7,131.32066731348905,93.52143072515065,134.13191631420855,155.87937038818285
38087,2015,76.1,74.83683716532958,50.23642055607648,77.49666988195315,132.9838185826907
38089,2015,71.7,77.46340969948594,49.53892989412172,79.97015599624316,128.9467101363485
38091,2015,148.8,115.52096953054006,98.97572135096308,123.15002271512402,152.15418161153437
38093,2015,117.2,115.97615339178721,97.07178688047325,119.7119705822358,147.78702985570132
38095,2015,116.8,108.21949403096193,92.49469159081895,110.72564840294577,149.66019174774166
38097,2015,149.1,122.69600506010708,99.4944730682377,136.54036590328226,154.49106177111418
38099,2015,138.1,130.53793555683592,107.96142228662136,133.64436021810195,165.14287239193393
38101,2015,108.7,113.84942525895845,86.64672366354645,121.49686406647474,150.56701834069582
38103,2015,104.2,102.40479538910678,80.0785934027294,103.41734599800795,143.035567511135
38105,2015,71.8,107.17269918535746,66.16897230622658,98.37033849420712,137.72090446326075
39001,2015,146.2,147.2305569821231,118.31362526589606,150.22588618835871,176.16740693348396
39003,2015,116.7,161.17407077097826,124.45799238260395,164.2573907912999,194.4592382672835
39007,2015,114.6,151.94053885761062,129.21167621876103,156.66305995191627,185.10814416717358
39009,2015,165.4,151.6757767881472,118.92666712504214,156.35257594243606,177.11450167535418
39011,2015,126.8,166.5821475611673,133.43228967600035,170.13562779726738,196.6791368215086
39013,2015,100.0,132.8012421000249,106.0075225851646,140.73646725726877,164.81859982338634
39015,2015,182.9,165.89196154600205,130.3637228170225,170.13688788623094,190.51474987015328
39017,2015,157.7,168.84724339159249,130.32887785130748,171.3360865500926,199.06284277415133
39019,2015,90.9,138.5455816709564,107.66931735179745,137.23317152808414,166.8755010570564
39021,2015,179.9,170.33768673046663,140.88285273175183,171.55896580311307,200.50331869058377
39023,2015,177.5,174.52281720064965,140.4215275711542,175.02751382230144,202.20627180183467
39025,2015,175.0,161.10514428816282,131.95024612697424,167.0365317861014,190.47572832496857
39027,2015,184.4,178.23005448379973,148.55781247548364,179.5001470495048,200.37435889211991
39029,2015,136.0,149.1606927069363,124.06346909802281,150.37955020159833,173.2853985868596
39031,2015,138.3,157.5234741562874,123.16098142498464,157.4385161189176,176.03845629164044
39033,2015,174.0,173.15910132344965,133.83767646655065,172.7641920392728,202.28117669602005
39037,2015,172.5,170.54612963285243,137.72619062690305,171.98579181272382,203.32566954574875
39039,2015,131.6,169.9990743990798,130.98321392511602,161.70515721846647,191.6339886347139
39041,2015,140.2,167.5989464711298,133.8058642773057,168.36717867568402,198.69912394815645
39045,2015,170.3,177.07950032713094,147.1647369583604,177.2228057825237,199.88044256315965
39047,2015,178.0,173.10812883749006,139.08952989704702,172.86333729372348,200.39871460828329
39049,2015,159.4,170.29349391875317,137.96340679713356,172.55695876916343,201.17619956680608
39051,2015,161.3,172.80445905834665,135.62172093110777,174.79033865067623,200.57133328102546
39053,2015,143.5,147.78024105763802,116.7019154457808,148.81799012264761,169.584750959289
39055,2015,100.0,142.77424223097697,123.0473028441601,153.0366615684751,178.51043637829986
39057,2015,187.0,171.86709596422438,139.3295666356255,175.8966636213194,201.3924992147035
39059,2015,157.1,144.87936867555607,119.08782007468653,142.36637402069195,172.38742988304676
39061,2015,174.3,171.69755232465823,134.53781859946974,171.48695377578912,205.54268058553347
39063,2015,141.2,170.49253848255103,134.2296116758131,169.93421033798887,197.9632224535696
39065,2015,121.4,166.84084458393227,136.41165611327244,168.05297338765445,195.68378421422858
39067,2015,121.9,141.39199394821844,110.18719713256748,139.74821009953305,173.40116161674402
39069,2015,161.5,174.09244188445365,132.09783291554785,171.10132872126027,197.9409035450684
39071,2015,178.6,162.97648210078623,130.58657449995562,166.34094876018,194.33622336418796
39073,2015,170.4,151.76475438536065,123.4179465594083,153.5984540964383,177.94061547735922
39075,2015,138.7,152.45116769730106,123.90243327592225,154.43068120789417,174.7919362968937
39077,2015,160.2,168.79659978164796,134.14072553644854,167.48486802573413,196.66836104650778
39079,2015,150.0,144.29353781266934,113.08668215493515,147.6507410481287,171.70699705082666
39081,2015,114.3,132.32886907689888,105.73455502445535,131.4855233867213,164.3281903661734
39083,2015,147.9,154.74540668712524,127.73247055842117,156.98127204997476,179.5152151727839
39087,2015,136.4,148.36571201360474,117.76539761819822,150.89633016991584,174.92032556174138
39089,2015,156.4,160.02232375746036,134.59354824114655,161.87186385095313,190.49628697783265
39091,2015,142.1,165.17737328995435,135.04653047164544,168.16081605532625,194.57403673092003
39093,2015,146.5,153.177680422538,126.39292931055462,156.66684145248013,182.02353335961422
39095,2015,159.1,170.15173110771863,136.11186766644443,173.7342473357315,203.93708356153573
39097,2015,164.5,172.96977876034785,138.5808617474578,173.66150320482046,202.37486357988973
39099,2015,125.0,150.3358417733714,125.63616309588633,153.26910734070015,180.60375220353248
39101,2015,164.2,168.47074859023041,134.3485224597865,168.26118466655367,194.77594872572092
39103,2015,131.2,154.48744390909965,129.9217442983178,154.9874346863797,182.78443277110625
39105,2015,152.6,140.952082002165,114.4952184536639,140.08056766276556,169.02932062494952
39107,2015,117.0,162.4306779472762,125.25323996458565,166.74415375373894,195.34613308671462
39109,2015,176.8,174.51698636315066,137.50602765757304,174.21092390234213,201.86599027514876
39113,2015,157.5,171.6420074002484,136.01057362271143,174.39024766450527,199.08172442201854
39115,2015,132.7,150.7151666868991,122.36963027812439,148.5227837689616,177.98511847292104
39117,2015,130.9,169.85316457701265,137.91014976841902,171.15974647512837,200.40806547810084
39119,2015,158.8,153.8284122708761,124.89900367657896,156.852037508281,181.7487095602882
39121,2015,140.0,143.2107776054601,113.79448908166776,139.89482935896984,169.45995633234236
39123,2015,125.8,167.971017522522,128.9813508500058,162.58080758281528,193.07967644492558
39125,2015,123.2,168.69508451642827,129.05642386566623,160.6243868379428,187.2375636436415
39129,2015,174.4,170.18585585777876,138.3293087024473,171.4763889526154,200.8292139915444
39131,2015,172.2,157.10492337058656,125.80486262149142,157.77474991520918,184.1143024265831
39133,2015,110.5,146.80800282282988,127.16958812816438,150.73942138961905,178.10799430048078
39135,2015,155.3,172.59245101063084,137.69539344839913,171.49902137035693,202.96891074204214
39137,2015,126.4,169.11950390580643,130.1740351490017,162.1623478336685,194.39840718754564
39139,2015,155.5,155.5850627374042,132.4804781426117,157.24258578352098,182.57604379630777
39141,2015,186.5,169.62793657175865,138.50989320163126,172.0995926294511,201.97827414274903
39143,2015,167.2,171.24111900894533,133.22148934750535,171.5485678196581,197.0980727177722
39145,2015,156.9,153.9729274121202,128.71643960420684,158.36403666839456,178.86722867767483
39147,2015,167.6,170.3258438561019,132.665564986402,168.24674868216044,195.63229261347865
39149,2015,148.6,167.82562857546364,132.0953247530736,169.5943757661881,196.97657780947796
39151,2015,127.4,146.9640784666595,120.8090923447698,151.62186632287674,171.05442743807797
39155,2015,118.8,152.96529008066673,128.9937070776291,155.61609775818096,182.05369812415015
39157,2015,138.3,150.11306848006842,121.49671695565797,150.44458701726805,173.34651015977664
39159,2015,158.7,168.8052243585311,132.6702412376361,166.54139335679432,192.94737380506174
39161,2015,102.8,165.80543748711008,121.36460113947837,160.36514337477735,193.60016464757794
39163,2015,143.8,145.9034599160237,113.49236709816373,148.525919352895,171.01912722036576
39165,2015,185.4,169.2767159557597,135.1310710455874,169.67132265795917,193.2967638416283
39167,2015,158.4,145.08931905576802,114.9846293087228,144.81009106155346,167.5286715699885
39169,2015,129.8,152.5620096981471,129.63796149334843,155.78234044680497,180.50292694928112
39171,2015,165.9,163.10828178355248,133.69013840633957,165.10961538851498,191.19167945763147
39173,2015,143.2,170.48497917714602,129.06935666410126,166.16296059310557,194.974384885433
39175,2015,147.9,168.9957101247146,133.26697513839903,169.1379150318545,198.03415563231417
46003,2015,129.9,139.96398706554535,108.70849722791769,138.42331032113228,165.19702011884027
46005,2015,162.5,149.59949003411552,116.63179239829628,149.9391327742347,172.24927366088502
46009,2015,173.9,163.85881115661297,125.60094807448593,164.59982762894157,189.42735343442197
46011,2015,184.3,151.51926402783218,132.2207927925238,159.29179733569305,187.96852568286664
46013,2015,156.0,145.4443344011807,106.88846049330122,144.46142348303295,162.17286967667764
46015,2015,155.9,141.2152816069241,109.18001839616505,139.81381028346092,160.55023015130402
46021,2015,114.7,120.39528676327878,88.30032122630415,119.15837065336241,153.1492177193905
46023,2015,153.6,140.6813240183855,110.42876663964236,140.8386482197025,166.68230085152214
46027,2015,193.8,168.32707882777237,124.90208084720479,165.01022185734678,195.6851817090961
46029,2015,171.3,139.18816467083863,118.91281076997228,152.0511800895691,185.61983636580777
46031,2015,82.6,98.27870027859701,76.48773335981608,100.4010734984931,136.5863048534743
46037,2015,154.3,138.50041050834926,109.26292472424149,141.19434382368357,170.7438267414565
46039,2015,176.5,162.87269655299343,131.34691544222088,169.48838458641535,188.69917457113488
46043,2015,155.5,157.35189784283673,123.59725652431845,161.13130427671624,181.9103604813233
46049,2015,148.3,137.51764639651225,104.89838497336966,141.1251785499946,156.09654042027103
46051,2015,178.7,142.14402107962286,112.64102765971094,143.58251726812387,175.9396103312107
46053,2015,114.3,149.03212455755684,111.49173333451897,151.42116925855217,163.2105330333742
46057,2015,183.1,158.5629089359287,131.48523700300777,160.02045987184565,185.63779868413536
46059,2015,159.8,146.9634648055574,115.94058130034935,141.53476674647897,162.6865324177055
46063,2015,77.7,81.32144116754375,64.3120093899569,86.88232675506458,138.15595601979058
46073,2015,150.0,146.4785966590258,114.6146342218381,142.73795880834714,171.3264316968344
46075,2015,95.7,114.71959403255815,82.07387532743805,108.33587821731653,130.6895068659212
46077,2015,165.2,162.4522007499725,125.92626591749763,162.77384220582275,188.33930078432903
46079,2015,176.9,164.21592977616035,136.4447196141624,170.37271876019093,196.83784350583215
46083,2015,182.2,172.55055896969674,143.35301567811925,172.763408652987,196.97277820657294
46085,2015,106.7,119.71206777591686,83.83382850908293,116.32820007026544,135.95099606199938
46099,2015,191.0,166.47437310971577,149.2264592526151,177.42028787156372,198.7071136882212
46101,2015,190.8,171.68218830588387,148.3267252268731,179.6857693323162,199.5530945961276
46107,2015,137.7,141.3542822263303,112.19754213719987,136.28001699102336,159.12042531183653
46109,2015,167.9,141.00638846214008,107.37422497856465,143.16352700805396,172.62660865960464
46111,2015,143.4,158.01075638825333,122.64648714377859,160.09884831288173,178.19140909570132
46115,2015,166.0,146.21912868018308,115.23370049640042,146.8705975520941,160.9834480881269
46119,2015,114.7,136.36773549530693,112.01739498129434,137.07598824194673,157.4367707599944
46123,2015,111.7,116.30249040279361,91.23735072801243,118.48516979160861,142.76456672204063
46125,2015,182.3,165.43034560910647,129.34984705478573,164.20073835359344,196.75228826682812
46127,2015,185.5,178.3131838983924,147.77633343328426,180.0545746523187,201.8587793274201
46137,2015,69.7,84.59208790815535,54.25435854666529,85.74629151351715,119.96153323680966
48011,2015,193.2,197.52982129287557,117.03308447587551,180.08570314951498,223.3017321540963
48013,2015,60.9,104.36204946008024,67.34743906038535,104.61878652566395,141.42836458975648
48025,2015,84.3,107.01400748922354,64.98866316736647,97.83086887371834,131.77807987296615
48027,2015,63.2,96.0551006214522,66.0525151205692,98.7855680175055,120.37708216962919
48029,2015,100.6,104.9337377872818,67.84524473368701,99.00807452140879,134.70607355823807
48045,2015,108.1,166.45549741855234,109.7460561624898,163.87906300834592,215.18313932285528
48051,2015,96.1,110.82543594790467,54.979560485265836,98.10448408011857,129.77081439617982
48055,2015,111.9,95.41082401977954,56.30705744778086,92.79739993819375,124.60477698998473
48057,2015,72.5,119.61262046669974,83.60659705889763,106.59298600197863,152.8705246472304
48061,2015,97.7,102.40831348090599,58.366929687622545,118.87161778702148,131.08223617334713
48065,2015,204.6,187.1807533594282,107.96404163613418,176.9003316301507,227.49084090675498
48069,2015,205.7,200.53350433193648,124.91322515218647,192.6959273190654,225.50044048226238
48079,2015,115.2,165.11568768585184,107.02027991352692,153.92366020952835,217.5380821754533
48085,2015,38.8,81.51652408473235,39.46545081226515,88.50554031620655,115.16392402839436
48089,2015,115.4,110.5634310825676,79.52781013474305,102.57042756998877,138.08471275837994
48097,2015,64.4,79.14685014366715,42.739515696592555,83.48270807533662,122.034743981111
48111,2015,213.7,173.81597251358497,124.85191940121933,171.9458103539259,202.86216979133485
48117,2015,163.7,184.853714063795,133.17597626346782,190.07817307751563,228.26294938668457
48123,2015,56.0,107.57424653947444,68.53885587494973,98.26566310700655,139.6092093942766
48139,2015,54.9,88.18657138173045,50.47061683184594,90.97618273695258,111.7554727827221
48145,2015,73.5,107.11403745391765,70.43129161249574,102.55890200247752,132.29766436814896
48147,2015,73.7,87.61492938308014,47.40482904586456,88.60652302504435,123.52957059318048
48149,2015,77.8,98.93919622985203,51.2253974845975,94.14278281139565,126.46362220139487
48153,2015,148.5,177.89286659685416,133.0828415852733,178.09103301855208,224.465152671938
48171,2015,90.5,112.74661836646942,67.59300897098227,107.0454634120188,153.124413574309
48175,2015,58.5,110.36243222552503,72.46034406029784,109.86550190300933,138.18408227978733
48179,2015,193.5,163.03027608942216,104.06927325528565,161.09133212879783,193.58102561857666
48181,2015,51.5,79.21313530997587,43.927564717860854,79.03659637639959,114.80494614509384
48187,2015,108.8,99.58258158019349,61.053926803527006,94.14021217560983,123.00720150159775
48189,2015,147.8,189.59093793802293,118.63075541704654,176.9317863003612,217.73518499013778
48217,2015,64.5,85.6616053727452,50.93329779061366,92.8659780156044,113.28758270719999
48219,2015,120.6,182.16681747252105,110.79007836309962,183.71564930832147,228.76073242429018
48239,2015,83.1,110.48503364235158,70.39685769999127,94.2242597883042,152.3257979944486
48249,2015,81.1,80.75307016400201,47.40700789388052,74.56401878761609,122.92220564868661
48251,2015,48.7,82.35467142710992,43.33361755626734,86.96358725883911,111.62051361289288
48255,2015,73.8,88.64954986938535,60.29858050864891,86.62591316673068,134.0290653740626
48277,2015,64.9,102.27674967833934,67.22568966511179,103.09099169462596,130.99506599616393
48279,2015,148.1,179.8965674056548,113.15987582316437,170.3772405325031,222.6701354858283
48293,2015,34.3,98.23556556778557,48.21913431584117,94.16813817002202,131.1941199259076
48303,2015,137.2,165.78787151718234,123.77054010521394,168.29950621485997,212.29602601486002
48309,2015,99.4,91.80237104327155,51.34748808497416,93.83274969004015,114.21305740822821
48321,2015,82.9,91.89426967488721,64.03466811587026,90.31430565401153,117.19214053451883
48325,2015,122.4,112.59359988681298,77.6082938971997,111.32157662351449,135.13399424850948
48331,2015,71.6,114.73157168119837,75.14842896576465,100.69118613056565,136.61794603841847
48341,2015,217.6,172.015672794975,102.32471844248884,160.8473363659092,178.93234985922675
48349,2015,58.2,91.2749127424053,47.89901149216596,87.92244095997548,117.13055570276627
48355,2015,62.5,91.3559415317402,63.632828299695575,92.28730441150788,119.48161643662287
48357,2015,196.6,170.62419329057948,109.13775069364371,160.366789790841,194.63502772577718
48359,2015,187.1,184.1443396461295,118.30050406245778,178.025205736555,223.1683502411092
48369,2015,147.4,186.6714520703048,124.57428395819261,181.08024563514547,224.52558041832538
48381,2015,143.7,194.977142613898,131.9579327678861,190.287952618413,230.102013108011
48409,2015,83.5,89.22909576465561,61.077768664727756,90.78667035051328,118.4561783239079
48421,2015,219.4,183.8686941688996,113.68857667450496,178.0265607810471,218.4255137907092
48437,2015,155.0,192.26438503164542,123.33525534426641,178.21227001124228,225.17650670384998
48445,2015,99.1,155.39393243693223,112.09754523070798,152.90256227324838,214.4602405573504
48453,2015,50.5,93.17703954224615,57.305409744304725,95.15428375720565,127.65160686258872
48463,2015,121.8,117.59716940466485,80.778124122922,123.22155584872381,143.36759725320772
48469,2015,73.5,106.66354815228493,72.90402593022132,104.4112573335447,138.32456706567763
48481,2015,103.3,105.34373655343266,65.71040729774624,99.26990356089978,126.00326003266677
48491,2015,69.5,105.81496797171994,73.1227914530493,101.27414722105159,123.17474803531242
48493,2015,101.4,102.99122463739792,63.48369403989875,99.58250383039179,138.97255752389583
55001,2015,130.3,137.55633923829268,113.31414507285648,146.90270273170904,170.69901513562718
55005,2015,151.3,140.9072094422016,109.37138708859605,141.68915433635064,169.13252175813696
55009,2015,156.5,145.72062201358568,113.45574586369185,151.44996353419268,174.10907455642715
55011,2015,159.9,164.64311209780314,143.93718247460652,167.5716956574004,187.63574111162262
55013,2015,140.3,130.9795846177666,106.27916079866256,138.162661474334,171.76582864081746
55015,2015,164.8,153.1018275707226,122.32344601651269,152.89997272106743,179.15430656171281
55017,2015,144.9,135.9095699964054,106.89559473119064,141.4307222293666,171.17769697442026
55019,2015,140.5,136.2363012823164,106.66955646803459,138.4580354088803,166.06176257682048
55021,2015,179.8,162.75474952441485,139.74739731069775,166.8151607453703,190.87854066492517
55023,2015,146.5,159.32003086067107,133.3446647819052,161.66710949346816,183.89458850571634
55025,2015,183.7,165.4469793918106,140.89318529996598,169.33533846984332,192.6822205335124
55027,2015,181.3,168.67471053734792,150.07690723678263,172.1262570412631,189.84737472350906
55033,2015,160.2,146.23682478031154,121.30033410904485,147.19030709991483,172.6180649165293
55035,2015,158.1,147.79532447881505,121.40972681364067,148.51620590252176,168.3137348095494
55039,2015,178.5,162.251859506512,133.20258304702799,162.005761783839,183.19145231484305
55043,2015,178.9,158.6109145663671,128.7663575033745,163.78814031636114,190.82765218753894
55045,2015,170.8,157.86452946759462,132.67491212066366,159.76499639711403,182.9148794936267
55047,2015,179.7,155.50955022401592,132.5075435099477,161.00899246070722,188.42309833737036
55049,2015,160.3,150.30543772946666,128.84416592530613,158.87255475917027,181.05446131534285
55053,2015,146.2,145.45484744305753,123.62351015403732,153.8466738619811,177.8931749980784
55055,2015,170.1,156.3250843705194,129.4287836567399,154.44449930656467,185.72769964757018
55057,2015,158.3,146.87764344412824,120.89438828061242,154.30582704017593,176.7771376201743
55059,2015,179.5,160.3732541851745,131.09480799995757,162.15783296011048,188.12008488703594
55061,2015,157.3,150.35601326121417,117.57786896550581,151.48455352939692,171.42680032876737
55063,2015,160.4,165.52693368105707,141.53331414721862,168.29705551300736,188.22705783217668
55065,2015,194.2,163.49283810441798,134.55800558535273,166.02802781829553,190.92385230460405
55067,2015,132.5,126.26669082711054,93.12339004940175,128.47112576674994,153.75422500491288
55069,2015,134.2,130.82501933611692,101.66787641106707,130.14517237468354,156.22412368222163
55071,2015,160.6,156.4133017058809,119.9237869544734,158.54538621970133,172.48054819187882
55073,2015,136.5,140.713259949309,106.15402318951689,138.62261011955644,158.43531497341954
55075,2015,130.6,136.89469021878693,108.84634463026032,144.5462877187715,168.85960325242036
55077,2015,128.4,133.98441753291337,111.25256637692578,131.67081040842214,167.80367024631707
55081,2015,157.9,151.7581305227245,126.4359446205957,155.76282580387854,184.06239033761724
55083,2015,133.1,142.35800347441176,109.4278099235979,144.32116410314967,168.04975648214838
55087,2015,157.7,153.71518021522533,125.29290907917411,157.53742894558906,186.50631778330197
55091,2015,163.3,156.7897338114618,133.81119667648198,159.4105804947046,179.88717508070212
55093,2015,179.2,166.55179273884985,140.53225964465668,168.4916476283345,183.11080776217977
55095,2015,156.2,139.1677265909811,112.88003603719491,144.0280636144012,172.02507401831244
55097,2015,149.4,137.56219882529953,113.07356710277529,146.010745335486,165.42356354981678
55101,2015,180.9,158.39209825571146,121.61536765313849,157.39784257675845,181.58855608426825
55103,2015,143.1,157.18906239588003,130.9957811638379,158.72880355817892,182.78062524039194
55105,2015,177.1,165.04848858265194,137.9409206928078,168.28840725314453,192.48058230398715
55107,2015,114.7,131.4781724991087,103.76898418326839,132.3108833418431,166.79023284840994
55109,2015,170.6,144.97104017878556,117.83962693899082,150.2415846232125,176.6228530651511
55111,2015,165.3,149.48484367844196,130.00025486934817,157.6863076395577,179.96813948983083
55115,2015,147.5,152.6754316011113,121.80033184627442,155.6132264405365,172.45048789618434
55117,2015,158.3,155.30896062593607,118.77585449895426,152.5997196159985,170.51077736055188
55119,2015,132.5,137.2810156339129,107.81176958563438,132.97864782059966,164.08215028354638
55121,2015,157.7,152.33197838450593,130.12003974969525,155.36510859646245,184.86208767136452
55123,2015,152.6,162.84674349914582,137.8227873173446,163.0999998759012,188.98847038866404
55127,2015,180.8,164.1576480361516,140.88414670175945,163.87978600304314,187.4350145256078
55129,2015,158.0,133.46209582152534,100.80877556474903,136.38378878084504,164.26663691585483
55131,2015,169.4,151.43610124139602,125.6185787055563,152.34686597034397,174.48385859178788
55133,2015,165.8,145.8760208617099,124.55705575634164,144.30762490778628,177.92914624168716
55135,2015,153.2,142.84783556194031,121.37740341458507,149.89944524135598,173.99363870111665
55137,2015,162.4,143.56650454101464,118.1597607411201,147.89136133329754,172.17085568599666
55141,2015,144.0,137.00204072157152,114.66953953000423,149.1308197566439,169.91910172870917
