stco,year,corn
1001,2017,170.8
1001,2018,165.6
1001,2019,165.3
1001,2020,156.6
1003,2016,152.9
1003,2017,162.0
1003,2018,152.0
1003,2019,150.7
1003,2020,146.9
1003,2021,154.2
1003,2022,139.0
1003,2023,185.2
1003,2024,174.0
1003,2025,170.0
1005,2016,188.9
1005,2017,192.3
1005,2019,184.4
1005,2020,151.7
1005,2021,189.2
1005,2022,159.8
1005,2023,186.9
1009,2020,135.4
1009,2021,152.6
1009,2022,100.4
1009,2023,146.9
1009,2025,124.1
1011,2017,135.0
1013,2020,108.3
1013,2024,83.3
1015,2018,156.2
1015,2019,135.9
1015,2020,151.4
1015,2021,160.2
1015,2022,142.4
1015,2023,180.3
1015,2024,129.7
1015,2025,161.8
1017,2025,144.6
1019,2016,92.3
1019,2017,146.8
1019,2019,129.0
1019,2020,122.6
1019,2021,173.9
1019,2022,138.5
1019,2023,153.2
1019,2024,85.3
1019,2025,121.5
1021,2020,120.0
1021,2021,151.8
1021,2022,92.4
1021,2023,165.0
1021,2024,88.5
1021,2025,123.7
1029,2016,125.0
1029,2017,111.1
1031,2016,104.5
1031,2017,120.2
1031,2022,125.4
1031,2023,111.0
1031,2024,80.1
1033,2016,126.2
1033,2017,195.3
1033,2018,153.6
1033,2019,161.0
1033,2020,175.3
1033,2021,174.7
1033,2022,94.0
1033,2023,172.0
1033,2024,96.0
1033,2025,157.5
1035,2016,116.7
1035,2017,120.7
1035,2018,150.0
1035,2019,109.4
1035,2020,110.0
1035,2025,165.1
1039,2016,108.1
1039,2017,141.7
1039,2019,96.3
1039,2020,113.4
1039,2021,108.5
1039,2023,140.1
1039,2024,87.4
1039,2025,124.2
1041,2017,145.0
1041,2018,112.8
1041,2025,84.2
1043,2016,117.2
1043,2017,175.9
1043,2018,181.6
1043,2019,175.5
1043,2020,174.8
1043,2021,179.2
1043,2022,134.4
1043,2023,174.9
1043,2024,95.0
1043,2025,157.5
1045,2016,145.0
1045,2017,144.0
1045,2019,107.3
1045,2020,113.6
1045,2021,122.2
1045,2022,128.2
1045,2023,141.8
1045,2024,114.2
1045,2025,126.2
1047,2016,118.8
1047,2017,149.6
1047,2018,137.3
1047,2019,134.0
1047,2020,143.3
1047,2021,153.8
1047,2022,111.3
1047,2023,133.0
1047,2024,116.0
1047,2025,140.4
1049,2016,96.8
1049,2017,163.4
1049,2018,168.3
1049,2019,131.1
1049,2020,156.0
1049,2021,161.9
1049,2022,144.3
1049,2023,175.5
1049,2024,129.5
1049,2025,149.0
1051,2016,151.8
1051,2017,153.0
1051,2018,170.5
1051,2019,104.0
1051,2021,147.6
1051,2023,133.8
1053,2016,143.5
1053,2017,140.0
1053,2018,176.8
1053,2020,179.1
1053,2022,167.1
1053,2023,167.1
1053,2025,146.5
1055,2016,92.2
1055,2017,118.6
1055,2019,152.2
1055,2020,146.0
1055,2022,132.4
1055,2023,140.9
1055,2024,113.3
1055,2025,142.8
1057,2016,85.0
1057,2017,130.8
1057,2018,124.3
1057,2019,100.0
1057,2020,125.6
1057,2021,126.3
1057,2022,101.5
1057,2023,135.6
1057,2024,65.6
1057,2025,139.7
1059,2016,85.7
1059,2017,178.9
1059,2018,100.0
1059,2023,161.3
1059,2024,71.4
1059,2025,94.3
1061,2016,129.4
1061,2017,130.1
1061,2018,109.5
1061,2020,144.0
1061,2023,135.6
1061,2024,136.9
1061,2025,144.9
1067,2016,142.9
1067,2018,162.4
1067,2019,144.5
1067,2020,169.6
1067,2021,164.9
1067,2022,161.4
1067,2023,159.8
1067,2024,153.6
1067,2025,152.7
1069,2018,100.0
1069,2019,137.8
1069,2020,161.6
1069,2022,160.3
1069,2023,166.5
1069,2024,175.2
1069,2025,111.8
1071,2016,80.5
1071,2017,150.2
1071,2018,155.2
1071,2019,123.3
1071,2020,149.5
1071,2021,156.5
1071,2022,110.7
1071,2023,164.3
1071,2024,103.2
1071,2025,126.4
1075,2016,78.6
1077,2016,106.5
1077,2017,178.4
1077,2018,165.3
1077,2019,172.3
1077,2020,165.6
1077,2021,176.2
1077,2022,83.0
1077,2023,155.6
1077,2024,95.5
1077,2025,161.3
1079,2016,117.2
1079,2017,204.0
1079,2018,176.9
1079,2019,171.5
1079,2020,185.8
1079,2021,184.7
1079,2022,96.3
1079,2023,171.9
1079,2024,112.1
1079,2025,177.7
1081,2020,131.3
1083,2016,112.9
1083,2017,198.9
1083,2018,183.2
1083,2019,160.2
1083,2020,180.3
1083,2021,193.0
1083,2022,117.2
1083,2023,182.3
1083,2024,114.1
1083,2025,176.5
1085,2020,117.9
1087,2016,131.9
1087,2017,151.3
1087,2020,157.4
1087,2023,138.6
1087,2024,154.8
1087,2025,123.6
1089,2016,150.7
1089,2017,176.7
1089,2018,159.7
1089,2019,179.2
1089,2020,157.7
1089,2021,190.3
1089,2022,152.5
1089,2023,201.2
1089,2024,114.9
1089,2025,181.0
1091,2016,137.2
1091,2020,124.5
1091,2022,60.4
1091,2023,115.3
1091,2025,125.5
1093,2020,148.6
1093,2021,119.6
1093,2022,120.1
1093,2023,141.3
1093,2024,91.4
1093,2025,136.7
1095,2017,155.7
1095,2019,149.5
1095,2020,155.2
1095,2021,158.2
1095,2022,123.2
1095,2023,174.2
1095,2024,107.0
1095,2025,160.7
1099,2016,122.4
1099,2017,171.5
1099,2018,157.6
1099,2019,124.4
1099,2020,159.5
1099,2021,191.8
1099,2022,132.2
1099,2023,183.7
1099,2024,129.2
1103,2016,107.0
1103,2017,182.7
1103,2018,176.8
1103,2019,140.0
1103,2020,171.6
1103,2022,89.3
1103,2023,177.0
1103,2024,102.1
1105,2016,123.7
1105,2017,122.3
1105,2018,145.2
1105,2019,110.0
1105,2020,154.8
1105,2021,152.6
1105,2022,68.0
1105,2023,102.9
1105,2024,141.6
1109,2016,123.9
1109,2017,126.0
1109,2020,136.4
1109,2023,145.8
1109,2024,68.8
1109,2025,147.2
1111,2016,97.0
1111,2017,92.2
1111,2018,101.5
1111,2019,80.6
1111,2020,97.5
1111,2021,140.3
1111,2022,139.9
1111,2023,149.4
1111,2024,114.8
1113,2020,89.3
1113,2022,99.2
1117,2016,93.6
1117,2025,135.3
1121,2017,139.2
1121,2018,139.2
1121,2020,151.7
1121,2022,154.9
1121,2023,170.2
1121,2024,113.6
1121,2025,156.8
1123,2016,173.0
1125,2016,132.2
1125,2017,183.0
1125,2018,124.7
1125,2019,161.4
1125,2020,144.3
1125,2021,167.9
1125,2022,120.8
1125,2023,167.9
1125,2024,118.9
1125,2025,135.6
1127,2018,123.2
1127,2019,111.4
1127,2020,123.8
1127,2021,128.2
1127,2024,73.1
1127,2025,100.7
1131,2021,138.3
1131,2025,127.0
5001,2016,182.0
5001,2017,192.3
5001,2018,187.0
5001,2019,193.0
5001,2020,191.1
5001,2021,190.1
5001,2022,187.9
5001,2023,184.4
5001,2024,189.9
5001,2025,196.4
5003,2016,189.0
5003,2017,196.2
5003,2018,194.5
5003,2019,166.0
5003,2020,188.3
5003,2021,186.0
5003,2022,164.9
5003,2023,177.5
5003,2024,191.0
5003,2025,180.9
5017,2016,184.4
5017,2017,182.4
5017,2018,181.4
5017,2019,176.1
5017,2020,176.2
5017,2021,181.9
5017,2022,177.3
5017,2023,178.6
5017,2024,180.3
5017,2025,173.5
5021,2016,172.9
5021,2017,203.4
5021,2018,189.7
5021,2019,178.3
5021,2020,196.9
5021,2022,196.2
5021,2023,183.0
5021,2024,194.2
5021,2025,189.9
5029,2021,161.4
5029,2022,141.7
5029,2024,157.1
5031,2016,184.4
5031,2017,185.4
5031,2018,196.4
5031,2019,191.9
5031,2020,195.4
5031,2024,193.1
5031,2025,170.3
5033,2016,110.0
5035,2016,142.9
5035,2017,178.3
5035,2018,175.2
5035,2019,165.1
5035,2020,188.0
5035,2021,187.9
5035,2022,156.3
5035,2023,189.2
5035,2024,199.5
5035,2025,176.2
5037,2018,186.2
5037,2020,197.3
5037,2021,194.1
5037,2022,174.0
5037,2023,191.5
5037,2024,201.5
5037,2025,171.1
5041,2016,186.0
5041,2017,193.8
5041,2018,192.3
5041,2019,181.8
5041,2020,190.3
5041,2021,186.0
5041,2022,166.3
5041,2023,192.3
5041,2024,178.0
5041,2025,182.8
5043,2016,188.1
5043,2017,189.2
5043,2018,186.1
5043,2019,187.1
5043,2020,183.3
5043,2021,182.0
5043,2022,183.6
5043,2023,191.9
5043,2024,185.5
5043,2025,199.1
5045,2024,164.3
5045,2025,149.3
5055,2016,168.8
5055,2017,186.3
5055,2018,176.3
5055,2019,182.3
5055,2020,179.7
5055,2022,173.9
5055,2023,191.2
5055,2024,193.6
5055,2025,190.2
5063,2017,160.0
5063,2019,159.9
5063,2020,179.4
5063,2022,142.9
5063,2025,172.0
5067,2016,147.3
5067,2017,174.2
5067,2018,177.0
5067,2019,178.1
5067,2020,168.1
5067,2021,183.7
5067,2022,159.0
5067,2023,186.0
5067,2025,177.7
5069,2016,190.9
5069,2017,187.0
5069,2018,192.7
5069,2019,180.8
5069,2020,185.4
5069,2021,190.0
5069,2022,182.4
5069,2023,175.8
5069,2024,178.5
5069,2025,199.2
5071,2016,143.7
5071,2017,151.4
5071,2020,115.1
5071,2021,141.5
5071,2025,131.8
5073,2017,165.9
5073,2019,148.4
5073,2021,150.9
5073,2022,149.7
5073,2024,159.4
5075,2016,167.5
5075,2017,170.0
5075,2019,179.9
5075,2020,182.6
5075,2022,160.7
5075,2025,164.0
5077,2016,149.5
5077,2017,184.0
5077,2018,168.4
5077,2020,182.0
5077,2021,186.4
5077,2022,180.4
5077,2023,192.2
5077,2024,190.0
5077,2025,179.0
5079,2016,181.2
5079,2017,189.5
5079,2018,193.2
5079,2019,188.2
5079,2020,165.0
5079,2021,180.7
5079,2022,185.9
5079,2023,181.7
5079,2024,183.9
5079,2025,188.8
5083,2021,161.5
5085,2016,173.7
5085,2017,187.6
5085,2018,185.3
5085,2019,178.7
5085,2020,190.8
5085,2021,189.8
5085,2022,171.6
5085,2023,173.5
5085,2024,196.5
5085,2025,187.1
5093,2017,163.6
5093,2018,200.0
5093,2019,137.7
5093,2020,187.3
5093,2022,174.5
5093,2023,192.2
5093,2024,199.7
5095,2016,163.4
5095,2017,182.1
5095,2018,173.2
5095,2019,169.6
5095,2020,169.7
5095,2021,173.8
5095,2022,168.3
5095,2023,164.6
5095,2024,185.6
5095,2025,165.5
5107,2016,169.8
5107,2017,172.1
5107,2018,166.7
5107,2019,160.3
5107,2020,178.8
5107,2021,186.5
5107,2022,170.4
5107,2023,189.5
5107,2024,191.7
5107,2025,186.7
5111,2016,176.7
5111,2017,195.4
5111,2018,197.2
5111,2019,186.4
5111,2020,181.6
5111,2021,176.6
5111,2022,170.6
5111,2023,188.2
5111,2024,204.2
5111,2025,198.8
5117,2016,182.5
5117,2018,191.1
5117,2019,173.4
5117,2020,189.0
5117,2021,189.0
5117,2022,188.4
5117,2023,192.3
5117,2024,185.2
5117,2025,200.3
5119,2024,156.2
5121,2016,173.6
5121,2017,181.8
5121,2018,176.2
5121,2019,186.3
5121,2020,185.0
5123,2017,183.4
5123,2018,180.3
5123,2019,172.8
5123,2020,188.0
5123,2021,178.9
5123,2022,180.5
5123,2023,185.9
5123,2024,191.3
5123,2025,186.0
5143,2024,103.7
5145,2017,203.2
5145,2018,184.7
5145,2019,177.0
5145,2020,182.1
5145,2021,185.3
5145,2022,163.5
5145,2023,186.7
5145,2024,212.3
5147,2016,159.6
5147,2017,177.4
5147,2018,188.1
5147,2019,162.3
5147,2020,199.3
5147,2021,194.0
5147,2022,151.6
5147,2023,156.3
5147,2024,202.5
5147,2025,222.4
5149,2016,156.7
5149,2021,157.2
5149,2022,144.1
5149,2023,150.7
5149,2024,148.4
5149,2025,132.6
6011,2021,195.1
6011,2023,212.5
6019,2016,166.0
6021,2016,255.4
6021,2018,162.0
6021,2019,153.1
6021,2023,166.9
6025,2022,133.3
6029,2016,156.8
6029,2021,161.0
6047,2016,113.3
6067,2016,213.5
6067,2018,172.9
6067,2019,150.0
6067,2021,277.1
6067,2022,187.3
6067,2023,201.6
6077,2016,181.2
6077,2017,170.3
6077,2018,138.9
6077,2021,220.5
6077,2023,206.8
6095,2016,193.9
6095,2018,164.7
6099,2018,150.0
6101,2016,264.1
6101,2018,210.0
6101,2019,147.1
6101,2021,177.7
6101,2022,135.3
6113,2016,210.0
6113,2018,196.7
6113,2019,194.8
6113,2023,201.7
8001,2016,108.1
8001,2017,82.0
8001,2018,51.2
8001,2019,54.8
8001,2020,42.1
8001,2021,40.6
8001,2022,49.0
8001,2024,58.0
8001,2025,76.2
8009,2016,117.2
8009,2020,106.3
8011,2016,155.4
8011,2017,164.3
8011,2018,174.9
8011,2019,182.7
8011,2020,111.8
8011,2021,185.3
8011,2022,134.2
8011,2023,146.6
8011,2024,138.1
8011,2025,166.1
8013,2016,153.1
8013,2017,160.0
8013,2019,125.8
8013,2020,100.0
8013,2023,140.1
8017,2016,105.2
8017,2017,110.7
8017,2018,117.1
8017,2019,91.4
8017,2020,57.7
8017,2021,67.7
8017,2022,37.7
8017,2024,38.8
8017,2025,85.5
8029,2020,191.0
8029,2021,215.8
8029,2022,235.3
8029,2023,231.1
8029,2024,188.2
8039,2016,40.4
8039,2017,71.4
8039,2020,34.0
8039,2021,26.4
8039,2023,46.9
8039,2025,67.8
8061,2016,50.7
8061,2018,66.5
8061,2020,22.8
8061,2021,39.2
8061,2022,40.0
8061,2023,79.4
8061,2025,86.5
8063,2016,126.5
8063,2017,141.1
8063,2018,129.8
8063,2019,100.5
8063,2020,87.3
8063,2021,106.5
8063,2022,85.2
8063,2023,94.5
8063,2024,81.3
8063,2025,136.8
8069,2016,101.2
8069,2019,148.5
8069,2020,128.2
8069,2022,191.1
8069,2023,194.8
8069,2024,143.6
8069,2025,190.8
8073,2016,95.9
8073,2018,52.4
8073,2020,38.6
8073,2021,38.0
8073,2024,25.8
8073,2025,71.4
8075,2020,130.9
8075,2021,154.0
8075,2022,133.5
8075,2023,152.0
8075,2024,139.3
8075,2025,153.2
8077,2021,221.8
8077,2022,235.1
8077,2024,202.3
8083,2024,56.0
8085,2020,180.7
8085,2024,203.6
8085,2025,213.0
8087,2017,184.8
8087,2018,163.2
8087,2020,146.1
8087,2021,193.0
8087,2022,138.7
8087,2023,194.7
8087,2024,186.9
8087,2025,163.3
8089,2016,187.7
8089,2017,171.7
8089,2018,127.2
8089,2020,182.0
8089,2022,152.5
8089,2024,130.0
8089,2025,202.6
8095,2016,140.3
8095,2017,148.6
8095,2018,126.3
8095,2019,133.6
8095,2020,111.9
8095,2021,138.4
8095,2022,167.1
8095,2023,114.8
8095,2024,131.6
8095,2025,145.7
8099,2019,166.7
8099,2020,170.1
8099,2023,160.2
8099,2024,187.8
8101,2017,193.6
8101,2018,136.7
8101,2019,199.6
8101,2020,190.5
8101,2021,204.5
8101,2022,196.5
8101,2023,190.8
8101,2025,202.0
8115,2016,121.2
8115,2017,140.5
8115,2018,128.7
8115,2019,144.3
8115,2020,108.5
8115,2022,133.5
8115,2023,114.1
8121,2017,79.5
8121,2018,84.0
8121,2019,70.6
8121,2020,64.3
8121,2021,46.7
8121,2022,44.1
8121,2023,88.6
8121,2024,59.9
8121,2025,88.1
8123,2016,119.2
8123,2017,175.4
8123,2018,135.2
8123,2019,177.1
8123,2021,168.7
8123,2022,129.5
8123,2023,211.2
8123,2024,198.4
8123,2025,190.0
8125,2016,183.5
8125,2017,170.7
8125,2018,196.5
8125,2019,174.8
8125,2020,174.8
8125,2021,187.6
8125,2022,200.5
8125,2023,169.5
8125,2024,189.4
8125,2025,172.9
10001,2016,184.4
10001,2017,190.3
10001,2018,149.9
10001,2019,155.6
10001,2020,169.0
10001,2021,188.5
10001,2022,179.7
10001,2023,196.5
10001,2024,179.6
10001,2025,195.7
10003,2016,179.2
10003,2017,172.3
10003,2018,149.1
10003,2019,171.2
10003,2020,156.9
10003,2021,179.4
10003,2022,182.4
10003,2023,204.3
10003,2024,177.7
10003,2025,211.9
10005,2016,163.7
10005,2017,188.8
10005,2018,139.5
10005,2019,159.6
10005,2020,152.4
10005,2021,178.9
10005,2022,162.5
10005,2023,181.7
10005,2024,158.1
10005,2025,180.5
13001,2016,201.5
13001,2017,135.0
13001,2019,119.1
13001,2020,90.0
13003,2016,123.5
13003,2017,192.3
13003,2018,134.4
13003,2019,160.9
13003,2020,171.9
13003,2021,157.8
13003,2024,171.0
13003,2025,201.8
13005,2016,145.0
13005,2017,143.9
13005,2019,96.6
13005,2020,159.2
13005,2022,132.3
13007,2016,184.6
13007,2017,195.1
13007,2018,199.2
13007,2019,191.0
13007,2020,201.8
13007,2021,202.0
13007,2022,186.8
13007,2023,191.2
13007,2024,206.4
13007,2025,226.8
13011,2018,92.6
13011,2019,102.0
13011,2021,151.0
13011,2022,108.1
13011,2023,155.5
13011,2024,96.9
13015,2017,149.0
13015,2018,156.5
13015,2019,185.0
13015,2020,176.7
13015,2021,181.2
13015,2022,199.4
13015,2025,162.9
13017,2021,229.1
13017,2022,187.9
13017,2024,154.1
13019,2017,173.9
13019,2018,151.2
13019,2020,158.7
13019,2021,169.1
13019,2022,152.4
13019,2023,166.7
13019,2024,101.8
13019,2025,168.6
13023,2018,186.2
13023,2019,177.0
13023,2020,190.3
13023,2021,196.6
13023,2022,205.5
13025,2020,90.9
13025,2021,111.7
13025,2022,88.5
13025,2024,55.8
13027,2017,143.6
13027,2018,154.1
13027,2019,146.3
13027,2020,118.6
13027,2023,175.8
13027,2025,190.6
13031,2017,121.2
13031,2018,114.0
13031,2019,122.1
13031,2020,95.8
13031,2021,158.9
13031,2023,142.0
13031,2025,169.4
13033,2016,186.8
13033,2017,203.2
13033,2018,191.1
13033,2019,199.0
13033,2020,196.9
13033,2021,203.5
13033,2022,185.7
13033,2023,180.6
13033,2024,177.4
13033,2025,163.8
13037,2016,197.2
13037,2017,220.5
13037,2018,211.8
13037,2019,228.1
13037,2020,229.0
13037,2021,225.6
13037,2022,224.4
13037,2023,210.8
13037,2024,205.4
13037,2025,225.6
13043,2019,82.4
13043,2021,84.0
13043,2024,70.0
13043,2025,163.6
13045,2021,145.4
13045,2022,112.0
13045,2024,109.1
13055,2017,164.2
13055,2018,175.7
13055,2019,122.9
13055,2020,174.5
13055,2021,168.7
13055,2022,157.7
13055,2024,101.7
13061,2017,182.0
13061,2020,201.7
13061,2022,168.8
13061,2023,192.7
13069,2016,162.9
13069,2017,171.1
13069,2018,141.9
13069,2019,149.2
13069,2020,164.8
13069,2021,171.6
13069,2022,159.7
13069,2023,157.4
13069,2024,154.9
13069,2025,173.5
13071,2016,179.3
13071,2017,195.5
13071,2018,197.9
13071,2019,164.7
13071,2020,198.8
13071,2021,204.7
13071,2023,193.7
13071,2024,175.8
13071,2025,223.0
13075,2016,165.6
13075,2017,169.0
13075,2018,165.3
13075,2019,135.6
13075,2020,161.2
13075,2023,181.5
13075,2025,206.8
13077,2020,80.4
13085,2022,95.6
13085,2024,146.3
13087,2016,192.6
13087,2017,192.0
13087,2018,209.0
13087,2020,216.2
13087,2021,196.5
13087,2024,199.3
13091,2018,179.5
13091,2019,152.5
13091,2020,168.7
13091,2021,203.2
13091,2022,196.7
13091,2024,217.9
13091,2025,229.0
13093,2018,211.6
13095,2018,199.1
13099,2017,184.5
13099,2018,169.1
13099,2019,202.0
13099,2020,207.1
13099,2021,200.6
13099,2022,202.8
13099,2023,173.5
13099,2025,225.1
13107,2016,145.9
13107,2017,125.9
13107,2019,146.7
13107,2020,124.2
13107,2021,139.6
13107,2022,161.3
13107,2023,171.3
13107,2024,132.3
13107,2025,193.2
13109,2018,147.8
13115,2016,86.4
13115,2018,216.7
13115,2019,153.5
13115,2020,182.4
13115,2023,120.8
13119,2016,118.0
13119,2019,157.1
13119,2020,100.0
13119,2021,151.1
13119,2022,117.5
13119,2023,162.2
13119,2024,153.4
13119,2025,141.8
13123,2025,174.0
13129,2016,43.0
13129,2017,98.5
13129,2018,161.1
13129,2019,108.1
13129,2020,141.5
13129,2021,150.6
13129,2022,132.8
13129,2023,168.9
13129,2024,71.5
13129,2025,144.3
13131,2016,147.9
13131,2017,149.6
13131,2018,181.2
13131,2020,184.1
13131,2022,156.6
13131,2023,178.2
13131,2024,138.3
13131,2025,186.4
13137,2016,87.0
13137,2017,129.5
13137,2019,116.2
13137,2020,140.5
13139,2017,125.0
13139,2018,120.8
13139,2019,114.1
13139,2020,95.9
13139,2022,100.7
13139,2023,129.0
13139,2024,78.8
13147,2016,127.0
13147,2018,186.7
13147,2020,150.0
13147,2021,190.9
13147,2022,72.3
13147,2025,192.5
13153,2016,143.8
13153,2017,163.2
13155,2016,187.5
13155,2017,169.1
13155,2018,172.9
13155,2019,173.1
13155,2020,185.3
13155,2021,184.9
13155,2022,181.7
13155,2023,197.4
13155,2024,172.9
13161,2016,174.1
13161,2017,104.7
13161,2018,138.9
13161,2022,179.3
13161,2023,151.9
13161,2025,177.1
13163,2016,202.9
13163,2017,204.9
13163,2018,203.2
13163,2019,183.0
13163,2020,204.8
13163,2021,204.6
13163,2023,197.4
13163,2025,225.8
13165,2016,164.6
13165,2017,214.7
13165,2018,189.6
13165,2019,240.0
13165,2023,181.9
13167,2016,183.9
13167,2017,197.7
13167,2019,92.4
13167,2020,145.8
13167,2021,162.8
13167,2022,102.6
13167,2023,166.3
13167,2025,206.9
13173,2016,154.4
13173,2024,96.8
13175,2020,159.1
13175,2021,168.1
13175,2023,170.1
13175,2024,181.7
13175,2025,215.1
13177,2018,147.1
13177,2020,185.8
13177,2021,197.0
13185,2021,174.3
13185,2023,156.0
13193,2016,168.6
13193,2017,141.5
13193,2018,191.1
13193,2019,195.8
13193,2020,178.8
13193,2021,216.1
13193,2022,203.5
13193,2023,194.6
13193,2025,124.2
13197,2016,88.4
13197,2017,150.0
13197,2018,119.1
13197,2024,141.3
13199,2018,127.4
13201,2016,178.5
13201,2017,203.0
13201,2018,193.2
13201,2019,205.3
13201,2020,208.4
13201,2021,189.4
13201,2022,198.8
13201,2023,191.9
13201,2024,195.1
13201,2025,211.3
13205,2016,192.1
13205,2017,190.1
13205,2018,203.2
13205,2020,201.9
13205,2021,195.5
13205,2022,213.6
13205,2024,202.2
13209,2018,144.4
13209,2025,213.3
13211,2022,63.3
13211,2025,130.6
13213,2020,148.8
13225,2016,175.5
13225,2022,124.2
13229,2016,131.2
13229,2017,159.2
13229,2018,136.2
13229,2019,119.6
13229,2020,175.8
13229,2021,166.8
13229,2022,136.7
13229,2023,172.7
13233,2016,118.5
13233,2017,167.1
13233,2022,89.2
13241,2022,77.8
13241,2023,120.6
13243,2017,204.0
13243,2018,187.1
13243,2019,213.0
13243,2020,212.7
13243,2021,191.8
13243,2022,194.2
13243,2023,168.5
13243,2024,182.1
13243,2025,227.8
13249,2019,80.7
13249,2020,99.7
13251,2016,163.5
13251,2017,190.9
13251,2018,164.6
13251,2019,157.3
13251,2020,174.2
13251,2021,179.5
13251,2022,158.6
13251,2023,166.7
13251,2024,128.3
13251,2025,170.3
13253,2016,205.0
13253,2017,216.0
13253,2018,198.9
13253,2019,213.0
13253,2020,222.8
13253,2021,207.2
13253,2022,191.5
13253,2024,213.0
13261,2016,192.1
13261,2018,205.2
13261,2020,201.4
13261,2021,197.6
13261,2022,172.2
13261,2023,189.7
13267,2016,186.2
13267,2018,162.9
13267,2021,168.3
13267,2023,175.8
13267,2024,189.1
13267,2025,165.5
13269,2018,118.0
13269,2019,90.0
13269,2020,104.2
13269,2022,104.9
13269,2023,104.0
13273,2016,161.9
13273,2017,198.9
13273,2018,182.2
13273,2019,151.1
13273,2020,189.3
13273,2021,200.3
13273,2022,189.2
13273,2023,162.4
13273,2025,204.6
13275,2016,130.6
13275,2017,112.6
13275,2018,120.6
13275,2019,101.2
13275,2020,123.9
13275,2021,138.3
13275,2022,173.6
13275,2023,174.0
13275,2024,182.3
13275,2025,202.2
13277,2020,172.9
13277,2021,192.9
13277,2022,181.8
13277,2023,187.9
13277,2024,169.5
13279,2018,194.1
13279,2021,177.1
13279,2025,191.9
13283,2022,203.4
13287,2017,200.0
13287,2018,188.0
13287,2019,199.5
13287,2020,212.5
13287,2023,147.0
13287,2025,196.6
13289,2020,171.1
13289,2021,164.7
13289,2024,177.9
13289,2025,203.6
13291,2021,148.9
13291,2024,141.5
13295,2023,155.7
13297,2020,76.1
13297,2021,70.3
13297,2022,77.5
13297,2023,81.7
13297,2024,44.7
13299,2016,145.3
13299,2017,102.0
13299,2019,110.9
13299,2020,119.4
13299,2021,137.6
13299,2022,95.8
13299,2023,131.0
13299,2024,130.6
13299,2025,137.2
13303,2020,194.3
13303,2021,199.6
13303,2023,202.4
13305,2024,92.0
13305,2025,132.8
13307,2018,172.0
13307,2019,67.9
13307,2020,142.1
13313,2018,99.2
13313,2019,103.0
13313,2021,139.1
13315,2016,190.0
13315,2020,164.2
13315,2021,183.0
13315,2023,186.2
13315,2024,176.9
13315,2025,197.0
13319,2024,206.9
13321,2016,170.0
13321,2017,190.3
13321,2018,191.4
13321,2019,196.1
13321,2020,213.7
13321,2021,183.1
13321,2022,199.0
13321,2023,179.5
13321,2024,181.5
16001,2017,207.0
16001,2018,230.0
16001,2019,224.4
16001,2021,225.7
16001,2022,217.4
16001,2025,190.8
16011,2022,173.8
16011,2023,184.0
16027,2016,168.3
16027,2017,221.1
16027,2018,198.5
16027,2019,217.5
16027,2020,202.5
16027,2021,208.8
16027,2022,220.0
16027,2023,220.0
16027,2024,214.9
16027,2025,212.3
16031,2017,177.4
16031,2018,149.7
16039,2017,215.5
16039,2019,202.9
16039,2020,184.5
16039,2021,215.2
16039,2022,247.3
16041,2019,140.5
16041,2020,157.7
16041,2022,180.8
16041,2023,161.5
16041,2025,171.3
16045,2016,191.5
16045,2017,202.4
16045,2018,233.9
16045,2019,219.0
16045,2020,207.4
16045,2021,228.6
16045,2022,232.7
16045,2023,219.0
16045,2024,208.2
16045,2025,221.8
16047,2017,218.0
16047,2018,236.0
16047,2019,210.0
16047,2020,209.6
16047,2021,202.2
16047,2022,216.7
16047,2023,195.2
16047,2024,210.0
16047,2025,196.1
16053,2016,192.9
16053,2018,230.9
16053,2020,181.3
16053,2022,209.1
16063,2016,200.0
16063,2017,212.5
16063,2018,219.6
16063,2019,171.8
16063,2020,197.1
16063,2021,210.4
16063,2022,202.4
16063,2023,192.7
16063,2024,189.1
16073,2016,198.4
16073,2017,230.6
16073,2018,235.3
16073,2019,218.6
16073,2020,238.1
16073,2021,216.7
16073,2022,221.8
16073,2023,215.5
16073,2024,218.1
16073,2025,220.8
16075,2016,221.2
16075,2017,227.5
16075,2018,230.3
16075,2019,227.3
16075,2020,197.0
16075,2021,203.4
16075,2022,202.5
16075,2023,205.0
16075,2024,204.1
16077,2022,209.7
16077,2023,187.3
16077,2025,219.7
16083,2018,214.9
16083,2020,202.0
16083,2021,214.3
16083,2022,212.6
16083,2023,196.9
16083,2024,202.4
16083,2025,213.4
16087,2020,228.0
16087,2022,231.2
16087,2023,226.7
16087,2024,228.0
16087,2025,252.4
17001,2016,193.1
17001,2017,192.2
17001,2018,197.8
17001,2019,168.1
17001,2020,177.5
17001,2022,200.8
17001,2023,185.7
17001,2025,211.4
17003,2016,131.5
17003,2017,159.4
17003,2018,188.4
17003,2019,144.2
17003,2020,181.7
17003,2022,162.2
17005,2017,170.7
17005,2019,183.8
17005,2020,185.6
17005,2021,206.7
17005,2022,197.8
17005,2023,194.5
17005,2025,189.8
17007,2016,197.5
17007,2017,189.9
17007,2018,194.1
17007,2019,179.0
17007,2020,192.2
17007,2021,200.0
17007,2022,209.2
17007,2023,212.7
17007,2024,212.8
17007,2025,225.2
17009,2016,182.3
17009,2017,188.7
17009,2018,187.9
17009,2020,181.3
17009,2021,179.0
17009,2022,201.5
17009,2023,192.4
17009,2024,177.5
17011,2016,203.9
17011,2017,215.4
17011,2018,214.1
17011,2019,179.9
17011,2020,199.4
17011,2021,203.5
17011,2022,225.1
17011,2023,223.5
17011,2024,240.8
17011,2025,225.9
17013,2017,156.0
17013,2019,170.9
17013,2020,176.6
17013,2021,181.3
17013,2022,185.8
17013,2023,197.4
17013,2025,188.6
17015,2016,231.9
17015,2017,238.0
17015,2018,217.1
17015,2019,206.1
17015,2020,199.7
17015,2021,205.0
17015,2022,228.2
17015,2023,229.5
17015,2024,239.2
17015,2025,239.2
17017,2016,202.3
17017,2017,194.7
17017,2018,223.5
17017,2019,205.6
17017,2020,204.8
17017,2021,211.0
17017,2022,214.9
17017,2023,215.8
17019,2016,210.2
17019,2017,206.8
17019,2018,221.3
17019,2019,180.8
17019,2020,192.7
17019,2021,222.4
17019,2022,219.1
17019,2023,218.2
17021,2016,203.2
17021,2017,220.0
17021,2018,232.9
17021,2019,198.7
17021,2020,198.1
17021,2021,218.6
17021,2022,225.9
17021,2023,216.8
17023,2017,185.9
17023,2018,203.5
17023,2020,199.4
17023,2021,205.2
17023,2022,207.1
17023,2023,204.6
17023,2024,208.0
17023,2025,199.4
17025,2016,154.2
17025,2017,119.6
17025,2018,189.3
17025,2019,140.5
17025,2020,169.7
17025,2021,210.0
17025,2022,203.7
17025,2023,178.3
17025,2024,173.0
17025,2025,174.3
17027,2016,154.9
17027,2017,157.5
17027,2018,184.8
17027,2019,181.9
17027,2020,176.0
17027,2021,208.4
17027,2022,196.5
17027,2023,156.6
17027,2024,197.6
17029,2017,208.3
17029,2018,234.3
17029,2019,184.0
17029,2020,202.7
17029,2021,220.0
17029,2023,221.3
17029,2024,227.6
17029,2025,215.6
17031,2016,170.0
17031,2019,174.0
17031,2021,170.3
17033,2017,172.5
17033,2018,194.3
17033,2019,146.3
17033,2020,179.2
17033,2021,203.0
17033,2022,212.6
17033,2023,194.3
17033,2024,198.2
17033,2025,188.0
17035,2016,178.4
17035,2017,181.2
17035,2019,161.6
17035,2020,185.8
17035,2022,222.4
17035,2023,206.6
17035,2024,226.3
17037,2016,215.6
17037,2017,204.1
17037,2018,190.3
17037,2019,188.8
17037,2020,190.2
17037,2021,202.7
17037,2022,224.1
17037,2023,222.8
17037,2025,244.4
17039,2016,214.5
17039,2017,201.1
17039,2018,225.0
17039,2020,200.5
17039,2021,209.2
17039,2022,232.9
17041,2016,208.6
17041,2017,211.9
17041,2018,246.0
17041,2019,193.6
17041,2020,205.7
17041,2022,210.0
17041,2023,211.6
17041,2024,225.3
17041,2025,228.3
17043,2022,184.7
17045,2016,193.4
17045,2017,206.4
17045,2018,213.1
17045,2020,188.9
17045,2021,207.9
17045,2022,211.9
17045,2023,208.5
17045,2024,222.6
17047,2016,141.6
17047,2017,171.4
17047,2018,168.6
17047,2020,173.3
17047,2021,186.8
17047,2022,179.5
17047,2023,184.8
17047,2024,185.4
17049,2016,162.2
17049,2017,188.8
17049,2018,235.2
17049,2019,173.9
17049,2020,190.8
17049,2021,212.8
17049,2022,220.9
17049,2023,186.0
17049,2024,217.5
17049,2025,197.4
17051,2016,163.0
17051,2017,170.3
17051,2019,166.2
17051,2020,181.9
17051,2021,207.2
17051,2023,172.2
17053,2016,204.0
17053,2017,212.4
17053,2018,201.7
17053,2019,168.6
17053,2020,191.3
17053,2021,199.0
17053,2022,222.5
17053,2023,223.3
17055,2016,115.6
17055,2017,157.0
17055,2018,155.5
17055,2019,135.6
17055,2020,163.7
17055,2021,177.7
17055,2022,176.1
17055,2023,173.7
17055,2024,170.6
17055,2025,128.0
17057,2016,195.1
17057,2017,198.6
17057,2018,218.0
17057,2019,175.8
17057,2020,183.9
17057,2021,193.1
17057,2022,212.5
17057,2023,201.2
17057,2024,208.4
17057,2025,211.9
17059,2016,159.4
17059,2017,190.3
17059,2018,169.8
17059,2019,166.4
17059,2020,176.7
17059,2021,191.7
17059,2022,182.7
17061,2016,186.9
17061,2017,200.4
17061,2018,207.2
17061,2019,191.7
17061,2020,190.7
17061,2021,196.4
17061,2022,207.4
17061,2023,203.6
17061,2024,229.1
17061,2025,216.1
17063,2016,212.4
17063,2017,208.7
17063,2018,201.0
17063,2019,164.0
17063,2020,184.0
17063,2021,201.4
17063,2022,215.4
17065,2016,123.5
17065,2017,174.2
17065,2018,163.6
17065,2020,169.5
17065,2022,171.2
17067,2016,207.6
17067,2017,222.9
17067,2018,233.8
17067,2020,203.5
17067,2021,200.9
17067,2022,214.2
17067,2023,204.2
17067,2024,228.2
17069,2021,175.9
17071,2016,207.0
17071,2017,223.9
17071,2018,213.3
17071,2019,193.2
17071,2020,199.4
17071,2022,220.2
17071,2023,229.7
17071,2025,218.9
17073,2016,207.9
17073,2017,217.6
17073,2018,219.5
17073,2019,187.0
17073,2020,207.9
17073,2021,202.5
17073,2022,231.9
17073,2023,223.5
17075,2016,193.6
17075,2017,199.0
17075,2018,196.0
17075,2019,152.6
17075,2020,190.2
17075,2021,194.2
17075,2022,212.4
17075,2023,216.5
17075,2024,213.8
17077,2016,136.7
17077,2017,166.7
17077,2018,162.2
17077,2019,150.7
17077,2020,176.4
17077,2021,181.2
17077,2022,174.9
17077,2023,165.2
17077,2024,194.2
17077,2025,141.7
17079,2016,165.3
17079,2017,179.4
17079,2018,205.7
17079,2019,174.0
17079,2020,176.8
17079,2022,203.6
17079,2023,191.8
17079,2025,185.0
17081,2016,121.8
17081,2017,127.9
17081,2018,161.2
17081,2019,129.3
17081,2020,152.1
17081,2021,174.0
17081,2022,162.4
17081,2023,155.7
17081,2024,156.7
17081,2025,130.8
17083,2016,175.6
17083,2017,172.0
17083,2019,183.5
17083,2020,192.2
17083,2022,206.1
17083,2023,201.9
17083,2024,193.7
17085,2016,204.9
17085,2017,191.3
17085,2018,209.1
17085,2019,188.9
17085,2020,193.3
17085,2021,199.9
17085,2022,210.8
17085,2023,211.2
17085,2024,212.2
17085,2025,211.7
17087,2016,93.9
17087,2017,151.9
17087,2020,165.1
17087,2022,168.0
17087,2023,159.6
17087,2025,124.7
17089,2016,210.8
17089,2017,176.4
17089,2018,189.4
17089,2019,175.8
17089,2020,175.9
17089,2021,206.5
17089,2022,215.0
17089,2023,209.1
17089,2024,233.7
17091,2016,195.5
17091,2017,195.9
17091,2018,181.7
17091,2020,172.2
17091,2021,191.0
17091,2022,209.5
17091,2023,207.5
17093,2016,206.8
17093,2017,209.5
17093,2018,208.0
17093,2019,192.2
17093,2020,182.1
17093,2021,211.6
17093,2022,221.3
17093,2023,206.2
17095,2016,223.3
17095,2017,229.5
17095,2018,226.5
17095,2019,196.2
17095,2020,203.9
17095,2021,198.1
17095,2022,229.0
17095,2023,219.0
17095,2024,238.2
17095,2025,236.4
17097,2016,154.8
17097,2017,144.6
17097,2019,129.0
17097,2020,164.7
17097,2021,164.2
17097,2022,189.1
17097,2023,192.9
17097,2024,164.7
17097,2025,201.4
17099,2016,205.6
17099,2017,210.1
17099,2018,215.0
17099,2019,175.8
17099,2020,185.3
17099,2022,220.0
17099,2023,199.7
17099,2024,225.0
17099,2025,219.3
17101,2017,165.1
17101,2018,166.0
17101,2019,155.2
17101,2020,170.4
17101,2021,191.1
17101,2022,192.1
17101,2023,186.3
17101,2024,194.5
17101,2025,175.6
17103,2016,200.9
17103,2017,209.0
17103,2018,205.9
17103,2019,181.4
17103,2020,194.0
17103,2021,198.4
17103,2022,224.4
17103,2023,207.7
17103,2025,233.1
17105,2016,214.7
17105,2017,209.9
17105,2018,207.5
17105,2019,178.8
17105,2020,181.4
17105,2021,208.5
17105,2022,213.4
17105,2023,220.1
17105,2024,231.4
17105,2025,217.7
17107,2016,219.4
17107,2017,213.0
17107,2018,236.2
17107,2019,194.2
17107,2020,209.6
17107,2021,209.5
17107,2022,229.1
17107,2023,211.1
17107,2024,234.5
17109,2016,212.2
17109,2017,221.8
17109,2018,228.9
17109,2019,188.8
17109,2020,198.1
17109,2022,217.5
17109,2023,224.2
17111,2016,199.8
17111,2017,177.8
17111,2018,190.8
17111,2020,179.4
17111,2025,224.9
17113,2016,218.1
17113,2017,223.9
17113,2018,229.3
17113,2019,198.8
17113,2020,200.7
17113,2021,205.7
17113,2022,232.3
17113,2023,223.3
17113,2024,246.7
17113,2025,243.1
17115,2016,214.9
17115,2017,216.5
17115,2018,239.9
17115,2019,204.4
17115,2020,209.2
17115,2021,221.1
17115,2022,232.5
17115,2023,225.3
17115,2024,243.8
17115,2025,238.6
17117,2016,199.2
17117,2017,190.6
17117,2018,215.3
17117,2019,183.0
17117,2020,191.9
17117,2021,197.2
17117,2022,209.2
17117,2023,199.3
17117,2024,206.4
17117,2025,207.9
17119,2016,172.0
17119,2017,177.9
17119,2018,197.8
17119,2019,198.3
17119,2020,185.9
17119,2021,207.8
17119,2022,200.8
17119,2023,189.3
17119,2024,199.9
17119,2025,200.7
17121,2016,144.8
17121,2017,144.1
17121,2018,199.2
17121,2019,153.1
17121,2020,184.1
17121,2021,201.6
17121,2022,194.3
17121,2023,157.8
17121,2024,183.1
17121,2025,154.4
17123,2016,215.6
17123,2017,230.7
17123,2018,213.9
17123,2019,184.9
17123,2020,206.0
17123,2021,214.5
17123,2022,221.7
17123,2025,239.9
17125,2016,198.6
17125,2017,201.8
17125,2019,169.0
17125,2020,194.6
17125,2021,197.4
17125,2022,219.9
17125,2023,208.1
17125,2025,215.3
17127,2016,138.7
17127,2017,178.8
17127,2019,155.6
17127,2020,163.3
17127,2022,170.8
17127,2023,174.9
17127,2025,166.8
17129,2016,209.3
17129,2017,220.7
17129,2020,215.2
17129,2021,201.0
17129,2022,229.3
17129,2023,214.4
17129,2024,241.7
17129,2025,229.2
17131,2016,213.5
17131,2017,238.7
17131,2018,231.3
17131,2019,188.1
17131,2020,191.1
17131,2022,226.6
17131,2023,226.6
17133,2016,149.2
17133,2017,133.7
17133,2018,173.6
17133,2019,153.8
17133,2020,157.0
17133,2021,185.0
17133,2022,171.0
17133,2023,154.0
17133,2024,182.5
17133,2025,156.5
17135,2016,196.9
17135,2017,197.0
17135,2018,222.8
17135,2019,187.7
17135,2020,190.8
17135,2021,212.2
17135,2022,213.8
17135,2023,202.6
17135,2024,205.0
17137,2016,205.6
17137,2017,196.9
17137,2018,228.5
17137,2019,205.8
17137,2020,202.9
17137,2022,218.1
17137,2023,200.2
17137,2024,228.5
17139,2016,207.9
17139,2017,215.6
17139,2018,233.9
17139,2019,189.4
17139,2020,202.9
17139,2021,221.8
17139,2022,210.5
17139,2023,220.5
17139,2025,217.3
17141,2016,225.9
17141,2017,207.0
17141,2018,198.2
17141,2019,191.2
17141,2020,190.8
17141,2021,196.2
17141,2022,234.7
17141,2023,216.8
17141,2024,235.1
17141,2025,221.8
17143,2016,214.6
17143,2017,227.7
17143,2018,228.9
17143,2019,193.4
17143,2020,213.6
17143,2021,215.0
17143,2022,224.5
17143,2023,220.0
17143,2024,218.4
17143,2025,238.2
17145,2016,112.6
17145,2017,122.9
17145,2018,147.7
17145,2020,158.8
17145,2022,161.4
17145,2023,165.2
17145,2025,115.7
17147,2016,218.7
17147,2017,216.7
17147,2018,241.8
17147,2019,199.7
17147,2020,210.6
17147,2021,212.8
17147,2022,220.1
17147,2023,223.2
17147,2024,241.1
17147,2025,234.9
17149,2016,181.7
17149,2017,191.0
17149,2018,182.6
17149,2020,184.5
17149,2023,189.8
17149,2024,200.2
17151,2016,127.3
17151,2020,186.0
17151,2023,161.3
17151,2024,157.1
17151,2025,141.7
17153,2016,141.5
17153,2017,192.9
17153,2019,180.1
17153,2020,175.4
17153,2021,188.4
17153,2022,175.8
17153,2023,161.7
17153,2024,181.0
17153,2025,181.1
17155,2016,218.1
17155,2017,210.3
17155,2018,206.2
17155,2020,195.3
17155,2021,200.3
17155,2022,216.2
17155,2023,213.7
17155,2025,208.7
17157,2016,135.1
17157,2017,130.7
17157,2018,165.4
17157,2019,144.4
17157,2020,167.1
17157,2021,185.7
17157,2022,171.6
17157,2023,161.7
17157,2024,172.8
17157,2025,142.4
17159,2016,147.0
17159,2017,148.0
17159,2018,167.7
17159,2020,166.3
17159,2023,192.5
17159,2024,179.4
17159,2025,157.4
17161,2016,210.8
17161,2017,225.2
17161,2018,223.4
17161,2020,198.3
17161,2021,206.3
17161,2022,224.2
17161,2023,218.9
17161,2025,236.7
17163,2016,159.2
17163,2017,165.4
17163,2018,186.4
17163,2019,184.4
17163,2020,162.4
17163,2021,199.0
17163,2022,185.3
17163,2023,174.0
17163,2024,188.0
17163,2025,161.6
17165,2016,136.6
17165,2017,171.1
17165,2018,160.5
17165,2020,191.0
17165,2021,191.8
17165,2022,180.7
17165,2023,170.3
17167,2016,222.1
17167,2017,224.4
17167,2018,236.4
17167,2019,206.3
17167,2020,202.8
17167,2021,215.6
17167,2022,231.3
17167,2023,221.1
17167,2024,248.2
17167,2025,224.3
17169,2016,186.5
17169,2017,194.3
17169,2018,202.5
17169,2019,163.1
17169,2020,182.8
17169,2021,181.9
17169,2022,197.3
17169,2023,188.8
17171,2016,193.3
17171,2017,204.7
17171,2020,188.2
17171,2021,189.7
17171,2022,207.7
17171,2023,196.3
17171,2024,200.7
17173,2016,185.7
17173,2017,198.6
17173,2018,225.4
17173,2019,174.9
17173,2020,193.9
17173,2021,208.0
17173,2022,214.5
17173,2023,196.6
17173,2025,200.6
17175,2016,225.7
17175,2017,230.4
17175,2018,234.0
17175,2019,202.9
17175,2020,211.3
17175,2021,217.2
17175,2022,240.6
17175,2023,234.1
17175,2024,225.3
17175,2025,253.6
17177,2016,211.2
17177,2017,206.0
17177,2018,209.1
17177,2019,195.6
17177,2020,203.9
17177,2021,202.9
17177,2022,209.7
17177,2023,217.0
17177,2024,220.4
17177,2025,227.9
17179,2016,236.0
17179,2017,227.9
17179,2018,235.4
17179,2019,205.6
17179,2020,195.9
17179,2021,204.8
17179,2022,229.9
17179,2023,222.0
17179,2024,235.3
17179,2025,239.0
17181,2016,115.8
17181,2017,156.0
17181,2019,130.9
17181,2020,154.6
17181,2021,163.7
17181,2022,166.6
17181,2023,142.3
17183,2016,203.9
17183,2017,194.2
17183,2018,218.8
17183,2020,190.0
17183,2021,196.9
17183,2022,218.4
17183,2023,204.2
17183,2024,218.0
17183,2025,235.0
17185,2016,156.4
17185,2017,175.9
17185,2019,156.2
17185,2020,170.8
17185,2021,187.9
17185,2022,181.8
17185,2023,184.1
17185,2024,183.2
17185,2025,162.8
17187,2016,229.2
17187,2017,246.7
17187,2018,241.7
17187,2019,194.1
17187,2020,210.0
17187,2022,211.4
17189,2016,140.3
17189,2017,135.3
17189,2018,180.7
17189,2019,167.4
17189,2020,180.0
17189,2021,203.5
17189,2022,184.8
17189,2023,178.6
17189,2024,191.2
17189,2025,144.1
17191,2017,157.6
17191,2018,177.2
17191,2020,169.7
17191,2022,189.0
17191,2023,185.1
17191,2024,181.9
17191,2025,164.3
17193,2016,135.2
17193,2017,182.7
17193,2018,172.4
17193,2019,171.9
17193,2020,176.7
17193,2021,193.2
17193,2022,190.2
17193,2023,171.0
17193,2024,175.7
17195,2016,199.0
17195,2017,209.4
17195,2018,215.9
17195,2019,192.0
17195,2020,185.7
17195,2021,202.6
17195,2022,219.8
17195,2023,201.3
17195,2024,230.2
17195,2025,229.8
17197,2017,197.9
17197,2018,186.3
17197,2020,174.2
17197,2021,187.6
17197,2022,207.8
17197,2023,195.2
17197,2024,194.2
17197,2025,208.8
17199,2016,107.8
17199,2017,166.0
17199,2018,165.4
17199,2019,145.4
17199,2020,155.5
17199,2022,173.3
17199,2023,170.3
17199,2024,144.9
17201,2016,193.9
17201,2017,184.0
17201,2018,184.4
17201,2019,191.8
17201,2020,192.0
17201,2021,195.8
17201,2022,206.5
17201,2023,190.4
17201,2024,210.9
17201,2025,213.0
17203,2016,232.8
17203,2017,214.2
17203,2018,223.7
17203,2019,183.6
17203,2020,198.7
17203,2021,220.2
17203,2022,235.7
17203,2023,223.2
17203,2025,235.1
18001,2016,159.5
18001,2017,169.8
18001,2018,194.5
18001,2019,169.7
18001,2020,179.9
18001,2022,186.6
18001,2023,202.8
18001,2024,196.8
18001,2025,192.0
18003,2016,157.9
18003,2017,167.6
18003,2018,181.7
18003,2019,182.0
18003,2020,165.2
18003,2021,197.4
18003,2022,184.7
18003,2023,190.4
18003,2024,194.0
18003,2025,187.1
18005,2016,171.2
18005,2018,189.3
18005,2020,187.5
18005,2021,200.0
18005,2022,185.2
18005,2023,195.0
18005,2024,198.7
18005,2025,205.3
18007,2016,199.2
18007,2017,199.2
18007,2018,201.7
18007,2019,186.2
18007,2020,204.5
18007,2021,190.0
18007,2022,212.9
18007,2023,222.2
18007,2024,229.7
18007,2025,240.0
18009,2016,173.9
18009,2017,179.2
18009,2018,201.0
18009,2020,187.9
18009,2021,205.9
18009,2022,183.1
18009,2023,200.3
18009,2025,188.4
18011,2016,180.1
18011,2017,184.4
18011,2018,198.9
18011,2019,177.3
18011,2020,221.9
18011,2021,209.8
18011,2022,195.2
18011,2023,207.2
18011,2024,209.9
18011,2025,224.1
18013,2021,177.9
18013,2023,183.5
18015,2016,197.8
18015,2017,181.5
18015,2018,204.7
18015,2019,194.6
18015,2020,209.6
18015,2022,203.6
18015,2024,216.6
18015,2025,221.0
18017,2016,189.6
18017,2017,181.1
18017,2018,195.5
18017,2020,200.4
18017,2022,194.3
18017,2024,201.4
18017,2025,198.7
18019,2016,140.5
18019,2017,158.8
18019,2018,178.7
18019,2019,132.2
18019,2020,173.4
18019,2021,180.8
18019,2022,184.1
18019,2023,188.9
18019,2024,172.9
18021,2017,189.6
18021,2018,181.5
18021,2020,189.1
18021,2021,194.7
18021,2022,193.3
18021,2023,194.3
18021,2024,186.3
18021,2025,194.4
18023,2016,190.6
18023,2017,185.1
18023,2018,213.9
18023,2020,207.1
18023,2021,210.3
18023,2022,200.3
18023,2023,234.4
18023,2024,213.2
18023,2025,219.3
18025,2019,127.5
18027,2016,171.9
18027,2017,194.0
18027,2018,196.2
18027,2019,168.2
18027,2020,192.4
18027,2021,216.4
18027,2022,197.6
18027,2023,213.9
18027,2024,195.5
18027,2025,207.5
18029,2016,162.1
18029,2017,168.3
18029,2018,176.7
18029,2019,129.0
18029,2020,173.2
18029,2021,156.7
18029,2022,160.6
18029,2023,189.1
18029,2024,183.2
18031,2016,178.9
18031,2017,190.2
18031,2018,206.8
18031,2019,179.9
18031,2020,209.5
18031,2021,186.3
18031,2022,208.4
18031,2023,221.9
18031,2024,219.5
18031,2025,215.3
18033,2016,146.4
18033,2017,170.0
18033,2018,159.5
18033,2019,167.3
18033,2020,136.6
18033,2021,178.9
18033,2022,186.6
18033,2024,171.4
18033,2025,175.3
18035,2016,165.0
18035,2017,155.0
18035,2018,208.1
18035,2019,157.5
18035,2020,192.0
18035,2021,200.2
18035,2022,184.4
18035,2023,191.4
18035,2024,194.8
18035,2025,204.6
18037,2016,143.3
18037,2017,198.1
18037,2018,187.1
18037,2019,163.5
18037,2020,183.9
18037,2021,191.2
18037,2022,179.8
18037,2024,190.2
18037,2025,187.8
18039,2016,158.7
18039,2017,173.8
18039,2018,172.5
18039,2019,154.8
18039,2020,174.8
18039,2021,179.0
18039,2022,200.4
18039,2023,181.7
18039,2024,179.3
18041,2016,173.2
18041,2017,173.0
18041,2018,198.6
18041,2019,177.5
18041,2020,191.5
18041,2021,197.9
18041,2022,184.9
18041,2023,208.0
18041,2024,205.3
18041,2025,201.1
18043,2016,128.6
18043,2019,145.0
18043,2020,171.2
18043,2021,176.9
18045,2016,191.8
18045,2017,183.7
18045,2020,186.9
18045,2022,191.5
18047,2016,175.3
18047,2017,177.7
18047,2018,185.7
18047,2019,152.0
18047,2020,184.9
18047,2021,174.4
18047,2022,185.7
18047,2023,198.4
18047,2024,196.3
18047,2025,191.0
18049,2016,176.7
18049,2017,200.0
18049,2018,187.2
18049,2019,172.8
18049,2020,181.0
18049,2021,185.0
18049,2024,188.9
18049,2025,215.6
18051,2016,161.7
18051,2017,194.6
18051,2018,184.0
18051,2019,179.0
18051,2020,200.3
18051,2022,197.2
18051,2023,202.5
18051,2024,199.0
18051,2025,187.9
18053,2017,169.6
18053,2018,204.4
18053,2020,187.8
18053,2021,210.3
18053,2022,183.8
18053,2023,219.2
18053,2025,213.4
18055,2016,156.0
18055,2017,161.1
18055,2018,179.1
18055,2019,133.7
18055,2020,184.3
18055,2021,198.8
18055,2023,189.6
18055,2025,192.9
18057,2016,179.5
18057,2017,155.7
18057,2018,174.5
18057,2019,156.7
18057,2020,188.7
18057,2021,216.0
18057,2022,173.5
18057,2023,205.8
18057,2024,206.0
18057,2025,215.5
18059,2016,172.4
18059,2017,158.1
18059,2018,187.5
18059,2019,138.2
18059,2020,188.5
18059,2021,190.2
18059,2022,186.1
18059,2023,206.9
18059,2024,197.1
18059,2025,201.6
18061,2016,149.8
18061,2017,162.5
18061,2018,189.2
18061,2019,133.7
18061,2020,182.0
18061,2021,188.4
18061,2022,183.7
18061,2023,188.3
18061,2024,167.3
18061,2025,173.5
18063,2016,178.8
18063,2017,183.3
18063,2018,206.9
18063,2019,176.2
18063,2020,205.2
18063,2021,208.3
18063,2022,201.8
18063,2023,222.0
18063,2024,207.3
18063,2025,206.5
18065,2016,177.6
18065,2017,172.7
18065,2018,198.5
18065,2020,196.6
18065,2021,204.2
18065,2022,185.2
18065,2023,197.4
18065,2025,203.4
18067,2016,192.7
18067,2017,185.1
18067,2018,215.7
18067,2019,185.7
18067,2020,213.1
18067,2021,227.0
18067,2022,211.7
18067,2023,215.6
18067,2024,214.5
18067,2025,230.2
18069,2017,167.2
18069,2018,183.0
18069,2019,180.8
18069,2020,186.1
18069,2021,205.9
18069,2022,185.6
18069,2023,211.7
18069,2024,188.4
18071,2016,161.1
18071,2017,166.7
18071,2018,173.2
18071,2020,185.4
18071,2022,190.1
18071,2024,196.8
18073,2016,180.1
18073,2017,183.0
18073,2018,164.5
18073,2020,172.3
18073,2022,183.7
18073,2023,200.1
18073,2025,199.8
18075,2016,167.3
18075,2017,159.3
18075,2018,188.6
18075,2019,164.7
18075,2020,179.9
18075,2022,185.0
18075,2023,198.7
18075,2024,173.8
18075,2025,191.1
18077,2016,148.8
18077,2017,167.8
18077,2018,185.0
18077,2019,123.2
18077,2020,165.0
18077,2021,170.6
18077,2022,184.0
18077,2023,182.9
18077,2024,169.7
18079,2016,156.6
18079,2017,171.4
18079,2018,181.6
18079,2019,134.8
18079,2020,177.1
18079,2021,171.9
18079,2022,180.2
18079,2023,191.9
18079,2024,181.9
18081,2016,160.9
18081,2017,175.4
18081,2019,169.2
18081,2020,184.2
18081,2021,171.9
18081,2022,181.9
18081,2023,224.4
18081,2024,197.2
18081,2025,201.1
18083,2016,169.7
18083,2017,184.7
18083,2018,179.4
18083,2020,187.0
18083,2021,202.9
18083,2022,198.3
18083,2023,202.0
18083,2024,207.1
18085,2016,164.8
18085,2017,171.3
18085,2018,179.8
18085,2019,173.6
18085,2020,172.9
18085,2021,188.9
18085,2022,191.1
18085,2023,198.0
18085,2024,184.1
18085,2025,209.9
18087,2016,134.1
18087,2017,142.1
18087,2018,142.1
18087,2019,132.9
18087,2020,143.5
18087,2021,161.0
18087,2022,178.8
18087,2023,182.4
18087,2024,181.2
18087,2025,157.0
18089,2016,177.4
18089,2017,196.9
18089,2020,171.3
18089,2022,184.1
18089,2023,207.5
18089,2024,195.9
18089,2025,205.4
18091,2016,147.9
18091,2017,154.5
18091,2018,159.0
18091,2019,148.1
18091,2020,147.8
18091,2021,170.0
18091,2022,171.1
18091,2023,177.4
18091,2024,184.8
18091,2025,189.8
18093,2016,144.6
18093,2017,175.6
18093,2018,192.1
18093,2019,129.9
18093,2020,183.4
18093,2021,192.4
18093,2022,169.0
18095,2016,181.1
18095,2017,165.4
18095,2018,205.1
18095,2019,158.8
18095,2020,204.7
18095,2021,216.3
18095,2022,192.3
18095,2023,207.6
18095,2024,220.7
18095,2025,224.7
18097,2019,144.2
18097,2020,191.9
18097,2021,181.9
18097,2023,185.9
18097,2024,191.1
18097,2025,191.7
18099,2016,169.0
18099,2017,189.2
18099,2018,175.6
18099,2019,157.2
18099,2020,175.5
18099,2021,185.5
18099,2022,193.6
18099,2023,196.9
18099,2024,173.4
18099,2025,202.4
18101,2016,160.7
18101,2018,182.9
18101,2020,190.6
18101,2021,208.2
18101,2022,184.5
18103,2016,167.2
18103,2017,171.1
18103,2018,191.4
18103,2020,180.8
18103,2022,190.1
18103,2023,202.0
18103,2024,182.4
18103,2025,206.0
18105,2016,160.7
18105,2017,156.4
18105,2018,181.8
18105,2019,134.0
18105,2020,168.2
18105,2021,182.8
18105,2022,166.9
18105,2023,182.6
18105,2024,191.7
18107,2016,200.0
18107,2017,200.0
18107,2019,190.4
18107,2020,205.0
18107,2021,217.9
18107,2023,228.0
18107,2024,220.4
18107,2025,228.4
18109,2016,166.0
18109,2017,168.8
18109,2018,197.0
18109,2020,188.0
18109,2021,195.7
18109,2022,190.2
18109,2023,200.0
18109,2024,199.3
18109,2025,190.4
18111,2016,204.7
18111,2017,203.9
18111,2018,198.9
18111,2019,182.5
18111,2020,192.9
18111,2021,182.7
18111,2022,204.8
18111,2023,219.3
18111,2024,201.1
18111,2025,213.9
18113,2016,157.1
18113,2017,175.5
18113,2018,170.7
18113,2019,179.5
18113,2020,175.3
18113,2021,187.7
18113,2022,199.3
18113,2023,195.3
18113,2024,180.4
18113,2025,203.1
18115,2016,150.0
18115,2017,170.8
18115,2018,180.0
18115,2019,136.0
18115,2020,154.3
18115,2021,141.4
18115,2023,165.2
18115,2024,139.6
18117,2016,162.3
18117,2017,198.2
18117,2018,206.7
18117,2019,151.7
18117,2020,205.3
18117,2021,200.3
18119,2016,160.5
18119,2017,156.1
18119,2018,172.7
18119,2020,168.5
18119,2021,184.0
18119,2022,176.7
18119,2023,191.8
18119,2024,163.9
18121,2016,182.8
18121,2017,178.6
18121,2018,192.7
18121,2019,178.7
18121,2020,196.7
18121,2022,183.4
18123,2017,179.6
18123,2020,179.7
18123,2022,172.4
18123,2025,180.2
18125,2016,146.5
18125,2020,181.4
18125,2022,166.7
18125,2023,199.1
18127,2016,173.3
18127,2017,186.2
18127,2018,182.1
18127,2019,181.9
18127,2020,182.2
18127,2021,178.0
18127,2022,188.2
18127,2023,201.7
18129,2016,144.0
18129,2017,190.1
18129,2018,182.1
18129,2019,176.3
18129,2020,199.0
18129,2021,220.0
18129,2022,193.4
18129,2023,198.8
18129,2024,203.1
18129,2025,190.5
18131,2016,158.8
18131,2017,186.2
18131,2018,169.1
18131,2019,161.0
18131,2020,172.7
18131,2022,177.9
18131,2023,197.1
18131,2024,174.0
18133,2017,180.0
18133,2018,196.8
18133,2019,179.1
18133,2020,193.5
18133,2021,196.3
18133,2022,200.9
18133,2023,202.3
18133,2024,190.6
18135,2016,165.8
18135,2017,169.6
18135,2018,184.8
18135,2019,170.4
18135,2020,183.9
18135,2021,205.0
18135,2022,182.6
18135,2023,193.2
18135,2024,204.8
18135,2025,204.9
18137,2016,157.9
18137,2017,185.9
18137,2018,182.9
18137,2020,178.4
18137,2021,173.3
18137,2022,166.9
18137,2023,180.9
18137,2024,175.3
18139,2016,188.8
18139,2017,185.4
18139,2018,203.9
18139,2019,180.2
18139,2020,201.9
18139,2021,197.2
18139,2022,195.4
18139,2023,221.5
18139,2024,213.3
18139,2025,212.8
18141,2016,149.2
18141,2017,178.0
18141,2018,164.2
18141,2019,147.8
18141,2020,167.7
18141,2021,163.0
18141,2022,166.6
18141,2023,184.1
18141,2024,181.4
18141,2025,196.1
18143,2016,142.2
18143,2017,166.9
18143,2018,180.2
18143,2021,170.0
18143,2022,186.7
18143,2023,192.6
18143,2024,185.1
18145,2016,165.0
18145,2017,178.7
18145,2018,194.3
18145,2019,163.5
18145,2020,191.0
18145,2021,189.1
18145,2022,196.8
18145,2023,200.6
18145,2024,207.2
18145,2025,199.9
18147,2016,149.1
18147,2017,196.3
18147,2019,158.3
18147,2020,182.7
18147,2021,187.9
18147,2024,171.8
18147,2025,184.9
18149,2016,142.7
18149,2017,171.8
18149,2019,147.7
18149,2020,156.8
18149,2022,181.0
18149,2023,189.0
18149,2024,162.3
18151,2016,147.6
18151,2017,160.0
18151,2018,150.0
18151,2020,145.6
18151,2021,176.0
18151,2022,178.1
18151,2023,182.8
18151,2024,191.0
18151,2025,168.4
18153,2016,164.1
18153,2017,179.9
18153,2018,187.3
18153,2019,164.8
18153,2020,182.9
18153,2021,193.8
18153,2022,186.0
18153,2023,199.2
18153,2024,201.4
18153,2025,178.8
18155,2016,158.2
18155,2017,170.9
18155,2018,178.0
18155,2019,122.2
18155,2020,182.2
18155,2021,174.0
18155,2022,179.2
18155,2023,181.0
18157,2017,180.3
18157,2018,201.1
18157,2019,180.4
18157,2020,207.1
18157,2021,207.2
18157,2022,188.6
18157,2023,222.4
18157,2024,220.0
18157,2025,233.4
18159,2016,198.5
18159,2017,172.7
18159,2018,215.5
18159,2019,172.3
18159,2020,216.7
18159,2021,224.8
18159,2022,205.0
18159,2023,208.8
18159,2024,218.6
18159,2025,221.6
18161,2016,177.1
18161,2017,181.0
18161,2018,203.9
18161,2019,178.7
18161,2020,208.9
18161,2021,207.8
18161,2022,195.7
18161,2023,221.8
18161,2024,200.3
18161,2025,196.3
18163,2016,154.0
18163,2017,194.0
18163,2018,179.6
18163,2019,167.6
18163,2020,204.7
18163,2021,217.2
18163,2022,191.0
18163,2023,186.4
18163,2024,191.7
18165,2016,197.5
18165,2017,188.0
18165,2018,197.5
18165,2019,167.4
18165,2020,188.8
18165,2021,195.9
18165,2022,199.7
18167,2017,186.7
18167,2018,176.4
18167,2019,171.7
18167,2020,176.7
18167,2021,186.7
18167,2022,186.0
18167,2023,198.8
18167,2024,193.4
18169,2016,177.3
18169,2017,174.3
18169,2018,201.4
18169,2019,184.4
18169,2020,174.2
18169,2021,189.0
18169,2022,194.7
18169,2023,206.8
18169,2024,175.7
18171,2016,212.3
18171,2017,206.0
18171,2018,206.4
18171,2019,192.4
18171,2020,206.6
18171,2021,191.6
18171,2025,248.6
18173,2016,134.6
18173,2017,182.4
18173,2018,161.2
18173,2019,156.4
18173,2020,176.9
18173,2022,179.1
18173,2023,194.8
18175,2016,147.8
18175,2017,172.6
18175,2018,184.1
18175,2019,135.4
18175,2020,172.9
18175,2022,180.0
18175,2024,179.5
18175,2025,192.2
18177,2016,167.2
18177,2017,171.9
18177,2018,191.7
18177,2019,167.4
18177,2020,186.6
18177,2021,202.3
18177,2022,181.3
18177,2023,194.2
18177,2024,206.0
18177,2025,187.1
18179,2017,185.1
18179,2018,204.1
18179,2020,188.5
18179,2021,218.9
18179,2022,190.4
18179,2023,205.6
18179,2024,201.1
18179,2025,205.8
18181,2016,189.2
18181,2017,185.4
18181,2018,196.9
18181,2019,177.8
18181,2020,178.5
18181,2022,181.2
18181,2023,197.7
18181,2025,205.1
18183,2016,161.2
18183,2017,175.0
18183,2018,180.7
18183,2019,174.1
18183,2020,159.6
18183,2021,200.4
18183,2022,186.7
18183,2023,181.9
18183,2024,175.1
18183,2025,193.1
19001,2016,190.3
19001,2017,175.2
19001,2018,149.5
19001,2019,176.5
19001,2020,168.7
19001,2022,164.2
19001,2024,211.2
19001,2025,187.0
19003,2016,187.4
19003,2017,179.9
19003,2018,171.6
19003,2020,173.3
19005,2016,205.1
19005,2017,190.5
19005,2018,198.4
19005,2019,187.2
19005,2020,196.3
19005,2021,198.5
19005,2022,215.9
19005,2023,183.9
19005,2024,216.3
19005,2025,211.1
19007,2016,186.3
19007,2017,170.0
19007,2019,166.8
19007,2020,143.6
19007,2021,171.6
19007,2022,146.1
19007,2023,172.8
19009,2016,206.1
19009,2017,211.2
19009,2018,180.0
19009,2019,216.0
19009,2020,170.8
19009,2021,216.0
19009,2022,197.9
19009,2023,197.6
19009,2024,224.2
19009,2025,224.7
19011,2016,199.9
19011,2017,215.3
19011,2018,214.6
19011,2019,197.6
19011,2020,144.8
19011,2021,211.7
19011,2022,221.7
19011,2023,199.7
19011,2024,238.6
19013,2016,206.4
19013,2017,209.2
19013,2018,206.2
19013,2019,205.1
19013,2020,169.8
19013,2021,193.6
19013,2022,202.4
19013,2024,205.9
19013,2025,207.2
19015,2016,208.4
19015,2017,192.4
19015,2018,193.7
19015,2019,194.8
19015,2020,160.7
19015,2021,208.4
19015,2022,202.4
19015,2023,226.5
19015,2024,217.6
19015,2025,209.9
19017,2016,210.6
19017,2017,212.7
19017,2018,212.4
19017,2019,212.5
19017,2020,187.6
19017,2021,200.1
19017,2022,210.8
19017,2023,199.9
19017,2024,205.9
19017,2025,213.1
19019,2016,205.6
19019,2017,221.3
19019,2018,207.1
19019,2019,218.9
19019,2020,188.3
19019,2021,209.0
19019,2022,209.7
19019,2023,190.7
19019,2024,220.8
19019,2025,208.9
19021,2016,201.1
19021,2017,187.9
19021,2018,193.1
19021,2019,190.8
19021,2020,183.9
19021,2021,203.9
19021,2022,196.9
19021,2023,212.0
19021,2025,210.0
19023,2016,207.3
19023,2017,211.4
19023,2018,211.3
19023,2019,209.5
19023,2020,192.8
19023,2021,204.5
19023,2022,212.4
19023,2023,183.1
19023,2024,209.8
19023,2025,210.8
19025,2016,207.3
19025,2017,195.1
19025,2018,193.3
19025,2019,198.8
19025,2020,159.6
19025,2021,217.8
19025,2022,202.3
19025,2023,201.6
19025,2024,228.8
19025,2025,214.6
19027,2016,203.1
19027,2017,211.3
19027,2018,208.4
19027,2019,219.7
19027,2020,150.6
19027,2021,218.3
19027,2022,195.7
19027,2023,196.7
19027,2024,240.9
19029,2016,195.9
19029,2017,197.4
19029,2018,169.5
19029,2019,200.3
19029,2020,177.5
19029,2021,212.4
19029,2022,179.2
19029,2024,217.0
19029,2025,188.4
19031,2016,215.3
19031,2017,222.3
19031,2018,222.3
19031,2019,193.7
19031,2020,153.3
19031,2021,207.1
19031,2022,221.4
19031,2023,205.7
19031,2024,236.2
19031,2025,215.0
19033,2016,193.6
19033,2017,208.9
19033,2018,184.4
19033,2019,191.8
19033,2020,182.5
19033,2021,200.0
19033,2022,216.9
19033,2024,199.7
19033,2025,196.3
19035,2016,219.7
19035,2017,203.7
19035,2018,213.3
19035,2019,208.9
19035,2020,185.7
19035,2022,198.7
19035,2023,211.7
19035,2024,207.1
19035,2025,225.4
19037,2016,206.6
19037,2017,194.4
19037,2018,192.9
19037,2019,212.1
19037,2020,185.7
19037,2021,208.2
19037,2022,214.6
19037,2023,198.9
19037,2024,206.5
19037,2025,219.6
19039,2016,163.9
19039,2018,161.8
19039,2020,155.2
19039,2024,183.9
19041,2016,202.0
19041,2017,197.3
19041,2018,158.5
19041,2019,185.5
19041,2020,168.1
19041,2021,203.3
19041,2022,191.4
19041,2023,203.9
19041,2024,176.1
19041,2025,212.1
19043,2016,210.3
19043,2017,213.6
19043,2018,201.5
19043,2019,197.5
19043,2020,191.1
19043,2021,195.3
19043,2022,215.4
19043,2023,201.1
19043,2024,220.2
19043,2025,224.0
19045,2016,213.8
19045,2017,213.3
19045,2018,210.9
19045,2019,196.1
19045,2020,178.4
19045,2021,206.5
19045,2022,225.2
19045,2023,198.0
19045,2024,235.9
19045,2025,220.9
19047,2016,213.5
19047,2017,221.9
19047,2018,214.0
19047,2019,234.7
19047,2020,181.2
19047,2021,218.5
19047,2022,216.4
19047,2023,187.9
19047,2024,214.2
19047,2025,224.9
19049,2016,204.0
19049,2017,187.2
19049,2018,174.0
19049,2019,195.0
19049,2020,139.7
19049,2021,209.9
19049,2022,187.2
19049,2023,210.9
19049,2025,213.3
19051,2016,188.7
19051,2017,107.3
19051,2019,160.0
19051,2020,170.0
19051,2021,152.5
19051,2022,154.9
19051,2023,179.8
19051,2024,194.9
19051,2025,192.3
19053,2016,181.1
19053,2018,172.5
19053,2020,159.3
19053,2022,148.7
19053,2023,205.3
19053,2024,172.2
19053,2025,182.9
19055,2016,202.3
19055,2017,218.0
19055,2018,224.8
19055,2019,204.5
19055,2020,190.4
19055,2021,218.0
19055,2022,230.8
19055,2023,198.9
19055,2024,219.5
19055,2025,224.1
19057,2016,210.0
19057,2017,200.1
19057,2018,195.4
19057,2019,176.9
19057,2020,190.2
19057,2022,194.8
19057,2023,207.9
19057,2024,221.8
19057,2025,221.1
19059,2016,188.0
19059,2017,196.2
19059,2018,160.4
19059,2019,170.0
19059,2020,182.2
19059,2021,177.7
19059,2022,203.4
19059,2023,201.3
19059,2024,160.8
19059,2025,220.2
19061,2016,211.5
19061,2017,215.1
19061,2018,211.8
19061,2019,216.4
19061,2020,197.1
19061,2021,217.2
19061,2022,223.7
19061,2023,199.5
19061,2024,221.7
19061,2025,217.3
19063,2016,198.5
19063,2017,210.1
19063,2018,155.8
19063,2020,186.1
19063,2021,182.5
19063,2022,213.6
19063,2025,227.1
19065,2016,202.5
19065,2017,207.6
19065,2018,200.1
19065,2019,200.5
19065,2020,180.1
19065,2021,205.6
19065,2022,209.8
19065,2023,205.9
19065,2024,201.2
19067,2016,196.3
19067,2017,203.4
19067,2018,184.4
19067,2019,202.9
19067,2020,187.4
19067,2021,204.4
19067,2022,204.6
19067,2023,191.8
19067,2024,210.1
19067,2025,219.1
19069,2016,204.8
19069,2017,206.1
19069,2018,204.3
19069,2019,202.7
19069,2020,180.1
19069,2021,198.9
19069,2022,220.1
19069,2023,210.5
19069,2024,204.9
19069,2025,208.5
19071,2016,180.8
19071,2017,204.5
19071,2018,195.1
19071,2020,194.8
19071,2021,206.7
19071,2022,191.6
19071,2023,211.0
19071,2024,231.0
19071,2025,195.8
19073,2016,205.5
19073,2017,202.2
19073,2018,201.3
19073,2019,201.4
19073,2020,153.8
19073,2021,220.5
19073,2022,197.3
19073,2023,208.0
19073,2024,223.1
19073,2025,213.3
19075,2016,198.5
19075,2017,217.3
19075,2018,225.2
19075,2019,209.8
19075,2020,182.7
19075,2021,209.4
19075,2022,207.5
19075,2023,212.9
19075,2025,215.9
19077,2016,198.2
19077,2017,197.6
19077,2018,192.2
19077,2019,196.7
19077,2020,151.3
19077,2021,220.0
19077,2022,193.6
19079,2016,209.0
19079,2017,194.6
19079,2018,188.9
19079,2019,198.2
19079,2020,166.2
19079,2022,208.6
19079,2023,215.5
19079,2024,212.3
19079,2025,212.7
19081,2016,200.3
19081,2017,200.2
19081,2018,176.7
19081,2019,193.3
19081,2020,200.0
19081,2021,209.8
19081,2022,211.5
19081,2023,204.9
19081,2024,203.1
19081,2025,196.3
19083,2016,208.0
19083,2017,213.7
19083,2018,216.6
19083,2019,200.2
19083,2020,155.7
19083,2021,193.2
19083,2022,215.6
19083,2023,213.3
19083,2025,208.7
19085,2016,204.6
19085,2017,193.2
19085,2018,176.0
19085,2020,180.2
19085,2022,172.4
19085,2023,190.3
19085,2025,186.2
19087,2016,199.0
19087,2017,196.4
19087,2018,189.7
19087,2019,164.5
19087,2020,172.0
19087,2021,167.7
19087,2022,167.7
19087,2023,195.1
19087,2024,213.7
19087,2025,209.6
19089,2016,202.2
19089,2017,201.7
19089,2018,185.5
19089,2019,194.2
19089,2020,188.6
19089,2021,207.3
19089,2022,217.2
19089,2023,183.9
19089,2024,212.5
19089,2025,233.8
19091,2016,206.1
19091,2017,200.9
19091,2018,162.3
19091,2019,198.7
19091,2020,188.4
19091,2021,205.4
19091,2022,195.5
19091,2023,205.8
19091,2024,205.7
19091,2025,202.5
19093,2016,216.0
19093,2017,215.7
19093,2018,222.2
19093,2020,188.2
19093,2021,226.8
19093,2022,221.2
19093,2023,198.0
19093,2024,221.5
19093,2025,232.4
19095,2016,210.6
19095,2017,216.7
19095,2018,211.7
19095,2019,190.6
19095,2020,151.1
19095,2022,205.9
19095,2023,213.5
19095,2024,219.2
19095,2025,220.3
19097,2016,202.1
19097,2017,202.1
19097,2018,202.4
19097,2019,185.5
19097,2020,185.6
19097,2021,191.2
19097,2022,219.2
19097,2023,189.6
19097,2024,227.5
19097,2025,213.2
19099,2016,214.7
19099,2017,204.6
19099,2018,218.6
19099,2019,209.3
19099,2021,221.7
19099,2022,203.6
19099,2023,218.0
19101,2016,197.0
19101,2017,165.5
19101,2018,198.8
19101,2019,162.7
19101,2020,167.3
19101,2021,163.3
19101,2022,178.0
19101,2023,195.1
19101,2024,203.7
19101,2025,199.4
19103,2016,189.0
19103,2017,213.1
19103,2018,212.3
19103,2019,181.3
19103,2020,161.8
19103,2022,205.2
19103,2023,203.1
19103,2024,223.1
19103,2025,209.7
19105,2016,201.3
19105,2017,217.0
19105,2018,208.9
19105,2019,203.0
19105,2020,171.6
19105,2022,218.2
19105,2023,190.7
19105,2024,233.3
19105,2025,215.1
19107,2016,208.6
19107,2017,176.4
19107,2018,203.7
19107,2019,175.4
19107,2020,163.5
19107,2021,176.5
19107,2022,170.4
19107,2023,211.6
19107,2025,209.2
19109,2016,204.7
19109,2017,205.6
19109,2018,180.2
19109,2019,198.7
19109,2020,190.7
19109,2021,190.7
19109,2022,196.8
19109,2025,204.6
19111,2016,194.6
19111,2017,178.0
19111,2018,201.3
19111,2019,172.5
19111,2020,174.3
19111,2021,160.4
19111,2022,178.2
19111,2023,203.7
19111,2024,223.3
19111,2025,198.0
19113,2016,200.3
19113,2017,217.4
19113,2018,215.4
19113,2019,223.7
19113,2020,164.9
19113,2022,215.0
19113,2023,179.5
19113,2024,230.1
19113,2025,216.2
19115,2016,200.2
19115,2017,216.6
19115,2018,196.5
19115,2019,174.6
19115,2020,181.6
19115,2021,189.5
19115,2022,196.3
19115,2024,214.5
19117,2016,174.6
19117,2020,149.2
19117,2021,166.1
19117,2022,139.5
19117,2023,173.9
19117,2025,183.4
19119,2016,206.9
19119,2017,218.9
19119,2018,193.0
19119,2019,186.5
19119,2020,197.0
19119,2021,216.7
19119,2022,190.8
19119,2023,200.2
19119,2024,198.8
19121,2016,185.5
19121,2017,173.1
19121,2018,167.8
19121,2019,175.7
19121,2020,172.0
19121,2021,195.6
19121,2022,166.9
19121,2023,202.0
19121,2025,192.6
19123,2016,204.7
19123,2017,177.2
19123,2018,207.7
19123,2019,189.9
19123,2020,180.8
19123,2021,200.5
19123,2022,186.3
19123,2023,214.9
19123,2024,222.9
19123,2025,218.5
19125,2016,198.0
19125,2017,185.7
19125,2018,190.2
19125,2019,170.7
19125,2021,199.1
19125,2022,175.2
19125,2023,203.7
19125,2024,218.1
19125,2025,209.6
19127,2016,211.3
19127,2017,222.4
19127,2018,226.0
19127,2019,221.9
19127,2021,211.5
19127,2022,214.1
19127,2023,216.3
19127,2024,222.2
19129,2016,188.4
19129,2017,190.1
19129,2019,202.9
19129,2020,182.2
19129,2021,209.8
19129,2022,191.1
19129,2023,204.3
19129,2024,210.9
19129,2025,190.4
19131,2016,199.1
19131,2017,213.4
19131,2018,193.3
19131,2019,194.5
19131,2020,203.3
19131,2021,203.3
19131,2022,217.9
19131,2023,171.8
19131,2024,212.8
19131,2025,215.4
19133,2016,184.5
19133,2017,196.0
19133,2018,181.4
19133,2019,203.9
19133,2020,178.4
19133,2021,197.7
19133,2022,168.6
19133,2023,165.4
19133,2024,192.0
19133,2025,203.1
19135,2016,180.0
19135,2017,169.9
19135,2018,167.0
19135,2019,162.3
19135,2020,153.8
19135,2021,166.1
19135,2022,145.4
19135,2023,181.1
19135,2024,191.7
19135,2025,186.4
19137,2016,185.5
19137,2017,199.1
19137,2018,191.5
19137,2019,204.8
19137,2020,184.6
19137,2021,204.9
19137,2022,187.8
19137,2023,206.2
19137,2024,215.8
19137,2025,197.6
19139,2016,203.0
19139,2017,206.8
19139,2018,209.6
19139,2019,173.2
19139,2020,172.8
19139,2021,204.5
19139,2022,213.1
19139,2023,211.9
19139,2024,220.4
19139,2025,207.1
19141,2016,210.7
19141,2017,213.8
19141,2018,201.6
19141,2019,204.9
19141,2020,199.5
19141,2021,213.5
19141,2022,201.1
19141,2023,212.7
19141,2024,199.0
19141,2025,220.1
19143,2016,203.7
19143,2017,211.6
19143,2018,180.2
19143,2019,182.5
19143,2020,185.3
19143,2021,208.0
19143,2022,197.5
19143,2023,203.7
19143,2025,230.1
19145,2016,185.8
19145,2017,193.1
19145,2018,188.1
19145,2019,191.3
19145,2020,181.6
19145,2021,206.9
19145,2022,174.5
19145,2023,206.6
19145,2024,209.1
19147,2016,196.0
19147,2017,195.4
19147,2018,157.9
19147,2019,198.3
19147,2020,181.1
19147,2021,190.1
19147,2022,195.8
19147,2023,211.7
19147,2024,182.3
19147,2025,209.9
19149,2016,209.2
19149,2017,193.0
19149,2018,213.8
19149,2019,217.8
19149,2021,190.9
19149,2022,171.8
19149,2023,205.7
19149,2024,195.6
19151,2016,206.8
19151,2017,190.9
19151,2018,179.2
19151,2020,186.2
19151,2021,213.9
19151,2022,198.2
19151,2023,218.1
19151,2024,203.0
19151,2025,210.2
19153,2016,199.8
19153,2017,200.3
19153,2018,186.2
19153,2019,196.6
19153,2020,150.2
19153,2021,217.5
19153,2022,188.6
19153,2023,206.4
19153,2024,218.0
19153,2025,203.6
19155,2016,210.4
19155,2017,195.8
19155,2019,208.0
19155,2020,176.3
19155,2021,216.3
19155,2022,195.0
19155,2023,198.5
19157,2016,213.2
19157,2017,215.1
19157,2018,218.7
19157,2019,200.3
19157,2020,138.2
19157,2021,201.0
19157,2022,193.3
19157,2023,204.9
19157,2024,223.0
19157,2025,217.2
19159,2016,179.5
19159,2017,167.8
19159,2018,153.3
19159,2020,159.1
19159,2021,175.8
19159,2022,151.8
19161,2016,214.3
19161,2017,194.5
19161,2018,213.5
19161,2019,220.6
19161,2020,161.0
19161,2021,231.0
19161,2022,212.4
19161,2023,199.1
19161,2024,229.1
19161,2025,224.3
19163,2016,216.0
19163,2017,220.0
19163,2018,214.0
19163,2019,189.4
19163,2020,181.3
19163,2021,206.8
19163,2022,216.2
19163,2023,210.1
19163,2024,234.2
19163,2025,224.5
19165,2016,215.3
19165,2017,207.1
19165,2018,189.1
19165,2019,217.3
19165,2020,190.5
19165,2022,209.0
19165,2023,196.0
19167,2016,212.2
19167,2017,220.7
19167,2018,211.9
19167,2019,192.1
19167,2020,201.8
19167,2021,220.6
19167,2022,196.6
19167,2023,211.4
19169,2016,211.9
19169,2017,200.3
19169,2018,192.3
19169,2019,189.3
19169,2020,148.4
19169,2021,201.2
19169,2022,207.1
19169,2023,211.4
19169,2024,215.5
19169,2025,204.0
19171,2016,208.4
19171,2017,220.6
19171,2018,224.3
19171,2019,204.8
19171,2020,132.7
19171,2021,213.9
19171,2022,203.3
19171,2023,197.4
19173,2016,159.9
19173,2017,175.0
19173,2018,154.4
19173,2019,161.7
19173,2020,166.2
19173,2021,192.0
19173,2022,172.1
19173,2023,192.9
19173,2024,192.7
19173,2025,176.6
19175,2016,183.0
19175,2017,147.9
19175,2018,155.8
19175,2019,168.9
19175,2020,179.7
19175,2021,185.2
19175,2022,149.4
19175,2023,217.0
19175,2025,193.1
19177,2016,189.0
19177,2017,128.2
19177,2018,180.9
19177,2019,171.0
19177,2020,153.5
19177,2021,162.5
19177,2022,151.9
19177,2023,189.3
19179,2016,196.9
19179,2017,153.0
19179,2019,176.5
19179,2020,170.6
19179,2021,178.0
19179,2022,170.8
19179,2023,202.9
19179,2025,203.6
19181,2016,184.6
19181,2017,183.2
19181,2018,163.6
19181,2020,168.0
19181,2022,157.8
19181,2023,199.2
19181,2025,194.3
19183,2016,208.2
19183,2017,220.4
19183,2018,214.3
19183,2019,178.9
19183,2020,185.4
19183,2022,185.7
19183,2023,188.3
19183,2025,218.6
19185,2016,174.5
19185,2018,171.6
19185,2019,151.4
19185,2020,168.8
19185,2021,177.0
19185,2022,170.1
19185,2024,194.8
19187,2016,200.8
19187,2017,197.9
19187,2018,188.1
19187,2019,202.9
19187,2020,173.1
19187,2021,216.2
19187,2022,201.5
19187,2023,212.8
19187,2024,211.6
19187,2025,211.9
19189,2016,197.9
19189,2017,210.7
19189,2018,180.8
19189,2019,198.8
19189,2020,207.1
19189,2021,197.6
19189,2022,217.5
19189,2023,211.3
19189,2024,182.6
19189,2025,205.4
19191,2016,210.7
19191,2017,199.7
19191,2018,198.1
19191,2019,200.4
19191,2020,178.2
19191,2021,199.3
19191,2022,212.4
19191,2023,195.3
19191,2024,212.1
19191,2025,215.1
19193,2016,203.7
19193,2017,200.5
19193,2018,219.3
19193,2019,218.2
19193,2020,191.0
19193,2021,206.7
19193,2022,200.2
19193,2023,168.3
19193,2024,206.4
19193,2025,213.7
19195,2016,191.5
19195,2017,198.5
19195,2018,180.0
19195,2019,196.5
19195,2020,205.7
19195,2021,207.4
19195,2022,219.4
19195,2023,187.6
19195,2024,198.6
19195,2025,201.1
19197,2016,200.2
19197,2017,206.9
19197,2018,180.5
19197,2019,197.0
19197,2020,186.0
19197,2021,192.2
19197,2022,209.7
19197,2023,202.5
19197,2025,190.2
20001,2017,125.4
20001,2018,116.4
20001,2020,108.3
20001,2021,117.6
20001,2022,66.2
20001,2023,96.7
20001,2024,127.9
20001,2025,155.0
20003,2016,121.7
20003,2017,134.4
20003,2018,121.6
20003,2019,111.4
20003,2020,109.8
20003,2021,116.6
20003,2022,75.4
20003,2024,133.0
20003,2025,130.5
20005,2016,150.6
20005,2017,149.0
20005,2018,142.3
20005,2020,166.2
20005,2021,159.5
20005,2022,145.4
20005,2023,183.2
20005,2024,195.9
20005,2025,190.7
20007,2017,137.6
20007,2018,144.5
20007,2020,124.8
20007,2021,171.1
20007,2022,178.8
20009,2016,149.8
20009,2019,147.4
20009,2020,156.2
20009,2021,155.0
20009,2022,130.5
20009,2023,125.8
20009,2025,150.6
20011,2016,126.9
20011,2017,131.7
20011,2018,109.0
20011,2020,96.0
20011,2021,123.2
20011,2022,87.8
20011,2023,116.0
20011,2024,114.0
20011,2025,127.5
20013,2016,163.6
20013,2017,146.4
20013,2018,151.7
20013,2019,174.4
20013,2020,191.9
20013,2021,203.5
20013,2022,196.8
20013,2023,188.6
20013,2024,202.0
20013,2025,205.9
20015,2016,121.5
20015,2017,116.7
20015,2020,124.3
20015,2021,128.0
20015,2022,70.4
20015,2023,97.0
20015,2024,115.7
20015,2025,132.9
20017,2020,135.7
20017,2021,148.0
20017,2022,107.2
20017,2023,110.1
20017,2024,162.6
20019,2016,100.3
20019,2017,80.3
20019,2018,86.2
20019,2019,103.0
20019,2020,80.5
20019,2021,112.1
20019,2022,29.3
20019,2023,92.2
20019,2025,112.4
20021,2016,144.6
20021,2017,141.7
20021,2019,133.0
20021,2020,80.9
20021,2021,142.6
20021,2022,37.8
20021,2023,118.5
20021,2025,125.0
20023,2016,156.8
20023,2017,141.2
20023,2018,135.4
20023,2020,115.7
20023,2021,91.0
20023,2022,109.0
20023,2023,112.7
20023,2025,135.1
20025,2019,134.1
20027,2017,154.5
20027,2018,142.7
20027,2019,144.2
20027,2020,159.0
20027,2022,152.3
20027,2025,149.3
20029,2016,158.4
20029,2020,154.9
20029,2021,142.8
20029,2022,115.7
20029,2023,69.5
20029,2024,114.7
20029,2025,111.4
20031,2016,132.9
20031,2017,118.3
20031,2018,116.4
20031,2019,115.0
20031,2020,129.7
20031,2021,109.6
20031,2022,83.0
20031,2023,91.8
20031,2024,128.9
20031,2025,152.4
20035,2016,109.1
20035,2017,81.8
20035,2018,132.5
20035,2019,102.9
20035,2020,108.0
20035,2021,134.5
20035,2022,55.7
20035,2023,110.9
20035,2024,111.7
20035,2025,121.8
20037,2017,130.4
20037,2018,101.5
20037,2020,94.6
20037,2021,128.3
20037,2023,112.7
20037,2025,121.4
20039,2016,107.4
20039,2020,91.0
20039,2023,103.5
20039,2025,104.3
20041,2017,109.8
20041,2020,142.0
20041,2021,132.6
20041,2022,114.9
20041,2023,104.9
20041,2024,133.0
20043,2016,188.5
20043,2017,191.7
20043,2018,155.2
20043,2020,202.7
20043,2021,206.7
20043,2022,195.3
20043,2025,207.3
20045,2016,132.6
20045,2017,148.7
20045,2018,73.0
20045,2019,124.2
20045,2020,148.4
20045,2021,125.2
20045,2022,111.1
20045,2023,131.8
20045,2024,175.5
20045,2025,157.1
20047,2019,160.5
20047,2020,180.6
20047,2021,190.1
20047,2022,147.2
20047,2023,157.3
20047,2024,149.9
20047,2025,167.2
20049,2017,132.5
20049,2018,115.0
20049,2019,108.3
20049,2022,81.8
20049,2023,98.9
20051,2019,68.0
20051,2022,73.4
20053,2017,62.3
20053,2018,93.7
20053,2019,86.0
20053,2020,122.0
20053,2021,97.6
20053,2023,97.3
20053,2024,89.2
20055,2019,155.9
20055,2020,156.3
20055,2022,147.6
20057,2019,185.0
20057,2020,202.7
20057,2021,213.5
20057,2022,180.0
20059,2016,138.0
20059,2017,140.7
20059,2018,75.9
20059,2019,118.1
20059,2020,139.1
20059,2023,117.2
20059,2024,179.0
20061,2016,146.2
20061,2017,150.4
20061,2020,165.1
20061,2021,145.0
20061,2022,150.3
20061,2023,124.4
20061,2024,157.9
20061,2025,177.9
20063,2016,130.9
20063,2017,127.8
20063,2020,101.0
20063,2021,97.3
20063,2022,58.1
20063,2023,57.6
20063,2024,73.9
20065,2020,107.4
20065,2021,112.3
20065,2022,52.7
20065,2023,63.5
20065,2024,78.3
20067,2016,164.2
20067,2019,135.0
20067,2020,174.7
20067,2021,232.7
20067,2022,228.1
20067,2023,150.4
20067,2024,227.0
20067,2025,181.1
20069,2016,163.9
20069,2017,166.6
20069,2018,174.3
20069,2020,189.0
20069,2021,213.8
20069,2022,196.9
20069,2023,203.7
20069,2024,157.2
20069,2025,181.0
20071,2017,143.0
20071,2018,124.5
20071,2019,98.0
20071,2020,49.9
20071,2021,77.0
20071,2022,50.9
20071,2023,70.8
20073,2018,98.2
20073,2022,62.4
20073,2023,66.3
20073,2024,101.5
20073,2025,157.8
20075,2017,87.4
20075,2019,98.3
20075,2022,75.7
20075,2024,66.7
20077,2016,72.4
20077,2017,48.1
20077,2018,93.1
20077,2023,101.6
20079,2016,133.1
20079,2017,119.8
20079,2018,140.0
20079,2019,109.2
20079,2020,137.3
20079,2021,151.3
20079,2022,109.0
20081,2017,159.6
20081,2018,149.9
20081,2019,178.2
20081,2020,185.8
20081,2021,235.5
20081,2022,158.6
20081,2023,184.5
20081,2024,195.4
20081,2025,159.5
20083,2020,157.0
20085,2016,138.0
20085,2017,152.1
20085,2018,103.6
20085,2019,137.1
20085,2020,151.7
20085,2021,151.5
20085,2023,170.7
20085,2024,170.5
20087,2016,147.3
20087,2017,142.1
20087,2019,144.8
20087,2020,162.9
20087,2021,163.1
20087,2022,131.4
20087,2023,185.3
20089,2017,146.0
20089,2019,143.5
20089,2020,153.7
20091,2018,68.2
20091,2022,99.8
20091,2023,135.6
20091,2025,133.6
20093,2016,163.0
20095,2016,121.8
20095,2017,123.0
20095,2018,171.4
20095,2019,135.4
20095,2020,120.5
20095,2021,168.2
20095,2022,129.8
20095,2023,136.0
20095,2024,168.4
20097,2020,192.3
20097,2021,183.2
20097,2022,147.9
20097,2023,139.8
20099,2017,112.1
20099,2018,79.6
20099,2020,80.9
20099,2021,128.5
20099,2022,27.7
20099,2023,94.8
20099,2024,105.6
20101,2020,121.7
20101,2021,97.0
20101,2022,70.4
20101,2023,65.9
20103,2016,130.1
20103,2017,140.3
20103,2018,112.3
20103,2019,120.8
20103,2020,147.2
20103,2021,142.1
20103,2022,129.2
20103,2023,161.4
20103,2024,186.4
20103,2025,158.2
20105,2016,111.1
20105,2019,98.2
20105,2023,68.0
20107,2020,128.3
20107,2022,86.2
20107,2025,152.5
20109,2020,84.2
20109,2021,72.4
20109,2023,84.6
20111,2016,113.4
20111,2017,109.4
20111,2018,85.7
20111,2019,96.1
20111,2020,116.4
20111,2021,109.6
20111,2022,65.3
20111,2023,93.7
20111,2024,133.0
20111,2025,97.1
20113,2016,145.2
20113,2017,126.7
20113,2018,138.7
20113,2019,119.7
20113,2020,149.5
20113,2021,122.3
20113,2023,93.7
20113,2024,133.4
20113,2025,138.0
20115,2016,124.3
20115,2017,86.7
20115,2018,90.7
20115,2019,100.1
20115,2020,122.6
20115,2021,110.6
20115,2022,72.5
20115,2023,90.6
20115,2024,135.7
20115,2025,131.7
20117,2016,131.5
20117,2017,93.0
20117,2018,144.9
20117,2019,140.7
20117,2022,153.8
20117,2023,135.8
20119,2017,199.6
20119,2020,201.5
20119,2021,240.7
20119,2022,198.9
20119,2023,211.1
20119,2024,165.0
20119,2025,230.5
20121,2016,144.6
20121,2017,155.1
20121,2018,110.2
20121,2019,130.5
20121,2020,136.8
20121,2021,123.0
20121,2022,93.2
20121,2023,137.0
20121,2024,155.9
20121,2025,165.8
20123,2016,145.5
20123,2017,113.2
20123,2018,144.4
20123,2019,132.5
20123,2020,150.3
20123,2021,121.3
20123,2022,84.8
20123,2023,61.5
20123,2024,80.5
20125,2016,107.8
20125,2017,107.5
20125,2018,103.5
20125,2019,112.7
20125,2020,105.6
20125,2021,112.8
20125,2023,118.4
20125,2024,111.1
20125,2025,107.4
20127,2016,108.9
20127,2017,107.9
20127,2018,50.7
20127,2019,101.0
20127,2020,143.3
20127,2021,121.0
20127,2022,99.9
20127,2023,83.8
20127,2024,149.1
20127,2025,121.4
20129,2016,157.2
20129,2017,120.8
20129,2018,156.1
20129,2019,132.5
20129,2020,184.7
20129,2021,175.6
20129,2022,157.3
20131,2016,144.9
20131,2017,90.9
20131,2018,91.0
20131,2020,175.7
20131,2021,181.2
20131,2023,169.5
20131,2024,191.5
20133,2016,130.6
20133,2018,106.2
20133,2019,110.4
20133,2020,95.5
20133,2021,127.2
20133,2022,50.8
20133,2023,86.7
20133,2024,98.6
20133,2025,127.8
20135,2016,115.6
20135,2017,93.2
20135,2018,125.1
20135,2019,84.8
20135,2020,105.4
20135,2021,75.4
20135,2022,55.1
20135,2024,61.8
20137,2020,90.1
20137,2021,79.4
20137,2022,50.3
20139,2016,117.0
20139,2017,136.0
20139,2018,66.1
20139,2019,115.6
20139,2020,132.3
20139,2022,81.7
20139,2023,101.1
20141,2016,141.3
20141,2017,108.8
20141,2020,110.1
20141,2021,97.4
20141,2022,75.5
20143,2016,142.9
20143,2017,119.8
20143,2018,149.9
20143,2020,163.0
20143,2023,93.6
20143,2024,111.0
20143,2025,128.5
20145,2016,159.2
20145,2017,141.0
20145,2020,163.2
20145,2021,169.9
20145,2022,125.0
20145,2025,169.0
20147,2016,129.3
20147,2017,107.3
20147,2018,123.4
20147,2020,93.0
20147,2021,99.7
20147,2022,60.3
20149,2016,146.4
20149,2017,138.5
20149,2018,111.7
20149,2019,147.6
20149,2020,164.7
20149,2021,159.6
20149,2025,168.9
20151,2016,135.0
20151,2017,135.2
20151,2018,166.1
20151,2020,175.0
20151,2021,213.2
20151,2022,175.2
20151,2023,181.2
20151,2024,160.0
20151,2025,160.7
20153,2016,114.5
20153,2017,147.7
20153,2019,123.1
20153,2020,74.4
20153,2021,68.8
20153,2022,34.1
20153,2023,104.1
20153,2024,81.4
20153,2025,96.1
20155,2019,137.6
20155,2020,157.9
20155,2021,158.0
20155,2022,145.2
20155,2023,186.7
20155,2024,172.2
20155,2025,165.7
20157,2016,156.5
20157,2017,158.5
20157,2020,167.4
20157,2021,159.9
20157,2022,158.3
20157,2024,148.6
20159,2016,136.1
20159,2020,129.0
20159,2022,117.4
20159,2023,112.4
20159,2024,141.9
20161,2019,147.9
20161,2020,160.7
20161,2021,157.5
20161,2022,148.8
20161,2023,143.5
20161,2024,148.7
20161,2025,163.4
20163,2016,101.8
20163,2017,105.3
20163,2018,129.2
20163,2019,82.7
20163,2020,114.8
20163,2022,42.1
20163,2023,71.3
20165,2016,134.1
20167,2020,128.1
20167,2023,55.0
20167,2024,58.5
20167,2025,101.7
20169,2017,111.4
20169,2018,106.3
20169,2020,151.1
20169,2021,116.3
20169,2022,103.7
20169,2023,103.2
20169,2024,116.9
20169,2025,144.5
20171,2017,150.5
20171,2018,119.8
20171,2019,106.4
20171,2020,95.0
20171,2022,42.4
20171,2024,74.6
20173,2016,122.3
20173,2018,139.1
20173,2019,123.1
20173,2020,129.9
20173,2022,137.2
20173,2023,132.1
20173,2024,151.7
20173,2025,160.4
20175,2016,194.2
20175,2017,150.4
20175,2018,186.9
20175,2020,183.9
20175,2021,221.0
20175,2022,211.1
20175,2023,181.1
20177,2016,139.0
20177,2017,139.6
20177,2018,105.8
20177,2019,148.5
20177,2020,154.4
20177,2021,143.7
20177,2022,118.9
20177,2023,137.9
20177,2024,176.9
20179,2016,136.9
20179,2017,136.6
20179,2021,120.4
20179,2023,96.3
20181,2016,132.6
20181,2017,144.1
20181,2018,136.8
20181,2019,131.9
20181,2020,104.8
20181,2021,115.2
20181,2022,100.3
20181,2023,97.9
20181,2024,112.9
20183,2019,145.1
20183,2020,124.0
20183,2021,137.7
20183,2022,97.8
20183,2023,90.9
20183,2025,148.3
20185,2016,127.3
20185,2017,130.2
20185,2018,143.4
20185,2020,142.9
20185,2021,193.6
20185,2024,192.0
20185,2025,178.3
20187,2016,160.7
20187,2017,150.1
20187,2018,148.5
20187,2019,118.9
20187,2020,138.3
20189,2016,147.9
20189,2020,170.3
20189,2021,227.9
20189,2022,167.1
20189,2023,150.0
20189,2024,189.0
20189,2025,194.3
20191,2016,95.4
20191,2017,117.9
20191,2018,149.6
20191,2019,93.0
20191,2020,94.9
20191,2021,114.6
20191,2022,49.5
20191,2023,120.5
20191,2024,82.8
20191,2025,120.9
20193,2020,114.5
20193,2023,108.7
20193,2024,71.3
20193,2025,114.5
20195,2020,104.4
20195,2021,87.7
20197,2016,118.1
20197,2017,132.2
20197,2018,75.4
20197,2019,112.3
20197,2020,149.0
20197,2021,137.2
20197,2022,119.8
20197,2023,97.8
20197,2024,163.1
20199,2016,131.0
20199,2017,144.5
20199,2022,76.5
20199,2023,89.0
20201,2016,137.2
20201,2017,116.7
20201,2020,156.7
20201,2021,152.3
20201,2022,149.5
20203,2016,158.4
20203,2017,150.2
20203,2018,131.2
20203,2019,123.6
20203,2020,91.4
20203,2021,105.2
20203,2022,70.6
20203,2023,75.7
20203,2024,78.5
20205,2016,138.2
20205,2017,98.9
20205,2018,133.6
20205,2019,120.6
20205,2020,100.8
20205,2021,125.1
20205,2022,60.9
20205,2023,101.3
20205,2024,107.2
20205,2025,127.8
20207,2017,100.2
20207,2020,91.7
20207,2021,111.6
20207,2022,63.4
20207,2024,124.4
20207,2025,135.7
21001,2016,151.1
21001,2017,171.1
21001,2018,175.8
21001,2019,177.0
21001,2020,183.4
21001,2021,183.9
21001,2022,176.8
21001,2023,204.0
21001,2024,188.8
21001,2025,151.9
21003,2017,153.7
21003,2018,162.0
21003,2019,172.0
21003,2020,172.7
21003,2021,170.4
21003,2022,145.1
21003,2024,134.6
21003,2025,179.2
21005,2016,140.2
21005,2020,156.4
21005,2021,179.4
21007,2016,153.7
21007,2017,179.1
21007,2020,173.1
21007,2021,200.5
21007,2022,169.2
21007,2023,173.9
21007,2024,204.5
21009,2016,174.5
21009,2017,164.7
21009,2018,183.0
21009,2020,185.4
21009,2021,185.8
21009,2022,128.8
21009,2023,193.0
21009,2024,187.9
21009,2025,174.8
21011,2016,139.5
21011,2017,139.7
21011,2018,132.5
21011,2019,170.0
21011,2021,155.0
21011,2023,195.6
21011,2025,199.5
21015,2016,146.5
21015,2017,149.7
21015,2018,156.0
21015,2019,165.0
21015,2020,164.6
21015,2021,168.3
21015,2024,123.4
21015,2025,176.6
21017,2016,162.7
21017,2017,142.7
21017,2018,196.8
21017,2020,135.6
21017,2021,200.0
21017,2023,190.8
21021,2016,174.4
21021,2017,190.6
21021,2018,186.8
21021,2019,159.0
21021,2020,184.9
21021,2021,181.8
21021,2022,198.9
21023,2016,129.3
21023,2017,164.9
21023,2018,166.8
21023,2020,142.0
21023,2021,159.4
21023,2022,141.0
21023,2024,126.8
21023,2025,177.1
21025,2022,115.0
21025,2023,182.0
21027,2016,147.5
21027,2017,170.1
21027,2018,175.0
21027,2019,136.0
21027,2020,167.4
21027,2021,172.0
21027,2022,146.4
21027,2023,174.9
21027,2024,171.0
21027,2025,144.1
21029,2016,137.1
21029,2017,158.7
21029,2018,156.0
21029,2019,113.0
21029,2020,155.7
21029,2021,167.2
21029,2023,188.4
21029,2025,138.3
21031,2016,134.4
21031,2017,186.9
21031,2018,194.0
21031,2020,174.6
21031,2021,194.5
21031,2022,182.6
21031,2023,189.7
21031,2024,184.2
21033,2016,139.0
21033,2017,179.7
21033,2018,163.0
21033,2019,173.0
21033,2020,187.6
21033,2021,199.0
21033,2022,120.2
21033,2023,193.7
21033,2024,196.7
21033,2025,157.7
21035,2017,139.0
21035,2018,155.0
21035,2020,169.2
21035,2021,199.6
21035,2022,96.4
21035,2023,162.2
21035,2024,158.8
21035,2025,163.9
21037,2022,140.6
21037,2025,147.8
21039,2016,150.4
21039,2017,179.0
21039,2018,163.0
21039,2020,188.5
21039,2021,192.2
21039,2022,152.0
21039,2023,176.5
21039,2024,190.2
21041,2017,170.5
21041,2020,152.9
21041,2021,163.3
21041,2022,158.0
21043,2017,106.7
21043,2018,125.0
21043,2020,97.5
21043,2023,146.8
21043,2024,100.0
21045,2017,179.8
21045,2018,159.4
21045,2019,143.0
21045,2020,169.4
21045,2021,184.3
21045,2022,164.1
21045,2023,196.8
21045,2025,118.7
21047,2016,182.7
21047,2017,190.9
21047,2018,177.0
21047,2019,188.0
21047,2020,188.0
21047,2021,203.9
21047,2022,129.7
21047,2023,197.6
21047,2024,197.9
21047,2025,193.2
21049,2016,165.0
21049,2017,164.6
21049,2018,156.0
21049,2019,170.0
21049,2020,146.4
21049,2021,174.6
21049,2022,179.1
21049,2023,174.8
21049,2025,162.9
21053,2016,172.5
21053,2018,160.0
21053,2021,171.7
21053,2022,161.8
21053,2023,194.9
21055,2016,150.6
21055,2017,155.7
21055,2018,174.0
21055,2020,188.8
21055,2021,187.9
21055,2022,176.3
21055,2023,170.3
21055,2024,187.3
21055,2025,149.1
21057,2016,187.7
21057,2018,183.0
21057,2019,178.0
21057,2020,174.8
21057,2021,186.3
21057,2022,162.6
21057,2023,189.5
21059,2016,161.2
21059,2017,197.8
21059,2018,180.0
21059,2019,173.0
21059,2020,203.3
21059,2021,203.7
21059,2022,176.7
21059,2023,186.3
21059,2024,180.4
21059,2025,156.4
21061,2017,167.1
21061,2018,176.5
21061,2019,172.0
21061,2020,197.6
21061,2021,183.1
21061,2022,154.9
21061,2023,186.8
21061,2024,165.8
21061,2025,167.6
21063,2020,103.3
21065,2016,133.4
21065,2019,122.0
21065,2020,151.9
21065,2021,142.2
21065,2022,149.7
21065,2023,176.8
21065,2025,126.5
21067,2016,157.1
21067,2017,167.0
21067,2018,195.0
21067,2019,167.5
21067,2020,141.0
21067,2021,188.4
21067,2023,192.3
21067,2025,180.1
21069,2016,148.2
21069,2017,150.5
21069,2018,167.0
21069,2019,135.0
21069,2020,136.0
21069,2021,158.6
21069,2022,160.5
21069,2023,166.1
21069,2024,140.7
21069,2025,139.6
21073,2020,168.4
21073,2021,167.8
21073,2024,113.0
21073,2025,168.9
21075,2016,169.1
21075,2017,180.3
21075,2018,183.0
21075,2019,185.0
21075,2020,181.0
21075,2021,196.3
21075,2022,120.5
21075,2023,181.0
21075,2025,158.6
21077,2016,152.4
21077,2017,175.0
21077,2020,161.0
21077,2024,152.8
21077,2025,212.0
21079,2016,135.6
21079,2021,157.5
21079,2022,155.8
21079,2023,182.1
21079,2024,106.8
21081,2016,135.1
21081,2018,160.0
21081,2019,132.5
21081,2020,155.6
21081,2021,153.7
21081,2025,160.6
21083,2016,155.0
21083,2017,178.3
21083,2018,152.0
21083,2020,182.0
21083,2022,120.9
21083,2023,190.6
21083,2024,184.3
21083,2025,169.7
21085,2016,142.6
21085,2017,158.0
21085,2018,176.0
21085,2020,161.6
21085,2021,166.9
21085,2022,163.8
21085,2023,168.2
21085,2024,164.9
21085,2025,152.6
21087,2016,159.9
21087,2017,172.7
21087,2018,169.0
21087,2020,189.1
21087,2021,191.9
21087,2022,149.0
21087,2023,200.1
21087,2024,152.6
21087,2025,139.7
21089,2016,126.8
21089,2017,117.1
21089,2019,124.0
21089,2020,128.6
21089,2021,133.7
21089,2022,140.9
21091,2016,156.8
21091,2017,198.6
21091,2018,186.0
21091,2020,194.6
21091,2021,206.0
21091,2023,212.5
21091,2025,196.8
21093,2016,153.6
21093,2017,186.9
21093,2018,182.5
21093,2019,139.0
21093,2020,179.3
21093,2021,187.2
21093,2022,154.4
21093,2023,192.3
21093,2024,156.7
21093,2025,165.8
21097,2016,170.3
21097,2020,173.7
21097,2021,160.0
21097,2022,161.2
21097,2023,195.8
21099,2016,152.1
21099,2017,159.5
21099,2018,149.0
21099,2020,188.0
21099,2021,183.6
21099,2022,128.4
21099,2023,197.5
21099,2024,172.8
21099,2025,163.9
21101,2017,185.8
21101,2018,186.0
21101,2019,172.0
21101,2020,188.9
21101,2022,182.3
21101,2023,173.6
21101,2024,181.1
21101,2025,163.2
21103,2016,148.9
21103,2017,162.5
21103,2018,166.0
21103,2020,158.6
21103,2021,176.5
21103,2025,176.3
21105,2016,162.0
21105,2017,180.0
21105,2018,168.0
21105,2019,181.0
21105,2020,191.2
21105,2021,200.2
21105,2022,124.0
21105,2023,197.0
21105,2024,190.5
21105,2025,178.4
21107,2018,153.0
21107,2020,173.1
21109,2022,124.0
21109,2023,111.0
21109,2025,146.5
21111,2016,160.0
21111,2017,178.3
21113,2016,132.6
21113,2017,152.5
21113,2018,161.0
21113,2019,130.0
21113,2020,133.0
21113,2021,153.5
21113,2024,103.1
21113,2025,82.0
21115,2022,96.0
21117,2020,156.4
21117,2021,156.7
21117,2022,154.3
21117,2023,136.7
21117,2025,178.8
21121,2016,119.5
21121,2019,125.5
21121,2021,134.7
21121,2022,145.3
21121,2023,145.9
21123,2020,201.2
21123,2021,190.2
21123,2022,166.4
21123,2023,206.4
21125,2018,137.8
21125,2019,135.0
21125,2021,128.7
21125,2022,113.3
21125,2023,148.6
21125,2024,157.9
21135,2016,131.6
21135,2017,158.1
21135,2018,195.0
21135,2021,129.5
21135,2023,162.5
21137,2016,162.4
21137,2017,179.3
21137,2018,178.0
21137,2019,154.0
21137,2020,173.4
21137,2021,182.3
21137,2022,175.6
21137,2023,174.1
21137,2024,149.8
21137,2025,128.9
21139,2016,145.2
21139,2017,148.3
21139,2019,163.0
21139,2020,176.9
21139,2021,172.2
21139,2022,137.6
21139,2023,164.6
21139,2025,134.8
21141,2016,178.6
21141,2017,183.9
21141,2018,178.0
21141,2019,190.0
21141,2020,190.7
21141,2021,184.9
21141,2022,142.3
21141,2024,189.6
21141,2025,190.6
21143,2019,171.0
21143,2024,176.5
21145,2016,143.8
21145,2017,161.2
21145,2020,174.5
21145,2021,172.3
21145,2023,151.7
21149,2017,191.6
21149,2018,188.0
21149,2019,169.0
21149,2020,190.0
21149,2021,192.2
21149,2022,185.4
21149,2023,189.4
21149,2024,183.8
21149,2025,164.4
21151,2016,145.3
21151,2017,154.1
21151,2018,158.0
21151,2019,140.0
21151,2020,153.7
21151,2021,150.0
21151,2022,144.1
21151,2023,166.2
21151,2024,127.9
21151,2025,135.0
21153,2024,94.0
21155,2016,144.0
21155,2017,184.1
21155,2018,180.0
21155,2019,153.0
21155,2020,163.9
21155,2021,193.8
21155,2022,145.5
21155,2023,201.0
21155,2025,139.4
21157,2018,133.0
21157,2019,158.0
21157,2020,155.9
21157,2021,181.3
21161,2016,153.1
21161,2017,171.8
21161,2018,152.0
21161,2019,135.0
21161,2020,151.7
21161,2021,173.0
21161,2022,173.4
21161,2023,198.2
21161,2024,129.0
21161,2025,135.2
21163,2016,165.5
21163,2017,166.4
21163,2018,164.0
21163,2020,195.8
21163,2021,196.6
21163,2022,163.8
21163,2023,207.1
21163,2024,190.7
21163,2025,173.1
21165,2021,126.0
21165,2022,131.2
21167,2016,162.0
21167,2017,173.4
21167,2018,177.0
21167,2019,185.0
21167,2021,187.9
21167,2022,183.9
21167,2023,206.8
21169,2016,180.2
21169,2017,180.4
21169,2020,198.9
21169,2021,196.9
21169,2022,146.3
21169,2023,181.9
21169,2024,188.5
21169,2025,148.3
21171,2016,147.7
21171,2017,165.0
21171,2020,167.6
21171,2022,161.4
21171,2023,178.1
21173,2017,142.5
21173,2021,142.1
21173,2022,139.9
21173,2023,149.2
21173,2024,125.7
21173,2025,143.0
21175,2020,99.0
21175,2021,130.9
21175,2022,132.6
21175,2023,145.2
21177,2018,175.0
21177,2019,170.0
21177,2020,170.3
21177,2021,186.3
21177,2022,172.8
21177,2023,182.7
21177,2024,158.6
21179,2016,170.2
21181,2018,157.0
21181,2020,173.9
21181,2022,150.0
21183,2016,155.3
21183,2017,199.3
21183,2018,202.0
21183,2019,157.0
21183,2020,183.1
21183,2021,200.0
21183,2022,198.2
21183,2023,188.4
21183,2024,177.0
21183,2025,183.4
21185,2016,155.1
21185,2017,151.5
21185,2018,170.0
21185,2019,130.0
21185,2020,170.7
21185,2021,178.4
21185,2023,194.2
21185,2024,153.9
21187,2016,142.5
21187,2017,137.5
21187,2019,110.0
21187,2020,161.1
21187,2021,164.8
21187,2022,161.4
21187,2023,188.1
21187,2024,123.4
21187,2025,173.4
21189,2022,140.0
21191,2016,156.2
21191,2019,165.0
21191,2020,160.5
21191,2021,165.0
21191,2022,169.2
21191,2024,126.1
21197,2017,137.3
21197,2019,160.0
21199,2016,171.4
21199,2017,172.9
21199,2018,183.0
21199,2019,180.0
21199,2020,179.8
21199,2021,177.5
21199,2022,173.5
21199,2025,124.1
21203,2017,152.7
21203,2019,113.0
21203,2022,145.5
21203,2024,164.7
21205,2016,124.6
21205,2018,140.0
21205,2020,105.5
21205,2021,134.8
21205,2022,151.3
21205,2023,155.2
21207,2016,156.5
21207,2017,160.5
21207,2018,162.0
21207,2019,160.0
21207,2020,164.1
21207,2021,172.7
21207,2022,179.1
21207,2023,180.0
21207,2024,183.9
21209,2016,158.4
21209,2017,165.6
21209,2018,162.5
21209,2019,155.0
21209,2020,133.3
21209,2021,176.0
21209,2022,185.3
21209,2023,202.5
21209,2024,140.3
21211,2016,152.3
21211,2017,186.3
21211,2018,185.0
21211,2019,138.0
21211,2020,171.5
21211,2021,179.5
21211,2022,193.3
21211,2023,196.2
21211,2024,157.3
21211,2025,174.8
21213,2016,180.5
21213,2017,180.3
21213,2018,182.0
21213,2019,187.0
21213,2020,193.8
21213,2021,178.8
21213,2022,138.1
21213,2023,181.7
21213,2024,191.6
21213,2025,198.5
21215,2017,184.0
21215,2018,176.0
21215,2019,113.0
21215,2020,180.2
21215,2021,181.9
21215,2022,171.3
21215,2025,151.5
21217,2016,178.0
21217,2017,166.1
21217,2018,177.5
21217,2019,172.0
21217,2020,178.2
21217,2021,195.1
21217,2022,163.2
21217,2023,211.9
21217,2024,151.6
21217,2025,132.3
21219,2016,175.9
21219,2017,180.8
21219,2018,181.0
21219,2019,185.0
21219,2020,192.9
21219,2021,194.8
21219,2022,139.0
21219,2023,200.2
21219,2024,186.1
21219,2025,173.5
21221,2016,152.7
21221,2017,177.9
21221,2018,174.0
21221,2019,171.0
21221,2020,174.4
21221,2021,196.4
21221,2022,113.8
21221,2023,178.9
21221,2024,189.9
21221,2025,167.6
21223,2018,172.5
21223,2019,120.0
21223,2020,162.5
21223,2021,164.2
21223,2022,161.8
21223,2023,198.4
21223,2024,142.9
21225,2016,161.0
21225,2017,181.1
21225,2018,184.0
21225,2019,188.0
21225,2020,205.3
21225,2021,218.9
21225,2022,197.9
21225,2023,191.0
21225,2024,199.7
21225,2025,193.0
21227,2016,182.0
21227,2017,190.7
21227,2018,194.0
21227,2019,196.0
21227,2020,212.7
21227,2021,191.6
21227,2022,160.8
21227,2023,208.9
21227,2024,196.7
21227,2025,167.3
21229,2016,148.8
21229,2017,171.6
21229,2018,174.6
21229,2020,164.5
21229,2021,188.2
21229,2023,194.9
21229,2024,136.2
21231,2016,186.2
21231,2017,205.0
21231,2018,188.9
21231,2019,200.0
21231,2020,190.9
21231,2021,195.9
21231,2022,189.5
21231,2023,216.9
21231,2024,180.5
21231,2025,160.6
21233,2016,155.1
21233,2017,171.1
21233,2018,179.0
21233,2019,178.0
21233,2020,195.2
21233,2021,207.7
21233,2022,181.5
21233,2023,181.7
21233,2024,177.1
21233,2025,173.2
21235,2017,125.0
21235,2022,157.1
21239,2016,160.2
21239,2017,175.6
21239,2018,157.5
21239,2019,145.0
21239,2020,153.2
21239,2021,186.0
21239,2022,168.6
21239,2023,213.2
21239,2024,128.6
21239,2025,157.3
22009,2016,169.8
22009,2017,179.6
22009,2018,157.9
22009,2019,153.9
22009,2020,185.7
22009,2021,156.8
22009,2022,179.1
22009,2023,159.3
22009,2024,172.9
22009,2025,166.1
22011,2020,136.5
22011,2022,127.8
22015,2021,134.0
22017,2016,119.6
22017,2017,167.4
22017,2018,105.3
22017,2019,138.1
22017,2020,151.1
22017,2021,120.8
22017,2022,139.9
22017,2023,142.2
22017,2024,153.5
22017,2025,160.3
22021,2024,164.8
22021,2025,170.9
22025,2016,184.2
22025,2017,192.3
22025,2018,166.5
22025,2019,162.1
22025,2020,183.1
22025,2021,187.2
22025,2022,177.5
22025,2023,187.7
22025,2024,182.1
22025,2025,192.1
22029,2016,169.5
22029,2017,181.1
22029,2018,184.5
22029,2019,169.8
22029,2020,192.2
22029,2021,183.4
22029,2022,192.3
22029,2023,182.8
22029,2025,197.4
22035,2016,172.3
22035,2017,190.6
22035,2018,185.3
22035,2019,174.8
22035,2020,187.6
22035,2021,184.2
22035,2022,166.2
22035,2023,178.0
22035,2024,192.6
22035,2025,202.3
22041,2016,181.5
22041,2017,184.5
22041,2018,186.2
22041,2019,170.1
22041,2020,190.6
22041,2021,196.3
22041,2022,172.7
22041,2023,179.8
22041,2024,196.9
22041,2025,189.9
22043,2017,188.5
22043,2020,172.1
22043,2021,148.2
22043,2022,138.8
22043,2024,165.8
22043,2025,183.4
22065,2016,141.9
22065,2017,182.2
22065,2018,185.8
22065,2019,147.0
22065,2020,185.6
22065,2021,186.2
22065,2022,160.4
22065,2023,175.1
22065,2024,181.6
22065,2025,204.7
22067,2016,175.5
22067,2017,193.8
22067,2018,169.0
22067,2019,173.0
22067,2020,174.8
22067,2021,196.6
22067,2022,188.7
22067,2023,185.3
22067,2024,192.0
22067,2025,211.8
22069,2016,117.1
22069,2017,150.5
22069,2018,125.3
22069,2019,149.6
22069,2020,170.3
22069,2022,126.7
22069,2023,126.5
22069,2024,160.6
22073,2017,182.7
22073,2018,170.3
22073,2020,172.3
22073,2021,195.5
22073,2022,167.1
22073,2023,182.2
22073,2024,180.6
22073,2025,195.9
22077,2016,188.9
22077,2017,198.8
22077,2018,163.0
22077,2019,179.7
22077,2020,199.4
22077,2021,162.1
22077,2022,179.3
22077,2024,181.8
22077,2025,177.8
22079,2016,160.4
22079,2017,154.5
22079,2018,146.6
22079,2019,148.8
22079,2021,136.3
22079,2022,164.5
22079,2023,164.5
22079,2024,168.3
22081,2017,178.6
22081,2018,147.0
22081,2019,145.6
22081,2020,136.3
22081,2021,134.9
22081,2022,129.1
22081,2023,129.8
22081,2024,137.9
22081,2025,153.2
22083,2016,171.5
22083,2017,202.4
22083,2018,190.1
22083,2019,183.3
22083,2020,186.3
22083,2021,193.9
22083,2022,186.6
22083,2023,172.4
22083,2024,188.7
22097,2016,167.6
22097,2017,181.6
22097,2018,131.0
22097,2019,167.4
22097,2020,190.0
22097,2021,156.8
22097,2022,167.6
22097,2023,158.0
22097,2024,183.4
22097,2025,180.2
22107,2016,168.3
22107,2017,171.5
22107,2018,178.9
22107,2019,176.9
22107,2020,184.5
22107,2021,191.9
22107,2022,163.0
22107,2023,181.4
22107,2024,197.4
22107,2025,193.4
22117,2020,150.3
22117,2021,142.7
22117,2022,138.1
22117,2023,130.9
22117,2024,163.0
22123,2016,167.8
22123,2017,189.2
22123,2018,184.8
22123,2019,150.8
22123,2020,170.2
22123,2021,184.0
22123,2022,168.1
22123,2023,188.8
22123,2024,187.9
22123,2025,196.5
24001,2017,117.5
24001,2018,100.0
24001,2019,145.6
24003,2016,140.5
24003,2018,126.2
24003,2019,169.8
24003,2020,162.6
24003,2021,168.0
24003,2022,163.0
24003,2023,160.1
24003,2024,85.1
24003,2025,176.8
24005,2017,171.7
24005,2018,151.1
24005,2020,160.0
24005,2022,175.3
24005,2023,161.7
24005,2024,162.7
24009,2016,100.0
24009,2018,106.5
24009,2019,133.1
24009,2020,127.5
24009,2021,157.4
24009,2022,154.2
24009,2023,144.2
24009,2024,70.5
24011,2016,142.8
24011,2017,180.4
24011,2018,155.0
24011,2019,162.0
24011,2020,177.0
24011,2021,182.0
24011,2022,174.3
24011,2023,178.3
24011,2024,132.9
24013,2016,168.8
24013,2017,173.2
24013,2018,148.7
24013,2019,181.1
24013,2020,135.5
24013,2021,173.8
24013,2022,178.2
24013,2023,127.0
24013,2024,140.7
24013,2025,173.3
24015,2017,187.6
24015,2018,138.3
24015,2019,170.9
24015,2020,178.0
24015,2021,171.8
24015,2022,178.7
24015,2023,179.6
24015,2024,152.0
24015,2025,201.0
24017,2018,116.5
24017,2020,129.1
24017,2021,145.2
24017,2023,152.2
24017,2024,70.0
24017,2025,147.6
24019,2016,186.1
24019,2017,201.0
24019,2018,159.2
24019,2019,179.3
24019,2020,168.7
24019,2021,176.1
24019,2022,160.5
24019,2023,190.5
24019,2024,158.3
24021,2016,139.7
24021,2017,163.4
24021,2018,157.0
24021,2019,174.7
24021,2020,132.3
24021,2021,167.9
24021,2022,159.5
24021,2023,119.7
24021,2024,121.3
24021,2025,138.6
24023,2017,149.3
24023,2018,119.5
24023,2019,144.8
24023,2020,147.2
24023,2021,146.0
24023,2022,147.2
24023,2023,117.9
24023,2024,114.5
24023,2025,128.2
24025,2016,175.5
24025,2017,180.5
24025,2018,146.1
24025,2019,181.1
24025,2020,161.6
24025,2021,187.7
24025,2022,172.5
24025,2024,158.5
24025,2025,191.5
24027,2018,171.8
24027,2019,176.8
24027,2020,179.9
24027,2023,188.7
24027,2025,199.5
24029,2016,172.2
24029,2017,173.8
24029,2018,147.2
24029,2019,164.1
24029,2020,160.8
24029,2021,169.3
24029,2022,172.4
24029,2023,185.1
24029,2024,162.3
24029,2025,193.5
24031,2020,161.0
24031,2021,178.8
24031,2023,156.0
24033,2017,145.0
24033,2018,80.5
24033,2023,140.6
24035,2017,173.7
24035,2018,154.6
24035,2019,164.0
24035,2020,159.6
24035,2022,179.6
24035,2023,180.8
24035,2025,192.1
24037,2017,148.5
24037,2018,129.4
24037,2020,134.3
24037,2021,160.2
24037,2022,142.2
24037,2025,133.6
24039,2016,116.0
24039,2017,168.7
24039,2018,147.2
24039,2019,120.0
24039,2020,141.6
24039,2021,182.3
24039,2022,131.9
24039,2023,189.1
24039,2024,171.4
24039,2025,154.5
24041,2016,135.0
24041,2017,163.4
24041,2018,150.8
24041,2019,145.4
24041,2020,163.4
24041,2021,185.6
24041,2022,155.3
24041,2023,170.2
24041,2024,129.9
24043,2016,143.1
24043,2019,158.6
24043,2020,129.1
24043,2021,147.6
24043,2022,147.3
24043,2023,129.2
24043,2024,127.5
24043,2025,158.0
24045,2016,133.5
24045,2017,165.9
24045,2018,98.5
24045,2019,121.4
24045,2020,142.4
24045,2021,174.1
24045,2022,149.1
24045,2023,155.8
24045,2025,136.8
24047,2016,144.3
24047,2017,165.3
24047,2018,136.6
24047,2019,145.7
24047,2020,151.0
24047,2021,189.7
24047,2022,151.1
24047,2023,159.7
24047,2024,161.4
24047,2025,152.9
26001,2016,116.7
26001,2017,133.3
26001,2020,132.7
26005,2016,173.3
26005,2017,177.2
26005,2018,156.4
26005,2019,134.0
26005,2020,148.7
26005,2021,172.0
26005,2022,174.3
26005,2023,176.1
26005,2024,178.0
26007,2016,88.9
26007,2017,104.3
26007,2018,107.1
26007,2019,131.0
26007,2020,122.0
26007,2021,163.6
26007,2022,134.8
26007,2023,160.4
26007,2024,154.0
26007,2025,166.7
26009,2016,122.7
26009,2017,106.3
26009,2020,115.4
26009,2023,141.1
26009,2024,112.4
26009,2025,131.2
26011,2016,146.7
26011,2017,156.7
26011,2018,157.3
26011,2019,133.3
26011,2020,137.9
26011,2021,187.8
26011,2022,155.7
26011,2023,158.5
26011,2024,166.2
26011,2025,175.0
26015,2016,150.0
26015,2017,170.3
26015,2018,148.3
26015,2019,132.1
26015,2020,153.0
26015,2021,178.8
26015,2022,171.9
26015,2023,158.6
26015,2024,206.0
26015,2025,173.3
26017,2016,167.9
26017,2017,160.9
26017,2018,172.9
26017,2019,144.7
26017,2020,160.2
26017,2021,187.8
26017,2022,172.3
26017,2023,177.5
26017,2024,200.5
26017,2025,190.1
26019,2016,116.7
26019,2017,126.9
26019,2019,91.7
26019,2020,139.8
26019,2021,155.1
26019,2023,121.4
26021,2017,176.1
26021,2018,162.6
26021,2020,162.3
26021,2021,170.9
26021,2022,174.8
26021,2024,172.7
26023,2017,155.0
26023,2018,151.6
26023,2019,157.9
26023,2020,159.9
26023,2022,172.8
26023,2023,168.9
26023,2025,181.8
26025,2016,136.3
26025,2017,129.6
26025,2018,143.1
26025,2019,134.9
26025,2020,140.0
26025,2021,159.2
26025,2022,185.8
26025,2023,148.3
26025,2024,163.2
26025,2025,168.2
26027,2016,154.4
26027,2017,158.3
26027,2018,144.7
26027,2019,143.3
26027,2020,147.5
26027,2021,167.0
26027,2022,162.6
26027,2023,156.3
26027,2024,170.9
26027,2025,155.2
26029,2016,96.8
26029,2017,114.0
26029,2020,122.6
26029,2021,149.0
26029,2022,112.2
26029,2023,119.2
26029,2024,115.2
26029,2025,127.2
26035,2016,117.6
26035,2017,145.0
26035,2018,105.0
26035,2022,138.6
26035,2024,156.8
26037,2016,164.7
26037,2017,146.6
26037,2020,146.0
26037,2021,171.7
26037,2022,161.6
26037,2024,189.6
26041,2016,128.6
26041,2019,116.7
26041,2020,147.9
26041,2021,138.1
26041,2022,89.7
26041,2024,110.6
26041,2025,113.3
26043,2016,113.3
26043,2020,151.3
26043,2021,149.6
26043,2022,108.9
26043,2023,146.3
26045,2017,166.7
26045,2018,148.5
26045,2019,139.0
26045,2020,147.3
26045,2021,172.2
26045,2022,181.1
26045,2023,164.7
26045,2024,210.1
26045,2025,195.8
26047,2019,100.0
26047,2020,120.6
26047,2021,135.8
26047,2022,106.0
26047,2023,123.1
26049,2017,148.9
26049,2018,143.6
26049,2019,138.7
26049,2020,157.4
26049,2021,160.0
26049,2022,146.7
26049,2023,157.3
26049,2024,165.9
26051,2016,145.6
26051,2017,150.0
26051,2018,155.2
26051,2020,136.3
26051,2022,147.5
26051,2023,152.6
26051,2024,187.8
26051,2025,153.7
26055,2016,83.0
26055,2017,125.5
26055,2019,145.0
26055,2020,113.2
26055,2021,156.8
26055,2022,112.5
26055,2023,126.9
26055,2024,142.7
26055,2025,145.1
26057,2016,160.1
26057,2017,157.7
26057,2018,165.9
26057,2021,172.0
26057,2022,170.9
26057,2023,168.6
26057,2024,199.8
26057,2025,193.1
26059,2016,162.9
26059,2017,154.8
26059,2018,153.4
26059,2019,161.0
26059,2020,156.4
26059,2021,179.1
26059,2022,186.5
26059,2023,160.7
26059,2024,189.1
26059,2025,190.5
26063,2016,170.7
26063,2017,197.9
26063,2018,177.0
26063,2019,172.9
26063,2020,185.6
26063,2021,213.0
26063,2022,164.2
26063,2023,193.3
26063,2024,210.2
26063,2025,210.8
26065,2016,157.2
26065,2017,153.3
26065,2018,141.7
26065,2019,148.3
26065,2020,148.1
26065,2021,174.4
26065,2022,176.6
26065,2023,180.2
26065,2024,189.6
26065,2025,170.1
26067,2016,169.6
26067,2017,170.3
26067,2018,157.5
26067,2019,161.7
26067,2020,147.6
26067,2021,174.0
26067,2022,187.5
26067,2023,175.0
26067,2024,206.5
26067,2025,193.9
26069,2016,128.9
26069,2017,141.8
26069,2019,117.1
26069,2020,128.5
26069,2021,161.6
26069,2022,137.3
26069,2025,162.3
26073,2016,155.3
26073,2017,150.7
26073,2018,142.9
26073,2019,139.7
26073,2020,133.1
26073,2021,167.4
26073,2022,161.2
26073,2023,151.7
26075,2016,123.7
26075,2017,128.7
26075,2018,126.9
26075,2019,155.9
26075,2020,139.1
26075,2021,167.4
26075,2022,170.9
26075,2023,164.8
26075,2024,171.0
26075,2025,167.8
26077,2016,150.9
26077,2017,157.7
26077,2019,138.4
26077,2020,141.7
26077,2021,150.0
26077,2023,145.0
26079,2021,120.2
26081,2016,160.9
26081,2017,162.5
26081,2018,153.9
26081,2019,150.5
26081,2020,158.8
26081,2021,174.3
26081,2022,163.5
26081,2023,178.4
26085,2016,130.8
26085,2018,106.4
26085,2021,157.9
26085,2025,126.9
26087,2016,170.7
26087,2017,186.4
26087,2018,172.0
26087,2019,146.8
26087,2020,163.8
26087,2021,176.1
26087,2022,159.1
26087,2023,170.1
26087,2024,169.6
26087,2025,186.9
26089,2016,56.0
26089,2017,119.6
26089,2019,121.1
26089,2020,113.0
26089,2021,113.2
26089,2022,89.9
26089,2023,98.8
26089,2024,81.6
26089,2025,130.2
26091,2016,165.7
26091,2017,182.8
26091,2018,164.1
26091,2019,172.3
26091,2020,158.4
26091,2021,184.1
26091,2022,188.7
26091,2023,191.5
26091,2024,181.0
26091,2025,204.4
26093,2016,155.6
26093,2017,158.1
26093,2018,143.3
26093,2019,148.0
26093,2020,158.4
26093,2021,165.7
26093,2022,153.9
26093,2023,160.9
26093,2024,182.3
26093,2025,184.9
26099,2016,168.6
26099,2017,170.5
26099,2018,171.8
26099,2019,160.2
26099,2020,155.0
26099,2021,161.7
26099,2022,157.6
26099,2023,174.6
26099,2024,166.7
26101,2016,85.7
26101,2017,118.4
26101,2019,119.0
26101,2020,120.4
26101,2021,140.5
26101,2022,124.1
26101,2023,131.9
26101,2024,129.7
26105,2016,140.6
26105,2017,164.8
26105,2018,132.9
26105,2019,153.6
26105,2020,150.6
26105,2021,164.0
26105,2022,166.8
26105,2023,153.0
26105,2024,152.4
26105,2025,156.6
26107,2016,144.9
26107,2017,133.2
26107,2018,112.3
26107,2019,135.4
26107,2020,118.9
26107,2021,153.0
26107,2022,135.7
26107,2023,131.2
26107,2024,168.6
26107,2025,145.2
26109,2016,132.8
26109,2019,73.2
26109,2020,134.5
26109,2022,91.3
26109,2023,133.6
26111,2016,168.9
26111,2017,167.8
26111,2018,163.3
26111,2020,151.9
26111,2021,182.0
26111,2022,179.5
26111,2023,177.9
26111,2024,189.3
26111,2025,182.3
26113,2016,129.8
26113,2017,151.6
26113,2019,152.2
26113,2022,160.3
26113,2023,160.9
26113,2024,151.0
26113,2025,148.7
26115,2016,169.5
26115,2017,170.2
26115,2018,166.6
26115,2019,178.7
26115,2020,147.8
26115,2021,193.8
26115,2022,181.1
26115,2023,192.5
26115,2024,183.8
26115,2025,187.0
26117,2016,156.1
26117,2017,134.2
26117,2018,153.8
26117,2019,143.6
26117,2020,159.4
26117,2021,177.8
26117,2022,157.5
26117,2023,153.7
26117,2024,182.2
26117,2025,182.0
26119,2016,71.3
26119,2017,140.0
26119,2018,82.5
26119,2019,115.0
26119,2023,149.4
26119,2024,127.1
26121,2016,153.4
26121,2018,133.9
26121,2020,138.0
26121,2021,158.0
26121,2022,168.0
26121,2023,138.6
26121,2024,166.9
26123,2016,150.7
26123,2017,139.3
26123,2018,113.8
26123,2019,137.0
26123,2020,142.2
26123,2021,172.9
26123,2022,174.0
26123,2023,157.3
26123,2024,152.8
26123,2025,153.7
26125,2017,151.9
26125,2018,151.9
26125,2019,133.3
26125,2020,140.5
26125,2021,165.6
26125,2022,142.6
26125,2023,160.2
26125,2024,160.8
26127,2016,150.0
26127,2017,137.2
26127,2018,123.0
26127,2019,142.6
26127,2020,130.0
26127,2021,154.0
26127,2022,154.1
26127,2023,151.5
26127,2024,131.7
26127,2025,134.3
26129,2016,138.9
26129,2017,153.5
26129,2018,158.4
26129,2019,151.7
26129,2020,146.2
26129,2021,171.8
26129,2022,151.8
26129,2023,161.0
26129,2024,166.0
26129,2025,153.7
26133,2016,130.5
26133,2017,133.8
26133,2018,99.0
26133,2022,156.0
26133,2024,125.5
26135,2025,123.6
26137,2016,75.0
26137,2018,91.7
26137,2019,127.3
26137,2020,115.3
26137,2021,141.7
26137,2022,81.4
26137,2023,154.4
26137,2025,163.4
26139,2016,158.9
26139,2018,151.0
26139,2020,147.0
26139,2021,172.9
26139,2022,178.3
26139,2023,180.5
26141,2016,117.8
26141,2018,117.0
26141,2019,126.8
26141,2020,119.8
26141,2021,148.5
26141,2022,96.8
26141,2023,118.0
26141,2024,124.6
26145,2016,164.8
26145,2017,164.0
26145,2018,172.2
26145,2019,154.1
26145,2020,162.1
26145,2021,177.9
26145,2022,171.7
26145,2023,178.5
26145,2024,187.0
26145,2025,190.6
26147,2016,160.8
26147,2017,167.6
26147,2018,174.9
26147,2019,146.3
26147,2020,170.4
26147,2021,174.5
26147,2022,146.7
26147,2023,167.3
26147,2024,179.5
26147,2025,199.8
26149,2016,123.8
26149,2017,122.0
26149,2018,123.1
26149,2020,137.0
26149,2022,147.3
26149,2023,123.0
26149,2025,181.3
26151,2016,184.4
26151,2017,185.5
26151,2018,168.1
26151,2019,160.1
26151,2020,179.9
26151,2021,212.0
26151,2022,175.3
26151,2023,184.6
26151,2024,199.8
26151,2025,201.0
26155,2016,150.0
26155,2017,152.3
26155,2019,145.3
26155,2020,155.3
26155,2021,162.3
26155,2022,150.6
26155,2023,164.8
26155,2024,189.8
26155,2025,182.3
26157,2016,173.7
26157,2017,172.1
26157,2018,171.9
26157,2019,162.1
26157,2020,168.3
26157,2021,205.3
26157,2022,169.2
26157,2023,181.7
26157,2024,200.9
26157,2025,194.0
26159,2020,150.5
26159,2021,159.0
26159,2023,184.8
26159,2025,179.6
26161,2016,137.8
26161,2017,146.1
26161,2018,141.9
26161,2019,154.2
26161,2020,143.1
26161,2021,178.5
26161,2022,165.8
26161,2023,186.8
26161,2024,183.8
26161,2025,181.2
26163,2016,116.7
26163,2017,136.4
26163,2018,113.3
26163,2019,130.0
26163,2020,129.8
26163,2021,126.6
26163,2022,120.4
26163,2023,159.1
26163,2024,154.4
26165,2016,96.5
26165,2020,100.6
26165,2021,136.4
26165,2022,130.2
27001,2016,113.5
27001,2018,90.4
27001,2020,134.6
27001,2021,94.5
27001,2022,143.9
27001,2023,129.9
27001,2024,153.2
27001,2025,143.1
27003,2016,166.7
27003,2017,153.3
27003,2018,144.7
27003,2020,152.4
27003,2021,111.7
27003,2022,152.4
27003,2024,135.7
27003,2025,164.6
27005,2016,165.6
27005,2018,181.3
27005,2019,160.0
27005,2020,154.6
27005,2021,152.0
27005,2022,163.0
27005,2023,167.7
27005,2024,159.9
27005,2025,186.2
27007,2016,150.3
27007,2020,121.6
27007,2021,78.3
27007,2022,128.7
27009,2016,169.3
27009,2017,153.9
27009,2018,183.0
27009,2019,154.6
27009,2020,186.2
27009,2021,131.3
27009,2022,180.3
27009,2023,164.6
27009,2024,186.5
27009,2025,180.5
27011,2016,188.1
27011,2017,178.8
27011,2018,198.3
27011,2019,164.3
27011,2020,185.1
27011,2021,181.9
27011,2022,170.8
27011,2023,180.6
27011,2024,172.6
27011,2025,172.3
27013,2016,190.7
27013,2017,209.5
27013,2018,173.1
27013,2019,187.8
27013,2020,198.1
27013,2021,200.4
27013,2022,219.8
27013,2023,199.2
27013,2024,173.4
27013,2025,218.2
27015,2016,191.2
27015,2017,196.9
27015,2018,159.4
27015,2019,178.2
27015,2020,203.7
27015,2021,187.2
27015,2022,208.6
27015,2023,193.2
27015,2024,169.5
27015,2025,221.1
27017,2016,126.7
27017,2017,131.7
27017,2018,148.6
27017,2022,120.9
27017,2023,144.2
27017,2025,125.3
27019,2016,193.5
27019,2017,205.5
27019,2018,178.7
27019,2019,179.0
27019,2020,200.1
27019,2021,185.8
27019,2022,194.8
27019,2023,192.2
27019,2024,162.5
27019,2025,192.3
27021,2016,150.3
27021,2020,152.8
27021,2022,136.9
27021,2023,144.8
27023,2016,199.6
27023,2017,200.7
27023,2018,184.3
27023,2019,188.8
27023,2021,189.1
27023,2022,199.7
27023,2023,194.9
27023,2025,184.8
27025,2016,144.6
27025,2017,143.8
27025,2018,158.9
27025,2019,153.5
27025,2020,171.3
27025,2021,145.1
27025,2022,177.3
27025,2023,155.4
27025,2024,148.4
27027,2016,181.7
27027,2017,165.9
27027,2018,184.6
27027,2019,165.8
27027,2020,165.8
27027,2021,155.6
27027,2023,161.0
27027,2024,157.9
27027,2025,181.0
27029,2019,173.8
27029,2020,153.8
27029,2021,99.0
27029,2024,161.5
27033,2016,200.3
27033,2017,207.5
27033,2018,173.7
27033,2019,156.0
27033,2020,204.1
27033,2021,193.8
27033,2022,213.4
27033,2023,202.6
27033,2024,175.8
27033,2025,225.2
27035,2016,129.5
27035,2017,147.6
27035,2020,145.4
27035,2021,95.2
27035,2022,151.8
27035,2023,128.3
27035,2024,157.3
27037,2016,195.9
27037,2017,201.9
27037,2018,195.2
27037,2019,190.8
27037,2020,186.2
27037,2021,189.2
27037,2022,190.7
27037,2023,183.1
27037,2024,183.3
27037,2025,198.2
27039,2016,203.0
27039,2017,215.8
27039,2018,200.2
27039,2019,184.0
27039,2020,209.3
27039,2022,221.5
27039,2023,189.6
27039,2024,196.2
27039,2025,221.9
27041,2016,188.7
27041,2017,171.3
27041,2020,184.4
27041,2021,138.9
27041,2022,181.1
27041,2025,170.4
27043,2016,208.5
27043,2017,215.3
27043,2018,161.7
27043,2019,186.4
27043,2020,214.9
27043,2021,191.5
27043,2022,216.3
27043,2025,221.1
27045,2016,198.2
27045,2017,212.1
27045,2018,192.4
27045,2019,194.4
27045,2020,192.4
27045,2021,203.1
27045,2022,198.5
27045,2023,183.0
27045,2024,218.0
27045,2025,201.2
27047,2016,193.7
27047,2017,211.5
27047,2018,174.6
27047,2019,186.6
27047,2020,202.0
27047,2021,207.0
27047,2022,215.0
27047,2023,182.7
27047,2024,174.6
27047,2025,198.0
27049,2016,192.7
27049,2017,211.1
27049,2018,192.5
27049,2019,195.2
27049,2020,198.0
27049,2021,199.7
27049,2022,209.9
27049,2023,195.9
27049,2024,195.9
27049,2025,212.5
27051,2016,197.8
27051,2017,190.2
27051,2019,172.9
27051,2020,176.1
27051,2021,179.8
27051,2022,186.7
27051,2023,187.4
27051,2024,174.3
27051,2025,185.1
27053,2016,186.6
27053,2017,171.0
27053,2018,188.1
27053,2019,141.2
27053,2020,196.7
27053,2021,156.3
27053,2022,170.5
27053,2024,151.0
27055,2016,190.2
27055,2017,197.6
27055,2018,187.7
27055,2019,185.6
27055,2020,187.4
27055,2021,200.8
27055,2022,203.0
27055,2023,177.0
27055,2024,206.5
27055,2025,192.6
27057,2016,180.4
27057,2020,129.6
27057,2021,152.7
27057,2022,100.5
27057,2025,142.5
27059,2017,157.6
27059,2018,159.9
27059,2019,145.7
27059,2020,154.1
27059,2021,120.9
27059,2022,166.4
27059,2023,154.8
27059,2024,161.1
27059,2025,165.1
27061,2020,118.9
27061,2021,90.9
27061,2022,116.0
27063,2016,194.1
27063,2017,205.5
27063,2018,167.0
27063,2019,157.0
27063,2020,196.1
27063,2021,189.6
27063,2022,213.3
27063,2023,204.7
27063,2024,163.3
27063,2025,226.7
27065,2016,165.4
27065,2021,110.0
27065,2022,173.9
27065,2025,182.8
27067,2016,196.4
27067,2017,201.2
27067,2018,196.4
27067,2020,192.2
27067,2023,203.7
27067,2024,171.4
27067,2025,172.9
27069,2016,144.3
27069,2017,133.1
27069,2018,121.6
27069,2019,124.5
27069,2020,124.9
27071,2022,132.4
27073,2016,196.4
27073,2017,189.0
27073,2018,198.1
27073,2019,181.1
27073,2020,182.4
27073,2023,183.9
27073,2024,178.7
27073,2025,194.0
27079,2016,196.2
27079,2017,211.3
27079,2018,184.1
27079,2020,199.0
27079,2021,203.6
27079,2022,211.0
27079,2023,193.3
27079,2024,163.1
27079,2025,217.1
27081,2016,203.6
27081,2017,174.7
27081,2019,146.9
27081,2020,182.1
27081,2021,161.2
27081,2023,181.5
27081,2024,176.1
27083,2016,203.5
27083,2017,183.0
27083,2018,179.9
27083,2019,172.2
27083,2020,205.2
27083,2021,162.8
27083,2022,176.0
27085,2016,187.3
27085,2017,206.2
27085,2018,183.2
27085,2019,188.6
27085,2020,184.7
27085,2021,193.2
27085,2022,193.5
27085,2023,177.4
27085,2024,154.7
27085,2025,203.4
27087,2016,165.6
27087,2017,153.2
27087,2020,148.9
27087,2021,106.6
27087,2022,167.5
27087,2023,183.0
27087,2024,169.5
27087,2025,185.3
27089,2016,141.2
27089,2017,122.6
27089,2019,146.7
27089,2020,122.2
27089,2021,100.0
27089,2022,154.5
27089,2023,163.8
27089,2024,153.0
27089,2025,183.1
27091,2016,207.6
27091,2017,214.0
27091,2018,160.7
27091,2019,172.5
27091,2020,203.5
27091,2021,194.4
27091,2022,224.9
27093,2016,183.3
27093,2017,186.7
27093,2019,165.5
27093,2020,187.3
27093,2021,155.3
27093,2022,181.0
27093,2023,192.9
27093,2025,178.7
27095,2016,173.4
27095,2017,153.3
27095,2019,148.5
27095,2020,152.6
27095,2021,108.7
27095,2022,151.7
27095,2023,137.4
27095,2024,150.8
27095,2025,183.6
27097,2016,163.0
27097,2017,167.3
27097,2018,179.7
27097,2019,141.3
27097,2020,177.2
27097,2021,110.3
27097,2022,175.9
27097,2023,145.0
27097,2024,174.9
27097,2025,180.3
27099,2016,197.7
27099,2017,214.2
27099,2018,194.3
27099,2019,189.1
27099,2020,201.6
27099,2022,218.0
27099,2023,170.1
27099,2024,210.8
27099,2025,218.2
27101,2016,200.4
27101,2017,197.1
27101,2018,169.3
27101,2019,150.5
27101,2020,194.4
27101,2021,196.5
27101,2022,191.9
27103,2016,209.4
27103,2017,205.8
27103,2018,186.0
27103,2019,197.2
27103,2020,205.9
27103,2021,208.4
27103,2022,207.5
27103,2023,196.1
27103,2024,188.0
27103,2025,224.3
27105,2016,187.4
27105,2017,193.4
27105,2018,168.7
27105,2019,150.4
27105,2020,185.0
27105,2021,202.5
27105,2022,201.8
27105,2023,198.7
27105,2024,180.2
27107,2016,167.2
27107,2017,156.7
27107,2020,149.3
27107,2021,105.6
27107,2023,166.1
27107,2024,153.0
27107,2025,194.3
27109,2016,195.4
27109,2017,206.1
27109,2018,201.4
27109,2019,181.0
27109,2020,198.4
27109,2021,188.9
27109,2022,206.8
27109,2023,174.8
27109,2024,196.7
27109,2025,210.2
27111,2016,185.8
27111,2017,178.2
27111,2018,190.0
27111,2019,179.9
27111,2020,177.4
27111,2021,140.0
27111,2022,164.8
27111,2023,157.9
27111,2024,161.9
27111,2025,194.5
27113,2017,119.2
27113,2025,176.0
27115,2018,161.3
27115,2019,138.4
27115,2020,163.2
27115,2021,136.1
27115,2022,161.2
27115,2023,151.9
27115,2024,151.6
27115,2025,164.5
27117,2016,199.5
27117,2017,186.0
27117,2019,134.7
27117,2020,189.2
27117,2021,182.1
27117,2022,166.7
27117,2023,161.8
27117,2024,189.4
27119,2016,166.2
27119,2020,141.1
27119,2021,101.2
27119,2022,160.3
27119,2023,146.9
27119,2024,157.0
27119,2025,183.7
27121,2016,194.4
27121,2017,186.5
27121,2018,196.7
27121,2019,181.4
27121,2020,179.6
27121,2021,142.7
27121,2022,180.8
27121,2023,179.5
27121,2024,186.1
27121,2025,174.9
27125,2016,171.4
27125,2017,139.9
27125,2020,143.7
27125,2021,89.9
27125,2022,165.4
27125,2023,170.8
27125,2024,152.9
27125,2025,183.0
27127,2016,202.8
27127,2017,200.9
27127,2018,166.7
27127,2019,182.3
27127,2020,201.7
27127,2021,172.0
27127,2022,189.6
27127,2023,176.0
27127,2024,170.0
27129,2016,198.8
27129,2017,207.1
27129,2018,179.7
27129,2019,189.2
27129,2020,198.4
27129,2021,177.1
27129,2022,212.8
27129,2023,208.3
27129,2024,172.6
27129,2025,213.8
27131,2016,188.3
27131,2017,209.2
27131,2018,180.1
27131,2020,195.2
27131,2021,195.8
27131,2022,216.5
27131,2023,194.6
27131,2024,158.5
27131,2025,215.4
27133,2016,201.2
27133,2017,206.1
27133,2018,181.4
27133,2019,150.2
27133,2020,195.3
27133,2021,206.4
27133,2022,196.8
27135,2017,117.8
27135,2018,131.2
27135,2019,150.6
27135,2020,124.5
27135,2021,82.6
27137,2016,155.0
27139,2016,195.2
27139,2017,200.1
27139,2020,198.8
27139,2021,199.8
27139,2022,186.5
27139,2023,191.9
27139,2024,175.3
27139,2025,206.3
27141,2016,166.5
27141,2017,150.4
27141,2019,176.0
27141,2020,179.9
27141,2021,167.0
27141,2022,177.5
27141,2023,173.2
27141,2024,163.1
27141,2025,174.1
27143,2016,201.4
27143,2017,206.2
27143,2018,178.2
27143,2019,188.3
27143,2020,198.4
27143,2021,202.7
27143,2022,206.4
27143,2023,182.7
27143,2024,149.9
27143,2025,217.6
27145,2016,186.0
27145,2017,177.7
27145,2018,183.6
27145,2019,170.2
27145,2020,186.3
27145,2021,148.2
27145,2022,185.4
27145,2023,187.3
27145,2024,186.8
27145,2025,175.6
27147,2016,201.4
27147,2017,214.8
27147,2018,192.2
27147,2019,174.2
27147,2020,202.0
27147,2021,205.2
27147,2022,217.3
27147,2023,189.9
27147,2024,169.2
27147,2025,216.7
27149,2016,205.2
27149,2017,190.6
27149,2018,200.7
27149,2019,178.4
27149,2020,188.7
27149,2021,173.8
27149,2022,179.2
27149,2023,195.3
27149,2024,185.1
27149,2025,182.8
27151,2016,199.9
27151,2017,190.3
27151,2018,201.6
27151,2019,176.3
27151,2020,193.2
27151,2022,193.6
27151,2023,197.0
27151,2024,179.8
27151,2025,182.2
27153,2016,167.5
27153,2017,154.7
27153,2018,148.1
27153,2019,152.7
27153,2020,161.3
27153,2021,130.6
27153,2022,164.9
27153,2023,148.3
27153,2024,146.9
27155,2016,194.7
27155,2017,185.2
27155,2018,197.4
27155,2019,148.8
27155,2020,176.0
27155,2021,179.5
27155,2022,166.3
27155,2023,187.5
27155,2025,178.9
27157,2016,193.5
27157,2017,210.0
27157,2018,198.0
27157,2019,186.2
27157,2020,205.4
27157,2021,206.5
27157,2022,203.4
27157,2024,181.0
27157,2025,206.8
27159,2016,148.3
27159,2017,164.1
27159,2018,162.1
27159,2019,173.2
27159,2020,164.3
27159,2021,139.9
27159,2022,159.0
27159,2023,152.4
27159,2024,147.2
27159,2025,172.5
27161,2016,204.6
27161,2017,215.0
27161,2018,197.3
27161,2019,183.8
27161,2020,204.4
27161,2021,212.4
27161,2022,215.1
27161,2023,201.6
27161,2024,166.3
27161,2025,210.7
27163,2016,189.2
27163,2017,176.5
27163,2018,206.9
27163,2019,200.4
27163,2020,195.7
27163,2021,153.0
27163,2022,171.8
27163,2023,194.6
27163,2024,161.6
27163,2025,203.0
27165,2016,187.4
27165,2017,218.9
27165,2018,150.2
27165,2019,172.2
27165,2020,208.1
27165,2021,209.0
27165,2022,212.5
27165,2023,209.3
27165,2024,164.2
27165,2025,212.3
27167,2016,183.9
27167,2017,182.3
27167,2020,155.3
27167,2021,150.3
27167,2022,156.5
27167,2023,142.5
27167,2024,173.2
27167,2025,191.8
27169,2016,199.3
27169,2017,195.5
27169,2018,200.9
27169,2019,186.3
27169,2020,197.1
27169,2021,204.0
27169,2022,205.6
27169,2023,197.8
27169,2024,216.0
27169,2025,204.8
27171,2016,183.1
27171,2017,182.6
27171,2020,202.1
27171,2021,144.1
27171,2022,188.9
27171,2023,180.6
27171,2025,183.5
27173,2016,200.0
27173,2017,192.0
27173,2018,187.5
27173,2019,174.0
27173,2020,178.0
27173,2022,191.0
27173,2023,179.1
28001,2019,192.0
28003,2016,145.2
28003,2017,167.0
28003,2018,162.3
28003,2019,155.1
28003,2020,153.5
28007,2020,147.7
28007,2025,138.1
28009,2016,138.6
28009,2017,159.3
28009,2018,155.7
28009,2019,164.9
28009,2020,150.2
28009,2022,126.3
28009,2024,144.8
28009,2025,153.5
28011,2016,179.3
28011,2017,182.2
28011,2018,188.6
28011,2019,179.6
28011,2020,187.4
28011,2021,190.4
28011,2022,182.5
28011,2023,180.1
28011,2024,202.9
28011,2025,199.7
28013,2016,130.8
28013,2017,185.5
28013,2018,169.7
28013,2019,159.3
28013,2020,163.7
28013,2021,169.3
28013,2023,151.8
28013,2024,135.9
28013,2025,161.6
28015,2016,156.8
28015,2017,199.5
28015,2018,179.7
28015,2019,182.5
28015,2020,174.9
28015,2021,179.3
28015,2022,162.1
28015,2023,184.2
28015,2024,157.0
28015,2025,172.6
28017,2016,114.1
28017,2017,173.4
28017,2020,145.5
28017,2021,164.1
28017,2022,90.7
28017,2023,152.1
28017,2025,127.0
28021,2017,173.7
28021,2019,172.9
28021,2020,159.7
28021,2021,159.4
28021,2022,160.3
28021,2023,153.7
28021,2025,148.8
28025,2016,116.9
28025,2017,151.3
28025,2018,162.7
28025,2019,138.4
28025,2020,167.6
28025,2022,117.1
28025,2023,164.1
28027,2016,178.0
28027,2017,200.5
28027,2019,178.3
28027,2020,197.6
28027,2021,196.0
28027,2022,180.4
28027,2023,186.8
28033,2017,174.6
28033,2018,151.8
28033,2020,172.4
28033,2021,189.8
28033,2022,123.8
28033,2024,193.0
28033,2025,140.5
28039,2020,133.2
28039,2021,127.6
28039,2022,101.2
28039,2024,127.6
28039,2025,132.6
28041,2022,77.4
28043,2016,160.0
28043,2020,165.9
28043,2021,193.8
28049,2016,133.7
28049,2017,181.0
28049,2018,158.9
28049,2019,145.7
28049,2020,168.5
28049,2021,165.4
28049,2022,131.4
28049,2023,136.7
28049,2024,167.7
28049,2025,187.0
28051,2016,174.6
28051,2017,199.9
28051,2018,191.4
28051,2019,183.8
28051,2020,185.3
28051,2021,194.7
28051,2022,172.0
28051,2023,184.0
28051,2024,200.0
28051,2025,194.6
28053,2016,176.0
28053,2017,206.4
28053,2018,195.7
28053,2019,186.8
28053,2020,196.5
28053,2021,198.1
28053,2022,177.8
28053,2023,186.4
28053,2024,202.5
28053,2025,198.7
28055,2016,165.5
28055,2017,192.5
28055,2018,198.6
28055,2019,176.9
28055,2020,185.6
28055,2021,191.6
28055,2023,193.7
28055,2025,205.5
28057,2016,71.7
28057,2020,144.0
28057,2021,149.1
28057,2022,112.1
28059,2022,65.2
28065,2019,137.8
28067,2019,129.4
28067,2020,155.4
28071,2016,115.8
28071,2017,168.5
28071,2019,149.2
28071,2020,165.5
28071,2023,157.5
28073,2020,165.5
28079,2018,127.3
28079,2020,163.6
28081,2016,116.3
28081,2017,144.4
28081,2018,139.5
28081,2019,146.7
28081,2020,134.3
28081,2021,130.2
28081,2022,94.0
28081,2023,146.2
28081,2024,130.5
28081,2025,105.3
28083,2016,193.7
28083,2017,197.7
28083,2018,191.5
28083,2019,190.1
28083,2020,196.1
28083,2021,194.1
28083,2022,192.7
28083,2023,195.1
28083,2024,202.8
28083,2025,188.5
28087,2016,146.7
28087,2017,184.4
28087,2018,177.1
28087,2019,132.8
28087,2020,159.9
28087,2021,167.3
28087,2022,100.9
28087,2023,172.9
28089,2016,127.4
28089,2017,178.5
28089,2018,161.9
28089,2019,150.8
28089,2020,162.3
28089,2021,157.5
28089,2022,175.9
28089,2023,182.5
28089,2024,153.9
28089,2025,173.6
28095,2016,119.2
28095,2017,160.4
28095,2018,158.6
28095,2019,134.4
28095,2020,155.2
28095,2021,149.2
28095,2022,74.9
28095,2023,158.0
28095,2024,116.1
28097,2016,143.2
28097,2017,177.3
28097,2020,153.2
28097,2021,180.0
28097,2022,155.3
28097,2023,167.5
28097,2025,171.1
28101,2019,133.3
28101,2020,157.3
28101,2025,169.7
28103,2016,149.3
28103,2017,180.5
28103,2018,173.7
28103,2019,154.9
28103,2020,177.5
28103,2021,170.3
28103,2022,136.4
28103,2023,164.4
28103,2024,167.9
28103,2025,145.7
28107,2016,146.0
28107,2017,160.4
28107,2018,157.1
28107,2019,161.2
28107,2021,166.5
28109,2021,151.5
28115,2016,87.6
28115,2017,136.3
28115,2018,144.6
28115,2020,152.1
28115,2022,93.9
28115,2025,135.2
28117,2018,110.0
28117,2020,129.7
28117,2021,138.3
28117,2022,108.4
28117,2023,118.5
28117,2025,107.6
28119,2016,156.4
28119,2017,201.2
28119,2018,164.0
28119,2019,179.7
28119,2020,200.2
28119,2021,169.9
28119,2022,182.9
28119,2024,205.1
28119,2025,181.6
28121,2016,117.2
28121,2017,136.7
28121,2019,147.7
28121,2020,152.1
28121,2021,152.5
28121,2022,143.4
28121,2023,158.1
28121,2024,145.3
28121,2025,147.5
28123,2017,125.0
28123,2024,184.7
28123,2025,151.4
28125,2016,190.6
28125,2017,193.5
28125,2018,206.4
28125,2019,193.3
28125,2020,197.7
28125,2021,196.4
28125,2022,202.3
28125,2023,190.1
28125,2024,213.3
28125,2025,209.0
28131,2023,166.8
28133,2016,185.6
28133,2017,203.4
28133,2018,203.9
28133,2019,182.5
28133,2020,193.6
28133,2021,199.2
28133,2022,190.3
28133,2023,198.8
28133,2024,209.5
28133,2025,192.2
28135,2016,170.3
28135,2017,194.4
28135,2018,195.9
28135,2019,186.8
28135,2020,174.9
28135,2021,170.6
28135,2022,188.2
28135,2023,185.0
28135,2024,201.5
28135,2025,194.4
28137,2016,121.9
28137,2017,187.4
28137,2018,194.6
28137,2019,197.3
28137,2020,166.5
28137,2021,167.2
28137,2024,160.1
28137,2025,187.0
28139,2016,144.4
28139,2017,138.9
28139,2018,138.6
28139,2019,165.6
28139,2020,138.9
28139,2021,142.8
28139,2022,131.7
28139,2023,145.9
28139,2025,133.6
28143,2016,161.3
28143,2017,174.4
28143,2019,173.8
28143,2020,192.1
28143,2022,144.9
28143,2023,176.4
28143,2024,193.3
28145,2016,156.4
28145,2017,160.9
28145,2018,141.5
28145,2019,155.5
28145,2020,156.1
28145,2021,161.7
28145,2022,126.0
28147,2016,121.8
28147,2019,138.5
28147,2020,173.4
28147,2021,141.6
28147,2022,142.4
28147,2023,144.8
28147,2024,147.9
28149,2016,154.6
28149,2017,179.3
28149,2018,178.6
28149,2020,176.2
28149,2022,151.0
28149,2023,185.2
28149,2024,197.5
28151,2016,176.2
28151,2017,205.4
28151,2018,201.4
28151,2019,184.9
28151,2020,193.3
28151,2021,195.2
28151,2022,192.5
28151,2023,201.2
28151,2024,203.3
28151,2025,174.3
28155,2016,111.5
28155,2017,156.4
28155,2018,161.9
28155,2019,155.2
28155,2020,165.9
28155,2021,165.9
28155,2022,114.7
28155,2023,171.1
28161,2017,183.3
28161,2021,178.7
28161,2025,137.6
28163,2016,158.8
28163,2017,197.5
28163,2018,175.9
28163,2019,159.7
28163,2020,174.7
28163,2021,179.8
28163,2022,169.8
28163,2023,182.2
28163,2024,191.0
28163,2025,177.2
29001,2016,170.1
29001,2019,134.0
29001,2020,176.2
29001,2021,169.5
29001,2022,168.1
29003,2016,152.0
29003,2017,161.2
29003,2020,173.6
29003,2023,175.7
29005,2016,169.3
29005,2017,184.1
29005,2018,170.2
29005,2020,205.2
29005,2021,211.0
29005,2022,198.1
29005,2024,205.9
29005,2025,192.1
29007,2016,171.8
29007,2017,178.9
29007,2018,131.3
29007,2019,168.8
29007,2020,176.1
29007,2022,166.2
29007,2023,115.3
29007,2024,195.6
29007,2025,183.0
29009,2017,146.6
29009,2018,76.0
29009,2019,148.3
29009,2020,101.0
29009,2021,146.1
29009,2024,98.8
29011,2016,155.7
29011,2017,155.4
29011,2018,116.6
29011,2019,141.5
29011,2020,102.5
29011,2021,179.0
29011,2022,74.9
29011,2023,149.0
29011,2024,176.1
29011,2025,171.2
29013,2017,167.1
29013,2018,159.0
29013,2019,160.4
29013,2020,154.6
29013,2021,153.1
29013,2022,123.0
29013,2023,143.6
29013,2025,170.9
29015,2016,166.8
29015,2018,170.1
29015,2020,149.6
29015,2022,153.4
29017,2017,164.7
29017,2019,157.5
29017,2020,179.3
29017,2021,173.5
29017,2023,119.2
29019,2017,170.4
29019,2019,168.8
29019,2020,157.5
29019,2021,136.3
29019,2023,122.8
29019,2024,193.4
29019,2025,197.6
29021,2016,158.6
29021,2017,178.7
29021,2020,181.8
29021,2021,171.3
29021,2022,182.0
29021,2023,175.2
29021,2024,189.4
29023,2019,161.8
29023,2020,173.1
29023,2021,192.1
29023,2022,176.2
29025,2016,179.6
29025,2017,162.5
29025,2020,164.0
29025,2021,134.7
29025,2022,162.6
29025,2023,148.7
29025,2024,170.1
29025,2025,177.7
29027,2017,180.7
29027,2020,149.0
29027,2022,157.5
29027,2023,141.4
29027,2024,189.9
29031,2016,128.4
29031,2017,151.5
29031,2020,174.0
29031,2021,167.1
29031,2022,163.2
29031,2023,140.0
29031,2024,165.0
29031,2025,187.0
29033,2016,161.4
29033,2017,179.1
29033,2019,145.6
29033,2020,175.7
29033,2022,178.5
29033,2023,154.8
29033,2024,195.0
29033,2025,197.6
29037,2016,159.8
29037,2017,160.6
29037,2020,152.7
29037,2021,109.3
29037,2022,111.8
29037,2024,160.9
29037,2025,184.3
29039,2017,171.4
29039,2018,109.4
29039,2019,131.5
29039,2020,140.0
29039,2021,137.5
29039,2024,166.2
29041,2017,178.8
29041,2020,173.9
29041,2025,208.9
29043,2016,120.9
29043,2018,75.0
29043,2020,91.7
29045,2020,173.5
29045,2023,166.6
29045,2025,205.5
29047,2016,165.0
29047,2017,171.4
29047,2020,187.1
29047,2021,154.2
29047,2023,190.6
29047,2024,194.9
29049,2016,156.7
29049,2017,177.5
29049,2018,107.5
29049,2019,139.2
29049,2020,182.7
29049,2021,169.2
29049,2022,191.0
29049,2023,189.1
29049,2024,182.8
29049,2025,185.1
29051,2016,152.0
29051,2017,177.4
29051,2018,157.6
29051,2020,150.8
29051,2021,129.0
29051,2022,157.0
29051,2023,130.8
29051,2024,171.8
29053,2016,173.8
29053,2017,184.5
29053,2020,163.8
29053,2021,132.1
29053,2023,105.0
29057,2016,136.7
29057,2017,123.7
29057,2018,94.6
29057,2019,122.9
29057,2020,103.2
29057,2021,138.7
29057,2023,95.2
29057,2024,131.8
29057,2025,150.5
29059,2017,90.0
29059,2019,114.0
29059,2020,109.0
29059,2021,139.3
29059,2022,105.4
29059,2023,124.1
29061,2016,161.0
29061,2017,142.8
29061,2018,93.2
29061,2020,161.1
29061,2021,142.0
29061,2023,146.0
29061,2024,182.4
29063,2017,159.1
29063,2018,95.6
29063,2019,126.0
29063,2020,173.2
29063,2021,157.2
29063,2022,154.8
29063,2023,190.4
29065,2022,78.0
29069,2016,153.8
29069,2017,189.9
29069,2018,173.7
29069,2019,180.6
29069,2020,189.8
29069,2021,191.0
29069,2022,181.5
29069,2023,164.0
29069,2024,172.3
29069,2025,162.0
29071,2018,139.2
29071,2019,155.3
29071,2020,161.6
29071,2021,190.9
29071,2022,114.0
29071,2023,131.5
29071,2024,154.5
29071,2025,157.9
29073,2016,126.3
29073,2017,149.9
29073,2018,145.8
29073,2019,137.1
29073,2020,149.2
29073,2021,137.9
29073,2022,129.2
29073,2023,113.5
29073,2025,112.4
29075,2017,150.0
29075,2019,126.9
29075,2020,159.6
29075,2022,167.3
29075,2023,160.0
29077,2016,144.7
29077,2017,150.5
29077,2018,66.7
29077,2020,88.6
29077,2021,139.9
29079,2018,110.4
29079,2020,158.5
29079,2021,128.9
29079,2022,177.8
29079,2023,156.1
29079,2024,162.4
29081,2017,147.2
29081,2020,164.7
29081,2021,155.9
29081,2024,159.3
29081,2025,162.1
29083,2016,148.4
29083,2017,161.9
29083,2018,159.6
29083,2020,146.1
29083,2021,111.4
29083,2022,128.1
29083,2023,123.6
29085,2017,112.2
29085,2018,136.8
29085,2020,93.5
29085,2021,143.1
29085,2023,101.2
29087,2016,170.7
29087,2017,203.2
29087,2020,203.7
29087,2023,219.0
29089,2020,168.4
29089,2021,129.2
29089,2022,135.1
29089,2023,149.1
29091,2025,142.5
29095,2016,161.8
29095,2017,192.6
29095,2018,146.2
29095,2019,158.0
29095,2020,174.6
29095,2022,135.6
29095,2023,186.7
29095,2024,154.2
29097,2017,152.7
29097,2020,106.3
29097,2022,90.4
29097,2023,141.5
29097,2025,151.0
29099,2016,128.5
29099,2017,108.3
29099,2018,130.9
29099,2019,132.5
29099,2020,149.1
29099,2021,145.2
29099,2022,145.9
29099,2023,118.1
29101,2016,160.3
29101,2017,173.2
29101,2018,170.3
29101,2020,150.8
29101,2021,128.8
29101,2022,117.1
29101,2023,129.3
29101,2024,192.4
29103,2016,166.4
29103,2017,165.6
29103,2018,125.6
29103,2020,167.8
29103,2022,171.3
29103,2023,130.9
29105,2016,158.6
29105,2018,132.2
29105,2019,136.7
29105,2020,159.9
29105,2021,129.5
29105,2023,144.0
29107,2016,186.7
29107,2017,205.6
29107,2018,173.3
29107,2019,185.1
29107,2020,197.9
29107,2022,163.2
29107,2023,176.7
29107,2024,212.2
29107,2025,219.3
29109,2016,121.6
29109,2017,118.8
29109,2020,99.4
29109,2021,152.0
29109,2023,88.4
29109,2024,111.7
29111,2016,163.6
29111,2017,158.7
29111,2018,117.0
29111,2020,167.1
29111,2022,155.0
29111,2023,147.7
29111,2024,181.4
29111,2025,192.7
29113,2016,155.8
29113,2017,142.2
29113,2020,162.4
29113,2021,146.7
29113,2022,125.3
29113,2023,159.2
29113,2024,178.8
29113,2025,176.1
29115,2016,160.2
29115,2020,168.5
29115,2021,126.9
29115,2022,165.8
29115,2023,157.2
29117,2016,167.5
29117,2017,177.9
29117,2019,126.3
29117,2020,171.7
29117,2022,198.4
29117,2023,142.7
29117,2024,182.3
29117,2025,198.4
29121,2020,163.1
29121,2023,136.8
29121,2024,193.2
29123,2016,105.0
29125,2016,141.6
29125,2017,131.9
29125,2019,124.7
29125,2020,132.3
29125,2021,132.4
29125,2022,78.8
29125,2023,75.9
29125,2024,119.3
29127,2016,188.4
29127,2017,160.4
29127,2019,164.9
29127,2020,169.8
29127,2021,153.0
29127,2022,174.8
29127,2023,124.9
29127,2024,186.5
29127,2025,190.4
29129,2017,149.5
29129,2020,152.9
29131,2016,130.6
29131,2017,155.0
29131,2018,121.1
29131,2019,148.8
29131,2020,132.8
29131,2021,134.2
29131,2023,112.1
29131,2024,157.3
29131,2025,123.0
29133,2016,143.6
29133,2017,183.3
29133,2018,179.3
29133,2019,152.3
29133,2020,183.8
29133,2021,187.4
29133,2022,182.1
29133,2023,177.3
29133,2024,184.1
29133,2025,189.9
29135,2017,155.5
29135,2018,144.7
29135,2019,144.1
29135,2020,142.8
29135,2021,110.8
29135,2022,114.7
29135,2023,113.9
29135,2024,166.8
29137,2016,164.0
29137,2017,144.3
29137,2018,124.8
29137,2020,164.6
29137,2021,148.4
29137,2022,150.4
29137,2023,82.0
29137,2024,177.0
29139,2017,167.0
29139,2018,126.3
29139,2020,158.3
29139,2021,122.9
29139,2022,168.4
29139,2023,139.6
29139,2025,169.9
29141,2016,155.3
29141,2017,155.2
29141,2018,136.3
29141,2019,151.0
29141,2020,144.3
29141,2021,90.5
29141,2022,136.2
29143,2016,168.1
29143,2017,194.7
29143,2019,172.8
29143,2020,184.3
29143,2021,194.4
29143,2022,170.8
29143,2023,186.4
29143,2024,170.6
29143,2025,196.8
29145,2016,144.8
29145,2017,154.3
29145,2018,77.6
29145,2019,150.3
29145,2020,102.1
29145,2021,153.7
29145,2025,121.6
29147,2016,167.0
29147,2017,180.1
29147,2018,124.5
29151,2016,184.2
29151,2017,167.6
29151,2018,158.6
29151,2019,132.5
29151,2020,157.6
29151,2021,137.6
29151,2022,134.0
29151,2023,113.3
29151,2025,176.2
29155,2016,159.7
29155,2018,175.9
29155,2020,175.9
29155,2021,182.6
29155,2022,176.8
29155,2023,188.8
29155,2024,199.0
29157,2017,137.3
29157,2018,152.3
29157,2020,177.5
29157,2021,177.4
29157,2022,136.0
29157,2023,133.1
29157,2024,168.6
29159,2016,166.5
29159,2017,182.2
29159,2018,159.4
29159,2020,151.4
29159,2021,121.4
29159,2022,134.3
29159,2023,121.3
29159,2025,189.1
29163,2016,163.0
29163,2017,171.4
29163,2018,139.6
29163,2020,165.3
29163,2022,151.9
29163,2024,160.0
29163,2025,182.6
29165,2016,160.1
29165,2017,172.0
29165,2018,159.0
29165,2019,146.6
29165,2020,185.9
29165,2021,178.8
29165,2022,177.5
29165,2023,166.7
29165,2024,175.4
29165,2025,185.1
29167,2016,163.0
29167,2017,122.6
29167,2018,112.6
29167,2019,162.6
29167,2020,143.8
29167,2022,130.7
29167,2023,142.3
29171,2023,144.0
29171,2024,175.9
29173,2016,174.1
29173,2017,160.1
29173,2018,148.7
29173,2019,157.2
29173,2020,167.5
29173,2021,147.5
29173,2022,171.0
29173,2023,97.2
29173,2024,198.2
29173,2025,200.1
29175,2016,176.9
29175,2017,164.8
29175,2018,126.3
29175,2019,158.0
29175,2020,153.4
29175,2021,151.7
29175,2022,175.2
29175,2023,105.2
29175,2024,200.7
29175,2025,199.2
29177,2017,179.6
29177,2019,150.0
29177,2020,185.9
29177,2021,151.5
29177,2022,173.9
29177,2023,173.0
29177,2025,185.7
29183,2016,169.0
29183,2017,155.1
29183,2018,161.7
29183,2019,174.3
29183,2020,183.9
29183,2021,182.9
29183,2022,167.8
29183,2023,165.9
29183,2024,184.8
29185,2019,136.8
29185,2020,117.0
29185,2021,137.1
29185,2022,85.0
29185,2023,79.8
29185,2024,154.2
29185,2025,162.0
29186,2016,149.4
29186,2017,135.3
29186,2018,172.2
29186,2019,151.6
29186,2020,161.2
29186,2021,177.8
29186,2022,168.1
29186,2023,148.7
29186,2025,176.8
29187,2016,142.1
29187,2017,155.6
29187,2020,179.4
29187,2021,164.0
29187,2022,163.0
29187,2023,139.3
29189,2016,154.3
29189,2017,146.8
29189,2020,192.9
29189,2021,170.5
29195,2016,185.9
29195,2017,198.9
29195,2018,147.6
29195,2019,192.5
29195,2020,195.7
29195,2023,175.7
29195,2024,223.1
29195,2025,216.7
29197,2022,158.1
29199,2017,147.5
29199,2020,153.5
29199,2022,156.2
29199,2023,167.6
29199,2024,191.6
29201,2017,185.7
29201,2019,174.2
29201,2020,182.6
29201,2021,189.1
29201,2022,174.0
29201,2023,178.8
29201,2024,195.5
29205,2016,175.0
29205,2020,172.3
29205,2021,154.9
29205,2022,184.5
29205,2023,105.4
29205,2024,195.5
29205,2025,209.8
29207,2016,147.1
29207,2017,169.2
29207,2018,172.5
29207,2019,170.0
29207,2020,174.4
29207,2021,192.5
29207,2022,163.1
29207,2023,173.4
29207,2024,181.8
29207,2025,179.2
29211,2019,123.5
29211,2020,150.2
29211,2022,159.9
29211,2023,147.2
29211,2024,166.7
29211,2025,169.0
29215,2019,126.7
29215,2020,103.5
29217,2016,147.5
29217,2020,109.6
29217,2022,80.3
29217,2023,104.7
29219,2016,154.0
29219,2017,160.7
29219,2019,150.2
29219,2020,164.9
29219,2021,150.5
29219,2022,174.1
29219,2023,143.5
29219,2024,144.1
29219,2025,162.4
29223,2017,133.3
29223,2023,89.9
29225,2016,157.4
29225,2017,123.6
29225,2018,72.0
29225,2019,160.0
29225,2021,138.0
29225,2022,56.1
29227,2016,159.3
29227,2017,144.4
29227,2018,105.1
29227,2020,163.4
29227,2021,173.6
29227,2022,160.3
29227,2023,170.4
29227,2024,186.8
29227,2025,175.4
30009,2016,166.9
30021,2016,61.7
30025,2016,47.3
30033,2016,70.0
30083,2016,112.0
30091,2016,100.0
30105,2016,120.0
30111,2016,119.3
31001,2016,167.9
31001,2017,184.8
31001,2018,199.8
31001,2019,195.9
31001,2020,199.6
31001,2021,228.7
31001,2022,199.7
31001,2023,204.5
31001,2024,219.4
31003,2016,187.2
31003,2017,188.7
31003,2018,192.9
31003,2019,210.1
31007,2016,81.9
31009,2016,153.8
31011,2016,194.5
31011,2017,183.0
31011,2018,192.0
31011,2019,205.8
31011,2020,203.2
31011,2022,182.8
31013,2016,163.4
31013,2017,124.2
31013,2018,168.3
31013,2019,150.4
31013,2020,138.6
31013,2021,144.8
31013,2022,159.6
31013,2023,160.3
31013,2024,164.5
31013,2025,133.7
31015,2017,168.1
31015,2019,157.2
31015,2020,159.5
31015,2021,152.2
31015,2022,90.8
31015,2023,171.5
31015,2024,151.2
31015,2025,167.2
31017,2016,184.7
31017,2017,179.3
31017,2019,207.2
31017,2020,214.5
31017,2021,228.8
31017,2022,198.6
31017,2023,211.9
31017,2024,223.2
31019,2016,179.2
31019,2017,186.3
31019,2018,209.0
31019,2019,195.4
31019,2020,204.7
31019,2022,165.8
31019,2023,196.4
31019,2024,206.2
31019,2025,211.1
31021,2016,182.3
31021,2017,196.3
31021,2018,186.1
31021,2019,190.9
31021,2020,180.0
31021,2021,216.3
31021,2022,155.9
31021,2023,174.3
31021,2024,194.4
31021,2025,214.2
31023,2016,185.4
31023,2017,191.7
31023,2018,197.3
31023,2019,192.2
31023,2020,179.0
31023,2021,205.1
31023,2022,170.1
31023,2023,187.0
31023,2024,188.8
31023,2025,212.0
31025,2016,193.9
31025,2017,184.3
31025,2018,197.7
31025,2019,175.7
31025,2020,193.4
31025,2022,132.5
31025,2023,195.7
31025,2024,191.0
31025,2025,196.7
31027,2016,184.0
31027,2017,184.0
31027,2018,200.6
31027,2019,204.2
31027,2020,189.5
31027,2021,201.4
31027,2022,169.3
31027,2023,196.9
31027,2024,180.7
31027,2025,223.8
31029,2016,152.4
31029,2017,163.7
31029,2018,176.7
31029,2019,157.6
31029,2020,154.6
31029,2021,182.3
31029,2022,125.6
31029,2023,164.8
31029,2024,168.8
31029,2025,188.5
31031,2016,183.8
31031,2017,154.7
31031,2018,207.6
31031,2021,181.2
31033,2020,91.9
31033,2022,101.8
31033,2023,99.4
31033,2024,118.0
31035,2016,160.3
31035,2017,178.6
31035,2018,189.1
31035,2019,191.6
31035,2020,196.9
31035,2022,170.3
31035,2023,193.7
31035,2024,207.3
31035,2025,206.0
31037,2016,181.3
31037,2017,184.0
31037,2018,207.1
31037,2019,201.4
31037,2020,189.6
31037,2021,228.3
31037,2022,165.8
31037,2023,173.8
31037,2024,199.3
31037,2025,209.1
31039,2016,199.1
31039,2017,203.9
31039,2018,200.0
31039,2019,204.6
31039,2020,178.8
31039,2021,218.4
31039,2022,168.6
31039,2023,164.8
31039,2024,199.3
31039,2025,218.9
31041,2016,171.9
31041,2017,157.4
31041,2018,205.5
31041,2019,188.2
31041,2020,200.7
31041,2023,193.2
31041,2024,206.9
31043,2016,186.8
31043,2020,205.4
31043,2021,190.6
31043,2022,160.4
31043,2023,196.7
31045,2017,109.8
31045,2020,92.1
31047,2016,206.9
31047,2018,233.5
31047,2019,196.9
31047,2020,198.0
31047,2022,191.6
31047,2023,234.5
31047,2024,212.0
31049,2018,112.8
31049,2019,109.7
31049,2020,84.6
31049,2021,81.5
31049,2023,118.5
31049,2024,114.0
31051,2016,182.3
31051,2017,169.8
31051,2018,206.5
31051,2020,179.8
31051,2023,178.8
31051,2025,205.5
31053,2016,174.9
31053,2017,199.3
31053,2018,197.4
31053,2019,198.2
31053,2020,181.6
31053,2021,220.8
31053,2022,160.2
31053,2023,198.2
31055,2016,183.7
31055,2017,190.9
31055,2019,187.6
31055,2020,185.6
31055,2021,194.5
31055,2022,168.3
31055,2023,165.6
31055,2024,192.4
31055,2025,179.0
31057,2016,137.6
31057,2017,143.1
31057,2018,169.1
31057,2020,125.2
31057,2021,144.1
31057,2022,169.5
31057,2023,155.3
31057,2024,171.5
31057,2025,160.6
31059,2016,180.2
31059,2017,181.3
31059,2018,201.3
31059,2019,206.5
31059,2020,195.0
31059,2022,192.0
31059,2023,186.6
31059,2024,211.4
31061,2016,172.2
31061,2017,179.0
31061,2018,185.5
31061,2019,183.9
31061,2020,171.6
31061,2021,208.9
31061,2022,153.3
31061,2023,196.8
31061,2024,185.7
31061,2025,205.6
31063,2016,156.9
31063,2017,133.6
31063,2019,148.7
31063,2020,144.0
31063,2021,131.3
31063,2022,124.4
31063,2024,162.4
31065,2016,153.7
31065,2017,159.4
31065,2018,163.4
31065,2019,133.8
31065,2020,136.3
31065,2021,161.4
31065,2022,89.1
31065,2023,116.8
31065,2024,162.9
31065,2025,155.1
31067,2016,147.1
31067,2017,151.7
31067,2018,172.7
31067,2019,159.1
31067,2020,162.5
31067,2021,167.5
31067,2022,133.8
31067,2023,164.6
31067,2025,177.2
31069,2018,109.5
31069,2020,65.1
31069,2023,141.2
31071,2016,180.5
31071,2017,165.8
31071,2018,205.0
31071,2019,186.6
31071,2020,187.1
31071,2021,208.6
31071,2022,184.8
31071,2023,192.9
31071,2024,203.0
31073,2016,169.5
31073,2018,204.5
31073,2020,201.8
31073,2021,218.3
31073,2022,154.1
31073,2023,206.6
31077,2016,171.4
31077,2017,171.3
31077,2018,197.8
31077,2019,191.8
31077,2020,203.4
31077,2021,222.6
31077,2022,184.1
31077,2023,193.4
31079,2016,165.9
31079,2017,179.4
31079,2018,196.7
31079,2019,180.4
31079,2020,201.8
31079,2022,188.2
31079,2023,214.9
31079,2024,214.7
31079,2025,210.4
31081,2016,202.3
31081,2017,199.7
31081,2018,223.8
31081,2019,214.9
31081,2020,226.0
31081,2022,218.7
31081,2023,218.9
31081,2024,224.1
31081,2025,233.0
31083,2016,165.8
31083,2017,180.2
31083,2018,181.2
31083,2019,174.9
31083,2020,181.1
31083,2021,216.7
31083,2022,183.8
31083,2023,191.7
31083,2024,172.1
31083,2025,175.8
31085,2016,145.5
31085,2017,148.3
31085,2018,170.4
31085,2019,125.0
31085,2020,125.9
31085,2021,109.3
31085,2022,157.3
31085,2023,132.5
31085,2024,165.9
31085,2025,146.0
31087,2016,140.3
31087,2018,155.9
31087,2020,96.9
31087,2022,144.0
31087,2023,109.6
31087,2024,129.2
31089,2016,205.9
31089,2017,211.5
31089,2018,206.4
31089,2019,205.2
31089,2020,195.0
31089,2022,211.1
31089,2023,223.7
31093,2016,167.9
31093,2017,171.0
31093,2018,169.4
31093,2019,183.2
31093,2020,190.8
31093,2021,198.6
31093,2022,152.3
31093,2023,216.6
31093,2024,202.2
31093,2025,202.4
31095,2016,155.4
31095,2017,144.4
31095,2018,180.5
31095,2019,179.7
31095,2020,174.2
31095,2022,169.9
31095,2023,140.8
31095,2024,152.1
31095,2025,174.5
31097,2016,141.3
31097,2017,163.0
31097,2018,145.7
31097,2019,136.1
31097,2020,152.9
31097,2022,125.2
31097,2023,173.6
31097,2024,163.9
31097,2025,171.3
31099,2016,174.1
31099,2017,199.3
31099,2018,214.7
31099,2019,209.2
31099,2020,208.3
31099,2022,194.0
31099,2023,202.8
31099,2024,197.8
31099,2025,235.4
31101,2016,161.7
31101,2017,149.9
31101,2018,163.5
31101,2020,136.4
31101,2021,122.5
31101,2024,180.3
31101,2025,181.5
31103,2016,156.0
31103,2017,150.8
31103,2018,198.5
31103,2019,202.9
31103,2020,164.4
31103,2021,163.6
31103,2023,215.0
31103,2024,169.9
31103,2025,224.2
31105,2016,88.3
31105,2017,93.1
31105,2022,98.6
31107,2016,177.6
31107,2017,174.4
31107,2018,202.4
31107,2019,194.8
31107,2020,201.5
31107,2021,179.9
31107,2022,152.1
31107,2023,167.0
31107,2024,180.3
31107,2025,199.3
31109,2016,174.7
31109,2017,165.5
31109,2018,179.7
31109,2019,158.2
31109,2020,167.0
31109,2021,181.2
31109,2022,112.1
31109,2023,139.6
31109,2024,164.5
31111,2016,150.8
31111,2017,147.5
31111,2018,163.6
31111,2019,177.5
31111,2020,155.4
31111,2021,191.9
31111,2022,165.6
31111,2023,189.7
31111,2024,213.7
31111,2025,179.9
31113,2016,163.1
31113,2017,148.9
31113,2018,211.3
31113,2019,184.1
31113,2020,202.2
31113,2023,202.6
31113,2024,201.2
31113,2025,162.7
31115,2017,135.9
31115,2020,169.3
31115,2023,178.5
31117,2016,158.1
31119,2016,199.5
31119,2017,196.2
31119,2018,182.2
31119,2019,199.7
31119,2020,197.6
31119,2021,192.1
31119,2022,164.9
31119,2023,175.0
31121,2016,166.1
31121,2017,186.9
31121,2018,193.0
31121,2019,174.8
31121,2020,189.1
31121,2023,198.9
31123,2016,181.5
31123,2017,169.4
31123,2018,163.5
31123,2019,159.3
31123,2020,159.6
31123,2021,178.3
31123,2022,156.1
31123,2023,173.1
31123,2024,171.9
31123,2025,166.7
31125,2016,181.1
31125,2017,178.1
31125,2019,192.6
31125,2020,189.8
31125,2021,205.3
31125,2022,141.1
31125,2025,191.8
31127,2016,161.9
31127,2017,181.2
31127,2018,186.0
31127,2019,166.1
31127,2020,177.1
31127,2021,184.7
31127,2022,153.0
31127,2023,189.9
31127,2025,186.7
31129,2016,176.1
31129,2017,183.1
31129,2018,171.5
31129,2019,188.2
31129,2020,179.0
31129,2022,163.5
31129,2024,181.2
31131,2016,169.0
31131,2017,169.0
31131,2018,171.9
31131,2019,157.1
31131,2020,175.9
31131,2021,182.5
31131,2022,129.8
31131,2025,174.7
31133,2016,141.6
31133,2017,132.7
31133,2018,153.9
31133,2019,128.8
31133,2020,159.7
31133,2021,160.7
31133,2022,140.3
31133,2023,173.8
31133,2024,159.0
31133,2025,159.2
31135,2016,145.5
31135,2017,146.9
31135,2018,148.9
31135,2019,123.8
31135,2020,114.7
31135,2021,136.9
31137,2016,182.3
31137,2017,193.5
31137,2018,228.5
31137,2019,214.3
31137,2020,230.0
31137,2021,227.0
31137,2022,227.0
31137,2023,227.2
31137,2024,198.9
31137,2025,240.5
31139,2016,186.9
31139,2017,175.0
31139,2018,199.2
31139,2019,196.6
31139,2020,202.4
31139,2021,199.5
31139,2022,176.6
31139,2024,192.2
31141,2016,190.2
31141,2017,191.3
31141,2018,188.2
31141,2019,211.1
31141,2020,191.9
31141,2021,213.3
31141,2022,170.9
31141,2023,207.4
31141,2024,196.4
31143,2016,182.2
31143,2017,197.8
31143,2018,204.0
31143,2020,202.8
31143,2022,210.6
31143,2023,190.3
31143,2024,206.2
31145,2016,152.9
31145,2019,155.9
31145,2020,138.3
31145,2021,145.6
31145,2022,125.7
31145,2024,150.2
31145,2025,153.0
31147,2016,170.0
31147,2017,164.2
31147,2018,161.2
31147,2019,161.2
31147,2020,188.5
31147,2021,180.7
31147,2022,166.9
31147,2023,194.8
31147,2025,185.1
31149,2016,196.3
31149,2019,201.3
31149,2020,182.7
31149,2021,195.3
31149,2023,232.3
31151,2016,171.9
31151,2017,168.0
31151,2018,189.2
31151,2019,186.1
31151,2020,185.2
31151,2022,157.6
31151,2023,157.6
31151,2024,169.2
31151,2025,189.1
31153,2016,193.1
31153,2017,196.6
31153,2018,200.0
31153,2020,201.1
31153,2021,210.0
31153,2022,156.8
31153,2023,182.4
31153,2024,199.0
31153,2025,197.7
31155,2016,182.5
31155,2017,185.1
31155,2018,198.4
31155,2019,197.3
31155,2020,188.1
31155,2022,169.8
31155,2023,191.3
31155,2025,192.5
31157,2016,161.6
31157,2017,147.5
31157,2018,194.8
31157,2019,151.1
31157,2020,141.2
31157,2021,184.9
31157,2022,165.4
31157,2023,186.5
31157,2024,160.5
31159,2016,181.6
31159,2017,183.3
31159,2018,194.1
31159,2019,193.1
31159,2020,186.4
31159,2021,218.5
31159,2022,151.2
31161,2016,144.7
31161,2017,137.7
31161,2018,143.1
31161,2020,150.2
31161,2021,148.9
31161,2024,124.7
31161,2025,169.3
31163,2016,183.3
31163,2017,165.6
31163,2018,183.6
31163,2019,185.8
31163,2020,195.9
31163,2021,222.0
31163,2022,169.2
31163,2023,198.2
31163,2024,198.5
31163,2025,181.1
31165,2017,184.6
31165,2018,204.3
31165,2019,172.2
31165,2020,153.2
31165,2021,183.8
31165,2022,169.7
31165,2023,161.5
31167,2016,191.3
31167,2017,197.1
31167,2018,208.0
31167,2019,197.0
31167,2020,170.0
31167,2022,130.0
31167,2023,163.2
31167,2024,192.5
31167,2025,216.1
31169,2016,179.8
31169,2017,176.2
31169,2018,176.1
31169,2019,183.5
31169,2020,194.0
31169,2021,200.7
31169,2022,183.9
31169,2023,166.6
31169,2024,185.1
31173,2016,191.1
31173,2019,195.5
31173,2020,168.8
31173,2021,205.9
31173,2022,121.4
31175,2016,182.3
31175,2018,200.1
31175,2019,173.8
31175,2020,195.0
31175,2021,229.9
31175,2022,204.3
31175,2023,210.1
31175,2024,211.5
31175,2025,187.4
31177,2016,186.9
31177,2017,191.8
31177,2018,182.6
31177,2019,175.5
31177,2020,173.1
31177,2021,204.4
31177,2022,145.8
31177,2023,155.3
31177,2024,176.6
31179,2016,194.0
31179,2017,186.6
31179,2018,204.8
31179,2019,199.0
31179,2020,192.4
31179,2021,198.1
31179,2022,116.2
31179,2023,160.3
31179,2024,191.4
31181,2016,161.0
31181,2018,174.1
31181,2020,172.3
31181,2022,147.3
31181,2023,147.3
31181,2024,169.5
31181,2025,189.2
31183,2020,215.8
31183,2023,225.8
31183,2024,226.1
31185,2016,186.0
31185,2017,196.6
31185,2018,215.1
31185,2019,206.5
31185,2020,223.1
31185,2022,192.9
31185,2024,227.2
34001,2016,76.5
34005,2016,135.8
34011,2016,163.3
34015,2016,74.3
34019,2016,157.3
34021,2016,149.2
34023,2016,149.7
34033,2016,152.4
34041,2016,157.9
35009,2016,89.5
35037,2016,151.2
35059,2016,207.7
36001,2016,115.8
36001,2017,142.3
36001,2020,143.2
36001,2021,137.7
36003,2016,107.4
36003,2017,147.7
36003,2018,139.0
36003,2020,129.6
36003,2022,98.0
36003,2023,139.9
36007,2017,162.5
36007,2018,165.2
36007,2020,155.8
36007,2021,152.3
36007,2022,134.0
36007,2023,165.3
36007,2024,147.0
36007,2025,154.0
36009,2016,156.5
36009,2017,150.7
36009,2018,163.9
36009,2020,150.4
36009,2021,154.3
36009,2022,130.3
36009,2023,140.0
36009,2024,166.1
36011,2016,141.2
36011,2017,170.6
36011,2018,162.1
36011,2019,157.9
36011,2020,154.7
36011,2021,171.2
36011,2023,155.9
36011,2024,182.2
36011,2025,140.0
36013,2016,133.0
36013,2017,176.1
36013,2018,155.2
36013,2019,182.7
36013,2020,159.5
36013,2021,162.0
36013,2022,140.6
36013,2023,173.1
36013,2025,159.6
36015,2017,170.0
36015,2018,170.3
36015,2020,121.7
36015,2021,168.3
36015,2022,126.5
36017,2016,142.1
36017,2017,123.5
36017,2018,150.0
36017,2020,139.1
36017,2021,149.5
36017,2022,117.5
36017,2023,127.9
36017,2024,132.9
36017,2025,134.0
36019,2017,175.0
36021,2016,119.6
36021,2017,157.4
36021,2019,160.7
36021,2020,140.3
36021,2021,136.8
36021,2022,113.7
36021,2023,145.0
36021,2024,150.1
36023,2017,142.8
36023,2018,146.3
36023,2019,157.7
36023,2020,150.5
36023,2021,141.1
36023,2022,131.6
36023,2023,166.9
36023,2025,154.5
36025,2016,118.7
36025,2017,128.0
36025,2020,130.6
36025,2021,135.2
36025,2022,121.4
36027,2016,133.0
36027,2017,163.8
36027,2019,163.8
36027,2020,146.2
36027,2021,154.0
36027,2022,118.1
36029,2016,120.8
36029,2017,149.0
36029,2018,145.1
36029,2019,139.6
36029,2020,148.6
36029,2021,153.8
36029,2022,135.8
36029,2023,161.0
36029,2024,150.8
36029,2025,121.0
36033,2020,146.3
36033,2021,126.4
36033,2022,117.3
36033,2023,138.9
36033,2024,137.6
36035,2021,152.9
36035,2025,164.6
36037,2016,118.2
36037,2017,165.4
36037,2018,168.2
36037,2019,163.3
36037,2020,171.5
36037,2021,191.2
36037,2022,136.5
36037,2023,172.0
36037,2024,183.5
36037,2025,136.8
36043,2017,133.4
36043,2019,147.9
36043,2020,150.4
36043,2021,135.0
36043,2022,139.9
36043,2023,152.5
36043,2024,141.5
36043,2025,124.0
36045,2016,118.1
36045,2017,146.4
36045,2018,142.5
36045,2019,117.7
36045,2020,130.3
36045,2021,158.3
36045,2022,130.7
36045,2023,159.8
36045,2024,148.8
36045,2025,123.1
36049,2016,151.6
36049,2017,139.3
36049,2019,120.0
36049,2020,130.0
36049,2021,149.7
36049,2022,152.0
36049,2023,132.6
36049,2024,145.9
36049,2025,140.3
36051,2016,122.8
36051,2017,152.8
36051,2018,174.2
36051,2019,173.5
36051,2020,175.8
36051,2021,184.2
36051,2022,155.7
36051,2023,170.6
36051,2024,191.1
36051,2025,139.7
36053,2016,149.7
36053,2017,154.7
36053,2018,166.3
36053,2019,139.3
36053,2020,146.4
36053,2021,139.1
36053,2022,120.6
36053,2023,149.3
36053,2024,156.5
36053,2025,140.3
36055,2016,112.4
36055,2017,185.9
36055,2018,159.1
36055,2019,163.6
36055,2020,178.5
36055,2021,185.5
36055,2022,156.8
36055,2023,174.1
36055,2024,192.1
36055,2025,153.4
36057,2016,170.3
36057,2017,166.6
36057,2018,150.5
36057,2020,156.1
36057,2021,158.9
36057,2022,136.1
36057,2023,149.2
36057,2024,150.9
36057,2025,126.4
36063,2016,132.8
36063,2017,176.2
36063,2018,165.0
36063,2020,153.7
36063,2021,177.9
36063,2022,156.3
36063,2023,167.9
36063,2025,147.0
36065,2016,149.4
36065,2017,154.5
36065,2018,150.0
36065,2019,154.4
36065,2020,149.6
36065,2021,150.0
36065,2022,153.8
36065,2023,157.3
36065,2024,162.2
36065,2025,136.1
36067,2016,126.5
36067,2017,157.1
36067,2018,159.7
36067,2019,157.4
36067,2020,158.9
36067,2021,141.9
36067,2022,148.7
36067,2023,149.5
36067,2024,163.6
36067,2025,140.9
36069,2016,109.3
36069,2017,157.2
36069,2018,160.8
36069,2019,176.7
36069,2020,159.3
36069,2021,175.0
36069,2022,145.5
36069,2023,152.6
36069,2024,177.4
36069,2025,147.5
36071,2016,153.9
36071,2017,163.2
36071,2019,143.1
36071,2020,149.7
36071,2021,163.0
36071,2022,111.4
36071,2024,176.5
36073,2020,187.8
36073,2021,193.6
36073,2022,165.6
36073,2023,185.5
36073,2024,176.5
36073,2025,159.1
36075,2016,145.9
36075,2017,127.6
36075,2020,135.6
36075,2021,156.8
36075,2022,146.8
36075,2023,137.3
36075,2024,165.6
36075,2025,116.0
36077,2016,151.8
36077,2017,136.2
36077,2019,126.8
36077,2020,163.2
36077,2021,160.1
36077,2022,150.6
36077,2023,159.9
36077,2024,147.8
36083,2016,128.9
36083,2017,145.9
36083,2018,163.8
36083,2019,165.1
36083,2020,141.5
36083,2021,150.2
36083,2022,126.1
36083,2023,153.9
36083,2024,178.8
36083,2025,107.4
36089,2016,139.3
36089,2017,129.5
36089,2019,129.9
36089,2020,152.4
36089,2021,154.8
36089,2022,132.4
36089,2023,159.0
36089,2024,163.4
36089,2025,130.8
36091,2016,165.6
36091,2017,144.1
36091,2018,159.0
36091,2020,158.4
36091,2021,158.6
36091,2022,141.8
36091,2024,173.2
36091,2025,143.8
36095,2016,154.6
36095,2020,165.0
36095,2021,132.3
36095,2025,170.0
36097,2017,162.1
36097,2018,162.8
36097,2021,152.4
36097,2022,107.7
36097,2024,167.1
36097,2025,140.9
36099,2016,96.3
36099,2017,170.8
36099,2018,172.2
36099,2019,180.6
36099,2020,149.0
36099,2021,177.2
36099,2022,127.7
36099,2023,173.9
36099,2025,162.9
36101,2016,102.5
36101,2017,156.9
36101,2018,168.8
36101,2019,122.2
36101,2020,112.0
36101,2021,163.8
36101,2022,123.8
36101,2023,150.9
36101,2024,169.7
36101,2025,114.1
36103,2019,118.0
36103,2020,125.0
36103,2021,128.3
36103,2022,91.0
36103,2023,140.6
36103,2024,155.0
36105,2025,101.7
36107,2017,174.8
36107,2018,153.2
36107,2021,158.1
36107,2022,132.0
36107,2024,181.3
36107,2025,142.6
36109,2017,148.4
36109,2018,110.8
36109,2020,147.4
36109,2021,133.9
36109,2022,143.6
36109,2023,149.6
36111,2016,126.2
36111,2017,130.0
36111,2019,159.2
36111,2020,129.3
36111,2021,139.9
36111,2022,120.2
36111,2023,133.2
36111,2024,147.2
36111,2025,143.9
36115,2016,131.0
36115,2017,124.8
36115,2019,151.9
36115,2020,160.6
36115,2021,159.7
36115,2022,146.4
36115,2023,134.1
36115,2025,118.3
36117,2016,134.7
36117,2017,177.1
36117,2018,170.0
36117,2019,167.2
36117,2020,156.3
36117,2021,176.5
36117,2022,144.3
36117,2023,161.3
36117,2024,175.8
36117,2025,147.5
36121,2016,148.6
36121,2017,164.1
36121,2018,167.2
36121,2019,160.4
36121,2020,183.3
36121,2021,167.6
36121,2022,164.7
36121,2023,142.4
36121,2024,185.6
36121,2025,129.6
36123,2019,176.8
36123,2020,147.8
36123,2021,172.3
36123,2022,135.0
36123,2023,166.2
36123,2024,176.1
36123,2025,142.2
37001,2016,145.3
37001,2017,123.4
37001,2018,89.0
37001,2019,116.0
37001,2020,120.8
37001,2021,163.9
37001,2022,127.0
37001,2023,143.3
37001,2024,42.8
37001,2025,150.7
37003,2016,121.8
37003,2017,132.0
37003,2019,123.5
37003,2020,130.1
37003,2021,137.2
37003,2022,140.4
37003,2023,134.7
37003,2024,59.8
37007,2017,119.0
37007,2018,96.1
37007,2020,98.4
37007,2021,139.0
37007,2022,107.6
37007,2023,111.6
37009,2021,141.0
37013,2016,133.5
37013,2017,165.0
37013,2019,115.0
37013,2020,123.5
37013,2021,148.9
37013,2022,144.0
37013,2023,155.6
37013,2024,85.4
37013,2025,163.5
37015,2016,130.4
37015,2017,137.5
37015,2018,129.4
37015,2019,109.0
37015,2020,122.8
37015,2021,150.0
37015,2022,130.8
37015,2023,143.6
37015,2024,107.4
37017,2016,112.7
37017,2017,138.1
37017,2018,108.9
37017,2019,82.5
37017,2020,99.8
37017,2021,140.8
37017,2022,112.7
37017,2023,145.6
37017,2024,62.0
37017,2025,134.3
37019,2016,113.1
37019,2017,140.2
37019,2018,123.4
37019,2019,115.0
37019,2020,118.8
37019,2021,158.1
37019,2022,141.0
37019,2023,144.1
37019,2024,79.1
37019,2025,130.3
37021,2016,88.0
37021,2017,159.2
37021,2019,146.0
37021,2020,137.5
37021,2022,138.6
37021,2023,147.7
37021,2024,116.0
37023,2016,92.0
37023,2017,112.0
37023,2018,105.6
37023,2019,104.0
37023,2020,118.0
37023,2021,132.7
37023,2022,102.5
37023,2023,142.4
37023,2024,62.1
37023,2025,113.8
37025,2016,126.0
37025,2017,141.3
37025,2018,124.4
37025,2019,130.0
37025,2020,129.7
37025,2021,166.0
37025,2022,142.0
37025,2024,66.7
37027,2019,125.0
37027,2020,144.9
37027,2021,162.0
37027,2022,159.5
37027,2023,175.6
37029,2016,188.0
37029,2017,183.3
37029,2018,168.1
37029,2019,159.0
37029,2020,143.1
37029,2021,169.6
37029,2022,164.0
37029,2023,175.1
37029,2024,133.4
37029,2025,201.0
37033,2016,125.0
37033,2019,71.0
37033,2020,94.5
37033,2021,128.3
37033,2022,84.3
37033,2023,124.0
37035,2016,127.0
37035,2017,157.1
37035,2018,144.8
37035,2019,133.0
37035,2020,150.8
37035,2021,137.5
37035,2022,143.6
37035,2023,156.5
37035,2024,101.0
37037,2017,130.8
37037,2018,108.6
37037,2020,127.2
37037,2021,149.2
37037,2022,111.1
37037,2023,117.4
37037,2024,61.9
37039,2016,152.0
37039,2019,204.0
37039,2020,176.8
37039,2021,182.3
37039,2024,177.8
37039,2025,195.2
37041,2016,129.2
37041,2017,144.3
37041,2018,145.3
37041,2019,151.0
37041,2020,123.4
37041,2021,162.2
37041,2022,152.9
37041,2023,151.8
37041,2024,138.4
37041,2025,174.1
37045,2016,102.3
37045,2017,138.3
37045,2018,126.9
37045,2019,119.0
37045,2020,116.3
37045,2021,124.6
37045,2022,97.9
37045,2023,141.8
37045,2024,74.6
37045,2025,85.2
37047,2016,123.0
37047,2017,133.9
37047,2020,103.3
37047,2021,134.7
37047,2022,121.7
37047,2023,128.2
37047,2024,63.9
37047,2025,118.6
37049,2016,128.4
37049,2017,145.5
37049,2018,118.5
37049,2019,86.0
37049,2020,88.4
37049,2021,154.0
37049,2022,116.1
37049,2023,138.0
37049,2024,67.4
37049,2025,136.4
37051,2016,121.8
37051,2017,138.3
37051,2018,105.0
37051,2020,107.6
37051,2021,153.2
37051,2022,101.7
37051,2024,69.3
37053,2016,149.0
37053,2017,161.6
37053,2018,141.1
37053,2019,162.0
37053,2020,126.2
37053,2021,156.3
37053,2022,164.3
37053,2023,160.3
37053,2024,167.0
37053,2025,180.1
37057,2016,91.8
37057,2017,122.0
37057,2018,85.3
37057,2019,118.0
37057,2020,117.6
37057,2021,131.3
37057,2022,115.1
37057,2023,128.5
37057,2024,63.2
37057,2025,142.2
37059,2016,111.3
37059,2017,142.8
37059,2018,107.1
37059,2019,120.0
37059,2020,128.6
37059,2021,154.0
37059,2022,142.4
37059,2023,129.0
37059,2024,109.7
37059,2025,161.7
37061,2016,132.0
37061,2017,126.8
37061,2018,96.3
37061,2020,98.8
37061,2021,151.9
37061,2023,138.8
37061,2024,60.6
37061,2025,158.2
37063,2020,109.5
37063,2021,127.8
37063,2022,111.4
37063,2023,122.9
37063,2024,30.8
37063,2025,112.8
37065,2016,131.5
37065,2017,122.0
37065,2018,97.3
37065,2020,96.2
37065,2021,131.4
37065,2022,102.6
37065,2023,123.5
37065,2024,74.1
37065,2025,133.9
37067,2020,122.8
37067,2023,115.6
37067,2025,131.0
37069,2016,132.9
37069,2018,106.2
37069,2019,64.0
37069,2021,128.8
37069,2022,110.2
37069,2023,103.1
37069,2025,126.2
37071,2018,87.9
37073,2016,148.0
37073,2017,141.7
37073,2018,137.8
37073,2019,148.1
37073,2020,106.8
37073,2021,169.2
37073,2022,106.6
37073,2023,130.1
37073,2025,169.2
37077,2016,95.8
37077,2017,103.1
37077,2018,91.3
37077,2019,97.5
37077,2020,55.0
37077,2021,129.4
37077,2022,122.9
37077,2023,126.5
37077,2025,145.4
37079,2016,131.0
37079,2018,101.9
37079,2019,107.0
37079,2020,115.4
37079,2021,131.3
37079,2022,99.2
37079,2023,152.4
37079,2024,54.8
37081,2016,128.7
37081,2017,129.6
37081,2018,86.6
37081,2019,90.0
37081,2020,98.2
37081,2021,156.0
37081,2022,113.4
37081,2023,141.7
37081,2024,50.1
37081,2025,151.8
37083,2016,110.0
37083,2017,111.5
37083,2018,113.4
37083,2019,121.0
37083,2020,88.8
37083,2021,156.9
37083,2023,128.5
37085,2017,130.8
37085,2018,58.8
37085,2019,97.5
37085,2020,106.9
37085,2021,140.0
37085,2022,117.7
37085,2023,157.4
37085,2024,43.2
37085,2025,107.0
37087,2021,166.7
37087,2025,174.6
37089,2016,173.7
37089,2018,114.8
37089,2020,150.6
37089,2022,163.9
37089,2023,180.9
37091,2017,146.5
37091,2018,134.5
37091,2019,117.0
37091,2020,93.8
37091,2021,154.7
37091,2022,120.2
37091,2023,129.9
37093,2020,114.5
37093,2022,97.6
37095,2016,141.2
37095,2017,168.0
37095,2018,138.2
37095,2020,135.8
37095,2021,167.9
37095,2022,157.1
37095,2024,146.6
37097,2016,111.4
37097,2018,102.3
37097,2019,136.0
37097,2020,134.2
37097,2022,147.5
37097,2023,156.4
37099,2020,170.0
37099,2021,160.0
37099,2022,130.9
37101,2017,132.5
37101,2018,66.0
37101,2019,80.0
37101,2020,104.7
37101,2021,139.6
37101,2022,97.3
37101,2023,138.0
37101,2024,32.2
37101,2025,128.1
37103,2016,117.2
37103,2017,152.4
37103,2018,111.3
37103,2019,70.0
37103,2020,92.6
37103,2021,150.1
37103,2022,101.3
37103,2023,159.9
37105,2019,95.0
37105,2020,106.1
37105,2022,111.4
37105,2023,87.9
37105,2024,26.2
37105,2025,107.2
37107,2016,122.6
37107,2017,132.4
37107,2018,116.4
37107,2019,101.0
37107,2020,115.8
37107,2021,150.7
37107,2022,135.1
37107,2023,152.4
37107,2024,114.4
37107,2025,124.6
37109,2017,123.6
37109,2018,122.6
37109,2020,117.8
37109,2021,124.6
37109,2022,107.4
37111,2020,113.6
37115,2021,152.2
37115,2022,147.0
37117,2016,113.0
37117,2017,126.5
37117,2018,90.8
37117,2019,100.0
37117,2020,91.7
37117,2021,122.6
37117,2022,97.0
37117,2023,127.6
37117,2024,62.3
37117,2025,125.7
37123,2024,78.1
37123,2025,109.5
37125,2016,84.8
37125,2020,101.0
37125,2021,130.0
37125,2022,99.1
37125,2023,99.6
37125,2024,54.7
37125,2025,89.6
37127,2016,132.2
37127,2020,101.9
37127,2021,138.5
37127,2022,95.8
37127,2023,119.0
37127,2024,50.6
37127,2025,132.5
37131,2016,142.4
37131,2017,132.0
37131,2018,120.7
37131,2019,117.0
37131,2020,91.2
37131,2021,155.0
37131,2022,128.3
37131,2023,123.3
37131,2024,51.3
37131,2025,153.9
37133,2016,105.6
37133,2017,139.0
37133,2018,92.6
37133,2019,66.0
37133,2020,95.9
37133,2021,138.0
37133,2022,116.5
37133,2023,129.7
37133,2024,45.3
37135,2016,167.3
37135,2017,144.2
37135,2018,122.3
37135,2019,111.0
37135,2020,123.6
37135,2021,171.0
37135,2022,142.2
37135,2023,141.8
37135,2025,165.5
37137,2016,146.3
37137,2017,167.7
37137,2018,122.4
37137,2019,147.0
37137,2020,119.1
37137,2021,148.2
37137,2022,151.3
37137,2023,145.9
37137,2024,117.3
37137,2025,169.9
37139,2017,177.0
37139,2018,161.2
37139,2019,164.0
37139,2020,142.9
37139,2021,171.9
37139,2022,169.8
37139,2023,178.0
37139,2024,176.2
37139,2025,188.2
37141,2016,124.1
37141,2020,109.0
37141,2021,151.8
37141,2023,166.5
37141,2025,144.4
37143,2016,160.8
37143,2018,135.1
37143,2019,160.0
37143,2020,135.5
37143,2021,153.2
37143,2022,153.5
37143,2023,169.5
37143,2024,131.9
37145,2016,168.6
37145,2017,123.0
37145,2018,95.7
37145,2019,67.0
37145,2020,92.5
37145,2021,136.4
37145,2022,117.0
37145,2023,107.8
37145,2024,61.7
37145,2025,141.6
37147,2016,128.0
37147,2017,131.8
37147,2018,92.7
37147,2019,108.0
37147,2020,83.7
37147,2021,130.8
37147,2022,100.2
37147,2023,124.4
37147,2024,48.3
37147,2025,123.9
37151,2016,106.3
37151,2017,119.6
37151,2018,92.7
37151,2019,116.0
37151,2020,111.9
37151,2021,149.8
37151,2022,128.0
37151,2023,115.0
37151,2024,48.9
37151,2025,149.6
37155,2016,130.5
37155,2017,132.4
37155,2018,111.9
37155,2020,109.0
37155,2021,139.2
37155,2022,108.4
37155,2023,157.5
37155,2024,69.8
37155,2025,137.2
37157,2016,110.0
37157,2017,126.1
37157,2018,110.0
37157,2019,115.0
37157,2020,88.7
37157,2021,147.3
37157,2022,104.5
37157,2023,137.2
37157,2024,45.8
37159,2016,106.3
37159,2017,144.7
37159,2018,107.9
37159,2019,133.0
37159,2020,128.1
37159,2021,150.5
37159,2022,115.4
37159,2023,136.0
37159,2024,72.2
37161,2016,87.1
37161,2018,113.4
37161,2019,106.0
37161,2020,98.4
37161,2021,127.6
37161,2022,96.8
37161,2023,97.0
37161,2025,81.1
37163,2016,143.2
37163,2017,132.8
37163,2018,95.4
37163,2019,85.0
37163,2020,104.4
37163,2021,151.1
37163,2022,109.9
37163,2023,158.9
37163,2024,51.9
37163,2025,131.1
37165,2016,123.4
37165,2020,123.1
37165,2021,120.5
37165,2023,119.1
37165,2024,76.6
37165,2025,121.0
37167,2016,130.5
37167,2017,136.1
37167,2018,96.8
37167,2019,108.0
37167,2020,110.6
37167,2021,142.9
37167,2022,108.0
37167,2023,120.4
37167,2025,112.9
37169,2016,103.5
37169,2017,118.9
37169,2018,100.0
37169,2019,110.0
37169,2020,125.8
37169,2021,150.8
37169,2022,139.4
37169,2023,133.2
37169,2024,67.1
37169,2025,163.8
37171,2016,145.3
37171,2017,141.8
37171,2018,163.4
37171,2019,170.0
37171,2020,154.5
37171,2021,163.3
37171,2022,138.4
37171,2023,174.3
37171,2024,95.2
37171,2025,177.7
37175,2017,175.7
37175,2018,166.7
37175,2020,150.0
37175,2021,156.6
37175,2022,153.3
37175,2023,166.0
37175,2025,191.8
37177,2016,140.5
37177,2017,166.5
37177,2018,136.1
37177,2019,172.0
37177,2020,130.8
37177,2021,177.0
37177,2022,147.9
37177,2023,177.8
37177,2025,163.7
37179,2016,108.6
37179,2017,128.6
37179,2018,85.0
37179,2019,100.0
37179,2020,104.3
37179,2021,154.9
37179,2022,110.3
37179,2023,136.6
37179,2024,88.8
37179,2025,132.5
37181,2020,85.8
37181,2022,88.8
37183,2016,90.0
37183,2017,83.0
37183,2018,42.7
37183,2020,85.6
37183,2021,124.0
37183,2022,84.5
37183,2023,109.0
37183,2024,52.9
37183,2025,92.8
37185,2018,86.1
37185,2019,56.5
37185,2021,137.6
37185,2022,88.2
37185,2023,108.3
37187,2016,150.7
37187,2017,168.1
37187,2018,136.9
37187,2020,132.1
37187,2021,152.1
37187,2022,147.3
37187,2023,172.7
37187,2024,133.0
37187,2025,172.3
37191,2016,108.4
37191,2017,128.3
37191,2018,95.8
37191,2019,96.0
37191,2020,109.9
37191,2021,151.2
37191,2022,102.7
37191,2023,134.9
37191,2024,65.9
37191,2025,139.9
37193,2016,132.0
37193,2017,145.0
37193,2018,152.3
37193,2019,155.0
37193,2021,158.9
37193,2022,163.4
37193,2023,180.3
37193,2024,123.4
37193,2025,155.4
37195,2016,138.1
37195,2017,129.4
37195,2018,94.1
37195,2019,90.0
37195,2020,102.9
37195,2021,128.2
37195,2022,90.6
37195,2023,127.7
37195,2024,54.6
37195,2025,152.2
37197,2016,146.0
37197,2017,121.6
37197,2018,126.6
37197,2019,144.5
37197,2020,137.3
37197,2021,166.4
37197,2022,148.8
37197,2023,155.0
37197,2024,59.6
37197,2025,155.8
38001,2016,74.1
38001,2018,83.7
38001,2020,45.7
38001,2021,57.7
38001,2022,58.1
38001,2023,96.9
38001,2024,87.5
38003,2016,171.3
38003,2017,148.2
38003,2018,164.9
38003,2020,151.8
38003,2021,119.6
38003,2022,137.4
38003,2023,143.1
38003,2024,166.1
38003,2025,168.2
38005,2016,146.6
38005,2017,118.6
38005,2018,132.2
38005,2020,134.2
38005,2021,91.3
38005,2022,128.6
38005,2023,101.5
38005,2024,143.1
38005,2025,154.5
38007,2019,94.9
38007,2020,76.8
38007,2021,43.0
38007,2022,59.7
38007,2023,104.9
38007,2024,65.9
38007,2025,99.5
38009,2016,138.8
38009,2017,104.0
38009,2018,92.5
38009,2020,98.4
38009,2021,75.2
38009,2022,109.7
38009,2023,113.3
38009,2024,135.6
38009,2025,131.9
38011,2018,70.5
38011,2020,73.3
38011,2022,61.0
38011,2023,112.0
38013,2016,115.5
38013,2018,100.3
38013,2024,86.5
38015,2017,100.0
38015,2018,123.7
38015,2019,122.7
38015,2020,94.8
38015,2021,54.0
38015,2022,89.2
38015,2023,138.7
38015,2024,127.2
38015,2025,128.2
38017,2016,183.1
38017,2017,170.8
38017,2018,183.5
38017,2019,148.8
38017,2020,168.0
38017,2021,143.3
38017,2022,172.8
38017,2023,161.3
38017,2024,171.3
38017,2025,182.3
38019,2017,116.8
38019,2019,111.1
38019,2021,77.5
38019,2023,92.4
38019,2024,140.5
38021,2016,178.6
38021,2017,170.1
38021,2020,172.2
38021,2021,123.6
38021,2022,152.1
38021,2023,167.5
38021,2024,163.0
38021,2025,182.2
38023,2016,84.1
38023,2021,82.9
38023,2022,71.7
38025,2016,95.7
38025,2018,77.5
38025,2020,82.4
38025,2021,64.1
38025,2022,76.5
38025,2023,109.5
38025,2024,94.9
38025,2025,104.1
38027,2016,150.5
38027,2017,127.0
38027,2018,120.6
38027,2020,132.5
38027,2021,77.2
38027,2022,125.3
38027,2023,146.5
38027,2024,154.8
38027,2025,158.6
38029,2016,149.7
38029,2017,111.1
38029,2018,110.0
38029,2020,117.2
38029,2021,74.9
38029,2022,95.9
38029,2023,144.8
38029,2024,129.0
38029,2025,139.8
38031,2016,152.6
38031,2017,130.0
38031,2019,135.1
38031,2020,141.8
38031,2021,82.6
38031,2022,131.5
38031,2023,154.6
38031,2024,158.9
38031,2025,160.6
38033,2016,78.6
38033,2017,33.1
38033,2021,27.8
38033,2023,104.6
38035,2016,145.7
38035,2017,141.5
38035,2018,162.4
38035,2019,147.8
38035,2020,145.1
38035,2021,123.3
38035,2022,151.3
38035,2023,134.3
38035,2024,155.6
38035,2025,166.7
38037,2016,108.5
38037,2017,44.8
38037,2020,63.3
38037,2021,59.9
38037,2022,73.4
38037,2023,125.9
38037,2025,109.6
38039,2016,160.4
38039,2017,149.5
38039,2020,163.3
38039,2021,103.7
38039,2022,144.2
38039,2023,147.5
38039,2024,159.0
38039,2025,155.7
38041,2016,93.5
38041,2017,47.6
38041,2019,90.3
38041,2020,70.9
38041,2021,75.0
38041,2022,70.5
38041,2023,116.9
38043,2016,158.2
38043,2019,131.6
38043,2020,116.6
38043,2021,95.8
38043,2022,114.7
38043,2023,127.0
38043,2024,144.0
38043,2025,153.7
38045,2016,187.6
38045,2017,149.3
38045,2019,141.1
38045,2020,170.7
38045,2021,116.7
38045,2022,142.8
38045,2023,161.9
38047,2016,130.5
38047,2020,116.7
38047,2021,96.6
38047,2022,110.0
38047,2023,139.3
38047,2024,146.8
38049,2016,133.9
38049,2020,105.1
38049,2021,40.5
38049,2022,110.5
38049,2023,107.9
38049,2024,129.5
38051,2016,146.0
38051,2020,115.0
38051,2021,47.7
38051,2022,101.5
38051,2023,140.6
38051,2024,139.1
38051,2025,154.7
38053,2016,84.8
38053,2019,96.7
38053,2022,119.0
38055,2016,135.4
38055,2017,102.3
38055,2019,129.0
38055,2020,110.2
38055,2021,54.2
38055,2022,100.6
38055,2023,118.4
38055,2024,110.1
38055,2025,125.6
38057,2016,121.9
38057,2018,93.9
38057,2020,104.2
38057,2021,54.4
38057,2022,85.6
38059,2016,123.7
38059,2020,93.4
38059,2022,85.8
38059,2023,134.5
38059,2024,117.1
38061,2018,106.0
38061,2019,108.3
38061,2020,111.1
38061,2022,84.7
38061,2023,64.5
38061,2024,104.2
38063,2016,136.8
38063,2017,133.9
38063,2018,119.9
38063,2020,122.1
38063,2021,105.6
38063,2022,132.4
38063,2023,120.1
38063,2024,131.6
38063,2025,152.7
38065,2016,136.9
38065,2020,88.8
38065,2023,130.0
38065,2024,125.3
38067,2016,136.3
38067,2017,134.8
38067,2018,127.1
38067,2020,166.9
38067,2021,104.5
38067,2022,144.4
38067,2023,122.1
38067,2024,149.0
38067,2025,154.8
38069,2020,115.4
38069,2021,37.0
38069,2022,116.1
38069,2023,106.0
38069,2024,132.6
38071,2016,134.2
38071,2017,126.0
38071,2018,130.0
38071,2020,129.8
38071,2021,110.3
38071,2022,129.6
38071,2023,104.7
38073,2016,197.5
38073,2017,179.8
38073,2018,198.0
38073,2020,183.4
38073,2021,138.6
38073,2022,171.4
38073,2023,176.2
38073,2024,186.5
38073,2025,188.4
38075,2016,120.3
38075,2017,95.2
38075,2020,112.2
38075,2021,81.5
38075,2023,98.4
38075,2024,118.9
38077,2016,184.6
38077,2017,187.3
38077,2018,194.3
38077,2019,153.0
38077,2020,187.6
38077,2021,149.1
38077,2022,152.4
38077,2023,165.1
38077,2024,172.2
38077,2025,184.3
38079,2017,89.0
38079,2019,93.1
38079,2021,48.8
38079,2023,58.2
38079,2024,119.3
38081,2016,187.5
38081,2017,173.8
38081,2018,207.6
38081,2019,156.3
38081,2020,183.1
38081,2021,141.5
38081,2022,159.0
38081,2023,160.3
38081,2024,176.2
38081,2025,194.7
38083,2016,139.3
38083,2019,105.6
38083,2020,111.2
38083,2022,112.1
38083,2023,122.3
38083,2024,139.6
38083,2025,150.7
38085,2023,121.9
38087,2016,57.8
38087,2017,41.3
38087,2019,84.2
38087,2020,63.7
38087,2021,43.5
38087,2022,54.7
38087,2023,106.2
38087,2024,69.6
38089,2016,98.4
38089,2017,52.4
38089,2020,66.3
38089,2021,83.1
38089,2022,73.8
38089,2023,112.5
38089,2024,85.6
38089,2025,86.9
38091,2016,171.4
38091,2017,169.6
38091,2018,174.8
38091,2019,138.8
38091,2020,162.6
38091,2021,124.1
38091,2022,153.2
38091,2023,151.2
38091,2024,162.1
38093,2016,160.9
38093,2017,151.0
38093,2019,127.4
38093,2020,146.9
38093,2021,98.7
38093,2022,132.8
38093,2023,153.9
38093,2024,155.5
38093,2025,164.4
38095,2017,118.4
38095,2020,79.1
38095,2021,89.4
38095,2025,143.8
38097,2016,158.3
38097,2017,166.0
38097,2019,135.9
38097,2020,174.0
38097,2021,119.0
38097,2022,170.9
38097,2023,153.1
38097,2024,168.3
38097,2025,181.5
38099,2016,139.5
38099,2017,149.0
38099,2018,128.4
38099,2020,144.9
38099,2021,93.5
38099,2022,153.4
38099,2023,124.9
38099,2024,148.6
38099,2025,154.2
38101,2016,130.8
38101,2017,85.9
38101,2018,89.3
38101,2019,92.4
38101,2020,121.0
38101,2021,58.5
38101,2022,100.4
38101,2023,121.5
38101,2024,115.4
38101,2025,129.0
38103,2016,142.0
38103,2017,146.1
38103,2018,130.5
38103,2020,121.8
38103,2021,84.2
38103,2022,146.4
38103,2023,155.7
38103,2024,158.5
38103,2025,153.1
38105,2021,58.0
38105,2023,85.2
38105,2024,80.9
38105,2025,102.4
39001,2016,155.4
39001,2017,173.2
39001,2018,175.9
39001,2019,158.1
39001,2020,172.5
39001,2022,171.3
39001,2024,128.7
39001,2025,138.9
39003,2016,150.0
39003,2017,165.0
39003,2018,196.9
39003,2020,169.9
39003,2021,203.1
39003,2022,194.9
39003,2023,190.3
39003,2024,193.9
39003,2025,199.9
39005,2016,121.2
39005,2018,152.2
39005,2019,145.7
39005,2020,142.6
39005,2021,178.3
39005,2025,176.3
39007,2016,172.0
39007,2017,172.7
39007,2018,144.0
39007,2019,170.4
39007,2020,165.6
39007,2021,172.0
39007,2022,169.5
39007,2023,179.7
39007,2024,172.1
39007,2025,175.9
39009,2016,161.8
39009,2017,177.8
39009,2018,135.3
39009,2019,164.0
39009,2020,151.0
39009,2021,176.4
39009,2022,150.8
39009,2023,195.9
39009,2024,149.0
39009,2025,151.2
39011,2016,134.3
39011,2017,172.9
39011,2018,210.0
39011,2019,160.9
39011,2020,172.8
39011,2021,197.2
39011,2022,197.2
39011,2023,194.4
39011,2024,194.2
39011,2025,199.0
39013,2017,120.0
39013,2018,100.0
39013,2019,100.0
39013,2021,161.6
39013,2023,165.0
39013,2025,142.3
39015,2016,170.6
39015,2017,174.4
39015,2018,191.9
39015,2019,176.2
39015,2020,178.0
39015,2021,184.1
39015,2022,182.7
39015,2023,210.7
39015,2024,159.8
39015,2025,163.3
39017,2016,155.4
39017,2017,175.0
39017,2018,182.0
39017,2020,167.2
39017,2021,181.3
39017,2022,168.3
39017,2023,194.4
39017,2024,176.1
39017,2025,166.9
39019,2016,98.6
39019,2017,147.1
39019,2018,130.4
39019,2019,100.0
39019,2020,125.1
39019,2021,155.4
39019,2022,138.0
39019,2023,153.7
39019,2024,117.0
39019,2025,97.5
39021,2016,154.4
39021,2017,195.1
39021,2018,191.8
39021,2019,148.1
39021,2020,168.7
39021,2021,201.6
39021,2022,195.7
39021,2023,203.3
39021,2024,180.3
39021,2025,191.9
39023,2016,165.6
39023,2017,198.6
39023,2018,204.0
39023,2019,154.4
39023,2020,183.6
39023,2021,209.7
39023,2022,200.9
39023,2023,194.7
39023,2024,200.4
39023,2025,204.8
39025,2016,162.6
39025,2017,180.9
39025,2018,195.0
39025,2019,170.4
39025,2021,187.7
39025,2022,176.5
39027,2016,190.8
39027,2017,203.3
39027,2018,213.0
39027,2019,185.5
39027,2020,199.8
39027,2021,210.3
39027,2022,196.2
39027,2023,222.1
39027,2024,207.6
39027,2025,206.7
39029,2016,138.5
39029,2017,165.8
39029,2018,151.4
39029,2019,133.7
39029,2020,138.5
39029,2021,178.6
39029,2022,160.6
39029,2023,181.1
39029,2024,154.7
39029,2025,126.5
39031,2016,147.9
39031,2017,174.0
39031,2018,166.7
39031,2019,147.4
39031,2020,161.8
39031,2021,182.8
39031,2022,165.6
39031,2023,182.7
39031,2024,147.5
39031,2025,163.8
39033,2016,161.3
39033,2017,182.3
39033,2018,203.0
39033,2019,178.9
39033,2020,190.8
39033,2021,201.2
39033,2022,210.1
39033,2023,205.1
39033,2024,202.2
39033,2025,204.8
39037,2016,162.5
39037,2017,176.3
39037,2018,205.9
39037,2019,160.6
39037,2020,195.8
39037,2021,184.7
39037,2022,194.2
39037,2023,210.4
39039,2016,163.6
39039,2017,147.7
39039,2018,176.1
39039,2019,160.0
39039,2020,136.0
39039,2021,190.2
39039,2022,185.1
39039,2023,172.1
39039,2024,171.9
39039,2025,182.6
39041,2016,166.2
39041,2017,189.5
39041,2019,135.5
39041,2020,173.1
39041,2021,201.6
39041,2022,185.8
39041,2023,193.7
39041,2024,182.7
39041,2025,189.4
39043,2016,155.6
39043,2017,180.8
39043,2019,175.6
39043,2020,164.6
39043,2021,182.6
39043,2022,187.2
39043,2023,190.4
39043,2024,193.0
39043,2025,204.3
39045,2016,175.0
39045,2017,186.9
39045,2018,183.6
39045,2019,173.4
39045,2020,181.2
39045,2022,190.4
39045,2023,193.6
39045,2024,157.3
39045,2025,190.3
39047,2016,174.7
39047,2017,191.5
39047,2018,191.7
39047,2019,167.7
39047,2020,180.9
39047,2021,207.1
39047,2022,181.5
39047,2023,209.8
39047,2024,161.1
39047,2025,183.2
39049,2016,165.8
39049,2017,167.7
39049,2018,165.0
39049,2019,154.8
39049,2020,167.0
39049,2022,185.8
39051,2016,177.6
39051,2017,184.2
39051,2018,180.9
39051,2019,176.6
39051,2020,164.2
39051,2021,192.0
39051,2022,200.3
39051,2023,200.5
39051,2024,180.3
39051,2025,201.8
39053,2016,140.7
39053,2017,182.1
39053,2018,173.9
39053,2019,150.0
39053,2020,161.5
39053,2021,166.8
39053,2022,153.2
39053,2023,180.1
39053,2024,119.8
39055,2016,115.6
39055,2017,140.0
39055,2018,156.8
39055,2020,157.6
39055,2021,181.0
39055,2022,156.0
39055,2023,179.5
39055,2024,154.7
39055,2025,151.6
39057,2016,181.5
39057,2017,195.7
39057,2018,214.0
39057,2019,178.8
39057,2020,186.9
39057,2021,216.6
39057,2022,190.5
39057,2023,214.4
39057,2024,180.6
39057,2025,200.8
39059,2016,144.4
39059,2017,148.1
39059,2018,145.8
39059,2019,136.7
39059,2020,152.5
39059,2021,173.9
39059,2022,147.8
39059,2023,170.5
39059,2024,137.9
39059,2025,161.9
39061,2016,173.5
39061,2017,180.8
39061,2018,198.1
39061,2020,180.1
39061,2021,167.6
39061,2022,177.0
39061,2025,201.8
39063,2016,143.2
39063,2017,171.3
39063,2018,183.9
39063,2020,171.2
39063,2022,189.9
39063,2024,182.9
39063,2025,188.4
39065,2016,155.6
39065,2017,150.6
39065,2018,190.0
39065,2019,138.1
39065,2020,159.7
39065,2021,191.5
39065,2022,191.6
39065,2023,188.8
39065,2024,175.1
39065,2025,192.5
39067,2016,136.4
39067,2017,150.9
39067,2018,146.7
39067,2019,150.0
39067,2020,140.0
39067,2021,173.5
39067,2023,176.6
39067,2025,137.9
39069,2016,167.9
39069,2017,179.2
39069,2018,179.9
39069,2020,158.0
39069,2021,196.8
39069,2022,201.3
39069,2023,199.4
39069,2024,197.9
39069,2025,188.9
39071,2016,172.7
39071,2017,167.1
39071,2018,179.5
39071,2019,173.8
39071,2020,184.0
39071,2021,192.4
39071,2022,188.2
39071,2023,205.3
39071,2024,142.6
39071,2025,155.0
39073,2016,153.6
39073,2022,168.5
39075,2016,133.1
39075,2017,168.8
39075,2018,150.0
39075,2019,146.5
39075,2020,147.6
39075,2021,176.2
39075,2022,158.2
39075,2023,175.5
39075,2024,160.2
39075,2025,142.4
39077,2016,158.4
39077,2017,176.6
39077,2018,163.3
39077,2020,164.3
39077,2021,187.0
39077,2022,181.3
39077,2023,199.4
39077,2024,183.9
39077,2025,187.4
39079,2016,144.8
39079,2017,176.7
39079,2018,174.8
39079,2019,140.7
39079,2020,152.8
39079,2021,164.6
39079,2022,155.6
39079,2023,144.5
39079,2025,137.8
39081,2017,146.2
39081,2018,153.3
39081,2019,155.0
39081,2020,133.5
39081,2021,148.6
39081,2022,152.2
39081,2023,161.9
39081,2024,86.5
39081,2025,139.0
39083,2016,146.8
39083,2017,180.2
39083,2018,164.8
39083,2019,165.4
39083,2020,165.9
39083,2021,185.6
39083,2022,184.3
39083,2023,183.5
39083,2024,189.7
39083,2025,177.7
39085,2020,122.7
39085,2022,146.7
39087,2017,160.0
39087,2018,129.0
39087,2019,127.3
39087,2020,156.8
39087,2021,160.0
39087,2022,162.3
39087,2025,135.5
39089,2016,164.8
39089,2017,178.0
39089,2020,172.7
39089,2021,179.8
39089,2022,181.9
39089,2023,185.4
39091,2016,151.4
39091,2017,163.6
39091,2018,195.1
39091,2019,131.9
39091,2020,174.6
39091,2021,200.5
39091,2022,182.1
39091,2023,183.2
39091,2024,179.1
39091,2025,184.7
39093,2016,158.1
39093,2020,165.6
39093,2021,179.3
39093,2022,181.7
39093,2023,192.7
39095,2016,162.0
39095,2017,181.0
39095,2018,183.7
39095,2019,182.6
39095,2020,170.9
39095,2021,190.3
39095,2022,194.2
39095,2023,200.4
39095,2024,183.4
39095,2025,181.6
39097,2016,169.8
39097,2017,192.2
39097,2018,198.8
39097,2019,166.3
39097,2020,172.4
39097,2021,210.1
39097,2022,187.8
39097,2023,203.1
39097,2024,178.7
39097,2025,209.4
39099,2016,154.5
39099,2017,152.2
39099,2018,158.0
39099,2019,134.8
39099,2020,150.7
39099,2021,178.6
39099,2022,158.3
39099,2023,189.6
39099,2024,170.7
39099,2025,153.7
39101,2016,172.2
39101,2017,177.4
39101,2018,209.7
39101,2019,164.4
39101,2020,177.3
39101,2021,191.1
39101,2022,197.5
39101,2024,180.8
39101,2025,187.8
39103,2016,140.0
39103,2017,150.0
39103,2018,174.0
39103,2019,172.6
39103,2020,155.9
39103,2021,172.7
39103,2022,172.8
39103,2023,187.9
39103,2025,183.0
39105,2016,127.3
39105,2017,163.0
39105,2018,140.0
39105,2019,143.5
39105,2020,141.1
39105,2021,154.4
39105,2023,170.1
39105,2024,90.5
39105,2025,166.7
39107,2016,156.2
39107,2017,177.0
39107,2018,208.6
39107,2019,176.7
39107,2020,185.2
39107,2021,200.4
39107,2022,190.3
39107,2023,204.7
39109,2016,143.7
39109,2017,188.2
39109,2018,200.0
39109,2019,151.6
39109,2020,190.1
39109,2021,199.4
39109,2022,176.9
39109,2023,200.7
39109,2025,193.9
39111,2016,125.0
39111,2020,121.0
39111,2021,150.0
39111,2023,148.5
39111,2024,93.5
39113,2016,172.6
39113,2017,171.0
39113,2018,177.4
39113,2019,167.2
39113,2020,169.4
39113,2021,180.2
39113,2022,168.1
39113,2023,198.6
39113,2024,178.9
39113,2025,180.7
39115,2016,139.4
39115,2017,141.2
39115,2018,152.0
39115,2019,128.6
39115,2020,158.8
39115,2021,169.8
39115,2022,156.3
39115,2023,173.8
39115,2024,136.7
39115,2025,148.1
39117,2016,162.8
39117,2017,167.9
39117,2020,179.4
39117,2021,191.3
39117,2022,181.0
39117,2024,183.5
39119,2016,149.1
39119,2017,177.2
39119,2018,178.6
39119,2019,179.4
39119,2020,168.1
39119,2021,187.0
39119,2022,168.8
39119,2023,181.8
39119,2024,150.5
39119,2025,184.4
39121,2017,137.5
39121,2019,137.5
39121,2021,167.2
39121,2022,145.9
39121,2023,162.0
39123,2016,154.7
39123,2017,183.3
39123,2018,165.0
39123,2020,166.7
39123,2021,182.0
39123,2022,185.9
39123,2023,193.6
39123,2024,160.9
39123,2025,196.0
39125,2016,150.0
39125,2017,159.2
39125,2018,178.0
39125,2020,149.1
39125,2021,190.0
39125,2022,195.7
39125,2023,184.0
39125,2024,182.3
39125,2025,165.7
39127,2017,185.8
39127,2018,170.0
39127,2020,166.9
39127,2021,189.0
39127,2023,191.9
39127,2025,175.2
39129,2016,163.2
39129,2017,188.2
39129,2018,188.0
39129,2019,162.9
39129,2020,170.7
39129,2021,195.8
39129,2022,182.9
39129,2023,201.5
39129,2024,134.2
39129,2025,175.8
39131,2017,172.0
39131,2018,180.0
39131,2019,148.1
39131,2020,174.8
39131,2021,195.1
39131,2022,173.7
39131,2023,178.9
39131,2024,128.7
39131,2025,160.9
39133,2016,144.5
39133,2017,143.2
39133,2018,155.6
39133,2019,145.8
39133,2020,158.4
39133,2021,169.2
39133,2022,172.5
39133,2023,180.9
39133,2024,178.7
39133,2025,133.6
39135,2016,177.6
39135,2017,176.5
39135,2018,201.0
39135,2019,179.6
39135,2020,196.9
39135,2021,187.5
39135,2022,178.5
39135,2023,210.9
39135,2024,197.6
39135,2025,200.3
39137,2016,155.6
39137,2017,177.8
39137,2018,198.0
39137,2019,169.5
39137,2020,169.7
39137,2021,194.7
39137,2022,186.8
39137,2023,199.9
39137,2024,183.7
39137,2025,193.8
39139,2016,148.6
39139,2017,171.4
39139,2019,163.0
39139,2020,168.2
39139,2022,189.8
39139,2023,179.4
39139,2024,176.3
39139,2025,182.2
39141,2016,158.4
39141,2017,175.0
39141,2018,185.7
39141,2019,174.5
39141,2020,170.6
39141,2021,187.1
39141,2022,180.2
39141,2023,205.9
39141,2024,145.3
39141,2025,176.6
39143,2016,158.5
39143,2017,179.8
39143,2018,181.0
39143,2019,180.6
39143,2020,151.5
39143,2021,198.8
39143,2022,196.5
39143,2024,199.1
39143,2025,189.1
39145,2016,162.2
39145,2017,184.9
39145,2018,170.0
39145,2019,157.8
39145,2020,157.6
39145,2021,180.0
39145,2022,175.0
39145,2023,190.3
39145,2024,153.8
39145,2025,168.2
39147,2016,149.4
39147,2017,176.3
39147,2018,180.4
39147,2019,167.4
39147,2020,164.4
39147,2022,196.7
39147,2023,199.1
39147,2024,180.8
39149,2016,131.3
39149,2017,176.0
39149,2018,202.9
39149,2019,159.0
39149,2020,187.6
39149,2021,196.5
39149,2022,188.4
39149,2023,202.2
39149,2024,171.7
39151,2016,121.2
39151,2017,159.2
39151,2018,151.0
39151,2019,154.0
39151,2020,149.0
39151,2021,177.4
39151,2022,158.7
39151,2023,194.9
39151,2024,163.5
39151,2025,141.1
39153,2020,124.4
39155,2016,174.3
39155,2017,180.6
39155,2018,176.0
39155,2019,163.3
39155,2020,168.1
39155,2021,182.5
39155,2022,180.0
39155,2023,207.0
39155,2024,178.8
39155,2025,176.5
39157,2016,133.7
39157,2017,177.0
39157,2018,143.8
39157,2019,152.4
39157,2020,141.9
39157,2021,169.1
39157,2022,154.5
39157,2023,183.3
39157,2024,139.6
39157,2025,161.3
39159,2016,180.8
39159,2017,195.3
39159,2018,192.1
39159,2019,148.4
39159,2020,179.0
39159,2021,198.8
39159,2022,183.4
39159,2023,205.0
39159,2024,170.6
39159,2025,187.8
39161,2016,155.9
39161,2017,173.5
39161,2018,196.2
39161,2019,181.3
39161,2020,163.8
39161,2021,199.9
39161,2022,195.9
39161,2023,196.0
39163,2020,170.8
39163,2021,199.4
39165,2016,172.4
39165,2017,176.5
39165,2018,192.8
39165,2019,167.4
39165,2020,176.7
39165,2021,184.6
39165,2022,179.6
39165,2023,209.4
39165,2024,187.2
39165,2025,186.9
39167,2016,135.2
39167,2017,171.3
39167,2018,147.9
39167,2019,169.7
39167,2020,159.4
39167,2021,173.5
39167,2022,161.0
39167,2023,173.9
39167,2024,116.4
39169,2016,142.0
39169,2017,163.5
39169,2018,166.2
39169,2019,156.6
39169,2020,151.5
39169,2021,177.4
39169,2022,163.9
39169,2023,193.6
39169,2024,176.8
39169,2025,171.5
39171,2016,169.1
39171,2017,167.3
39171,2018,182.0
39171,2019,156.3
39171,2020,143.9
39171,2021,189.5
39171,2022,187.9
39171,2024,182.9
39171,2025,183.8
39173,2016,162.2
39173,2017,175.1
39173,2018,176.9
39173,2020,161.1
39173,2021,194.6
39173,2022,186.4
39173,2023,218.6
39173,2024,183.5
39173,2025,178.1
39175,2016,152.6
39175,2017,169.9
39175,2018,182.8
39175,2019,163.2
39175,2020,174.5
39175,2021,197.3
39175,2022,200.3
39175,2023,199.3
39175,2024,173.9
39175,2025,187.6
40003,2016,52.0
40003,2021,114.0
40003,2022,64.3
40003,2023,98.1
40003,2024,41.4
40003,2025,104.7
40007,2020,180.3
40007,2021,220.9
40011,2020,98.4
40013,2017,132.4
40015,2020,172.6
40015,2021,77.4
40015,2022,95.4
40015,2024,83.2
40015,2025,89.8
40017,2024,84.0
40023,2020,138.0
40023,2021,133.8
40023,2023,174.0
40023,2025,168.0
40025,2017,187.5
40025,2020,178.9
40025,2025,194.0
40027,2016,100.0
40033,2025,74.9
40035,2017,93.0
40035,2018,70.3
40035,2019,83.3
40035,2020,72.1
40035,2021,106.0
40035,2023,118.2
40035,2025,63.8
40037,2016,84.0
40037,2021,128.9
40037,2022,39.1
40039,2017,95.3
40039,2019,132.9
40039,2020,105.8
40039,2024,42.7
40039,2025,82.5
40041,2016,103.3
40041,2017,106.4
40041,2018,80.0
40041,2020,99.0
40041,2021,131.4
40041,2023,150.9
40041,2024,105.6
40045,2017,109.2
40045,2020,174.5
40045,2022,171.2
40047,2016,54.6
40047,2017,63.0
40047,2018,112.9
40047,2019,66.0
40047,2020,78.4
40047,2021,106.8
40047,2022,22.5
40047,2023,82.2
40047,2024,28.2
40047,2025,63.1
40049,2016,74.9
40049,2017,80.9
40049,2020,92.6
40049,2021,118.5
40049,2022,72.4
40049,2023,110.0
40049,2025,85.5
40051,2016,110.0
40051,2017,83.3
40051,2018,115.0
40051,2019,105.8
40051,2021,123.2
40051,2023,153.8
40053,2017,32.6
40053,2018,92.7
40053,2019,54.3
40053,2020,51.3
40053,2021,96.0
40053,2022,35.0
40053,2024,62.5
40063,2016,52.0
40063,2017,87.3
40063,2018,76.1
40063,2019,133.3
40063,2020,118.8
40063,2021,114.0
40071,2016,76.1
40071,2017,53.0
40071,2018,83.3
40071,2019,75.3
40071,2020,70.1
40071,2021,113.1
40071,2023,111.3
40071,2024,47.0
40071,2025,77.0
40073,2016,151.4
40073,2025,84.2
40075,2021,59.9
40079,2021,124.8
40081,2016,110.0
40081,2017,81.7
40087,2016,114.7
40087,2017,95.1
40087,2018,114.4
40087,2019,135.5
40087,2020,84.1
40089,2016,97.8
40089,2018,78.7
40093,2017,186.3
40093,2018,171.3
40093,2019,174.4
40093,2020,183.4
40093,2021,209.5
40093,2023,202.7
40093,2025,176.5
40097,2016,74.3
40097,2017,99.1
40097,2020,77.4
40097,2021,89.2
40097,2023,90.7
40097,2024,68.3
40097,2025,88.2
40101,2016,103.5
40101,2017,148.2
40101,2018,117.9
40101,2019,128.4
40101,2020,144.2
40101,2021,159.3
40101,2023,170.9
40103,2016,45.2
40103,2017,66.2
40103,2018,69.8
40103,2019,52.5
40103,2020,52.3
40103,2021,72.9
40103,2022,57.4
40103,2023,90.8
40103,2024,48.2
40103,2025,92.5
40105,2025,62.4
40107,2020,111.0
40107,2021,78.7
40109,2016,87.1
40109,2017,85.5
40109,2020,155.2
40109,2021,123.7
40109,2023,147.9
40109,2024,109.9
40109,2025,63.8
40111,2017,106.4
40113,2016,82.8
40115,2016,125.0
40115,2017,100.0
40115,2019,107.8
40115,2020,68.7
40115,2021,137.2
40115,2022,19.8
40115,2023,106.0
40115,2024,82.7
40115,2025,96.6
40119,2023,73.4
40125,2016,105.7
40125,2017,117.6
40125,2018,120.5
40125,2020,122.0
40125,2023,162.9
40131,2019,90.0
40131,2020,78.3
40131,2021,87.4
40135,2016,112.1
40135,2017,120.9
40139,2020,192.9
40139,2021,210.4
40139,2022,182.4
40139,2023,224.4
40139,2025,182.3
40141,2016,52.1
40141,2020,40.2
40141,2021,68.4
40141,2023,47.6
40141,2024,50.0
40141,2025,50.8
40145,2016,72.3
40145,2019,71.4
40145,2020,106.1
40145,2021,106.9
40145,2022,55.5
40145,2023,109.6
40145,2024,81.2
40147,2019,82.1
40147,2020,73.1
40149,2021,126.4
40149,2025,83.6
42001,2016,106.0
42001,2017,157.3
42001,2018,111.4
42001,2019,150.2
42001,2020,137.5
42001,2021,164.0
42001,2022,138.6
42001,2023,148.2
42001,2024,131.1
42001,2025,118.5
42003,2016,75.0
42003,2017,155.1
42003,2018,122.0
42003,2019,118.0
42003,2021,139.0
42003,2024,98.8
42003,2025,147.9
42005,2016,108.8
42005,2017,117.8
42005,2018,133.2
42005,2019,120.2
42005,2020,107.4
42005,2021,162.7
42005,2022,149.2
42005,2023,158.2
42005,2024,128.6
42005,2025,96.8
42007,2016,124.1
42007,2017,151.3
42007,2019,136.3
42007,2020,103.9
42007,2021,141.8
42007,2022,151.1
42007,2023,162.0
42007,2024,115.3
42007,2025,89.9
42009,2016,83.2
42009,2017,163.1
42009,2020,137.3
42009,2021,148.1
42009,2022,157.3
42009,2023,156.9
42009,2024,86.6
42009,2025,144.4
42011,2016,124.4
42011,2017,162.3
42011,2018,152.7
42011,2019,164.0
42011,2020,162.6
42011,2021,167.5
42011,2022,142.9
42011,2023,167.9
42011,2024,148.9
42011,2025,177.4
42013,2016,106.4
42013,2017,183.7
42013,2018,174.4
42013,2020,112.8
42013,2021,182.7
42013,2022,173.9
42013,2023,193.0
42013,2024,161.1
42013,2025,170.2
42015,2017,141.1
42015,2019,113.2
42015,2020,94.8
42015,2022,108.1
42015,2024,136.0
42015,2025,99.6
42017,2016,106.1
42017,2017,163.1
42017,2019,128.5
42017,2020,138.7
42017,2021,165.5
42017,2022,97.3
42017,2023,159.7
42017,2024,109.5
42017,2025,155.8
42019,2016,136.1
42019,2017,141.9
42019,2020,116.3
42019,2022,136.1
42019,2023,159.5
42019,2024,126.4
42019,2025,128.6
42021,2016,117.5
42021,2018,117.0
42021,2020,105.8
42021,2021,131.2
42021,2022,157.0
42021,2023,152.1
42021,2024,127.1
42021,2025,127.0
42023,2021,147.8
42025,2017,144.6
42025,2018,79.5
42025,2019,131.1
42025,2022,102.2
42025,2024,199.6
42027,2016,109.7
42027,2017,168.7
42027,2018,149.6
42027,2019,154.8
42027,2020,93.8
42027,2021,170.1
42027,2022,162.5
42027,2023,165.3
42027,2024,145.2
42027,2025,163.4
42029,2016,170.2
42029,2017,191.8
42029,2018,167.3
42029,2019,195.7
42029,2020,193.2
42029,2021,204.7
42029,2022,210.6
42029,2023,175.4
42029,2024,153.1
42029,2025,205.6
42031,2017,143.1
42031,2018,161.0
42031,2019,146.0
42031,2020,117.3
42031,2021,172.6
42031,2022,137.7
42031,2023,164.3
42031,2024,130.9
42031,2025,115.2
42033,2016,72.5
42033,2017,130.2
42033,2020,83.3
42033,2021,135.7
42033,2023,152.1
42033,2025,81.3
42035,2016,73.5
42035,2017,158.6
42035,2018,128.1
42035,2019,134.4
42035,2021,171.6
42035,2022,146.9
42035,2023,171.2
42035,2024,165.5
42035,2025,170.5
42037,2017,151.1
42037,2019,132.8
42037,2020,108.7
42037,2021,168.4
42037,2022,97.5
42037,2023,142.4
42037,2024,133.4
42037,2025,113.0
42039,2018,144.4
42039,2020,151.5
42039,2021,159.2
42039,2022,137.3
42039,2023,158.9
42039,2024,136.1
42039,2025,151.6
42041,2016,101.5
42041,2017,174.3
42041,2018,147.1
42041,2019,168.8
42041,2020,134.6
42041,2021,190.3
42041,2022,145.2
42041,2023,158.2
42041,2024,127.6
42041,2025,166.3
42043,2018,144.1
42043,2019,132.5
42043,2020,109.6
42043,2021,166.9
42043,2022,113.3
42043,2023,152.4
42043,2024,125.8
42043,2025,137.5
42047,2016,120.0
42047,2017,142.0
42047,2018,131.3
42047,2021,152.0
42047,2022,144.3
42047,2023,150.5
42047,2024,142.5
42047,2025,118.2
42049,2016,149.9
42049,2017,144.2
42049,2018,145.4
42049,2019,145.0
42049,2020,145.3
42049,2021,169.0
42049,2022,154.0
42049,2023,135.6
42049,2024,136.2
42049,2025,148.6
42051,2016,124.9
42051,2017,121.5
42051,2018,119.3
42051,2019,131.4
42051,2020,76.2
42051,2021,150.4
42051,2022,114.0
42051,2023,140.5
42051,2024,76.1
42051,2025,105.7
42053,2016,105.0
42053,2019,132.6
42053,2020,144.9
42053,2021,150.1
42053,2024,134.5
42055,2016,131.6
42055,2017,174.2
42055,2018,159.1
42055,2019,155.2
42055,2020,141.9
42055,2021,162.9
42055,2022,177.4
42055,2023,153.8
42055,2024,124.4
42055,2025,187.4
42057,2016,71.1
42057,2017,139.8
42057,2020,116.8
42057,2021,132.7
42057,2022,147.6
42057,2023,132.2
42057,2024,96.6
42057,2025,112.6
42059,2016,107.1
42059,2017,142.8
42059,2019,118.7
42059,2020,104.9
42059,2021,149.9
42059,2023,135.8
42059,2025,102.2
42061,2016,82.4
42061,2017,159.9
42061,2018,130.6
42061,2019,139.9
42061,2020,108.6
42061,2021,151.5
42061,2022,123.8
42061,2023,158.7
42061,2024,125.4
42061,2025,142.3
42063,2016,121.5
42063,2017,158.9
42063,2018,132.5
42063,2020,113.7
42063,2021,166.6
42063,2022,153.9
42063,2023,151.0
42063,2024,140.9
42063,2025,122.9
42065,2017,131.9
42065,2018,131.9
42065,2019,119.9
42065,2020,127.0
42065,2021,158.8
42065,2022,130.0
42065,2023,153.2
42065,2024,117.6
42065,2025,112.7
42067,2016,76.7
42067,2017,164.3
42067,2018,116.8
42067,2019,135.1
42067,2020,86.6
42067,2021,162.7
42067,2022,89.6
42067,2023,165.2
42067,2024,133.0
42067,2025,125.3
42069,2019,102.9
42069,2020,113.2
42069,2022,123.6
42069,2024,146.0
42071,2016,177.4
42071,2017,184.9
42071,2018,166.8
42071,2019,199.1
42071,2020,197.7
42071,2021,211.3
42071,2022,185.4
42071,2023,182.2
42071,2024,166.3
42071,2025,209.0
42073,2016,136.9
42073,2017,139.5
42073,2018,164.6
42073,2020,148.7
42073,2022,164.1
42073,2023,166.3
42073,2024,152.2
42073,2025,132.2
42075,2016,141.8
42075,2017,184.4
42075,2018,152.3
42075,2019,180.3
42075,2020,180.3
42075,2021,188.5
42075,2023,175.0
42075,2025,203.1
42077,2016,141.6
42077,2017,161.8
42077,2018,158.3
42077,2019,167.7
42077,2020,171.3
42077,2021,173.4
42077,2022,119.5
42077,2023,160.9
42077,2024,139.9
42077,2025,146.7
42079,2016,99.6
42079,2018,97.6
42079,2019,139.2
42079,2020,145.2
42079,2021,157.7
42079,2022,123.8
42079,2023,144.0
42079,2024,124.4
42079,2025,120.6
42081,2016,119.9
42081,2017,143.2
42081,2018,125.0
42081,2019,125.0
42081,2020,131.0
42081,2021,160.1
42081,2022,124.0
42081,2023,140.1
42081,2024,158.6
42081,2025,134.6
42083,2022,114.2
42083,2024,89.0
42085,2016,142.6
42085,2017,144.4
42085,2018,134.0
42085,2019,130.9
42085,2020,164.8
42085,2021,168.1
42085,2023,157.5
42085,2024,145.8
42085,2025,155.3
42087,2016,81.5
42087,2017,184.7
42087,2018,117.1
42087,2019,155.2
42087,2020,104.3
42087,2021,172.3
42087,2022,141.8
42087,2023,155.2
42087,2024,138.8
42087,2025,147.0
42089,2021,122.0
42089,2022,111.7
42089,2024,150.0
42089,2025,142.3
42091,2020,147.3
42091,2021,141.2
42091,2022,122.4
42091,2023,161.9
42091,2024,123.7
42091,2025,117.3
42093,2016,134.9
42093,2017,147.0
42093,2018,120.6
42093,2019,123.5
42093,2020,111.3
42093,2021,161.2
42093,2022,141.6
42093,2023,150.5
42093,2024,155.5
42093,2025,143.2
42095,2016,143.1
42095,2017,165.4
42095,2018,132.8
42095,2019,163.7
42095,2020,156.4
42095,2021,177.7
42095,2022,100.9
42095,2023,154.2
42095,2024,141.0
42095,2025,148.3
42097,2016,129.6
42097,2017,185.7
42097,2018,137.8
42097,2019,163.0
42097,2020,114.7
42097,2021,185.2
42097,2022,86.9
42097,2023,164.8
42097,2024,152.4
42097,2025,135.7
42099,2016,92.0
42099,2017,164.2
42099,2018,128.8
42099,2019,130.4
42099,2020,95.7
42099,2021,163.1
42099,2022,106.7
42099,2023,157.0
42099,2024,122.2
42099,2025,136.0
42105,2017,130.6
42105,2018,125.6
42107,2016,119.1
42107,2017,143.7
42107,2018,139.0
42107,2019,140.8
42107,2020,126.2
42107,2021,162.3
42107,2022,105.5
42107,2023,122.6
42107,2024,131.2
42107,2025,113.7
42109,2018,126.4
42109,2019,155.4
42109,2020,109.7
42109,2021,163.8
42109,2022,82.2
42109,2023,156.8
42109,2024,132.9
42109,2025,119.7
42111,2016,141.3
42111,2017,130.5
42111,2019,151.1
42111,2020,132.2
42111,2021,136.4
42111,2022,146.8
42111,2023,144.3
42111,2024,119.3
42111,2025,119.7
42113,2016,102.5
42113,2017,79.3
42113,2018,133.5
42113,2019,139.4
42113,2020,120.2
42113,2022,130.8
42113,2023,138.9
42113,2024,146.6
42115,2016,119.4
42115,2018,78.8
42117,2016,136.4
42117,2017,145.6
42117,2018,122.3
42117,2019,130.3
42117,2020,104.2
42117,2021,142.4
42117,2022,112.3
42117,2023,154.2
42117,2024,140.3
42117,2025,123.8
42119,2016,130.4
42119,2017,175.3
42119,2018,131.4
42119,2019,160.9
42119,2020,112.3
42119,2021,186.4
42119,2022,91.1
42119,2023,178.2
42119,2024,176.0
42119,2025,157.1
42121,2016,150.3
42121,2018,118.5
42121,2019,124.2
42121,2020,143.8
42121,2021,166.2
42121,2022,124.1
42121,2023,142.0
42121,2024,153.4
42121,2025,123.5
42123,2020,128.0
42123,2021,152.9
42123,2023,138.5
42123,2024,138.4
42125,2016,122.0
42125,2017,120.0
42125,2018,117.1
42125,2019,131.3
42125,2020,108.7
42125,2021,142.5
42125,2022,127.5
42125,2023,134.2
42125,2024,118.9
42125,2025,127.7
42127,2017,152.5
42127,2019,123.3
42127,2020,124.0
42129,2016,131.7
42129,2017,139.7
42129,2018,122.2
42129,2019,130.2
42129,2020,108.9
42129,2021,157.5
42129,2022,136.4
42129,2023,143.6
42129,2024,93.6
42129,2025,112.1
42131,2016,105.6
42131,2020,128.7
42131,2021,138.6
42131,2022,71.8
42131,2023,133.2
42131,2025,138.0
42133,2016,150.6
42133,2017,176.5
42133,2018,139.1
42133,2019,177.7
42133,2020,157.7
42133,2021,184.3
42133,2022,173.4
42133,2023,154.4
42133,2024,145.4
42133,2025,209.8
45003,2016,106.7
45003,2018,100.2
45003,2019,155.9
45003,2020,183.5
45003,2025,181.9
45005,2016,118.0
45005,2017,119.0
45005,2018,113.8
45005,2019,84.3
45005,2020,91.0
45005,2021,142.1
45005,2022,75.5
45007,2016,39.8
45007,2019,70.9
45007,2020,116.3
45007,2021,157.2
45007,2022,58.8
45007,2024,40.5
45007,2025,93.0
45009,2016,136.0
45009,2017,157.0
45009,2018,132.1
45009,2019,132.1
45009,2020,139.2
45009,2021,120.5
45009,2022,117.3
45009,2023,166.3
45009,2024,125.0
45009,2025,140.6
45011,2017,147.0
45011,2019,132.7
45011,2020,115.6
45011,2021,94.4
45011,2022,150.5
45011,2024,138.7
45011,2025,125.7
45015,2018,61.0
45015,2020,85.1
45015,2021,107.0
45015,2022,90.5
45015,2023,123.2
45015,2024,69.9
45015,2025,112.9
45017,2017,151.1
45017,2020,156.6
45017,2021,125.5
45017,2022,129.8
45017,2023,173.6
45017,2024,148.9
45019,2016,104.2
45019,2017,134.9
45019,2018,119.2
45019,2019,95.8
45019,2020,105.8
45019,2021,122.5
45019,2022,86.0
45019,2024,134.0
45023,2023,87.1
45025,2017,108.1
45025,2020,123.7
45025,2021,132.9
45025,2023,106.3
45027,2016,132.6
45027,2017,148.1
45027,2018,141.9
45027,2019,120.5
45027,2020,142.6
45027,2021,158.5
45027,2022,148.8
45027,2023,173.4
45027,2024,142.0
45027,2025,153.7
45029,2016,89.4
45029,2017,99.8
45029,2018,94.6
45029,2019,69.2
45029,2020,89.2
45029,2021,112.8
45029,2022,51.9
45029,2024,89.3
45029,2025,119.3
45031,2016,122.4
45031,2017,124.8
45031,2018,118.1
45031,2019,88.9
45031,2020,107.5
45031,2021,125.8
45031,2022,105.4
45031,2023,147.0
45031,2024,84.4
45031,2025,122.7
45033,2016,136.1
45033,2017,140.7
45033,2018,123.8
45033,2019,87.9
45033,2020,126.1
45033,2021,140.7
45033,2022,132.6
45033,2023,162.1
45033,2024,74.0
45033,2025,146.8
45035,2016,110.1
45035,2017,130.0
45035,2018,114.2
45035,2019,81.6
45035,2020,125.4
45035,2021,126.5
45035,2022,92.3
45035,2023,158.7
45035,2024,84.8
45035,2025,136.9
45037,2017,121.7
45037,2020,49.2
45037,2022,68.2
45037,2023,77.0
45037,2024,45.0
45041,2016,118.6
45041,2017,127.7
45041,2018,100.0
45041,2019,88.6
45041,2020,106.6
45041,2021,137.7
45041,2022,99.7
45041,2023,131.5
45041,2024,60.0
45041,2025,116.5
45043,2017,119.2
45043,2021,104.5
45043,2023,151.3
45043,2024,65.9
45043,2025,107.4
45045,2022,82.9
45045,2023,103.8
45045,2024,67.7
45049,2016,141.1
45049,2017,153.0
45049,2018,150.5
45049,2019,118.0
45049,2020,134.3
45049,2021,142.4
45049,2022,99.7
45049,2023,155.3
45049,2024,132.8
45049,2025,140.2
45051,2016,128.5
45051,2017,127.9
45051,2018,113.8
45051,2019,97.9
45051,2020,132.1
45051,2021,136.4
45051,2022,117.0
45051,2023,147.3
45051,2024,62.4
45051,2025,132.4
45057,2023,97.7
45057,2024,55.2
45061,2016,121.9
45061,2017,150.0
45061,2018,137.1
45061,2019,145.2
45061,2020,138.3
45061,2021,165.7
45061,2022,151.7
45061,2023,156.5
45061,2024,113.4
45061,2025,146.4
45063,2016,132.9
45063,2017,128.2
45063,2018,157.9
45063,2019,147.1
45063,2020,155.8
45063,2021,153.5
45063,2022,147.6
45067,2017,130.0
45067,2018,148.2
45067,2019,119.7
45067,2020,139.2
45067,2021,152.3
45067,2022,126.4
45067,2023,160.8
45067,2024,64.8
45067,2025,133.3
45069,2016,129.3
45069,2017,126.3
45069,2018,122.5
45069,2020,121.8
45069,2021,126.3
45069,2022,117.3
45069,2023,169.9
45069,2024,68.2
45069,2025,141.5
45071,2019,82.6
45071,2020,109.3
45071,2021,108.9
45071,2022,67.1
45071,2023,112.2
45071,2024,52.4
45071,2025,84.3
45073,2016,33.6
45073,2018,130.4
45073,2019,113.8
45073,2020,119.5
45073,2021,102.4
45073,2022,93.5
45073,2023,108.8
45073,2024,77.1
45073,2025,102.4
45075,2016,144.4
45075,2017,141.1
45075,2018,129.4
45075,2019,111.2
45075,2020,147.6
45075,2021,153.1
45075,2022,144.2
45075,2023,155.0
45075,2024,130.2
45075,2025,159.1
45077,2024,49.0
45079,2017,174.1
45079,2020,177.8
45081,2016,106.7
45081,2017,106.7
45081,2018,91.4
45081,2019,65.7
45081,2020,88.3
45081,2024,69.3
45083,2016,91.8
45085,2016,143.4
45085,2017,148.1
45085,2018,148.1
45085,2019,130.7
45085,2020,154.2
45085,2021,152.3
45085,2022,134.8
45085,2023,159.8
45085,2024,120.8
45089,2016,119.3
45089,2017,129.1
45089,2018,111.9
45089,2019,79.5
45089,2020,109.4
45089,2021,103.0
45089,2022,79.8
45089,2023,123.5
45089,2024,55.0
45089,2025,135.3
45091,2025,59.2
46003,2016,114.8
46003,2017,122.1
46003,2018,164.3
46003,2019,133.0
46003,2020,169.3
46003,2021,113.4
46003,2022,108.5
46003,2023,124.6
46003,2024,158.5
46003,2025,154.5
46005,2016,152.5
46005,2017,137.7
46005,2018,159.7
46005,2020,171.7
46005,2021,130.0
46005,2022,128.0
46005,2025,178.8
46007,2018,128.7
46007,2020,77.8
46007,2021,82.2
46009,2016,151.5
46009,2017,139.7
46009,2019,159.4
46009,2020,172.6
46009,2021,125.7
46009,2022,81.0
46009,2023,157.9
46009,2024,165.7
46009,2025,192.6
46011,2016,214.4
46011,2017,188.2
46011,2018,198.9
46011,2020,190.6
46011,2021,162.7
46011,2022,174.9
46011,2023,164.7
46011,2024,194.7
46011,2025,206.8
46013,2016,188.8
46013,2017,148.6
46013,2018,155.4
46013,2019,163.0
46013,2020,164.4
46013,2021,142.0
46013,2022,154.0
46013,2023,175.6
46013,2024,186.7
46013,2025,176.3
46015,2016,120.2
46015,2017,106.5
46015,2018,168.9
46015,2019,146.5
46015,2020,160.2
46015,2021,107.2
46015,2022,95.5
46015,2023,130.4
46015,2024,160.9
46015,2025,146.3
46017,2019,132.6
46017,2020,159.3
46017,2021,121.8
46017,2022,94.0
46017,2024,167.6
46019,2016,139.7
46019,2020,97.8
46019,2021,145.6
46019,2022,108.6
46019,2023,140.5
46021,2016,145.4
46021,2017,106.5
46021,2018,129.6
46021,2020,126.9
46021,2021,81.0
46021,2022,120.3
46021,2023,161.4
46021,2024,153.8
46023,2016,133.2
46023,2017,125.3
46023,2018,177.7
46023,2019,147.7
46023,2020,161.0
46023,2021,121.0
46023,2022,97.4
46023,2023,133.6
46023,2024,154.6
46023,2025,170.4
46025,2016,191.4
46025,2017,161.8
46025,2018,177.5
46025,2020,174.6
46025,2021,171.2
46025,2022,161.1
46025,2023,164.7
46025,2024,189.8
46025,2025,175.1
46027,2016,179.7
46027,2017,180.3
46027,2018,179.6
46027,2020,187.3
46027,2021,156.2
46027,2022,110.8
46027,2023,175.6
46027,2024,169.2
46027,2025,188.7
46029,2016,170.7
46029,2020,180.7
46029,2021,195.3
46029,2022,184.6
46029,2025,176.9
46031,2016,101.0
46031,2017,74.9
46031,2018,91.9
46031,2020,93.1
46031,2021,80.7
46031,2022,73.4
46031,2023,125.3
46033,2018,100.0
46033,2023,63.0
46035,2016,131.6
46035,2017,127.2
46035,2020,164.7
46035,2022,111.6
46035,2023,158.6
46035,2024,167.9
46035,2025,174.1
46037,2016,155.8
46037,2020,164.0
46037,2021,152.8
46037,2022,161.1
46037,2024,189.4
46037,2025,177.6
46039,2016,201.8
46039,2017,173.8
46039,2018,190.6
46039,2019,143.0
46039,2020,178.2
46039,2022,170.9
46039,2024,186.1
46039,2025,182.3
46041,2017,91.2
46041,2020,84.4
46041,2024,102.1
46043,2016,126.9
46043,2017,121.9
46043,2019,147.9
46043,2020,182.8
46043,2021,142.5
46043,2022,112.8
46043,2023,150.2
46043,2024,141.3
46043,2025,172.3
46045,2018,117.3
46045,2019,132.4
46045,2020,144.5
46045,2021,90.2
46045,2022,135.4
46045,2023,149.4
46045,2024,158.3
46047,2020,100.0
46047,2021,110.5
46047,2022,150.5
46047,2023,141.3
46047,2024,125.2
46049,2016,122.6
46049,2017,120.9
46049,2018,103.2
46049,2020,158.8
46049,2021,92.6
46049,2022,134.2
46051,2016,194.5
46051,2017,158.8
46051,2018,185.1
46051,2019,145.2
46051,2020,169.3
46051,2021,175.0
46051,2022,159.6
46051,2023,143.1
46051,2024,179.5
46051,2025,179.3
46053,2016,113.8
46053,2018,157.4
46053,2020,129.7
46053,2021,99.4
46055,2020,60.9
46055,2022,51.6
46055,2023,82.9
46055,2024,74.3
46055,2025,105.9
46057,2016,215.7
46057,2017,176.3
46057,2018,191.8
46057,2020,184.9
46057,2021,178.3
46057,2022,174.0
46057,2023,175.8
46057,2025,180.0
46059,2016,119.9
46059,2017,117.0
46059,2018,138.3
46059,2019,141.2
46059,2020,143.1
46059,2021,140.0
46059,2022,121.5
46059,2023,151.7
46059,2024,150.3
46061,2016,139.8
46061,2017,152.9
46061,2020,167.5
46061,2021,146.0
46061,2022,106.6
46061,2023,168.0
46061,2024,161.7
46061,2025,189.5
46063,2016,91.9
46063,2021,29.8
46063,2025,84.0
46065,2016,108.6
46065,2017,100.7
46065,2018,106.0
46065,2020,128.9
46065,2021,93.6
46065,2022,113.6
46065,2023,135.8
46065,2024,152.2
46065,2025,156.2
46067,2016,155.7
46067,2017,151.0
46067,2018,166.8
46067,2020,173.9
46067,2021,123.3
46067,2022,85.9
46067,2023,151.5
46067,2025,176.0
46069,2018,125.7
46069,2020,156.0
46069,2022,133.5
46069,2024,151.1
46073,2018,147.5
46073,2019,141.5
46073,2020,156.5
46073,2021,127.6
46073,2022,98.8
46073,2023,141.2
46073,2024,161.7
46075,2020,91.6
46077,2016,192.0
46077,2017,167.7
46077,2018,184.5
46077,2020,180.5
46077,2021,155.2
46077,2022,147.8
46079,2016,191.7
46079,2017,183.8
46079,2018,192.7
46079,2019,144.5
46079,2020,184.2
46079,2021,137.7
46079,2022,161.6
46079,2024,182.7
46079,2025,203.8
46083,2016,181.2
46083,2017,171.3
46083,2018,161.9
46083,2019,162.7
46083,2020,161.0
46083,2021,160.2
46083,2022,132.4
46083,2023,152.5
46083,2024,168.6
46083,2025,187.5
46085,2016,103.4
46085,2017,87.6
46085,2018,120.7
46085,2019,130.1
46085,2020,113.6
46085,2021,89.4
46085,2022,82.7
46085,2023,131.1
46085,2024,96.1
46085,2025,115.5
46087,2016,178.4
46087,2017,171.1
46087,2018,177.9
46087,2019,128.4
46087,2020,175.0
46087,2021,125.4
46087,2022,113.5
46087,2023,148.6
46087,2024,177.4
46087,2025,200.9
46089,2018,108.7
46089,2019,146.0
46089,2020,144.2
46089,2021,70.2
46089,2022,125.9
46089,2023,158.7
46089,2024,158.9
46089,2025,163.7
46091,2016,189.1
46091,2017,163.1
46091,2018,184.6
46091,2020,166.2
46091,2021,157.5
46091,2022,165.4
46091,2023,161.3
46091,2024,180.9
46093,2018,87.8
46093,2020,45.8
46093,2021,41.2
46093,2023,78.1
46093,2024,50.0
46093,2025,109.2
46095,2017,70.6
46095,2020,70.8
46095,2022,65.9
46095,2024,76.0
46097,2016,151.3
46097,2017,163.4
46097,2018,178.7
46097,2020,162.1
46097,2021,106.0
46097,2022,117.7
46097,2023,138.7
46097,2024,158.0
46099,2016,193.8
46099,2017,185.9
46099,2018,191.5
46099,2019,160.0
46099,2020,182.8
46099,2022,181.2
46099,2025,206.1
46101,2016,223.8
46101,2017,187.7
46101,2018,194.1
46101,2020,194.2
46101,2023,174.6
46101,2024,187.1
46102,2020,51.9
46102,2021,37.0
46102,2025,56.0
46103,2021,54.6
46105,2017,44.1
46105,2022,53.4
46105,2023,88.8
46107,2016,121.3
46107,2017,99.7
46107,2018,109.0
46107,2020,140.9
46107,2021,103.6
46107,2022,135.0
46107,2025,152.0
46109,2016,190.2
46109,2017,173.8
46109,2018,191.8
46109,2020,168.1
46109,2022,156.4
46109,2023,150.1
46109,2024,180.3
46109,2025,176.1
46111,2016,160.2
46111,2017,154.3
46111,2018,167.2
46111,2020,156.1
46111,2021,135.7
46111,2022,104.1
46111,2024,146.9
46115,2016,155.3
46115,2017,143.0
46115,2018,160.0
46115,2019,151.8
46115,2020,177.9
46115,2022,163.0
46115,2023,171.3
46115,2025,179.1
46119,2016,125.7
46119,2017,100.3
46119,2020,148.0
46119,2021,114.4
46119,2022,133.0
46119,2023,134.0
46119,2024,155.2
46119,2025,143.8
46121,2016,114.0
46121,2021,106.5
46123,2016,117.2
46123,2017,74.1
46123,2018,124.7
46123,2019,118.3
46123,2020,118.5
46123,2021,70.6
46123,2022,53.3
46123,2024,106.7
46123,2025,110.6
46125,2016,176.6
46125,2017,169.2
46125,2018,176.3
46125,2019,159.9
46125,2020,177.0
46125,2021,149.5
46125,2022,105.8
46125,2023,158.0
46125,2024,156.2
46125,2025,192.0
46127,2016,189.4
46127,2017,183.8
46127,2018,186.2
46127,2019,177.5
46127,2020,186.4
46127,2022,134.8
46127,2023,177.9
46127,2024,181.0
46129,2016,150.8
46129,2017,125.8
46129,2018,146.5
46129,2020,151.0
46129,2021,108.8
46129,2022,155.5
46129,2025,166.2
46135,2016,177.7
46135,2017,169.9
46135,2018,175.6
46135,2019,168.8
46135,2020,171.3
46135,2021,131.0
46135,2022,103.7
46135,2023,176.4
46135,2024,179.8
46135,2025,188.0
46137,2016,90.3
46137,2017,71.6
46137,2018,78.8
46137,2019,96.8
46137,2020,92.9
46137,2022,54.4
47003,2016,147.2
47003,2017,175.0
47003,2018,160.0
47003,2019,168.0
47003,2020,142.7
47003,2021,168.5
47003,2022,122.2
47003,2023,178.1
47003,2024,96.6
47003,2025,160.6
47005,2017,159.2
47005,2018,159.0
47005,2019,175.0
47005,2020,141.5
47005,2023,158.6
47007,2016,115.8
47007,2017,140.0
47007,2018,140.0
47007,2019,155.5
47007,2020,175.3
47007,2021,153.4
47007,2022,174.5
47007,2023,171.5
47009,2016,97.5
47009,2017,141.7
47009,2018,147.0
47009,2019,151.5
47009,2020,139.9
47009,2021,137.9
47009,2022,150.2
47009,2023,151.6
47009,2025,129.7
47011,2016,50.0
47011,2017,132.4
47011,2018,170.0
47011,2019,156.5
47011,2020,132.8
47013,2020,136.8
47013,2023,165.2
47015,2016,139.3
47015,2017,166.4
47015,2018,181.0
47015,2019,175.5
47015,2020,158.1
47015,2021,171.1
47015,2022,170.7
47015,2023,173.6
47015,2024,92.2
47017,2016,127.8
47017,2017,149.8
47017,2018,154.9
47017,2019,177.0
47017,2020,166.4
47017,2021,169.6
47017,2022,125.0
47017,2023,166.2
47017,2024,170.1
47017,2025,163.3
47019,2016,128.3
47019,2017,156.7
47021,2018,170.0
47021,2019,166.0
47021,2020,169.8
47021,2022,146.3
47023,2018,157.5
47023,2020,155.0
47023,2021,168.2
47023,2022,129.5
47023,2023,162.5
47023,2024,154.2
47025,2016,111.4
47025,2017,106.7
47025,2019,123.0
47027,2017,148.2
47029,2016,104.3
47029,2020,175.0
47031,2016,163.7
47031,2017,180.2
47031,2018,195.0
47031,2019,185.0
47031,2020,160.9
47031,2021,187.1
47031,2022,182.6
47031,2023,188.4
47031,2024,112.1
47031,2025,172.2
47033,2016,160.0
47033,2017,159.2
47033,2018,165.9
47033,2019,175.0
47033,2020,171.4
47033,2021,170.7
47033,2022,108.8
47033,2023,165.9
47033,2025,154.9
47035,2016,114.4
47035,2017,127.1
47035,2020,156.0
47035,2021,135.8
47035,2023,177.7
47035,2024,81.7
47035,2025,153.3
47039,2016,155.3
47039,2018,155.0
47039,2019,191.8
47039,2020,168.6
47039,2021,164.5
47039,2022,117.2
47039,2024,147.8
47041,2022,163.7
47043,2019,171.5
47043,2020,173.1
47045,2018,161.9
47045,2019,179.5
47045,2020,171.4
47045,2021,180.2
47045,2022,108.0
47045,2023,161.0
47045,2024,191.8
47045,2025,156.6
47047,2016,158.1
47047,2017,174.1
47047,2018,161.1
47047,2019,164.5
47047,2020,164.3
47047,2021,165.2
47047,2022,153.6
47047,2024,162.8
47047,2025,145.3
47049,2016,111.0
47049,2017,121.5
47049,2019,141.5
47049,2021,149.3
47049,2022,162.2
47049,2023,159.1
47049,2024,80.3
47051,2016,162.7
47051,2017,191.2
47051,2018,196.9
47051,2019,168.0
47051,2020,176.7
47051,2021,190.0
47051,2022,146.9
47051,2023,194.2
47051,2024,118.0
47051,2025,178.2
47053,2016,145.1
47053,2017,169.3
47053,2018,156.9
47053,2019,176.0
47053,2020,176.1
47053,2021,170.4
47053,2022,107.1
47053,2023,162.3
47053,2024,165.9
47053,2025,156.8
47055,2016,163.0
47055,2017,187.5
47055,2018,189.4
47055,2019,198.5
47055,2020,196.7
47055,2021,177.3
47055,2022,159.9
47055,2023,192.5
47055,2024,100.6
47057,2016,77.8
47057,2017,150.0
47057,2018,168.0
47057,2019,136.1
47057,2020,108.2
47057,2021,118.7
47057,2022,147.1
47057,2024,148.4
47057,2025,175.5
47059,2016,113.2
47059,2017,136.7
47059,2018,160.7
47059,2019,146.5
47059,2020,154.3
47059,2021,151.1
47059,2022,164.6
47059,2023,169.7
47059,2024,134.2
47059,2025,167.6
47061,2016,123.1
47063,2017,150.0
47063,2018,170.0
47063,2020,116.8
47063,2025,167.3
47069,2017,168.1
47069,2018,145.5
47069,2020,154.6
47069,2023,169.7
47069,2025,159.5
47071,2016,135.3
47071,2017,172.9
47071,2018,155.0
47071,2019,159.0
47071,2020,145.9
47071,2022,128.0
47071,2023,160.6
47071,2024,152.7
47073,2016,100.0
47073,2017,121.2
47073,2018,119.5
47073,2019,130.0
47073,2021,135.6
47073,2022,133.3
47073,2023,178.2
47073,2024,85.0
47075,2016,178.7
47075,2017,185.7
47075,2018,188.1
47075,2019,197.5
47075,2020,180.0
47075,2022,144.2
47075,2024,186.6
47075,2025,181.0
47077,2016,116.8
47077,2017,165.1
47077,2018,146.0
47077,2019,176.5
47077,2020,154.6
47077,2021,164.6
47077,2023,160.0
47079,2016,146.2
47079,2017,169.3
47079,2018,163.4
47079,2019,182.5
47079,2020,171.3
47079,2021,177.8
47079,2022,104.7
47079,2023,179.8
47079,2024,178.9
47079,2025,172.9
47081,2016,164.7
47081,2017,181.3
47081,2018,163.5
47081,2019,179.5
47081,2020,169.2
47081,2021,168.9
47081,2023,177.0
47081,2024,153.1
47081,2025,142.4
47085,2016,152.7
47085,2017,159.6
47085,2018,160.0
47085,2019,162.0
47085,2023,149.7
47085,2024,144.6
47085,2025,155.5
47087,2016,156.4
47087,2017,136.4
47087,2019,140.0
47087,2020,162.8
47087,2022,163.2
47089,2018,133.5
47089,2021,128.3
47089,2024,82.2
47091,2017,150.0
47095,2018,167.0
47095,2020,171.2
47095,2021,185.8
47095,2022,150.0
47095,2023,169.2
47095,2024,174.9
47095,2025,157.8
47097,2016,154.7
47097,2017,176.0
47097,2018,157.8
47097,2019,176.0
47097,2020,168.2
47097,2021,174.4
47097,2022,135.9
47097,2023,166.7
47097,2024,183.0
47097,2025,136.3
47099,2016,150.0
47099,2017,188.8
47099,2018,175.1
47099,2019,179.0
47099,2020,168.9
47099,2021,174.9
47099,2022,123.8
47099,2023,191.6
47099,2024,94.2
47099,2025,170.3
47101,2022,100.0
47103,2016,163.6
47103,2017,184.6
47103,2018,180.0
47103,2019,184.0
47103,2020,181.1
47103,2021,182.9
47103,2022,152.8
47103,2023,183.3
47103,2024,102.8
47103,2025,169.1
47107,2017,173.8
47107,2018,170.0
47107,2019,180.0
47107,2020,135.1
47107,2021,185.1
47107,2022,152.1
47107,2023,158.1
47107,2024,110.8
47109,2016,129.5
47109,2017,142.1
47109,2018,137.0
47109,2019,146.0
47109,2020,133.3
47109,2022,128.1
47109,2024,137.5
47109,2025,130.8
47111,2016,165.0
47111,2017,164.5
47111,2018,169.0
47111,2019,170.5
47111,2020,170.5
47111,2021,149.5
47111,2022,133.3
47111,2023,158.2
47113,2016,170.0
47113,2017,156.3
47113,2018,173.9
47113,2019,193.0
47113,2020,176.2
47113,2021,169.8
47113,2022,129.6
47113,2023,177.8
47113,2024,184.0
47113,2025,170.5
47115,2016,116.7
47115,2017,164.4
47115,2018,185.0
47115,2019,179.3
47115,2020,176.5
47115,2021,169.1
47115,2025,171.0
47117,2016,131.3
47117,2017,178.4
47117,2018,177.0
47117,2019,154.5
47117,2020,169.9
47117,2021,170.2
47117,2022,157.3
47117,2023,177.1
47117,2024,167.4
47119,2016,129.0
47119,2017,188.9
47119,2018,168.0
47119,2019,184.0
47119,2020,178.4
47119,2021,174.5
47119,2022,97.9
47119,2023,195.5
47119,2025,146.3
47121,2016,50.0
47121,2017,150.0
47121,2019,150.7
47121,2021,163.4
47121,2022,176.6
47121,2023,182.4
47123,2016,91.4
47123,2017,169.4
47123,2018,194.8
47123,2019,161.7
47123,2020,123.3
47123,2021,194.8
47125,2016,157.9
47125,2017,177.8
47125,2018,175.1
47125,2019,188.0
47125,2020,177.5
47125,2021,179.6
47125,2022,133.1
47125,2023,193.0
47125,2025,165.2
47129,2020,150.9
47129,2023,184.0
47131,2016,161.3
47131,2017,179.2
47131,2018,172.3
47131,2019,185.5
47131,2020,176.8
47131,2021,162.0
47131,2022,133.3
47131,2023,175.4
47131,2024,168.0
47131,2025,167.6
47133,2016,147.6
47133,2017,150.0
47133,2018,147.0
47133,2019,172.0
47133,2020,158.3
47133,2022,196.4
47133,2025,157.1
47135,2017,139.5
47135,2020,142.8
47135,2022,100.0
47137,2017,167.1
47137,2018,176.0
47137,2021,162.4
47137,2025,158.9
47139,2018,145.0
47141,2017,170.0
47141,2020,188.4
47143,2022,115.4
47147,2016,173.1
47147,2017,170.0
47147,2018,179.1
47147,2019,188.0
47147,2020,189.6
47147,2021,178.6
47147,2022,105.6
47147,2023,184.2
47147,2024,186.6
47147,2025,177.7
47149,2016,150.0
47149,2017,190.8
47149,2018,167.5
47149,2019,201.5
47149,2020,154.6
47149,2021,178.1
47149,2022,147.6
47149,2023,179.3
47149,2024,86.5
47149,2025,168.7
47153,2016,107.5
47153,2019,143.5
47153,2020,146.5
47153,2022,155.2
47153,2023,163.4
47153,2025,148.2
47155,2020,165.3
47155,2022,138.9
47157,2016,150.0
47157,2018,158.0
47159,2018,176.5
47159,2019,165.5
47159,2020,161.5
47161,2017,152.4
47161,2018,154.5
47161,2019,164.0
47161,2020,146.1
47161,2021,150.2
47161,2022,103.8
47161,2023,182.9
47163,2017,132.9
47163,2018,140.0
47163,2019,144.0
47163,2021,136.3
47163,2022,166.4
47163,2023,160.8
47165,2016,168.6
47165,2017,186.7
47165,2018,176.1
47165,2019,179.0
47165,2020,187.6
47165,2021,158.3
47165,2022,129.0
47165,2023,196.5
47167,2016,140.8
47167,2017,168.8
47167,2018,158.0
47167,2019,172.5
47167,2020,178.6
47167,2021,161.4
47167,2022,133.9
47167,2023,168.2
47167,2025,159.6
47169,2020,160.7
47175,2020,160.0
47175,2022,176.1
47175,2024,100.8
47177,2016,162.2
47177,2017,189.9
47177,2018,180.0
47177,2019,180.5
47177,2020,165.8
47177,2021,184.1
47177,2022,179.5
47177,2023,200.8
47177,2024,117.3
47177,2025,171.9
47179,2016,116.7
47179,2017,130.0
47179,2018,142.0
47179,2019,164.6
47179,2021,136.0
47179,2022,160.0
47179,2023,167.8
47179,2024,100.5
47179,2025,161.7
47181,2016,122.5
47181,2017,158.6
47181,2019,144.6
47181,2020,135.4
47181,2021,139.6
47181,2023,146.8
47183,2016,138.7
47183,2017,166.6
47183,2018,163.8
47183,2019,173.5
47183,2020,167.4
47183,2021,160.9
47183,2022,125.2
47183,2023,158.4
47183,2024,182.8
47183,2025,158.7
47185,2016,156.5
47185,2017,187.0
47185,2018,196.8
47185,2019,174.4
47185,2020,165.8
47185,2021,179.1
47185,2022,175.0
47185,2023,193.9
47185,2024,101.6
47185,2025,185.3
47187,2017,186.4
47187,2020,178.7
47187,2021,163.4
47187,2024,111.5
47187,2025,171.2
47189,2016,146.7
47189,2017,145.9
47189,2018,161.0
47189,2020,160.7
47189,2023,162.3
47189,2024,94.0
48011,2016,176.3
48011,2017,150.9
48013,2018,90.7
48013,2020,68.2
48013,2023,130.6
48015,2018,68.5
48015,2019,127.3
48015,2020,113.1
48015,2021,88.0
48015,2024,84.0
48015,2025,99.8
48017,2016,57.1
48025,2016,94.2
48025,2017,93.6
48025,2018,67.7
48025,2019,87.3
48025,2020,69.2
48025,2023,93.9
48025,2024,41.8
48027,2016,60.6
48027,2017,103.5
48027,2018,56.4
48027,2019,105.8
48027,2020,94.2
48027,2021,109.1
48027,2022,59.2
48027,2023,102.3
48027,2024,54.8
48027,2025,160.2
48029,2016,96.4
48029,2017,104.7
48029,2018,81.6
48029,2019,102.4
48029,2020,107.8
48029,2021,73.9
48029,2022,53.0
48029,2023,93.3
48029,2024,68.4
48029,2025,61.9
48039,2016,84.1
48041,2023,147.7
48045,2016,85.1
48045,2017,176.5
48051,2016,104.3
48051,2017,124.7
48051,2018,94.1
48051,2019,82.7
48051,2020,120.8
48051,2021,130.1
48051,2022,89.7
48051,2024,133.2
48051,2025,164.0
48055,2016,99.0
48055,2017,98.7
48055,2018,64.4
48055,2019,113.2
48055,2021,90.9
48055,2022,40.7
48055,2024,110.7
48055,2025,43.7
48057,2016,119.2
48057,2017,115.6
48057,2018,88.8
48057,2019,114.1
48057,2020,118.2
48057,2022,76.2
48057,2023,131.3
48057,2024,112.3
48061,2018,95.0
48061,2019,80.6
48061,2020,96.1
48061,2022,96.8
48061,2024,43.3
48061,2025,64.0
48065,2016,130.0
48065,2017,187.8
48065,2019,177.3
48065,2021,220.4
48065,2024,186.2
48065,2025,216.3
48069,2017,207.4
48079,2017,101.6
48083,2017,100.5
48083,2019,63.2
48083,2020,28.0
48083,2021,52.4
48085,2016,75.0
48085,2017,110.6
48085,2018,62.3
48085,2019,90.4
48085,2020,89.6
48085,2021,54.4
48085,2022,61.1
48085,2024,52.0
48085,2025,100.8
48089,2016,95.5
48089,2017,120.2
48089,2018,102.2
48089,2019,143.1
48089,2020,130.5
48089,2021,84.4
48089,2022,67.6
48089,2024,112.8
48089,2025,139.6
48095,2016,92.3
48095,2019,116.7
48097,2019,118.5
48097,2020,77.0
48097,2022,64.1
48097,2023,83.8
48097,2024,73.7
48097,2025,116.3
48099,2022,35.0
48107,2016,104.7
48111,2016,152.4
48111,2017,166.3
48111,2018,146.0
48111,2020,200.7
48111,2021,149.3
48111,2022,128.7
48111,2023,127.4
48111,2024,163.4
48111,2025,181.9
48117,2016,130.3
48117,2017,203.3
48117,2019,169.7
48117,2020,155.2
48117,2021,194.7
48117,2022,168.0
48117,2023,173.2
48117,2024,142.0
48117,2025,211.2
48119,2018,70.8
48119,2023,115.5
48121,2018,42.7
48121,2024,60.8
48123,2018,60.5
48123,2020,93.8
48123,2021,106.2
48123,2022,60.2
48123,2023,111.1
48123,2024,85.2
48123,2025,88.6
48139,2016,80.4
48139,2017,119.2
48139,2018,71.9
48139,2019,81.0
48139,2020,96.7
48139,2021,70.8
48139,2022,59.7
48139,2023,92.4
48139,2024,74.8
48139,2025,94.7
48145,2016,62.1
48145,2017,107.1
48145,2020,87.7
48145,2021,94.3
48145,2022,73.4
48145,2023,115.9
48145,2024,89.3
48145,2025,149.6
48147,2016,82.1
48147,2017,133.0
48147,2018,67.9
48147,2019,88.8
48147,2020,88.3
48147,2024,58.8
48147,2025,102.6
48149,2016,83.3
48149,2017,88.9
48149,2018,67.7
48149,2019,109.1
48149,2020,90.9
48149,2021,101.9
48149,2022,55.6
48149,2023,93.6
48149,2024,112.7
48149,2025,95.1
48153,2016,116.5
48153,2017,183.5
48153,2018,144.5
48153,2019,130.6
48153,2024,99.6
48153,2025,161.7
48157,2016,109.5
48157,2017,118.1
48157,2018,93.3
48157,2020,158.1
48157,2021,131.6
48157,2022,72.7
48157,2023,114.5
48157,2024,109.2
48157,2025,144.5
48163,2016,151.2
48163,2017,150.0
48163,2018,111.8
48163,2020,143.7
48163,2021,147.7
48163,2024,134.8
48171,2016,75.3
48171,2018,60.6
48171,2020,81.2
48171,2021,76.5
48171,2024,64.3
48171,2025,48.5
48173,2021,171.4
48175,2016,102.2
48175,2021,66.5
48175,2024,60.6
48177,2016,100.8
48177,2017,101.5
48177,2018,75.9
48177,2019,117.6
48177,2021,95.6
48177,2022,56.0
48177,2023,123.9
48177,2024,94.6
48177,2025,82.2
48179,2017,201.6
48179,2018,157.1
48179,2019,141.1
48179,2020,179.1
48179,2021,213.7
48179,2022,165.0
48179,2024,215.0
48179,2025,154.3
48181,2016,62.1
48181,2017,93.2
48181,2018,65.0
48181,2019,106.7
48181,2020,72.6
48181,2021,66.2
48181,2022,55.0
48181,2023,102.3
48181,2025,95.0
48187,2016,91.1
48187,2017,75.4
48187,2018,57.7
48187,2019,95.7
48187,2020,88.3
48187,2021,94.0
48187,2022,33.5
48187,2023,86.0
48187,2024,69.1
48187,2025,47.0
48189,2016,137.6
48189,2017,178.7
48189,2018,139.7
48189,2020,141.7
48189,2021,143.3
48189,2022,114.3
48189,2023,119.0
48195,2016,202.9
48195,2017,205.1
48195,2018,200.9
48195,2019,182.4
48195,2020,205.9
48195,2024,204.5
48195,2025,224.1
48205,2019,213.9
48205,2021,178.6
48209,2016,82.4
48209,2017,99.8
48209,2018,70.0
48209,2019,105.0
48209,2020,109.4
48209,2021,92.0
48209,2022,30.1
48215,2016,110.6
48215,2017,94.2
48215,2018,86.7
48215,2019,111.1
48215,2020,115.7
48215,2021,103.2
48215,2022,90.7
48215,2023,96.6
48215,2025,138.7
48217,2016,80.4
48217,2017,107.0
48217,2018,62.0
48217,2019,107.7
48217,2020,100.3
48217,2021,97.2
48217,2022,65.1
48217,2023,120.7
48217,2024,80.9
48217,2025,127.9
48219,2016,88.2
48219,2019,74.1
48219,2020,83.0
48231,2017,113.7
48231,2018,65.1
48231,2019,88.9
48231,2021,49.8
48231,2024,49.4
48233,2016,212.2
48233,2017,211.0
48233,2018,178.9
48233,2019,178.6
48233,2020,215.6
48233,2021,219.5
48233,2022,177.5
48239,2016,111.1
48239,2017,107.9
48239,2018,87.8
48239,2019,110.6
48239,2020,115.9
48239,2021,116.2
48239,2022,57.2
48239,2023,114.1
48239,2024,118.1
48239,2025,117.0
48249,2016,67.6
48249,2022,116.1
48251,2016,71.9
48251,2018,63.1
48251,2019,80.0
48251,2020,85.2
48251,2021,57.4
48251,2023,96.2
48255,2016,95.2
48255,2017,84.5
48255,2020,71.1
48255,2023,80.2
48255,2024,62.4
48273,2017,88.7
48273,2018,62.0
48273,2020,49.8
48273,2025,77.9
48277,2016,80.0
48277,2017,140.9
48277,2018,73.8
48277,2019,105.9
48277,2020,80.3
48277,2021,64.3
48277,2022,43.4
48279,2016,100.7
48279,2017,139.4
48279,2019,127.3
48279,2020,137.6
48279,2024,101.6
48279,2025,63.6
48285,2016,78.0
48285,2017,92.4
48285,2018,76.9
48285,2020,100.4
48285,2021,78.7
48285,2022,57.7
48285,2023,101.7
48285,2024,100.5
48287,2016,60.0
48287,2018,70.3
48287,2019,129.0
48287,2021,86.0
48287,2022,52.4
48287,2024,115.3
48293,2016,72.0
48293,2017,94.8
48293,2019,103.5
48293,2022,107.3
48293,2024,83.1
48295,2021,174.8
48295,2025,222.0
48297,2016,77.0
48305,2016,106.0
48305,2019,128.8
48305,2020,67.6
48305,2025,134.2
48309,2016,68.5
48309,2017,102.0
48309,2018,62.8
48309,2019,105.0
48309,2020,91.2
48309,2021,120.7
48309,2022,61.2
48309,2023,107.8
48309,2024,83.6
48309,2025,104.3
48321,2016,107.4
48321,2017,106.0
48321,2018,90.7
48321,2019,104.3
48321,2020,113.9
48321,2021,104.0
48321,2022,89.8
48321,2023,128.8
48321,2024,104.0
48321,2025,131.2
48325,2016,116.8
48325,2017,126.4
48325,2018,100.7
48325,2019,140.9
48325,2020,110.7
48325,2021,80.0
48325,2023,126.1
48325,2024,96.9
48325,2025,90.2
48331,2016,61.4
48331,2017,111.5
48331,2018,61.8
48331,2019,91.4
48331,2020,92.3
48331,2021,111.9
48331,2022,70.0
48331,2023,95.2
48331,2024,114.1
48341,2016,163.1
48341,2017,211.7
48341,2018,192.9
48341,2019,192.3
48341,2020,181.5
48341,2021,217.0
48341,2022,145.8
48341,2024,199.0
48341,2025,226.9
48349,2016,74.1
48349,2017,105.3
48349,2018,65.8
48349,2019,114.3
48349,2020,101.6
48349,2021,90.6
48349,2022,64.4
48349,2023,111.6
48349,2024,93.8
48349,2025,119.0
48355,2016,92.1
48355,2017,87.7
48355,2019,99.9
48355,2020,81.8
48355,2021,74.7
48355,2023,89.4
48357,2016,203.3
48357,2017,190.7
48357,2018,170.9
48357,2019,191.7
48357,2020,200.7
48357,2021,226.2
48357,2022,183.5
48357,2023,178.0
48369,2016,153.7
48369,2022,89.6
48369,2023,168.6
48369,2024,120.5
48381,2016,198.0
48381,2017,136.4
48381,2019,176.9
48391,2020,108.7
48391,2024,99.4
48393,2017,217.4
48395,2018,109.9
48395,2022,85.2
48395,2024,119.7
48395,2025,147.7
48409,2016,100.1
48409,2017,92.2
48409,2018,70.1
48409,2020,75.2
48409,2021,89.6
48409,2022,34.9
48409,2023,104.1
48409,2024,59.3
48409,2025,81.4
48421,2016,220.8
48421,2017,220.9
48421,2018,179.1
48421,2019,198.8
48421,2020,205.0
48421,2021,209.6
48421,2022,173.6
48421,2023,194.5
48421,2024,196.2
48421,2025,219.0
48427,2016,99.7
48437,2019,113.6
48437,2020,150.0
48437,2021,188.0
48451,2016,106.7
48451,2017,141.0
48451,2018,128.1
48451,2019,120.6
48451,2021,110.0
48451,2022,105.4
48451,2023,113.9
48451,2025,84.4
48453,2016,65.1
48453,2017,91.0
48453,2018,60.1
48453,2019,76.3
48453,2021,78.0
48453,2023,93.2
48453,2024,99.6
48453,2025,96.9
48463,2016,131.0
48463,2017,140.7
48463,2018,108.0
48463,2019,154.3
48463,2020,134.5
48463,2021,105.9
48463,2023,114.6
48463,2024,117.3
48463,2025,93.5
48469,2016,110.7
48469,2017,112.7
48469,2018,92.2
48469,2019,114.8
48469,2020,91.2
48469,2021,99.6
48469,2022,74.3
48469,2023,117.4
48469,2024,103.1
48469,2025,138.4
48473,2020,125.3
48473,2021,94.1
48473,2022,60.2
48481,2016,123.1
48481,2017,120.6
48481,2018,96.7
48481,2019,120.1
48481,2020,139.1
48481,2021,138.1
48481,2022,77.4
48481,2023,131.4
48481,2024,133.0
48481,2025,129.1
48485,2024,58.8
48487,2025,57.2
48489,2017,100.8
48489,2020,72.4
48489,2021,90.9
48489,2023,78.4
48489,2024,81.3
48491,2016,65.7
48491,2017,94.3
48491,2018,63.5
48491,2019,100.6
48491,2020,87.7
48491,2021,98.2
48491,2022,52.2
48491,2023,101.6
48491,2024,95.6
48491,2025,119.2
48493,2016,111.9
48493,2017,116.4
48493,2018,78.5
48493,2019,125.6
48493,2022,51.0
48507,2018,110.4
48507,2020,152.6
51001,2016,158.4
51001,2017,153.1
51001,2018,156.9
51001,2019,152.0
51001,2020,125.1
51001,2021,177.6
51001,2022,161.8
51001,2024,158.7
51001,2025,175.5
51003,2016,124.2
51007,2016,128.9
51007,2017,134.0
51007,2018,148.3
51007,2019,106.0
51007,2020,79.9
51007,2021,178.1
51007,2022,148.0
51007,2024,89.6
51007,2025,156.0
51011,2017,89.7
51011,2018,122.1
51011,2020,112.5
51011,2021,148.9
51011,2022,171.4
51011,2023,142.5
51011,2024,65.5
51011,2025,175.2
51015,2016,168.8
51015,2017,146.0
51015,2018,158.3
51015,2019,175.0
51015,2020,167.1
51015,2021,118.0
51015,2022,191.9
51015,2023,145.0
51015,2024,107.7
51015,2025,198.0
51019,2016,137.7
51019,2017,133.3
51019,2019,94.0
51019,2021,114.8
51019,2022,144.0
51023,2016,140.0
51023,2018,142.4
51023,2019,169.0
51023,2020,165.1
51023,2021,155.9
51023,2023,166.2
51023,2024,150.2
51023,2025,177.0
51025,2020,90.9
51025,2021,157.2
51025,2022,151.8
51029,2017,94.0
51031,2017,107.4
51031,2018,114.7
51031,2020,122.3
51031,2021,115.0
51031,2022,158.8
51031,2023,145.9
51031,2025,154.7
51033,2016,159.2
51033,2017,150.1
51033,2018,146.4
51033,2019,129.0
51033,2021,156.8
51033,2022,167.8
51033,2023,178.8
51033,2024,70.1
51033,2025,170.6
51036,2016,153.6
51036,2017,126.8
51036,2019,125.0
51036,2020,137.7
51036,2021,167.7
51036,2022,173.9
51036,2023,162.4
51036,2024,137.5
51036,2025,173.0
51037,2016,98.8
51037,2017,99.5
51037,2018,120.9
51037,2019,106.0
51037,2020,102.2
51037,2021,144.2
51037,2022,135.4
51037,2023,137.3
51041,2019,159.0
51041,2022,143.5
51041,2024,105.9
51041,2025,166.5
51045,2020,111.4
51045,2021,100.0
51045,2023,131.9
51047,2016,173.8
51047,2017,152.0
51047,2018,165.9
51047,2019,130.9
51047,2020,135.3
51047,2021,144.2
51047,2022,188.8
51047,2023,148.1
51047,2024,108.1
51047,2025,187.1
51049,2016,128.8
51049,2022,156.3
51053,2017,126.9
51053,2018,145.2
51053,2019,146.1
51053,2020,72.2
51053,2021,177.2
51053,2022,148.4
51053,2023,166.4
51053,2024,119.5
51057,2016,130.2
51057,2017,127.8
51057,2018,135.8
51057,2019,157.0
51057,2020,95.1
51057,2021,170.0
51057,2022,176.7
51057,2023,170.8
51057,2024,79.0
51057,2025,176.8
51061,2016,165.8
51061,2017,151.4
51061,2018,145.3
51061,2019,159.0
51061,2020,144.0
51061,2021,152.9
51061,2022,190.0
51061,2023,166.3
51061,2024,120.1
51061,2025,213.9
51067,2016,147.5
51067,2017,120.5
51067,2018,114.9
51067,2019,141.1
51067,2020,123.1
51067,2021,136.7
51067,2022,141.8
51067,2023,165.8
51067,2025,183.6
51069,2016,137.6
51069,2017,142.8
51069,2018,159.4
51069,2019,130.9
51069,2020,139.1
51069,2021,156.4
51069,2022,179.4
51069,2023,104.4
51069,2024,64.7
51069,2025,143.9
51073,2016,146.3
51073,2018,144.4
51073,2020,126.8
51073,2021,171.6
51073,2022,169.5
51073,2023,130.4
51081,2016,138.6
51081,2017,100.0
51081,2018,138.2
51081,2020,106.7
51081,2021,140.4
51081,2022,149.4
51083,2016,108.7
51083,2017,86.9
51083,2020,107.6
51083,2023,134.8
51085,2016,161.1
51089,2025,160.8
51093,2016,147.4
51093,2019,135.0
51093,2020,109.5
51093,2021,180.0
51093,2022,136.2
51093,2023,139.3
51097,2016,130.4
51097,2017,129.3
51097,2018,133.6
51097,2019,140.0
51097,2020,125.3
51097,2021,161.2
51097,2022,166.1
51097,2023,164.0
51097,2025,163.1
51099,2017,148.8
51099,2018,124.8
51101,2016,155.7
51101,2017,152.3
51101,2018,152.3
51101,2019,157.0
51101,2020,135.0
51101,2021,195.1
51101,2022,175.0
51103,2023,162.5
51105,2016,133.6
51105,2017,104.2
51105,2020,134.9
51105,2021,126.3
51105,2022,125.4
51105,2024,109.2
51105,2025,111.6
51107,2016,152.9
51107,2017,125.0
51107,2025,167.5
51109,2016,155.7
51109,2018,153.6
51109,2019,188.0
51111,2019,124.2
51111,2020,69.8
51111,2021,162.4
51111,2022,118.8
51111,2023,150.0
51113,2016,152.1
51113,2017,153.1
51113,2018,132.9
51113,2019,166.0
51113,2020,151.3
51113,2021,157.8
51113,2022,191.5
51113,2023,146.6
51113,2024,101.6
51113,2025,198.1
51115,2020,118.2
51115,2021,150.4
51117,2016,105.1
51117,2017,109.1
51117,2020,107.5
51117,2021,172.2
51117,2022,151.8
51117,2023,124.2
51117,2025,125.9
51119,2016,147.5
51119,2017,140.8
51119,2018,147.1
51119,2019,123.0
51119,2020,128.7
51119,2021,180.6
51119,2022,189.4
51119,2023,185.2
51119,2025,165.0
51125,2025,177.5
51127,2018,135.3
51127,2019,145.0
51127,2020,142.0
51127,2021,165.0
51127,2023,168.7
51127,2024,84.0
51127,2025,150.7
51131,2016,170.3
51131,2017,155.2
51131,2018,166.2
51131,2019,128.0
51131,2020,100.2
51131,2021,181.3
51131,2022,166.0
51131,2023,179.2
51131,2024,139.2
51131,2025,111.4
51133,2016,139.5
51133,2017,149.3
51133,2018,140.7
51133,2019,136.0
51133,2020,121.6
51133,2021,179.8
51133,2022,186.5
51133,2023,171.2
51133,2024,127.5
51133,2025,179.7
51135,2016,138.8
51135,2017,95.7
51135,2019,138.8
51135,2021,160.6
51135,2023,171.0
51135,2024,85.3
51137,2016,150.9
51137,2017,140.4
51137,2018,147.5
51137,2019,178.0
51137,2020,135.8
51137,2021,174.0
51137,2022,189.8
51137,2023,184.0
51137,2024,119.9
51137,2025,188.3
51139,2016,130.9
51139,2018,133.2
51139,2019,122.9
51139,2020,119.0
51139,2021,122.8
51139,2022,164.2
51139,2023,69.9
51139,2024,52.6
51139,2025,169.7
51143,2016,102.2
51143,2017,92.2
51143,2018,99.4
51143,2019,90.5
51143,2020,95.0
51143,2022,93.3
51145,2018,152.6
51145,2022,178.1
51147,2016,139.5
51147,2017,88.5
51147,2018,132.6
51147,2020,109.7
51149,2016,158.4
51149,2019,117.0
51149,2022,165.8
51149,2023,177.6
51159,2017,127.0
51159,2018,135.3
51159,2019,147.0
51159,2020,124.5
51159,2021,163.2
51159,2022,183.7
51159,2023,180.0
51159,2024,101.5
51159,2025,172.1
51163,2016,157.9
51163,2017,158.5
51163,2018,141.1
51163,2019,131.1
51163,2020,133.8
51163,2024,100.0
51163,2025,141.0
51165,2016,163.2
51165,2017,169.0
51165,2018,152.7
51165,2019,173.5
51165,2020,146.6
51165,2021,132.3
51165,2022,191.2
51165,2023,113.0
51165,2024,103.4
51165,2025,217.1
51167,2018,150.9
51169,2016,130.0
51169,2020,123.5
51169,2024,110.0
51171,2016,163.4
51171,2017,146.0
51171,2018,159.6
51171,2019,164.5
51171,2020,146.3
51171,2021,131.2
51171,2022,183.0
51171,2023,91.2
51171,2024,126.5
51171,2025,203.0
51175,2016,144.9
51175,2017,151.5
51175,2019,147.0
51175,2020,111.0
51175,2021,152.6
51175,2022,164.3
51175,2023,155.1
51175,2024,139.2
51177,2016,149.2
51177,2017,120.7
51177,2018,138.7
51177,2021,153.6
51177,2023,172.0
51177,2025,198.0
51179,2016,139.7
51179,2017,131.3
51179,2021,163.1
51179,2022,188.2
51179,2024,110.2
51179,2025,172.7
51181,2016,143.7
51181,2017,131.3
51181,2018,134.0
51181,2019,152.0
51181,2020,137.7
51181,2021,178.2
51181,2022,166.0
51181,2024,157.2
51181,2025,157.3
51183,2020,126.5
51183,2021,159.1
51183,2022,151.5
51183,2024,131.4
51191,2016,110.7
51191,2017,130.5
51191,2018,111.4
51191,2019,160.9
51191,2022,138.5
51193,2016,137.0
51193,2017,153.9
51193,2018,148.6
51193,2019,146.0
51193,2020,143.2
51193,2021,189.0
51193,2022,178.9
51193,2023,159.1
51193,2024,93.6
51193,2025,177.0
51197,2016,149.9
51197,2018,134.3
51197,2020,169.5
51197,2025,138.6
51550,2016,173.0
51550,2017,166.6
51550,2018,163.7
51550,2019,175.4
51550,2020,130.5
51550,2021,140.2
51550,2023,174.8
51550,2024,177.8
51800,2016,131.5
51800,2017,142.2
51800,2018,151.7
51800,2020,63.5
51800,2021,152.8
51800,2022,130.1
51800,2023,139.5
51800,2024,127.2
51810,2018,158.0
51810,2020,118.6
51810,2021,167.2
51810,2023,190.5
53001,2017,228.4
53001,2021,207.9
53001,2022,208.0
53001,2023,234.1
53001,2024,214.1
53001,2025,264.8
53005,2018,270.2
53005,2020,242.8
53021,2022,215.1
53021,2023,224.3
53025,2017,198.4
53025,2020,219.4
53025,2021,247.7
53025,2022,217.4
53025,2023,235.6
53025,2024,230.0
53025,2025,261.8
53071,2018,218.5
53071,2020,201.8
53071,2021,224.5
53077,2017,202.1
53077,2020,215.6
53077,2021,215.9
53077,2022,218.3
53077,2023,232.9
54003,2016,119.3
54023,2016,120.0
54025,2016,167.2
54027,2016,113.3
54031,2016,144.5
54037,2016,165.8
54053,2016,147.6
54057,2016,163.1
54071,2016,128.2
54075,2016,160.0
54077,2016,135.5
54107,2016,129.3
55001,2016,132.2
55001,2017,114.3
55001,2019,116.8
55001,2020,124.8
55001,2021,128.8
55001,2022,173.2
55001,2024,120.1
55001,2025,151.4
55003,2017,82.6
55005,2016,164.4
55005,2017,152.4
55005,2018,161.7
55005,2019,133.2
55005,2020,165.7
55005,2021,169.1
55005,2022,155.9
55005,2023,150.4
55005,2024,160.0
55005,2025,167.3
55007,2020,128.9
55007,2021,126.2
55007,2022,115.6
55007,2023,122.9
55009,2016,174.0
55009,2020,157.5
55009,2021,173.9
55009,2022,170.9
55009,2023,175.6
55009,2025,190.2
55011,2016,169.5
55011,2017,167.8
55011,2018,169.5
55011,2019,156.8
55011,2020,170.9
55011,2021,170.3
55011,2022,176.9
55011,2023,186.2
55011,2024,168.8
55011,2025,179.6
55013,2016,143.9
55013,2017,148.6
55013,2018,127.9
55013,2019,119.6
55013,2020,143.5
55013,2021,137.7
55013,2022,135.3
55013,2023,124.3
55013,2024,124.3
55013,2025,140.4
55015,2017,173.1
55015,2018,158.8
55015,2020,164.8
55015,2021,186.6
55015,2022,177.9
55015,2023,172.9
55015,2024,135.3
55015,2025,187.5
55017,2016,161.9
55017,2017,162.9
55017,2018,146.6
55017,2019,152.0
55017,2020,163.4
55017,2021,170.3
55017,2022,162.0
55017,2023,167.1
55017,2024,181.0
55017,2025,173.1
55019,2016,154.7
55019,2017,144.9
55019,2018,112.3
55019,2019,121.6
55019,2020,167.2
55019,2021,162.7
55019,2022,148.8
55019,2023,149.4
55019,2024,135.3
55019,2025,159.5
55021,2016,200.9
55021,2017,193.5
55021,2018,185.7
55021,2019,166.8
55021,2020,181.2
55021,2021,191.7
55021,2022,192.0
55021,2023,185.1
55021,2024,201.1
55021,2025,208.5
55023,2016,168.1
55023,2017,167.9
55023,2018,166.2
55023,2019,159.4
55023,2020,169.5
55023,2021,178.5
55023,2022,184.6
55023,2023,154.5
55023,2024,178.3
55023,2025,168.5
55025,2016,192.5
55025,2017,191.4
55025,2018,188.9
55025,2019,178.7
55025,2020,187.8
55025,2021,192.4
55025,2022,197.4
55025,2023,196.9
55025,2024,195.2
55025,2025,214.2
55027,2016,187.4
55027,2017,187.7
55027,2018,191.6
55027,2019,170.9
55027,2020,200.4
55027,2021,199.5
55027,2022,197.0
55027,2023,199.9
55027,2024,177.8
55027,2025,203.3
55029,2017,146.9
55029,2019,132.5
55029,2020,124.6
55029,2021,176.0
55029,2022,171.4
55029,2023,165.1
55029,2024,117.7
55029,2025,159.4
55033,2016,169.3
55033,2017,180.5
55033,2018,173.7
55033,2019,177.2
55033,2020,170.2
55033,2021,190.4
55033,2022,170.8
55033,2023,182.9
55033,2024,167.8
55033,2025,172.9
55035,2016,162.0
55035,2017,162.6
55035,2018,159.2
55035,2019,161.9
55035,2020,168.5
55035,2021,177.9
55035,2022,151.2
55035,2023,169.0
55035,2025,173.9
55039,2016,186.1
55039,2017,182.7
55039,2018,183.8
55039,2019,183.6
55039,2020,177.7
55039,2021,194.5
55039,2022,187.9
55039,2023,192.5
55039,2024,180.1
55039,2025,204.7
55043,2016,202.4
55043,2017,191.3
55043,2018,202.7
55043,2019,196.0
55043,2020,190.0
55043,2021,208.3
55043,2022,211.4
55043,2023,207.8
55043,2024,202.5
55043,2025,201.9
55045,2016,199.0
55045,2017,192.5
55045,2019,186.8
55045,2020,194.0
55045,2021,196.7
55045,2022,199.1
55045,2023,185.2
55045,2024,187.8
55045,2025,217.7
55047,2016,184.3
55047,2017,182.6
55047,2018,168.2
55047,2019,187.2
55047,2020,165.4
55047,2021,178.4
55047,2022,185.4
55047,2024,168.3
55047,2025,182.4
55049,2016,187.2
55049,2017,169.4
55049,2018,190.4
55049,2019,190.2
55049,2020,191.5
55049,2021,189.3
55049,2022,188.1
55049,2023,195.5
55049,2024,203.5
55049,2025,197.0
55053,2016,175.1
55053,2017,166.5
55053,2018,151.1
55053,2019,160.6
55053,2020,164.4
55053,2021,178.2
55053,2022,161.3
55053,2023,160.5
55053,2024,182.3
55053,2025,183.5
55055,2016,195.3
55055,2017,173.4
55055,2019,174.3
55055,2020,172.8
55055,2021,183.8
55055,2022,190.4
55055,2023,180.8
55055,2024,169.3
55055,2025,196.1
55057,2016,177.4
55057,2017,164.5
55057,2018,158.8
55057,2019,150.5
55057,2020,156.7
55057,2021,155.3
55057,2022,167.6
55057,2023,142.3
55057,2024,141.0
55057,2025,186.5
55059,2016,157.6
55059,2017,168.1
55059,2020,177.7
55059,2021,175.1
55059,2022,180.7
55059,2023,182.5
55059,2024,182.3
55059,2025,193.5
55061,2016,170.6
55061,2020,152.0
55061,2021,182.4
55061,2022,171.4
55061,2023,167.0
55061,2024,166.2
55063,2016,172.0
55063,2017,166.5
55063,2018,170.0
55063,2019,171.4
55063,2020,168.0
55063,2021,172.3
55063,2022,171.9
55063,2023,162.7
55063,2024,176.7
55063,2025,172.2
55065,2016,203.0
55065,2017,206.0
55065,2018,197.3
55065,2019,194.3
55065,2020,204.0
55065,2021,210.9
55065,2022,217.6
55065,2023,210.0
55065,2024,214.0
55065,2025,217.9
55067,2018,118.2
55067,2020,139.1
55067,2021,166.5
55067,2022,149.8
55067,2023,149.1
55067,2024,123.6
55067,2025,155.8
55069,2017,128.7
55069,2018,135.8
55069,2020,136.4
55069,2021,159.7
55069,2022,139.2
55069,2023,146.8
55069,2024,115.4
55069,2025,135.2
55071,2016,178.0
55071,2017,177.7
55071,2018,177.8
55071,2019,163.0
55071,2020,156.5
55071,2021,189.4
55071,2022,180.0
55071,2023,171.8
55071,2024,161.7
55071,2025,159.0
55073,2016,148.2
55073,2017,157.2
55073,2018,150.4
55073,2020,136.3
55073,2021,156.7
55073,2022,149.0
55073,2023,153.8
55073,2024,149.1
55073,2025,152.6
55075,2018,135.2
55075,2019,126.9
55075,2020,140.8
55075,2021,169.6
55075,2022,133.1
55075,2023,161.6
55075,2024,144.9
55075,2025,159.5
55077,2016,150.8
55077,2017,145.9
55077,2019,138.0
55077,2020,126.2
55077,2021,141.5
55077,2022,143.1
55077,2023,159.1
55077,2024,126.0
55077,2025,163.9
55079,2016,145.0
55079,2020,191.1
55079,2021,185.7
55079,2022,189.1
55079,2023,197.3
55081,2016,162.4
55081,2017,161.8
55081,2018,149.6
55081,2019,156.8
55081,2020,154.2
55081,2021,146.3
55081,2022,162.5
55081,2023,157.5
55081,2024,182.9
55081,2025,167.9
55083,2016,153.4
55083,2017,146.5
55083,2018,143.9
55083,2019,118.8
55083,2020,149.7
55083,2021,168.7
55083,2022,151.2
55083,2023,168.7
55083,2024,159.6
55083,2025,177.1
55087,2016,185.2
55087,2017,166.7
55087,2018,174.7
55087,2019,127.5
55087,2020,173.4
55087,2021,181.4
55087,2022,182.2
55087,2023,163.1
55087,2024,158.0
55087,2025,174.3
55089,2016,174.7
55089,2019,154.6
55089,2020,151.7
55089,2021,187.7
55089,2022,182.0
55089,2023,182.3
55089,2024,154.4
55089,2025,184.5
55091,2016,170.3
55091,2017,176.0
55091,2018,173.3
55091,2019,174.1
55091,2020,168.4
55091,2021,176.8
55091,2022,172.0
55091,2023,182.9
55091,2024,167.4
55091,2025,179.5
55093,2016,189.2
55093,2017,194.7
55093,2018,189.2
55093,2019,173.5
55093,2020,186.4
55093,2021,185.9
55093,2022,181.3
55093,2023,200.0
55093,2024,174.5
55093,2025,196.6
55095,2016,169.3
55095,2017,158.7
55095,2018,164.0
55095,2019,148.5
55095,2020,170.3
55095,2021,159.8
55095,2022,156.2
55095,2023,145.3
55095,2024,161.0
55095,2025,173.7
55097,2016,162.7
55097,2017,162.7
55097,2018,168.1
55097,2019,170.6
55097,2020,146.9
55097,2021,167.0
55097,2022,174.4
55097,2023,149.6
55097,2024,159.5
55097,2025,180.5
55099,2019,125.0
55099,2020,119.6
55099,2021,126.8
55099,2022,122.6
55099,2023,134.6
55099,2024,150.7
55099,2025,151.8
55101,2016,184.6
55101,2017,175.6
55101,2018,172.8
55101,2019,161.0
55101,2020,180.7
55101,2021,181.2
55101,2022,179.3
55101,2023,191.5
55101,2024,189.6
55101,2025,205.1
55103,2016,159.4
55103,2017,158.0
55103,2018,164.9
55103,2019,151.8
55103,2020,163.2
55103,2021,164.8
55103,2022,179.5
55103,2023,148.8
55103,2024,179.7
55103,2025,175.0
55105,2016,201.6
55105,2017,194.8
55105,2018,184.2
55105,2019,198.1
55105,2020,193.4
55105,2021,194.4
55105,2022,204.8
55105,2023,187.2
55105,2024,186.4
55105,2025,217.4
55107,2016,145.8
55107,2018,143.7
55107,2019,111.1
55107,2020,136.1
55107,2021,161.4
55107,2022,152.4
55107,2023,155.6
55107,2024,132.1
55107,2025,158.3
55109,2016,178.9
55109,2017,174.8
55109,2018,162.9
55109,2019,178.8
55109,2020,182.7
55109,2021,171.7
55109,2022,166.0
55109,2023,182.3
55109,2024,177.5
55109,2025,194.4
55111,2016,181.8
55111,2017,169.7
55111,2018,172.8
55111,2019,152.6
55111,2020,168.9
55111,2021,171.3
55111,2022,179.8
55111,2023,158.6
55111,2024,155.3
55111,2025,191.9
55113,2016,139.2
55113,2018,127.8
55113,2020,143.2
55113,2021,150.9
55113,2022,151.9
55113,2023,133.0
55113,2024,156.4
55115,2016,164.5
55115,2017,166.6
55115,2018,153.4
55115,2019,131.1
55115,2020,152.1
55115,2021,176.2
55115,2022,170.5
55115,2023,165.1
55115,2025,170.4
55117,2016,168.4
55117,2017,169.3
55117,2018,156.4
55117,2019,183.2
55117,2020,161.3
55117,2021,178.4
55117,2022,170.3
55117,2023,183.0
55117,2024,143.4
55117,2025,181.1
55119,2016,152.7
55119,2017,111.9
55119,2020,146.9
55119,2021,174.3
55119,2022,139.1
55119,2023,167.1
55119,2024,113.4
55119,2025,137.3
55121,2016,170.0
55121,2017,162.9
55121,2018,156.7
55121,2019,158.3
55121,2020,161.6
55121,2021,164.9
55121,2022,167.0
55121,2023,147.1
55121,2024,166.7
55121,2025,172.7
55123,2016,174.8
55123,2017,159.6
55123,2018,164.7
55123,2019,155.3
55123,2020,176.0
55123,2021,169.3
55123,2022,172.4
55123,2023,140.0
55123,2024,177.9
55123,2025,182.1
55127,2016,182.0
55127,2017,175.8
55127,2018,194.1
55127,2019,174.1
55127,2020,190.5
55127,2021,178.7
55127,2022,197.1
55127,2023,192.4
55127,2024,197.7
55127,2025,213.6
55129,2016,154.3
55129,2017,152.3
55129,2018,170.6
55129,2019,155.1
55129,2020,158.1
55129,2021,167.3
55129,2022,158.9
55129,2023,132.6
55129,2024,153.0
55129,2025,158.4
55131,2016,178.8
55131,2017,177.8
55131,2018,165.9
55131,2019,166.7
55131,2020,171.0
55131,2021,179.8
55131,2022,175.3
55131,2023,164.4
55131,2024,157.4
55131,2025,177.4
55133,2016,180.0
55133,2017,181.5
55133,2018,182.0
55133,2019,169.3
55133,2020,166.2
55133,2021,184.4
55133,2022,181.1
55133,2023,172.4
55133,2024,179.4
55133,2025,195.9
55135,2016,157.9
55135,2017,165.7
55135,2018,156.8
55135,2019,138.8
55135,2020,159.4
55135,2021,171.7
55135,2022,175.3
55135,2023,162.4
55135,2024,140.8
55135,2025,167.0
55137,2016,165.4
55137,2017,161.5
55137,2018,163.4
55137,2019,172.0
55137,2020,151.8
55137,2021,187.8
55137,2022,174.7
55137,2023,179.7
55137,2024,143.2
55137,2025,172.6
55139,2016,156.2
55139,2017,164.0
55139,2018,160.4
55139,2019,140.2
55139,2020,149.9
55139,2021,173.3
55139,2022,172.0
55139,2023,176.1
55139,2024,148.6
55139,2025,192.3
55141,2016,157.1
55141,2017,138.5
55141,2018,155.7
55141,2019,141.0
55141,2020,160.9
55141,2021,172.1
55141,2022,167.9
55141,2023,157.0
55141,2024,128.6
55141,2025,177.7
56015,2016,147.4
56021,2016,113.8
