"stco","whc","sand","silt","clay","om","kwfactor","kffactor","spH","slope","tfactor"
1001,24.5376441256803,60.0392436450764,19.9239025268965,20.0368538280271,112.607163634605,0.222189469161518,0.225093332385919,5.1318088144838,51.0964522904943,4.95806229038203
1003,23.7388386865109,58.1045918664709,22.3676981666407,19.5277099668884,153.853624908997,0.254451112257626,0.26054101836848,4.94092044965527,108.040514120176,4.94887661800804
1005,21.6020813596448,61.4712017273716,16.4716423728991,22.0571558997293,90.3376818568051,0.212765440984465,0.212828776091616,5.12060148469027,66.7469105932362,4.9229882147624
1007,26.0137011193824,50.8768544877236,24.5538795277324,24.569265984544,75.8396600672492,0.244438762402746,0.258109566058708,4.96778812013862,41.0914459989925,4.85416034366649
1009,17.8980136441216,37.3464704676155,33.5772463740601,29.0762831583244,79.3506233471018,0.24237704221661,0.296629458214695,4.91674120740488,31.2438372874567,3.10672503012975
1011,22.8694222692337,37.0018911319467,26.7223677642912,36.2757411037621,123.350677658258,0.232766837188236,0.234894218117624,5.65458694184038,45.6814547780953,4.99001887700637
1013,24.4667389150864,50.4907769059568,21.2334626327417,28.2757604613015,71.8238527878781,0.22081722953094,0.220817233925488,5.01502635391198,63.2829935947837,4.85745514902265
1015,22.522884160497,25.8442292875683,40.3938646473611,33.7619060650706,94.845009951365,0.249194685801171,0.312454606599034,5.20793025691905,39.0860324175986,4.36306753113233
1017,21.1782587743964,44.8816759706242,22.7010243332122,32.4172996961636,79.8780160134661,0.215128657184789,0.22619975132734,5.35371055757316,37.5819734933373,4.91411317454059
1019,22.1816440790407,31.049899474964,37.1231706448445,31.8269298801915,89.0187744214918,0.259681529038187,0.303349268779143,4.96923362268077,38.5147752252225,4.14943756524084
1021,21.5185482873783,52.1076531607286,24.6845033851359,23.2078434541355,50.1726582848551,0.236859352464825,0.26955322951242,4.95938711905737,34.4051159299497,4.73745036114073
1023,24.458951275929,44.9117710367094,29.9277225332884,25.1605064300023,36.0039200236148,0.301206674066898,0.301415299018639,5.21950019429506,43.7370532029806,4.66717305564082
1025,27.0145618449735,55.2108666357809,22.4398100526947,22.3493233115244,76.3265153026921,0.24807485238139,0.252283721642852,5.03469724574647,33.4505040938209,4.91794732197275
1027,24.2619127466218,47.6671192643419,27.0467281662371,25.286152569421,49.6863204086804,0.254622750444599,0.260984225866607,5.12356892995652,36.5770349581229,4.755366075928
1029,21.399616892659,43.5372875072759,31.664972272089,24.797740220635,50.8260824304753,0.275762389693534,0.306878750945404,5.17269937550197,29.1471153534643,4.53026073128694
1031,23.5958180687421,59.9313811834558,16.8131458023975,23.2554730141467,69.0504741688182,0.202356778790009,0.204673371211741,5.08407162541727,73.1656937294291,4.94071735462172
1033,32.4098992185238,16.1054201410109,42.0768022204941,41.8177776384949,82.9713720916764,0.260614264397756,0.266647389017849,5.21267312957653,50.785684893303,4.7636056790564
1035,25.0787124101472,52.0115551488465,20.7330243076711,27.2554205434824,52.2908137299445,0.219020708561512,0.220733982013855,5.12909061496668,60.4636430504197,4.94862165641905
1037,24.9794586950117,45.4893733580933,28.0854994783303,26.4251271635763,81.5503044622074,0.268714689610998,0.278565245000531,5.30024725561003,36.7012697748059,4.50114029636473
1039,20.9074434286767,63.3440404104646,15.0088452164547,21.6471143730807,94.0174696882495,0.185314270043201,0.185824753869929,5.15539016935802,62.6570253335997,4.98741207202653
1041,23.9496888277922,61.1205127279215,15.3794391984052,23.5000480736733,67.831815298341,0.19997121065258,0.199972820505385,5.06766149523959,66.2145388542129,4.96378834778692
1043,16.1863840793931,39.0976661706534,34.4808007295012,26.4215330998454,71.0841681570115,0.292395166886103,0.310317717841464,4.94193469964462,37.4619022584891,3.03917142989242
1045,21.6762284107653,65.3003036732983,14.2006430049733,20.4990533217284,63.8572561362192,0.20489838939697,0.205068020588038,5.08945188733208,72.1548936663263,4.90316900903666
1047,25.4826781326938,35.7969806962925,29.0584101500569,35.1446091536506,89.4797333396326,0.240044927907319,0.240218762005547,5.99659993140729,49.3220137116963,4.50398650497037
1049,16.5249793142297,43.0986308896032,33.2516820406436,23.6496870697531,82.4360471244383,0.293594828205988,0.306222355705625,4.77896726531652,40.0294372872733,2.86430171980489
1051,20.4212522326676,53.2344913635614,20.7371881595111,26.0283204769275,93.6341951052386,0.220841475180133,0.223625066403838,5.15579171117822,44.4468825025422,4.32552955792598
1053,26.1165456503938,50.4715952524569,24.7522838968161,24.776120850727,153.711112395672,0.200361233221437,0.200945610798704,5.11894563462105,80.0321816383512,4.97074762024532
1055,19.0206734071336,31.6278974951404,38.7486247630189,29.6234777418407,93.7974148307014,0.271488351830862,0.309122387041904,4.94532100399935,39.3969994509899,3.86175843953942
1057,22.7727567721077,46.4428531183474,31.3745245976461,22.1826222840065,57.2838017920095,0.310938197300539,0.322252405034854,4.86245424716356,47.1600124280779,4.3952681666098
1059,19.7680244029875,39.2061066969225,32.2284180170762,28.5654752860012,69.6183073973026,0.272260190930939,0.296240438557218,5.20678873362466,38.6094189434493,4.00831638222438
1061,20.0085156427061,61.2560706109058,16.1289472268484,22.6149821622457,87.2411052046667,0.197671470255827,0.198570081876759,5.15077809211128,67.4096356325358,4.88248965974853
1063,22.5597848604166,31.2069504369084,32.2152811840166,36.577768379075,96.6926035130626,0.264922341147037,0.272643904241896,6.13174761223516,47.768450932567,4.35649938086975
1065,20.81842037743,25.8367927804009,32.0557103595282,42.1074968600709,123.180629174995,0.259155427507533,0.278690218708529,6.70705210386103,49.8873236568253,4.1470830064959
1067,20.9457058873873,61.2171251106081,14.8959051557289,23.886969733663,88.2459110458696,0.192362774628088,0.19566845731068,5.1777724201933,80.2124273098758,4.9233536131664
1069,21.1940040479559,63.5577956486602,12.2664078380021,24.1757965133377,60.2571956583286,0.180858441020212,0.180868029753028,5.20923791537961,59.020965915924,4.94336425222409
1071,20.9780548491717,33.0296293954547,36.1258840660129,30.8444865385324,83.1237409296213,0.285133089779994,0.297812501268605,5.27635582403053,36.1257967283668,4.09000303853501
1073,17.7319734106473,36.806697911614,35.9129786964868,27.2803233918992,88.8045237800021,0.245372610249046,0.313673823488093,5.21467210708304,30.7593341304642,3.96567154746158
1075,28.0224736914557,45.4925456782979,28.4668636802369,26.0405906414652,101.523769108819,0.284169936897777,0.286616511530399,4.80254850637841,27.5223265735847,4.67955828581957
1077,28.2906475472861,17.424139696089,45.959157018842,36.616703285069,66.7692302554975,0.287188345499031,0.335674024128978,5.03969281898357,42.7206510068305,4.59650363500457
1079,23.1124860132955,23.2020842277382,41.4431924182748,35.3547233539869,81.4070900248272,0.304138009547262,0.316159097398584,5.53562719085153,42.6946448924252,4.10888105701883
1081,20.9635464203426,52.8527821460713,19.8909035565334,27.2563142973953,84.0117067273655,0.206710940484333,0.207213697383215,5.27704323973745,42.913544425847,4.94601690204712
1083,26.0817896202667,17.5829769902895,45.6377982997125,36.779224709998,85.8671012338887,0.296488557509536,0.329092727320627,5.17041962182499,51.218291331736,4.68643315987208
1085,25.880688535453,33.0487117578339,28.8599430893144,38.0913451528516,100.198068040513,0.25625883851423,0.256445359977107,6.51263027193921,51.494782964587,4.22060323950212
1087,25.5602978298109,47.4607507754912,21.571224534581,30.9680246899277,72.0649587981358,0.22826555659828,0.22908780525621,5.35243807968638,55.9562135651111,4.94349711647752
1089,24.6142091164027,18.3411235436714,45.3679214841448,36.2909549721838,103.269420632878,0.291404875760015,0.325636854291234,5.32188548554504,47.1708991669448,4.64877237913965
1091,21.7954721547481,26.2279730191682,28.6351222048896,45.1369047759422,119.579946169798,0.246070875691369,0.256688089708069,6.56754311968689,48.247247674611,4.35892718541722
1093,20.9902490789083,47.4913037732698,30.5866496483178,21.9220465784124,52.4964567397046,0.29674336135306,0.313009536963313,4.83537184519575,39.291898824377,4.22453220801448
1095,17.213921859931,41.1640902868292,31.74045225596,27.0954574572108,65.0041649779697,0.286283266302684,0.292274188947351,5.06239097831112,44.5440875549738,3.40791124527045
1097,26.7062180367643,60.3737060924684,22.5131065824588,17.1131873250728,155.909493838544,0.246525523817281,0.250077308679901,5.15314399783683,97.4254601921711,4.94589803673012
1099,25.4522064608305,49.0922603010418,26.410847131957,24.4968925670012,36.5629535289392,0.220342256994207,0.228724633201823,5.0131628146464,86.6934072098622,4.9786328696155
1101,20.5356638704953,23.3963907625516,34.0700233616506,42.5335858757978,73.5872006019838,0.267545759335237,0.281255322578495,6.32775890917504,49.6232165358627,4.24100293702998
1103,21.3342770864198,31.7275409109977,36.3870356273516,31.8854234616507,84.4286886450391,0.297777351687761,0.307562879729749,5.28510354560693,40.9101166540298,4.06564221028163
1105,22.2614382805399,22.5674547426741,30.6591200131425,46.7734252441834,102.258778716788,0.246948456598515,0.24805667877695,6.41048175478927,55.4170014996587,4.58504251073328
1107,23.1813950859862,36.3508945092479,30.7323111008736,32.9167943898785,88.2024284090471,0.271542147543867,0.271573272372509,5.43613324082904,50.9927883783076,4.53222738063551
1109,20.2402857303579,60.6713461744047,15.6992221930943,23.629431632501,90.5616337176725,0.19117273016021,0.191177422998843,5.07369857985237,49.4472406536577,4.95989925775651
1111,19.4030491577609,55.2987005076687,18.7693774536565,25.9319220386749,69.4762785441103,0.169608870017243,0.216382264213641,5.31216147976082,32.8696787872274,4.58742559701997
1113,21.4710844377522,52.1620104030182,19.625417150756,28.2125724462258,66.0117066460414,0.229883379187906,0.22988482667913,4.97002352643254,57.3485323007736,4.87435085292063
1115,19.6408510106677,28.1966592825593,39.5474092443092,32.2559314731315,52.1734757419678,0.25491298058648,0.320897261556329,5.0285151391277,35.5042935865596,4.22722806773967
1117,22.4822875260673,29.0581630778168,37.1911656985035,33.7506712236797,130.546931150698,0.253137843158106,0.301739130474302,5.05538534348881,33.9191184469134,4.44224836402994
1119,20.919774760854,21.674271243971,36.9912656073401,41.3344631486888,58.7014736179279,0.244280200646471,0.298362222879763,6.52959433151956,45.2329947329741,4.09134856257407
1121,24.9805321426571,29.0687655487657,34.5685528713714,36.362681579863,96.3758599069908,0.237479007521127,0.270161689356662,5.12137071416353,37.2361402504014,4.77485862643714
1123,25.0071972805739,48.9285595412215,23.1577585404081,27.9136819183704,74.1485486167223,0.242633247221728,0.246409681852494,5.28440999212908,35.4860403345136,4.74231650530168
1125,28.9265968099421,37.6115697391687,37.4716406111423,24.916789649689,127.021503116199,0.322495825988648,0.328320351302968,5.10253286254769,41.7284116955905,4.71485409456528
1127,13.142159854201,46.4792501091181,31.3561430209694,22.1646068699126,51.825253607357,0.266566187479552,0.296690340368714,5.05110895926117,32.5271933233974,3.45106296876336
1129,28.4533473160102,59.0708465055182,22.0717281433412,18.8574253511406,84.3420099344671,0.256949593830517,0.258234547643577,4.94038763460036,50.8519969806599,4.86086750324695
1131,24.1046441521317,36.154562965823,26.3843036933444,37.4611333408326,70.7517626969573,0.243750061772075,0.259230372103544,5.77244070807502,47.9331385552737,4.62629216200117
1133,16.4657671352275,47.1181068548683,30.3197224560515,22.5621706890803,64.5543647917554,0.254775618356968,0.267114082901265,4.97136740337382,29.8018878358824,3.44492950594635
4001,19.7300788499095,53.4317840972693,26.6165182036968,19.9516976990339,53.7037774042752,0.260546696823313,0.267233893589567,8.27582966900571,145.928697327209,4.61281051836228
4003,21.9525115633653,41.3874981207249,31.7879327164917,26.8245691627834,105.1513053429,0.29436473506511,0.304698112506485,8.04389053746229,220.977381492958,4.49076166273099
4005,16.6440085184943,58.5966634555135,22.726287116418,18.6770494280686,79.5279860329655,0.225162961450298,0.241482642432137,8.27119095370583,108.940323812481,3.83264849550385
4007,20.5575438911414,46.2282016870444,31.6653259235002,22.1064723894554,41.1769990720467,0.284159966787057,0.323998397704695,8.17049712212459,147.684134721914,4.81431420341236
4009,21.7584765507576,41.5292556524079,37.5043078582942,20.966436489298,114.250731698371,0.346678420436259,0.353910416082502,7.85069984971656,231.488394702446,4.73107793478643
4011,29.1354518491597,22.7676827633269,41.0591434457686,36.1731737909045,71.4676546835803,0.357814652826722,0.363703777215927,8.12496388689257,206.485275152745,4.99987857360852
4012,20.1392484210622,45.9332908837538,34.5255426309184,19.5411664853278,47.9899005713792,0.35034285644102,0.351741912394373,8.21144593605243,151.770125339003,4.59771746082395
4013,22.4537375105502,48.4221735047462,32.1518702788383,19.4259562164155,58.6396057957743,0.324850698760059,0.346408322010441,8.23216223407205,230.751301786696,4.78656931577005
4015,17.5647615322174,51.0787082927746,31.247692276098,17.6735994311275,108.176035481859,0.297438390193454,0.302004760131002,8.02905610032508,152.972653569255,3.94676437005092
4017,19.4472074571142,39.6456199080071,32.3119029189888,28.0424771730041,105.905588054498,0.29306948665821,0.312671648343824,8.25670795710062,122.241072829922,4.3559128418657
4019,24.2537439435212,39.7689166580613,38.1336775622779,22.0974057796609,96.204903791536,0.362288103491318,0.364318004023323,8.05387756541071,233.406736729614,4.84475044901552
4021,20.9995434807341,44.383045572677,32.1106468192178,23.5063076081052,56.1923094368318,0.329298792943375,0.33476910582518,8.30942270271026,231.535617437598,4.47234917020081
4023,19.1256150801259,55.3762824972273,26.599597151987,18.0241203507857,108.063445195642,0.241194833461972,0.290833403860567,7.80423568533212,127.337786937539,4.94167939453009
4025,23.4795667123972,40.984080282692,32.1287736922776,26.8871460250304,167.605059139052,0.275268337122587,0.295058255620216,7.66154200788191,180.12398087999,4.59914333632927
4027,21.9192242575486,53.9421816659066,26.8793053995908,19.1785129345026,42.6475729629936,0.301056712900751,0.310935811047285,8.18928273571249,141.5531006258,4.71114940674535
5001,37.3580726658445,15.3427026588332,54.2256425689401,30.4316547722268,123.576911287986,0.442110685636477,0.442110685636477,5.80052707204991,71.2298813529022,4.19833575870348
5003,33.6184081955277,11.4398971128838,50.6960529280647,37.8640499590516,113.031702750292,0.405900392314205,0.405990598354853,6.0858808766381,72.6954651962777,4.92023672309065
5005,16.6965774211496,22.5339574629843,39.3026451497162,38.1633973872995,148.938797572282,0.183761115116729,0.301352972258865,5.50099717221147,42.9069238510294,3.83777769099495
5007,18.28446870457,16.0062255780328,50.0952694688852,33.898504953082,129.04505351747,0.2036210130422,0.398613160030611,5.15796315257997,52.3957659121203,3.8646809971813
5009,14.7753744180022,16.9296527000113,43.7604991070733,39.3098481929154,191.747441363535,0.173352030438351,0.335246606158474,5.18090844447048,38.9529328117551,3.66295816912254
5011,25.0440487099226,44.5567247565716,32.691425804249,22.7518494391794,112.214191017477,0.301094418705032,0.325365237589862,5.17445624085101,57.7025511258795,4.61585198952599
5013,25.8558546058936,42.6316423076301,36.0286810428306,21.3396766495392,110.083626210252,0.333979404050857,0.343508349205054,5.0740662395748,57.428732034371,4.52536627902787
5015,14.0519781280546,17.814998652995,42.9554647153609,39.2295366316441,181.069835738844,0.166044868026105,0.319242265047891,5.48987258232005,39.2605279197712,3.45054661739363
5017,27.4054586989025,8.98215298957925,36.3562437912797,54.6616032191411,104.445998666638,0.279858601203659,0.279858601203659,6.72900289270251,67.5311774540814,4.89531753465003
5019,26.8684898317912,25.4772083727404,43.0623634168624,31.4604282103972,106.816686604617,0.333026992618785,0.347875837166052,5.67840120766102,53.8632676020418,4.56030870710458
5021,32.0946943927125,20.8146178171985,53.3996701054561,25.7857120773455,107.102356990265,0.433857255752719,0.434772524943755,6.04047637204411,67.739565983493,4.29392115409341
5023,10.9448181983513,43.2317690970084,32.6771922349062,24.0910386680854,55.6824347651262,0.198158855676026,0.331007165033131,5.08480900161199,41.5285818344054,2.73981306051522
5025,22.5190835090692,34.3399967145212,41.3470219982067,24.3129812872721,82.7450268918971,0.362767232763939,0.370886986645832,5.21032143074562,56.4530817871593,4.639165561078
5027,27.9177800393258,46.0709117148161,29.0244899926193,24.9045982925646,100.125741858683,0.303703865312613,0.303703865312613,5.12388971498955,48.8755545901792,4.94656996268226
5029,20.7451396271508,27.1039106658563,46.1591693690325,26.7369199651112,101.200296843987,0.346046196651309,0.370340506296938,5.70719336718305,54.4405434315657,3.55670565760552
5031,34.1481669033246,16.886446522106,58.0032164519643,25.1103370259297,110.52908275249,0.454028629123834,0.454295448116429,6.10434118607753,71.5363560913954,4.25661948497927
5033,21.2551315954001,34.4755701244133,37.6225884005255,27.9018414750612,112.913061530152,0.305110152444801,0.345084880979446,5.43268874039711,48.8716335269888,3.700964585294
5035,25.9497002284361,17.1200093431029,36.8827940706531,45.997196586244,123.464899317305,0.29753635396556,0.29753635396556,6.49497361640969,60.1937556324818,4.89747406746643
5037,25.7572835262093,9.96894403627987,50.7700313355289,39.2610246281912,74.1569117467793,0.399907934169242,0.399907934169242,5.34636890906119,68.9875064593931,4.51860722496516
5039,25.370586331663,41.70735197784,36.1306440289528,22.1620039932071,111.64237151488,0.308186380850063,0.33879534024538,5.08230620983056,53.9059143833174,4.46955201241212
5041,31.3811657542193,9.72711561597233,39.3239906900355,50.9488936939922,120.498076513727,0.28646910284506,0.28646910284506,6.82779022034075,71.1527141959576,5
5043,32.2716572269668,12.9661552089198,49.8330886414411,37.200756149639,108.130633997706,0.390138364861542,0.390307127602067,6.05319123138124,68.5395012781661,4.77921668856307
5045,17.7741561404881,27.6780265350069,43.5484837137446,28.7734897512485,82.6262216706917,0.317196928099233,0.356779730612251,5.24007923785242,51.1074428108069,3.11864356274443
5047,17.0539760913627,30.962921441782,41.07122397127,27.965854586948,77.2636893601043,0.281473853042895,0.351295587806945,5.24520911990979,51.3901369174021,3.29368336760033
5049,20.1741185140241,23.2401435413026,32.8713407890679,43.8885156696295,107.467637129299,0.192421528782078,0.256031113958023,5.38626086801009,35.7368152427274,3.91298314894632
5051,13.103837669296,31.9144503087802,41.526316191318,26.5592334999018,65.185050771617,0.253598505410516,0.384191369106396,5.20815701906145,34.7356729585314,3.16554365129769
5053,27.0181544495967,39.5797855899164,35.818636665837,24.6015777442466,93.8644657668452,0.295727765195566,0.335782655068711,4.89018862329799,48.7534617750367,4.49387872487441
5055,29.2906410292708,19.0674638792077,53.0872845713432,27.8452515494491,101.696849258419,0.425222326525268,0.427754472923064,6.25212570462992,65.4471400142216,4.1673326773646
5057,26.9031883750834,29.0274019915687,34.7454634597484,36.2271345486828,146.302017185157,0.299626684283771,0.305859379155439,5.88399121803899,50.7418970086545,4.60744973779553
5059,20.5731145323622,35.9849540916204,40.1092928047601,23.9057531036195,73.8495632323169,0.295745569692733,0.348829855024441,5.1322602038392,41.5055799357914,4.03738038483602
5061,21.9921382774677,41.1407078279326,29.7877494510226,29.0715427210447,95.2076935966382,0.23764427532077,0.289378283942339,5.55525461927773,47.2010013015327,4.04535948318255
5063,25.0949347621119,20.0481500493265,50.0461205608991,29.9057293897744,127.754606374297,0.319578888761882,0.379322643646663,5.67059742421794,51.8440848050177,4.0858284602519
5065,22.8159181426126,42.2823502008506,29.8416168763227,27.8760329228267,104.983185611242,0.245319259919316,0.280311343486412,5.42646978597341,34.5539676006645,4.20297136403299
5067,31.4381854168984,22.5481630665967,49.7028542288974,27.7489827045058,104.872596096692,0.406418894478123,0.406915428774724,6.01198752061951,66.1564544983181,4.39592260823312
5069,30.5525665901442,15.0444392577193,40.5583666959026,44.397194046378,120.789695435473,0.329688217032695,0.329688217032695,6.63087429997849,69.1357558109959,4.95887137836872
5071,18.3630880904708,36.8733634987021,37.0481535504015,26.0784829508964,80.9330081726488,0.269282467585037,0.322397885919765,5.23305529442269,46.8140631703705,3.26544945607226
5073,30.457206040757,22.2760309562201,39.5948731307495,38.1290959130304,149.402663011107,0.317023123921455,0.317175714137313,6.87833798783947,42.4395560905785,4.96767314066361
5075,30.2121985380278,23.1406099577869,47.1442753614504,29.7151146807627,107.364352971586,0.369267860263276,0.379854638213883,5.88073247983027,65.0461740371383,4.28526463963449
5077,31.8457578722665,15.2309716676339,56.989819765448,27.7792085669182,92.6648755147492,0.466565569381224,0.466565569381224,5.93673613749304,67.9097130885191,4.33068495515029
5079,31.833876252649,12.4765921755955,42.3332355691995,45.190172255205,114.602661577185,0.348048778328206,0.348052123432005,6.37361024057144,71.2398153508815,4.95203045508418
5081,31.0681039361938,21.7249808218203,39.7971150934383,38.4779040847414,156.268601076421,0.315234289390416,0.317550392855027,6.55971569250523,55.3939275817273,4.83196748515045
5083,23.0325988664963,20.8440773319835,51.5920103427482,27.5639123252683,93.0244232002792,0.409794472431089,0.418434399334181,5.11858853973388,54.8266960434029,4.02041281997616
5085,33.235318837565,10.8085476956759,55.032242225439,34.1592100788851,109.463280615965,0.42231611103315,0.422697332107768,5.95517377232855,69.5287977356526,4.63027261196274
5087,17.6730823523505,25.208759380681,39.7248733878618,35.0663672314572,131.048865916204,0.190559749514322,0.330733044739359,5.05637076342215,27.294686769055,3.84495160815296
5089,15.5335757873253,25.1281135088623,36.9942151959931,37.8776712951446,174.486207543129,0.158790312850263,0.300654715028138,5.43382487902165,35.9585790998802,3.73358705814779
5091,29.7899803623481,17.4711719641184,38.2079917027538,44.3208363331278,156.693869722455,0.29206364521777,0.29221313274178,6.78053758781707,45.1775553993593,4.99036091807988
5093,26.2544846380548,26.1024358151683,32.9381463395657,40.959417845266,111.24308756269,0.287160844588302,0.287160844588302,6.61721463425068,72.0438659307952,4.83457424413395
5095,30.7498084570042,17.1510868381532,53.2423901578626,29.6065230039841,113.08527099246,0.425709910688605,0.425709910688605,6.10653456961412,70.5853983673307,3.89092269378217
5097,16.0621729069612,38.4289582007897,34.6322476487828,26.9387941504275,70.1103738793238,0.230814642370525,0.338838504466252,5.15734051987804,39.9677785330444,3.46835917370867
5099,32.6259378837096,29.8098020862597,38.016584959046,32.1736129546943,101.82950882543,0.31313808503782,0.326531122130325,5.01574437577447,48.8780026110705,4.73252746185698
5101,17.469393757139,28.1599426261247,35.4295763413554,36.4104810325198,92.982123535666,0.169021421839228,0.28665741225077,5.11104687532703,29.5784762126878,4.03081544153501
5103,24.3295271989618,43.0667533570304,34.8674430693535,22.0658035736161,92.0935334495328,0.30483044323117,0.318660186724187,4.83272111776149,52.7456817040205,4.73352934325272
5105,24.1245143120659,20.0453157876488,48.8205523584405,31.1341318539107,87.6439499759755,0.371191409119053,0.390479181245315,5.46770857601892,56.5762661866419,4.25247704167029
5107,29.7697198827533,11.4613077735674,52.3973815480091,36.1413106784235,95.0957128036059,0.405710039099057,0.405710039099057,6.42839147719632,70.4011359667234,4.41050361546829
5109,23.3826725524044,41.0802389956783,34.7472875877194,24.1724734166023,87.1400500696934,0.269539983019566,0.315930937235465,5.18097366820625,43.3978137510293,4.25097785351846
5111,32.0111850373787,13.7181318050502,53.2536027710782,33.0282654238716,102.768731909548,0.422365363915455,0.422963768418406,6.15701114541436,69.7444429410515,4.31450137473284
5113,15.7955815806282,37.9758406947735,36.455615762814,25.5685435424125,73.2405079815661,0.253105152244324,0.349812200346044,5.21715306410326,40.3286403522701,3.33385403293313
5115,17.6006513114284,34.9297643004948,40.2642841581918,24.8059515413135,92.3872270084399,0.288105422415865,0.352413081708075,5.41313930530047,49.4165613119537,3.13784841213276
5117,35.239676112567,12.0371363996325,59.2490985171133,28.7137650832543,111.350242861536,0.462237763898816,0.462237763898816,5.78062889671764,67.1895009749323,4.49472623422751
5119,25.7774408243078,17.1031858164283,51.6674910139132,31.2293231696585,111.209960065531,0.377082051676006,0.391937855988089,6.39572417849486,61.032244255933,4.51457560550383
5121,27.2025609111014,22.1828661695971,45.4107313535739,32.406402476829,137.607277766518,0.312693341646123,0.348577384430379,5.76049700388936,51.6127165036346,4.39810459968715
5123,22.5161536684956,11.6092066038364,50.3971230623438,37.9936703338198,84.6867818365963,0.387680283801828,0.387680283801828,5.64381408047492,64.8411774190032,4.36957586221049
5125,26.7100387534708,20.5308933541133,52.3506388213785,27.1184678245082,80.5263093290375,0.395263634501161,0.417026150437271,4.95682574933648,53.5989432044539,4.53141867323898
5127,23.1729044516554,23.2267749213645,49.2314217259311,27.5418033527044,88.8231805856582,0.385620597550084,0.404156226936692,5.0076303139967,51.5813890781131,4.16729167129585
5129,17.9260545767421,23.086490167682,40.5597525181078,36.3537573142102,166.186872756507,0.196778451744136,0.313564892407954,5.24955913260186,33.9585145949479,3.96614822206522
5131,21.0068650035134,22.4523868200058,50.050654118592,27.4969590614022,88.5846814129991,0.380712779925541,0.399267626824775,5.26069260929337,54.7790003719759,3.61396844818143
5133,29.1858958356875,33.8687595696375,37.7977662165272,28.3334742138353,105.718970652397,0.312231255109278,0.341687456653181,5.3945422359468,46.1065662116181,4.51812870544934
5135,21.8044762354426,30.1906273336969,30.5356270817774,39.2737455845256,102.839329519221,0.214397911334518,0.251901752182364,5.47118982336019,37.9737141151454,4.15272391766573
5137,16.2270080559457,30.3924050471868,36.971589754463,32.6360051983503,130.18502257433,0.198632926909061,0.311422718986489,5.44031979306249,37.3809665244861,3.39179512956265
5139,31.0155453286032,42.02598877919,33.8217193454866,24.1522918753234,107.746797105923,0.323880225904776,0.323880225904776,4.89899265607334,47.6147278689216,4.52097037898215
5141,11.3861733303304,43.9330988708359,31.3089851685383,24.7579159606259,57.0585233997284,0.187351980126529,0.323331842121164,5.08310173239161,42.5733282094006,2.96629078850866
5143,19.7416349601675,24.1628487432016,43.8781705043714,31.958980752427,102.592637575999,0.271911326615692,0.355419142734739,5.19707694648463,42.4566261037505,3.93623971322579
5145,24.45028109434,19.8630161945481,52.8388089866832,27.2981748187688,98.0589403866487,0.374163955986785,0.401543600972693,5.36874322420456,59.3124930058422,3.68976262118162
5147,28.400934482309,28.1854180184928,45.4345446105674,26.3800373709399,115.327597610105,0.387922051192671,0.387922051192671,6.05505040046464,66.8506746343852,4.33492473738772
5149,23.6464274555607,21.5185530678883,51.9254756524302,26.5559712796815,93.4279309685471,0.408987815927782,0.420423651355821,5.29452474175131,51.7685840645394,4.09630882462184
6001,20.4011854343753,39.7132650929212,27.0447281784173,33.2420067286615,135.657747118213,0.219879967600587,0.259043153877243,7.38123548041647,60.8861649004677,4.27679592688705
6003,16.1265927953335,62.652163401544,24.0227118728532,13.3251247256028,201.793572509601,0.167793519707297,0.250255981624496,6.82547284058638,NA,4.92370179948586
6005,18.6788057559795,48.83360600119,32.3629680127185,18.8034259860916,69.9686260801642,0.352752387442672,0.385833093381769,6.30258463836105,91,4.10681009100133
6007,22.2525138283125,33.0841377924178,35.7217817999049,31.1940804076773,139.412321895723,0.292110822827487,0.295425936644078,7.43131754420755,60.3830828622639,3.69480081143334
6009,25.4337580551776,39.6990300105862,39.3142338971089,20.9867360923049,47.2884558810907,0.477644311210262,0.477644311210262,7.00720943746862,NA,4.99318181818182
6011,29.9797481258564,21.0527880034108,38.9891683889387,39.9580436076505,173.077752063663,0.300842956685755,0.307286219931763,7.61801753402887,61.2326473665853,4.85649336982581
6013,26.0894493145449,31.4879727495214,29.3255942497555,39.1864330007231,1534.28518527625,0.247794929239503,0.248154209764452,7.44461368153406,59.8151638050368,3.71040531683588
6015,19.7763997157376,28.4938934163341,40.9382275035019,30.567879080164,470.125119458743,0.151069471426154,0.303689842406553,5.72702442919937,NA,4.97501491750274
6017,21.0851055156131,52.4810198083143,25.2253152875827,22.293664904103,139.493464799901,0.266547738651837,0.274057030349869,6.03252528275883,NA,4.43537361547363
6019,20.2081907530382,42.8991590578917,31.7342184259403,25.366622516168,80.0507732947845,0.309177672155629,0.309981060481656,7.81744673927498,144.259249159568,4.48066499594587
6021,21.4452640247371,28.5782257509369,36.8290177177223,34.5927565313408,108.258485429845,0.296815585264131,0.316523707635579,7.29555399852498,62.1626258948766,4.25523271772933
6023,25.4054626539582,22.1243042524997,52.3482490074759,25.5274467400244,446.021382440004,0.391948430524608,0.394079036477914,7.06889176999755,NA,4.97167211205378
6025,21.7691785436059,34.4901861652883,35.8792362677999,29.6305775669118,48.5946623878516,0.367170215761465,0.367224297740213,8.11315041121006,151.83107834326,4.78997660449773
6027,16.8218517986704,62.0541867969903,23.7837999149363,14.1620132880735,230.40180246735,0.239042260680919,0.266462798434008,7.63889077416542,NA,4.51226599929729
6029,21.057439524387,49.7729434327078,28.3793535248248,21.8477030424674,51.0759963398372,0.300173293943892,0.302725209545632,8.03719667054862,137.632549473368,4.51828796714689
6031,16.8649702115186,45.0695167317792,25.8209899963547,29.109493271866,116.432168745295,0.276303908054864,0.276546244350686,8.20030573029692,151.654134085071,4.41314748703574
6033,25.8146436018626,27.9549340490046,38.8046138933098,33.2404520576856,198.444996526286,0.284497794169004,0.309240236916623,6.96747073742312,61,4.60306495537506
6035,21.1385667499417,39.5444128799383,31.6595579210708,28.7960291989909,184.667138241844,0.264785534900252,0.27982198127885,7.66809037249279,143.828218641379,4.08133432288324
6037,22.6984788730727,56.5332492323946,27.3859072665793,16.0808435010261,23.6182393378544,0.308955694566469,0.315252535065642,7.66280135321259,488.884458621301,4.90242118167787
6039,15.4737622609677,55.0206456702556,28.3533671610327,16.6259871687118,65.561168200108,0.334425656525481,0.337304160020536,7.66908677772637,104.065061757533,3.51090097418987
6041,11.1935419784973,24.3873187899449,30.2772075980608,45.3354736119943,675.306675361741,0.215756066267666,0.223980879096901,5.60393444822975,NA,4.42932332906908
6043,14.0621323349681,51.9196481958748,26.5656076992629,21.5147441048623,298.979566453447,0.227361485567386,0.246368464097554,6.48276213891936,69,3.71641791044776
6045,21.9335620074199,39.3171260776221,33.0746030676635,27.6082708547144,159.326345773744,0.279148714944742,0.301457098274136,6.92498334127286,61,4.76563069125597
6047,18.3546626390724,47.1538758144735,28.4139976162043,24.4321265693222,79.0993966655219,0.280716678262432,0.286227420390386,7.76043320180972,96.3452486055056,4.12341090983115
6049,27.2265644258703,36.191907478704,35.9816574241478,27.8264350971481,257.928052189961,0.277948566694815,0.313724432117231,7.49310324414074,91.8080808080808,3.86761052035422
6051,18.6382279992762,62.8033212928236,22.4938386098087,14.7028400973677,209.392352207137,0.215376679213701,0.261692287015371,7.4558610391922,NA,4.46781859815061
6053,22.451986035086,47.6754957379238,30.8616356880932,21.462868573983,252.027413500971,0.268525735289447,0.300584746353492,7.27753182696613,95.2813082203414,4.74030927004628
6055,20.4132487661751,35.3216837648498,35.2369747227694,29.4413415123808,177.107919003497,0.24958923642992,0.304005898333516,6.3500953826953,59.8571428571429,4.43173562967429
6057,9.58447138771966,50.9568342773509,25.2450803221581,23.798085400491,73.3751433321867,0.269777347417756,0.299318611903526,6.25362862232137,306.554580896686,2.11012782694199
6059,24.0644929843367,31.2173281246227,47.1479009874934,21.6347708878839,107.113719839229,0.36968703505129,0.379018297063807,7.73123348580761,46.8447871270533,4.40745987768976
6061,13.7950723440835,49.6227190986865,26.9420153067651,23.4352655945484,91.0488047381743,0.321070763682375,0.327591205808223,6.72590500757928,850,3.00214509275427
6063,17.3829177740337,63.441073911257,21.0839274717453,15.4749986169977,156.126485870344,0.229437925514039,0.241044302427153,6.95917304755721,NA,4.82140624712873
6065,16.9133840467974,58.7083185455934,25.0554163018638,16.2362651525429,50.5744421921044,0.289558836419435,0.294028636797227,7.98947451789807,145.397182206744,4.30209844995076
6067,20.4444637078328,29.7387731225731,38.5392273168973,31.7219995605296,591.818053995595,0.325476293324994,0.333348834781076,6.77573748296292,152,3.46339672454789
6069,30.2924075745715,30.6113849097537,35.2483955020973,34.140219588149,194.752498456023,0.279778528409987,0.283161241417238,7.86931194495216,60.1189740293994,4.78641085421731
6071,15.8005495110826,65.1600399641467,21.8389946226616,13.0009654131918,69.3755498408222,0.224750112717452,0.231103143655196,7.80755948965136,151.036336392583,4.8713771225404
6073,10.5345796046839,64.4159952470792,21.153129107594,14.4308756453267,50.4317404740412,0.240492454911666,0.25422290720287,6.67985783444488,89.4587945016681,3.43571231434755
6075,NA,NA,NA,NA,NA,NA,NA,NA,NA,NA
6077,20.6948140095422,42.5579311371121,30.3090810341239,27.132987828764,286.79889579636,0.286778796174727,0.29107387902448,7.20808642332371,60,3.63528070708052
6079,18.83681424258,48.203958184484,28.1520468948125,23.6439949207035,127.3976633136,0.254578486118599,0.27650445767482,7.43267036857135,436.313506970493,4.34035894882874
6081,17.6122199602304,48.1565277176256,25.9422838215446,25.9011884608299,149.072000981346,0.242574956365704,0.25687269601345,6.36120295580559,15,4.08065603736291
6083,18.4061221538162,56.5781067601021,25.1921498302216,18.2297434096764,138.929751227441,0.21851910038369,0.247848848514875,7.1103320158669,76.8760106537185,4.47326454757257
6085,24.1819016559068,32.5740644253734,35.7358690905736,31.690066484053,190.328112016437,0.282502133092619,0.319635612135022,7.36503512464019,61.1348745514193,4.81150306554736
6087,20.075657122131,47.1229773069267,27.8921752771189,24.9848474159544,171.534685317807,0.27106657518964,0.271952707834779,6.9947689583795,411.759057353776,4.70790940079276
6089,21.9566528382796,44.0541480953167,31.5195697136801,24.4262821910031,188.485942889258,0.260347770930581,0.303227171743923,6.84092435296403,86.5767787215747,3.5517029625774
6091,20.3781725913411,56.2476505443009,23.8001648749749,19.9521845807241,200.778213107801,0.202467976743474,0.247666803761474,7.29839943573993,NA,4.12833249015009
6093,27.7521365333602,45.1530205294362,32.9314252180981,21.9155542524657,201.028046223715,0.261916494721069,0.302868152237378,7.46851402032077,NA,3.94110126000866
6095,24.9219276023306,25.5574529253452,34.8291252363521,39.6134218383027,306.213461324562,0.275526340350823,0.276196447897495,7.41413152754109,72.5283335384932,4.58641645047716
6097,17.4669991121829,34.5039528079222,34.1568025121311,31.3392446799468,147.780588801497,0.266458494335068,0.306162484053055,6.15036667978268,60.0416164268234,4.32100711798757
6099,17.7455736737809,49.4394267427531,29.5170630334166,21.0435102238302,67.3060647168874,0.303969281374964,0.30924944672895,7.31582888320122,81.5831203024295,4.26828677475217
6101,19.6398072066211,32.0936991406657,32.035890349259,35.8704105100753,122.42140618945,0.285513447338003,0.285665001603895,7.56015837428367,62.6880358109945,3.99093407992346
6103,19.614522511401,42.4009573076726,34.3319563589788,23.2670863333486,85.5624844188381,0.29214089004509,0.343631696006657,6.71360124472865,68.0080465586008,4.19809349045008
6105,16.6597644289305,46.5346981995677,30.720798456886,22.7445033435463,112.882580084389,0.146538041267266,0.273921306904842,6.55792417761942,NA,4.4085926254014
6107,19.8929750752627,50.16620295833,28.9009170750524,20.9328799666176,116.218375422528,0.300248909732928,0.308680785710453,7.75912394510137,151.042015427814,3.91695359810255
6109,16.2798683782656,41.9215719599233,27.7694807098218,30.3089473302549,92.1931125073486,0.232837520995807,0.288483181733299,6.24451720381432,NA,3.60670194003527
6111,20.4940825562111,48.0516047613514,31.5733618234382,20.3750334152104,151.721612638368,0.275562016063835,0.295024286448297,7.71760778231885,117.312334542941,4.74005403028482
6113,24.1508047673905,18.3203783847571,43.1315746785126,38.5480469367302,168.338909268371,0.323792272344327,0.331167146830851,7.60852846633861,147.413275731443,4.83207597103504
6115,15.7057565687955,39.8964776253742,33.0483036247847,27.0552187498411,70.873912566031,0.330870955500682,0.336654038314808,6.80330193869538,154.494619002822,3.36873377981103
8001,22.0344946079856,47.832179524947,30.2792676860067,21.8885527890463,102.077306268147,0.308443296035404,0.314076751420826,7.9471170108136,83.1822129609217,4.64053900780409
8003,14.6425337030899,70.2609590581539,17.7205843669932,12.0184565748529,118.302743170647,0.205306875946274,0.230421754462664,8.23703486319422,NA,3.81261631851382
8005,21.3419085693187,41.8309294683033,34.2896046360875,23.8794658956092,102.453465347505,0.310418500243716,0.317333031466147,7.79570826726989,88.6343037586552,4.38126142361645
8007,20.4049661551228,35.523384580361,31.5771230575056,32.8994923621334,185.171740189792,0.261340042674615,0.281988217212476,7.57525606187767,73.1171494767614,4.20811443572478
8009,31.4267995365339,26.9579523241878,47.1996161092096,25.8424315666027,89.4203860457895,0.386513345728138,0.387585726043072,8.07606674298395,74.3575155986961,4.9426475259397
8011,26.3421056267146,20.0382019130629,53.9987738318848,25.9630242550523,93.8040244947276,0.405406067351016,0.406518714035346,8.1588104994614,75.5958595415393,4.71356408467885
8013,22.0479504178269,42.5247189170427,31.6384116842527,25.8368693987046,106.24036167359,0.279876388543007,0.291643816623601,7.89325561065632,80.2314012977666,4.44914989704828
8014,23.7649274419768,33.5686719349498,32.498779079982,33.9325489850682,93.0033505190898,0.299927952279108,0.301057478332845,7.94350466199371,78.2651891558278,4.4860834684156
8015,12.2587440620638,72.9144317031749,15.3802192562051,11.70534904062,130.387404135686,0.113444473690068,0.151502272675587,7.72318194398439,NA,3.693817311169
8017,30.1454523708609,25.2408537612509,51.0889407566248,23.6702054821243,105.834001807089,0.399940026943223,0.400922464149446,8.00253776682557,71.5745443656442,4.94650061869156
8019,13.6776307800792,69.8502088337387,17.9226653271762,12.2271258390851,250.155070240568,0.136594459918586,0.191928756093625,6.48301103622019,NA,3.68040865197307
8021,14.2437173370036,64.1887031960895,18.4592902679786,17.3520065359318,72.030159409282,0.170586394659469,0.221410690807325,7.92142924321771,NA,3.41749822423217
8023,20.8818930853405,66.4082289918244,19.7390355460996,13.852735462076,129.499487869461,0.19591768370795,0.211333528072096,7.76613436222922,10.1428571428571,3.85673221290658
8025,22.5367710919536,46.3317771325426,27.9447335586757,25.7234893087817,90.542046411813,0.259195490734152,0.259397067247446,8.05175658946312,65.085618722891,4.72757351707764
8027,17.8426255261081,54.732933073103,23.3892707343407,21.8777961925563,347.144806836255,0.173779384607867,0.229283325335138,7.47895710685641,NA,4.14846510952343
8029,17.9236688888673,34.8889757802057,35.511265248514,29.5997589712802,64.2491632172179,0.233315074370091,0.329082551216999,8.07429229815096,745.332627551269,4.31714250379756
8031,21.6022380878656,60.1356662679631,20.4402824738149,19.424051258222,104.334964060033,0.240020432817066,0.241460399225716,7.87073566543101,83.1199765261674,4.66989038755133
8033,21.897280497713,32.4367652800097,41.7971352342514,25.7660994857389,105.134209127159,0.429403873928568,0.435451460354187,7.9034628847393,52.987549540841,4.33856631588778
8035,17.6872812645163,59.0380502238297,22.8508552253755,18.1110945507949,145.952677464255,0.224842769196607,0.234949212870689,7.19410914089178,NA,4.57230333345767
8037,17.1979661655112,51.6572757315131,26.5290729523677,21.8136513161192,132.328729850945,0.194152506140187,0.244716490232539,7.75398313053773,25.8333333333333,3.87780024269927
8039,19.8089556934015,45.7808219189529,32.2127980174575,22.0063800635896,117.123244824004,0.279364997250885,0.291513514249747,7.83130484460669,62.7016734018812,4.37666527637119
8041,19.9819848038682,64.6271828999238,18.998090160698,16.3747269393782,117.710817256337,0.205306629991416,0.212073785992937,7.54313452537558,65.6518324321152,4.56990024458132
8043,20.1272850534775,39.6520476653137,34.5648564952447,25.7830958394415,179.793953610593,0.280010355142701,0.299548968939065,7.97295928920375,52.2829919577305,4.62245844886461
8045,20.0895298907324,40.7300866875624,34.0115207899369,25.2583925225008,102.388366401428,0.254982908223342,0.300466925047693,7.98500268451813,NA,4.36621538984627
8047,15.2272366290614,57.1792453517537,26.4084882211719,16.4122664270744,471.742078715544,0.147110396185009,0.229247006804981,6.55102965352325,32.0453326629797,3.50674907644217
8049,19.3099432349858,48.8628854514653,25.6713119481089,25.4658026004259,290.946936751398,0.207019461622929,0.216553927030926,7.41242423987918,54.1425274046627,3.85204752253722
8051,15.9627081847474,49.228792831872,28.6305728220412,22.1406343460868,384.070898926292,0.170494841181879,0.268801353268796,7.49658819349595,NA,3.72650003461075
8053,10.8272707533029,72.0716091360483,13.4610092973814,14.4673815665704,1039.33741787639,0.0830589725935455,0.162405369924322,7.06632319197013,NA,2.62003522991889
8055,21.3126126952232,39.5402814634362,34.3803660014117,26.0793525351522,123.863473142262,0.275454679827558,0.287925568585614,7.88449843675003,73.9095479917249,4.71740350664329
8057,15.2995796629149,62.3270141637321,20.5137232132713,17.1592626229965,155.017698002868,0.17103568231231,0.206820390404809,7.5714862450738,NA,3.76263474317505
8059,19.8912407114776,38.8091768541254,29.5175379461758,31.6732851996988,153.578101931641,0.217383074060609,0.258764137421213,7.44467449906413,55,4.49063395495942
8061,29.6148357195278,21.8437625171297,53.3792082642577,24.7770292186126,99.5775418434639,0.413987135529877,0.41505779971909,8.10451644765552,57.0531988845597,4.96152543501616
8063,26.9231505955044,26.701587902558,48.509114317911,24.7892977795309,159.364391243776,0.381619240050144,0.381840031665706,7.97737435612608,68.5011194840468,4.97348131557521
8065,10.372805830887,76.3733280685368,8.63467989145544,14.9919920400077,92.0338314923546,0.0743444509602698,0.117814323412989,7.05267950559643,NA,3.25964718853363
8067,23.1784410060454,34.2716375196132,33.3607277661703,32.3676347142165,112.687327992498,0.285681979699052,0.303785337651467,7.66636160245032,NA,4.66045986078704
8069,22.6769752090179,40.2623480049302,33.4889006879947,26.2487513070751,124.650484927313,0.302498396795752,0.30906243202566,7.91923653035479,76.2811239584729,4.65963327280956
8071,26.7226499917957,29.6646016481279,42.6776084534611,27.657789898411,173.14410990231,0.326688337980687,0.338318730966201,7.83132314653392,77.5107053913204,4.62896918199876
8073,26.1236009653479,32.5405897994434,41.6706785553836,25.788731645173,115.078749132747,0.345378049187739,0.346186295579293,7.95434053192629,77.7545385223494,4.89948055417992
8075,22.1647006735594,51.6173795216316,27.4347843385763,20.9478361397921,135.663163983411,0.28092569907813,0.286436944302935,7.84346833156784,82.5691139779204,4.57992861696257
8077,22.1327975667038,34.0752014549228,38.2015719105315,27.7232266345457,101.650644854027,0.316906856055828,0.336962961090355,7.95209214220449,NA,4.4853243097703
8079,22.9930388073952,33.4972948490344,45.4651554213844,21.0375497295812,3236.30056281951,0.208749501457603,0.358815907286434,6.4035982247066,NA,2.38134189060847
8081,21.9490476637466,43.9118851250195,25.6023497132197,30.4857651617608,107.63468849385,0.254695242037232,0.261620604751946,7.92278514254371,29.9587874922696,4.61170387444903
8083,22.2369851234731,35.487688538408,38.2739680959694,26.2383433656226,108.575723232915,0.378178719429286,0.39456293578561,7.95450554177698,54.8605326418568,4.45642402801674
8085,19.222816375714,41.903429328306,30.9106469161845,27.1859237555095,87.1761282108971,0.245106803448958,0.291789813493477,8.06149681926743,719.318587633327,4.38903869869896
8087,20.3291083535412,58.8063972553834,22.621793355037,18.5718093895796,97.9008590622995,0.244237572687112,0.244613520997248,7.84091395514381,76.6596410501824,4.72707460611777
8089,29.8974708058129,37.6951621754743,37.8840425565778,24.4207952679479,142.39398289546,0.34532463857025,0.346056327746124,8.04546541098469,64.3931391486106,4.82012834793782
8091,11.4191005002389,59.4982455238074,19.491886564884,21.0098679113086,87.1611883495923,0.189204593825033,0.25969109609295,7.69396619082817,NA,2.5410443358108
8093,11.7856004476819,64.6194786129636,19.3420908342571,16.0384305527793,263.835273585331,0.135783473427477,0.184041223481139,7.31932894738851,NA,3.52113007975364
8095,26.7647950803737,38.8327817060092,36.1016628822621,25.0655554117287,182.971124002263,0.32627668608891,0.328611061184635,7.76896263036059,85.3523691316051,4.95871501337408
8097,20.1984651092629,45.1747564819675,31.1343776932279,23.6908658248046,172.545785818474,0.22352433306592,0.271256718895714,7.82246332032205,NA,4.16704699079994
8099,32.4972905452122,20.0687276754477,55.2634709870182,24.6678013375341,83.6824741069692,0.415877973135946,0.416810327767338,8.13692542109309,78.1771045155845,4.87349815556597
8101,24.3263148663117,30.3888208621608,45.175384893057,24.4357942447822,95.0291521586775,0.359912422077657,0.362214796747697,8.10245004856013,64.1021885416416,4.85998676851257
8103,21.007889833873,34.1663205393583,35.4552469291431,30.3784325314986,174.824834466957,0.266261452059555,0.301324951834746,7.82223617608906,20.2887157121034,4.2968671123399
8105,12.8632456650038,71.5252445947382,16.632100348382,11.8426550568798,91.2061658939809,0.147498941900946,0.240011177560507,8.00346792898841,NA,3.11641122795374
8107,22.2095540421452,42.0001996652051,29.3304348632635,28.6693654715314,254.593117441058,0.231249282832883,0.250403987165288,7.23815788517372,23.0279806881052,4.19650240484253
8109,13.8839930551801,70.1975534680271,15.1431113701685,14.6593351618044,113.682130778098,0.172297029936052,0.23101279945018,8.21725656003375,NA,3.57918500022391
8111,NA,NA,NA,NA,NA,NA,NA,NA,NA,NA
8113,23.135080960376,34.9346737746338,36.3623367759014,28.7029894494647,139.199724487981,0.321049378009235,0.341451010004513,7.8671964182199,53,4.43688141647324
8115,24.002149784824,41.5235725751374,37.9568705383913,20.5195568864713,161.718638365192,0.322536505501863,0.332153052121551,7.70592187066524,90.2171259582692,4.88845156315283
8117,19.8351070728929,48.5035333485642,28.3689654285778,23.127501222858,255.582488753215,0.193660260403117,0.258137995146108,7.01624392186337,NA,4.52228394575333
8119,17.0440988873379,53.1796836280916,27.1116200793836,19.7086962925248,413.324353755322,0.227770730688182,0.238400786284852,7.68138055217976,NA,4.5920562389578
8121,25.6642984866106,39.2781426949887,37.3801943444805,23.3416629605308,146.90044722798,0.33570702958203,0.336546217243058,7.9927764163631,85.7586954121623,4.92624100903695
8123,20.4531514434945,53.6818708544387,27.9269024633093,18.391226682252,101.814644761333,0.283363497253917,0.286357631011008,7.92084339700752,70.7027650963469,4.67910488394077
8125,22.040482950318,52.3788502362289,30.9859802552807,16.6351695084904,147.237991177969,0.276069236140597,0.276313393897043,7.72133715403958,74.7408135539723,4.85110649515888
9001,15.5806342337789,62.8948540162292,30.4079746074789,6.69717137629188,234.546878963849,0.274162312576546,0.387742952924874,5.51774423768186,45.6159745705286,3.38645523556035
9003,18.0900554493038,60.5128496647822,30.9711376116033,8.51601272361445,209.921895831756,0.269947813077713,0.338843968111381,5.62697124594853,41.7278835728152,3.60485345225451
9005,16.4321755154232,61.7885647325483,31.1811242561774,7.03031101127435,209.903752732889,0.280910661719357,0.385705465262375,5.70286280327471,45.350305046498,3.54234595610332
9007,17.2552791738749,61.6730145885347,31.5466251176013,6.78036029386399,189.012459448025,0.270739989439568,0.397715968970202,5.51644400272138,43.9602989657157,3.27844963426838
9009,16.4490210362888,62.5552639151828,30.4771753173448,6.9675607674724,179.00315508682,0.266890380399537,0.387027399019087,5.44835766201002,43.212164038705,3.40142812353575
9011,14.7779273622977,67.34669357839,27.0658324832128,5.58747393839722,249.552279611529,0.242352210325857,0.349292387371217,5.38386635862413,43.8546393999248,3.28602867854655
9013,15.5418795731924,66.7034263384552,27.7438284448121,5.55274521673271,214.413332619949,0.247390441477928,0.34809204621665,5.3899553857701,43.5201357187765,3.25111356583083
9015,14.3568937550854,68.640509203637,25.9905959827392,5.36889481362374,243.727118832601,0.235907800562566,0.34195936984789,5.36070438474353,44.6336205675053,3.29516497405861
10001,26.061473955654,66.5230992985433,21.7259657111769,11.7509349902799,151.22936227177,0.21073632779291,0.211122882162264,5.10769830041778,50,4.12004123880011
10003,26.2434334881827,54.3116392508811,30.5803735739816,15.1079871751373,112.530395752421,0.251713298393575,0.268513233011346,5.46414955082621,128.655230946229,4.31233172540871
10005,22.0784204625564,74.0145112666475,15.8298503312268,10.1556384021257,179.837673447468,0.152977058646061,0.152977058646061,5.11153596902339,50,4.34051625800007
12001,19.4234260439488,82.3291648099399,6.77791831819223,10.8929168718679,102.216245378309,0.0943940564366841,0.0944189649860977,5.28105354487366,46.966304880544,4.84158395765595
12003,19.2590488559402,79.9543727848739,5.41789716946053,14.6277300456655,110.001141901818,0.123692853743245,0.123692853743245,4.92834432744118,46.0030638379008,4.97936795943397
12005,15.152271352324,90.0163910956061,4.2783609912873,5.70524791310661,210.380716028336,0.0535963453585785,0.0535963453585785,5.02999264098732,46,4.93885747234442
12007,17.9879424535428,82.9281983521631,4.73371143322552,12.3380902146113,159.663134335316,0.0877508084600787,0.0877732737428801,5.2458627756253,46,4.9828403649278
12009,17.2065997031342,87.2740317982687,3.26397168945832,9.46199651227298,1140.52501224578,0.0771136768405917,0.0771136769287714,6.52036984385204,46,4.3837972641906
12011,5.9267092713953,93.604104631975,2.32531409793638,4.07058127008864,721.676579399364,0.0311578086265735,0.0318706190505169,6.74117054275282,46,1.76139586595634
12013,22.0353123005643,71.8510388701416,10.0413300058363,18.107631124022,87.2909172204777,0.153566943688065,0.153566943688065,5.05985195134194,45.7908794818198,4.95341118853169
12015,15.4281698773675,91.7040347360945,2.05412496922733,6.24184029467821,332.759435858123,0.0846213164777643,0.0846213320848827,5.8780361931642,46,4.5179875048346
12017,12.5218991515339,93.1675362030843,2.15927711969982,4.67318667721591,94.4047199358498,0.0417568708135479,0.0417625494919114,5.36206757127481,47.9155144057989,4.87770420748734
12019,13.1018101583951,92.7016531717697,3.17123441852913,4.1271124097012,190.85442793037,0.0563417103078185,0.0563417103078185,4.95591517110203,46.030430183127,4.94853680000373
12021,15.9627362099879,91.3855536855837,2.18385683389107,6.43058948052526,196.530473724996,0.0759481478507094,0.0759992649895662,5.71940206231134,46,4.73603126303
12023,16.9995959774793,84.2863682091448,4.85611670184182,10.8575150890134,86.6521383872007,0.137516718353922,0.137516824638458,5.13458965415872,46.0000389550613,4.91410380241016
12027,16.3232795672404,93.1030886872729,2.43279878087158,4.46411253185548,245.369421613834,0.0677679572868512,0.0677890671623958,5.50085995090766,46,4.92423413285257
12029,13.5693761370052,91.9928578007884,2.88971292434714,5.11742927486449,120.304508824647,0.0557385509582706,0.0557385509582706,5.43201912452823,46,4.8725713763085
12031,25.2556311982216,85.3022549362511,5.21258042722191,9.48516463652697,334.00532363635,0.127032971212514,0.127032971212514,4.81066166499818,46.0003494540827,4.94147102953982
12033,26.7519022780304,60.8882356287059,17.9983264809354,21.1134378903587,126.560244475947,0.205041251658663,0.205093533952481,4.9977559325285,46.7685788007883,4.97823338668325
12035,17.4826256454495,83.2334697635589,4.8142547090185,11.9522755274226,168.935602884505,0.114489702138804,0.114489702138804,6.60207004645205,46,4.98035162358102
12037,14.3523075003927,93.4999765222845,2.76918725212402,3.73083622559152,265.057723466391,0.0475818949409793,0.0475818949409793,4.82201318891506,46,4.93327099376604
12039,22.4453517299896,71.3727377876647,8.84483347283883,19.7824287394964,103.909282896922,0.155618277096777,0.155618277096777,5.15865809889548,44.4028824037008,4.98921121983845
12041,14.224460929177,90.0838398155516,3.32438889587334,6.59177128857509,64.8570708045355,0.0544230393596715,0.0544230393596715,5.21267636345024,46.0000253824081,4.90273312431447
12043,15.9069822942615,94.2847866070822,1.76959894931255,3.94561444360528,619.426984571351,0.0533490350247844,0.0533628608670654,5.92539607722924,46,4.16883622755943
12045,20.2778429711975,75.4019195213219,7.75348414010254,16.8445963385755,141.363733960453,0.148918719790185,0.148918719790185,5.18775850080211,45.7643037239651,4.89302608456472
12047,15.6538616966967,85.824324719716,5.25787733432758,8.91779794595643,88.9648372179524,0.072645648328664,0.072779457931298,5.00735780309089,46,4.99195323446131
12049,15.623408373413,93.1259641340329,1.99740993578559,4.87662593018149,218.122992099283,0.0588763369985335,0.0588876103895873,5.23053819611288,46,4.96514312113989
12051,15.2075948565754,91.8275399128791,2.56371437130164,5.60874571581925,674.007103180262,0.0770282671490323,0.0770282937948836,6.11854847065105,46,3.7107849297047
12053,17.6069820506866,81.2573402826497,5.52596597965707,13.2166937376932,79.9287605260391,0.0932520218961425,0.0932522431447655,5.23597351141087,49.2391160137699,4.97084126246255
12055,17.1975920818152,93.4343469329585,2.55025523693973,4.01539783010173,937.919435153956,0.0550424328207293,0.0550540084116184,5.5077656969812,46,4.30561359778355
12057,14.1186964847055,93.3802231943092,2.21822994850706,4.40154685718378,218.221426796108,0.0420076389373411,0.0420076389373411,5.42585254667639,46.5290666903738,4.95470613392035
12059,19.8778700187404,70.3952740614339,8.81745918506108,20.787266753505,50.823175494485,0.161294500017525,0.161294500017525,5.1845656058164,42.9414872262608,4.99969772866979
12061,18.9643892634423,85.9474270991521,4.26164616496364,9.79092673588422,627.303369485542,0.102724416428959,0.10272455054516,6.74091230370969,46,4.52936580099251
12063,20.6235422627686,72.0504922833442,8.57548109119341,19.3740266254624,55.9861277962148,0.135314529116519,0.135314529116519,5.14508864793495,42.8437760689109,4.98248999901312
12065,21.5038424080213,71.1335306331111,7.12555927291884,21.7409100939701,108.453892682102,0.135729908338257,0.135798445387162,5.13891360181031,50.3036899328337,4.98887938734876
12067,13.3255282161488,92.4907174653098,2.81847803738301,4.69080449730718,81.8483772007267,0.0457839114012067,0.0457839114012067,5.45384582436217,46,4.9850040205965
12069,15.0494404205443,92.1717097323611,3.16441165243914,4.66387861519973,502.13223338495,0.0503998923158379,0.0503999064020933,5.38477764401039,46.0127715607706,4.86189598053602
12071,13.7755738101809,92.2966123793798,2.28452594463117,5.41886167598905,150.559085815111,0.0774170911560519,0.0774170912717274,5.86183270823422,46,4.34807299115996
12073,19.9971701303044,74.424415977047,6.0696510359242,19.5059329870288,96.4100763288088,0.137576492514825,0.137576492514825,5.33489308982187,46.0685737371878,4.99093142423262
12075,12.5855816729529,91.5263877852862,2.65229614628318,5.82131606843064,85.6277496026472,0.0538234844461474,0.0538234844461474,5.60649989955066,46.0002181956234,4.50247237267338
12077,17.9386301240929,82.9300488029125,5.88075665960993,11.1891945374775,79.0686107286162,0.0963830602971227,0.0963830602971227,5.08293850522834,45.8751236080301,4.98949483295906
12079,17.2437235739792,80.179206360441,5.60934098093001,14.211452658629,138.212852575905,0.0878072870250347,0.0878072870250347,4.86020759349319,45.9021049940509,4.96064757050519
12081,14.1009387439723,92.5459699457546,3.09619352760098,4.35783652664443,282.406186740141,0.0600854338107312,0.0600854444481547,5.35335932224233,46,4.58157321672472
12083,17.3515775684549,83.5772232801217,3.99343674534003,12.4293399745382,88.7307872446177,0.0725019132335709,0.0727837639116949,5.22305905446693,46,4.95582584529085
12085,16.5272651114657,90.1059524124877,2.42121485280857,7.47283273470378,305.711881645895,0.0922837856986416,0.0922841294270731,6.37456476700052,46,4.31226106697491
12086,3.25834502841908,29.998192120986,53.7240332290069,16.2777746500072,213.994186443428,0.158647938899869,0.274467407695148,7.88039026010029,46,1.09874839057185
12087,NA,NA,NA,NA,NA,NA,NA,NA,NA,NA
12089,22.4629245144001,84.5132787400883,5.8789307072023,9.60779055270938,253.064729921589,0.0993995709137776,0.0993995709137776,5.24476242071976,46.0061751355455,4.88621856305264
12091,19.5693968637837,74.7356036509592,9.78232894244306,15.4820674065978,82.2205515651601,0.135908355892347,0.13806128055463,5.10506049046769,45.5789497682427,4.99020458291851
12093,15.1889250800143,93.7721968291621,2.3497203928139,3.87808277802404,297.195767320516,0.0438140589761272,0.0438533084381766,5.32473754511408,46,4.90694949070322
12095,19.3542883366677,92.506135776247,2.91358155993203,4.58028266382092,1374.30180457752,0.064933888851876,0.064933888851876,5.51896471778396,47.2375840069468,4.46697820772909
12097,12.7251582527808,92.410017545097,3.07364366031295,4.51633879459005,269.275130687482,0.0498808039201458,0.0498856980808624,5.38179861820209,46,4.93502446261804
12099,42.7642620242753,92.7063485377664,2.91736207090947,4.37628939132415,9054.1433833233,0.0226860046750842,0.0226862539585033,6.51276901857849,46,1.75274975605552
12101,16.6051975639649,88.5099918922892,4.27925619648364,7.21075191122719,157.262307974651,0.0692600302131362,0.0692600302131362,5.16273936517055,46.4786394603939,4.96024797854832
12103,13.8152895622657,96.2267288394871,1.46372075681906,2.30955040369382,212.359322896755,0.0286535780278441,0.0286535780278441,5.18551938343097,46,4.97953364423717
12105,16.2309706804214,91.9705026002412,2.98015929845635,5.04933810130246,458.792929585172,0.0544409843563293,0.0544527955632955,5.28368368965411,46.1300863547707,4.8283726245047
12107,17.687850265235,91.1640811457757,3.98233327077153,4.8535855834528,433.274002687361,0.0749834912732623,0.0749834912732623,5.11695407003705,46.8238329274906,4.8700278028845
12109,21.7535498113798,88.0427523228988,4.49963965014,7.45760802696115,195.116049006613,0.0824733460934585,0.0824733460934585,5.40824206415536,46,4.99505871754549
12111,17.0159595062592,86.7869899581654,3.40904125585671,9.80396878597789,165.078933931181,0.103908417530534,0.104058121451702,6.61742830038549,46,4.62983494544876
12113,21.9617574767778,72.5273358175333,9.48196304155994,17.9907011409067,109.463913715567,0.136238283297913,0.136238283297913,5.3114044778476,44.6938226453315,4.9765382474373
12115,19.79251601226,91.3982643696792,2.69037189277948,5.91136373754128,292.362426806269,0.071361546946833,0.0714137691547453,5.82455541363071,46,4.93880621223552
12117,18.1590488872562,93.4190630906195,1.31527032024375,5.26566658913676,483.991912406769,0.0518321950262477,0.0518321950262477,5.60311620797615,46,4.89019104965002
12119,17.615423524215,86.3396892722734,3.98838880281937,9.67192192490721,162.69732573026,0.0711416036756233,0.0717848254911977,5.69347462931808,46.071865795383,4.93693348123675
12121,17.1665940261125,83.5585457673235,5.13672483579133,11.3047293968852,73.6417933595136,0.0748120156946556,0.0748605373151925,5.34327874463785,46.0008018221658,4.97393525590839
12123,15.8951477796735,92.3499757355738,2.63843266668068,5.01159159774554,247.304318136678,0.0603456329598262,0.0603456329598262,5.02017996299249,46,4.85271540799626
12125,18.1552545770926,81.5081866312981,5.36090015640888,13.130913212293,119.251758839763,0.0952701873424761,0.0955310501236072,4.89422748115244,46,4.99383517398302
12127,13.9230904516886,93.2346994623776,2.53389112343262,4.23140941418976,276.929644361644,0.0543541249656411,0.0543541249656411,5.27264371996324,46,4.93560461781769
12129,13.3439666478964,93.1666753677024,3.0452962674679,3.78802836482971,97.8157768623886,0.0632284474038189,0.0632284474038189,5.48025991356056,46,4.81606095439506
12131,19.2260279967696,77.9768201488895,9.34116304538711,12.6820168057233,99.6285469806065,0.11096162915612,0.111812723490416,5.0623905800844,44.8834117996333,4.97937016509723
12133,20.5491515922091,71.4917361010514,8.48515773789797,20.0231061610506,70.1024534166088,0.142217534286163,0.142217534286163,5.14655315604827,42.358009481509,4.9948712874625
13001,19.7652627335878,65.8322190760251,14.0236043156682,20.1441766083067,113.952045269348,0.195768109312062,0.195780874527399,5.01740861879363,43.0624687541979,4.91769806348462
13003,16.2081136492077,70.4670459165685,12.8658118202355,16.667142263196,149.11517921361,0.169910096852748,0.169913851660369,5.10938837734474,44.0259795376637,4.94185693326478
13005,16.783534417838,69.0622557356403,13.4157667841013,17.5219774802584,131.646651802332,0.174346292095437,0.174348825985905,5.08480718801489,43.4680542404536,4.95693466209493
13007,22.3479383298297,65.0087815699134,12.3226495553269,22.6685688747598,67.5261993030459,0.169466937481158,0.169470086691101,5.12747441032556,41.4812237749872,5
13009,20.1844888285659,53.1819666050458,19.9395324593303,26.8785009356239,69.4049768660729,0.206583521481144,0.206596483400975,5.14729722182873,33.9913243771594,4.67873554014601
13011,23.4200150655505,37.4308218181043,27.5333987701053,35.0357794117904,50.8220750538844,0.226568228224126,0.228031454531754,5.36824119593732,29.2608275770435,4.61790319549025
13013,23.6336158385437,36.7917617523325,30.5888596074185,32.619378640249,56.9306858404198,0.265547510164239,0.266387663319723,5.1984365673151,30.8458762926836,4.90181903773947
13015,20.6729553700877,25.6001231586202,40.0435585274523,34.3563183139276,83.2845681180807,0.276779449519212,0.322440666044812,5.34220715421446,35.0120230283994,4.55633867277445
13017,22.9331008025185,64.7497833550593,12.227134543333,23.0230821016076,91.4818539274297,0.17658298289217,0.176585512071908,5.19202486348277,39.1019465696775,4.90624362077703
13019,20.8926072399978,64.7466423127047,14.0245638539678,21.2287938333276,109.301663847942,0.196536316949061,0.196538508544347,5.12241851780057,43.4594009352345,4.97825495129128
13021,20.2354693282575,56.4109563032372,17.3946684837349,26.1943752130279,76.9424854802944,0.193650259463037,0.194921920488151,4.9941083962005,35.1440875098525,4.46683863841716
13023,22.0211209402337,60.9479672594692,10.2485498485049,28.8034828920259,54.9548461593211,0.16179313043269,0.162936163596674,5.22063101900865,37.50326432031,4.88600384888602
13025,21.3326746520576,80.8426054956201,6.74780939877885,12.409585105601,103.392695321923,0.127991886070212,0.127991886070212,5.02438720572741,109.406014724469,4.99164876508977
13027,23.4422098134031,65.4975907468748,10.3012923124145,24.2011169407108,69.2014384558029,0.159981503802832,0.160273616793197,5.30440222862568,38.5316793938229,4.99935687007208
13029,18.1541620002841,70.9305851476811,12.7449052907018,16.3245095616171,110.856142212302,0.171512990305057,0.171512990305057,5.08415249495974,42.9600787255587,4.99298886147439
13031,22.3695061559268,67.8892185491176,11.7091554439796,20.4016260069028,99.5197791742158,0.167410882482521,0.167426537721285,5.24338463662274,41.2801677731426,4.91844943592941
13033,21.1623008655501,64.4323225650925,10.734284839476,24.8333925954316,72.3001145035275,0.160849225167801,0.160885031836908,5.26061029301101,37.8926909370268,4.94738848257872
13035,18.3517187846582,45.867790465341,19.7707897354797,34.3614197991793,51.1164079413389,0.194356745588657,0.194533049892859,5.07997210181201,33.3071772240497,4.33392868034043
13037,24.5327847476245,57.3458175041955,12.0864415787851,30.5677409170194,64.2132675534846,0.159481005040253,0.159500325443799,5.16030149748307,41.503289112491,4.9951889882707
13039,19.1893280771326,68.2902581855326,12.4649893290459,19.2447524854215,160.791779999269,0.149740497058572,0.149740497058572,4.9812101874474,45.4659209068439,4.99904116594221
13043,20.4029865082313,70.8575649171493,9.58704628568206,19.5553887971686,103.424543660642,0.147836692022847,0.147935217249651,5.27483393206955,38.8841790580208,4.91596911057801
13045,20.664972266301,48.6197961114291,25.4436612771041,25.9365426114667,68.653161263573,0.233165790927596,0.255029270592485,5.28741670244991,29.7864914589208,4.64824733990132
13047,19.9477107007278,23.7306581897024,41.4613499514618,34.8079918588358,62.4172718603979,0.274667343347382,0.317681693064188,5.22401929065984,34.6266318530551,3.94689773628
13049,19.9063562278913,84.0503919748251,6.69457025043573,9.25503777473921,110.813384206648,0.122628522227588,0.122628522227588,5.02244581967014,111.615087801455,4.97644032901522
13051,18.5825521024881,65.1625171995369,14.5502614944607,20.2872213060024,173.589535958968,0.188052021161641,0.188052021161641,4.98333298310639,45.7187600792945,4.68416192734675
13053,21.7936854382581,71.9128113376105,12.2361814316224,15.8510072307672,103.083018817064,0.158808425295002,0.158808425295002,5.16303639122158,28.78805427809,4.7390881735082
13055,22.7722231008152,29.971963161111,36.218800286449,33.80923655244,88.7115833633891,0.245063389232698,0.286819109909353,5.11366643899229,35.7204031452937,4.15865187570897
13057,20.7400042899336,46.2436239692389,25.34683431572,28.409541715041,80.24131514789,0.241491643518289,0.261899743509278,5.13298316337122,28.4302831068774,4.18198107701425
13059,23.6222165634323,40.4553791146164,25.1402554183631,34.4043654670205,54.8311846893479,0.224520367708367,0.225263997249462,5.24400735597706,33.2139366222506,4.64896609791796
13061,25.5975159047664,57.9236742483696,12.7563940118445,29.3199317397859,68.8091291040701,0.15588406014078,0.156567145460879,5.19137491026029,40.2248146520001,4.91185166107363
13063,20.8689226898679,39.2079550279146,26.1596181313129,34.6324268407725,54.9774513899844,0.213161446025528,0.214158291944204,5.21487282785552,34.0360070769849,4.88732558667038
13065,25.2651269874298,77.3429373213718,8.20201292969339,14.4550497489348,136.831229414278,0.159418081483947,0.159418081483947,4.75545174148075,110.686859158887,4.99492385714345
13067,20.7818945748739,43.9749974603585,25.9536686582029,30.0713338814386,64.0121422393441,0.228988493881727,0.233073951894973,5.37968386665951,33.7357123447294,4.43310176969331
13069,17.5399674862066,65.204346875211,14.4116818231121,20.3839713016769,127.449036803708,0.179505826630029,0.17950873419827,5.11729314875595,41.0284025341232,4.92558646120904
13071,23.3737112353812,65.80520369555,10.7758068087302,23.4189894957198,76.5491243781091,0.164746404939018,0.16499588182949,5.30124272040987,38.6963235497885,4.96864058556882
13073,22.1951606696835,47.0558726446893,22.0292568834637,30.914870471847,65.7366506054205,0.207902230864396,0.210689588024811,5.07133559493595,33.1898458447998,4.97667672244121
13075,22.5212131355374,67.2395921837354,11.7214271183829,21.0389806978818,101.078427648217,0.171241855690602,0.171247182397783,5.24170659874121,41.2771972639012,4.98038938658429
13077,21.7179264467507,39.7695282437622,27.0142713788212,33.2162003774165,47.6529672590682,0.237645538986339,0.242799274690721,5.19523819946885,32.1759750371551,4.98529205885983
13079,19.5325190281575,59.0564325066205,15.1814187223963,25.7621487709832,57.290169040316,0.177902474170996,0.177935942478632,5.21270862463758,35.5081477079914,4.66820859001073
13081,22.2330006392325,64.9764214847475,11.0415376916851,23.9820408235674,68.0895617035099,0.166529126124699,0.166529415016237,5.26421566236609,38.3925434323922,4.81258441666526
13083,23.4418519105007,32.5505282489032,36.1039763658627,31.3454953852341,75.0250395296499,0.274930489722802,0.301490302896027,5.38854348898773,38.6439977210554,3.88655506358965
13085,21.9951607367234,47.695282106133,25.4158406731717,26.8888772206953,101.282906689321,0.251584291086438,0.255240882690996,5.25383461111448,27.8953980846424,4.69196139785286
13087,20.9071276126975,69.8648747547337,10.6017214203623,19.533403824904,59.7712341280647,0.150675680603605,0.150688095851674,5.18955868970382,38.5741792836253,4.97957662912419
13089,19.043253264664,48.3502462511338,24.4886825558021,27.161071193064,61.8093911767766,0.228988719801324,0.230838348576409,5.35586482036824,29.9801802469136,4.41238317901235
13091,21.4271588206239,64.6062121549073,11.4971800525848,23.896607792508,71.4003879839068,0.173420210160707,0.175064427869408,5.22165660880806,37.187536204545,4.80231782123343
13093,22.3884693474373,61.6758984865855,10.9038640911872,27.4202374222273,62.5223577605918,0.163395804654483,0.163489557042706,5.22253193984042,38.5710166370737,4.90259939324615
13095,24.6833342148907,58.6027143269495,13.5173507672623,27.8799349057881,77.8037416820409,0.178091762480742,0.178120369842313,5.07539413238055,39.8434522872905,4.9449994780899
13097,21.5018918502852,42.9571366714126,31.5933627572262,25.4495005713612,67.6009165574079,0.281181050178977,0.291556735502389,5.31751983888534,28.9347680487627,4.2715730812183
13099,24.4266340591664,59.9270610535005,11.5377001524695,28.53523879403,65.8531403030332,0.160311520801165,0.160333994502733,5.21448685029419,41.5398510899636,4.9965090193182
13101,16.6210610192509,86.5384231985791,3.83655962202155,9.62501717939934,84.2437546388638,0.059313750720908,0.059313750720908,5.24037549729912,68.3668683663695,4.98650843462659
13103,21.6452651024077,74.2255167505688,10.6994092310919,15.0750740183393,134.997655400402,0.148438372981572,0.148438372981572,5.04424450085036,99.3365651501909,4.99769331701559
13105,21.111424514242,40.6083319186263,26.5530122073711,32.8386558740027,48.4958582021672,0.239535591157087,0.240205662548152,5.6693753555902,32.4431272161447,4.50222027151012
13107,19.5397005880721,68.4822971584437,10.9677999125618,20.5499029289945,87.7966608415855,0.161265481974083,0.161333365713656,5.20194084780304,37.3291061544243,4.80814308300128
13109,20.0772477709205,70.4958539765033,10.2655180139962,19.2386280095005,108.201975803921,0.153549342602949,0.153619609025855,5.24874332036153,39.9791971399387,4.94649642492339
13111,20.2715061356242,54.7851142538263,22.6334005343449,22.5814852118289,108.89680580385,0.220939598574834,0.232136618208837,5.36779659935084,28.755129426171,4.67802393127506
13113,22.1334694436879,32.4183370348017,27.1433690246236,40.4382939405747,50.8337616925105,0.196604379031934,0.197654998820067,5.15952201889846,35.0053214564227,4.85317970697005
13115,23.7697243285442,28.3156210766346,37.1075737462656,34.5768051770998,86.7457569724902,0.254002947853325,0.292414706486061,5.11080727362447,35.8379937509382,4.30496552280999
13117,22.7303391180547,50.6511427386529,24.1163865634752,25.2324706978719,54.3575038638033,0.247680794875837,0.249384491623262,5.2359484238522,30.7293189203307,4.7753674278228
13119,21.0435435868026,36.7560155349566,27.256489348559,35.9874951164844,45.4862657760338,0.21936729934694,0.219647166052445,5.32952923215579,29.856836115786,4.80573390976136
13121,20.9649661989551,55.1798035592289,21.1887931123263,23.6314033284449,61.0326259972394,0.225754206690645,0.226857164721394,5.42960555278347,37.171992030299,4.87191474080669
13123,18.6035978974933,48.4312024049871,28.3209752069831,23.2478223880298,83.4212295783277,0.273177209036275,0.311138578959935,5.21214730209932,29.467432354538,4.03872037483945
13125,20.0021552886291,68.7862763186044,10.6553689993923,20.5583546820033,100.131782553854,0.15885977416239,0.158896449400761,5.21893428989148,34.9044458291566,4.80660065201882
13127,20.1043509230864,69.4785134540099,11.7397026629304,18.7817838830597,162.881508784259,0.149191353335655,0.149191353335655,4.99054086251266,46.8658773320688,5
13129,20.419873921138,25.393597813393,43.4939460951927,31.1124560914143,90.5488637969306,0.289184348929852,0.350645862710243,5.39157436957824,34.9835439242601,4.32238684685334
13131,23.7454127315877,63.1858429469205,10.1678950734255,26.646261979654,52.3365503614999,0.157076267209297,0.157442995747669,5.24387934866985,38.7030741950729,4.93567032081189
13133,23.6701750995193,37.2130955593974,26.9862973611785,35.800607079424,62.6686740860468,0.218509527094067,0.228732106389978,5.19292152087568,34.284114632394,4.75119477083513
13135,22.0640140439155,46.1293739528767,22.5392931125929,31.3313329345304,70.4211306495244,0.22075812174715,0.222119856328318,5.23996544292209,31.7282196484175,4.79305806418004
13137,23.2753053828308,45.7181911480343,27.1955116628504,27.0862971891153,81.6844194137016,0.259074224516022,0.261469077896363,5.31072172149731,27.4683236004136,4.65313940420694
13139,21.6952009924601,41.1761047296957,28.5605719953613,30.263323274943,57.390212916874,0.259319760261399,0.263165584606228,5.34250693670094,25.3493018689763,4.72827942558203
13141,20.88226581442,55.1727683294668,19.6031894840399,25.2240421864933,50.0649121186825,0.20732420109342,0.212373157426509,5.06984105051496,37.8500513159849,4.5931001058668
13143,18.0204555837617,47.2503387980075,28.6511424934388,24.0985187085537,79.2159698422304,0.240913569487205,0.311763414148555,5.18769157791669,28.903873855099,3.99216835644844
13145,26.0654805243315,35.6961373481308,31.0429278363828,33.2609348154863,59.7026190034912,0.254798011156495,0.254961992838214,5.17629955895818,34.26917659878,4.99277068653461
13147,23.1789714932877,44.9423083027258,26.0907324478681,28.9669592494061,52.9809305390713,0.234602026787916,0.248507597220009,5.1750339139728,32.4824511285306,4.7364912321801
13149,19.3266226837461,44.3095749775132,27.9538259904238,27.736599032063,51.121256939676,0.258692450259545,0.272271869205006,5.25428509236005,27.7658999340238,4.82401121167671
13151,21.4875676230253,34.517171879807,27.05434357995,38.428484540243,45.1909513911919,0.207439621105551,0.208033775682307,5.18933010867004,33.7896203819991,4.85584023633193
13153,22.4676463236248,56.1310886299753,12.8975231788691,30.9713881911556,59.6499337461159,0.168073215520213,0.168401005848565,5.18225005007967,37.1445763158254,4.94718055408365
13155,23.124700850829,65.1112838829037,11.493624037021,23.3950920800752,88.5767403375983,0.168410270276083,0.168411044323681,5.20911077019372,39.8306171000945,4.98334394554856
13157,24.0717594536636,35.4623890175886,31.0024511557219,33.5351598266895,57.6674296669622,0.265026595971004,0.265801809297776,5.20497158605079,29.7471159168415,4.92828214299534
13159,20.3620020973677,40.6776606275772,24.5597731967696,34.7625661756532,57.6520167282922,0.217858413388773,0.217860774735346,5.41370182721801,31.412325364149,4.85238101828283
13161,18.8514841153992,68.6554500235732,13.2563689643219,18.0881810121049,127.891531882862,0.183086320561637,0.183086320561637,4.98819976250308,43.192340345199,4.91900209406601
13163,21.5032092851306,61.5077609226877,10.8844216556536,27.6078174216587,61.0338895763627,0.158137475316962,0.158159223730916,5.21200478087325,37.5377160293734,4.96502959398298
13165,21.7544176724537,62.8184019281066,13.3970775512043,23.7845205206892,81.8865484018124,0.188977507964322,0.18897921220643,5.14894425061241,39.1478988569384,4.74829717232667
13167,20.7632691024071,63.8117407670341,11.7443111153074,24.4439481176585,65.4918983107629,0.177995715037543,0.178026511472263,5.22964228860252,37.1095170007882,4.83025749711283
13169,22.6495632536941,36.6229614432409,25.7085378569033,37.6685006998558,64.0996181454927,0.209007345627228,0.209097536375288,5.29588420094627,32.5006237192693,4.76580573416272
13171,24.9811432879696,33.8708541609648,29.2253112559626,36.9038345830727,49.4186374579802,0.23290174509346,0.233586959764477,5.18572630369525,34.0612457903087,4.72649613530213
13173,20.1294402046498,66.6345855217511,13.5186963892747,19.8467180889742,109.941443967852,0.188071163907902,0.188071163907902,5.12532880127181,44.2884823482057,4.9713671602852
13175,22.0155651452623,63.7555910496017,11.0598715646863,25.184537385712,63.9276589217792,0.170103390957951,0.17017724743829,5.27184974436885,37.5913865838091,4.87820009272986
13177,24.7279446899689,58.6507939755524,14.2990420051947,27.0501640192529,74.9891034306017,0.174298769935498,0.174358255128865,5.17939461801137,41.0219852943034,4.99977709073733
13179,18.6579703115249,67.1134242771948,14.149225590311,18.7373501324941,144.899196312126,0.196561090002221,0.196561090002221,5.03820832231142,44.8392338137703,4.78937814325818
13181,23.1477857386567,28.3547110403083,35.7595694865897,35.885719473102,53.3811239188909,0.269514951242878,0.276621830887249,5.06600668252076,34.8753393285113,4.79700804776739
13183,16.8493674340938,73.1878299896513,12.0838847139994,14.7282852963493,123.712553684896,0.170477209751291,0.17047728417329,5.13097244469524,44.0376634621905,4.99235202987831
13185,19.135125075655,73.4851402410535,8.67428616601776,17.8405735929287,103.628511289007,0.132681045758012,0.132681045758012,5.26166477265168,40.734337919615,4.97416598871425
13187,21.7744262635539,44.4652041534798,27.4995237468032,28.035272099717,92.7854300080389,0.251862284822036,0.259990219501086,5.23599140216831,26.5387876917839,4.50588172706573
13189,21.1608764620296,57.2113940623246,17.9215667803152,24.8670391573602,80.6532501564663,0.188028473208167,0.189479055134091,5.05683877466583,34.6548461159818,4.97571279572891
13191,17.4257194887535,76.8770062638019,8.13463390170202,14.9883598344961,141.207170171476,0.134887923718442,0.134887923718442,5.11204691282749,45.788629783985,4.91869245697197
13193,21.720047382217,61.4817716482099,10.74236416702,27.7758641847702,58.8583762160578,0.155604689867434,0.155636652374245,5.19829760557947,38.3906910566361,4.94473968917304
13195,19.9846269533105,44.6244542856774,28.0408374636121,27.3347082507106,46.6522532205435,0.264599315758361,0.264933565706055,5.31410805335293,30.6650898466364,4.95201369583285
13197,20.3601073939697,73.7378960990579,10.8484576743622,15.4136462265799,96.4004809418672,0.138124151108068,0.138124103339164,5.19310631243571,32.9986069146523,4.85221530651472
13199,23.2473177885588,43.5024838115371,25.5170777721348,30.9804384163281,59.064594303353,0.219849103838132,0.234529859939135,5.13674760872665,33.2994849864193,4.60398723951264
13201,23.4662057425412,59.4775133698343,14.9653762369761,25.5571103931896,83.749878661808,0.192571241194475,0.192571241194475,5.07987733353092,42.703256274088,5
13205,23.1179733384194,65.4427435846418,11.6044271895921,22.9528292257662,63.7593600632188,0.16706714496179,0.167135330067743,5.17350836041372,41.7120452095113,5
13207,18.9745847401833,41.9163167248617,22.5974216338489,35.4862616412894,50.6828698315994,0.200535009812313,0.200915933033107,5.20923950333513,31.3121010947434,4.20686360931229
13209,22.7951660238029,65.3743230109627,11.2508556420101,23.3748213470273,79.8056837178752,0.17029237231941,0.169284447775485,5.26256109976874,37.7510712834626,4.77374303934402
13211,21.8462220693401,30.4469904440361,29.0361830198639,40.5168265361,57.2566180882728,0.21638410484476,0.216777305584074,5.38487386285011,33.3972952257131,4.50213066307835
13213,22.240613509111,25.0578333026861,43.3410560922282,31.6011106050857,86.7899145217774,0.30419527492562,0.343496563491851,5.22959787019858,35.4113083475871,4.350549558948
13215,21.6443105859135,52.5975091680275,19.5791009881591,27.8233898438134,82.8543951335959,0.202337657604473,0.202337657604473,5.19539094215897,35.8726870756734,4.88932758445883
13217,19.9688189629597,48.193316715027,18.7412084212343,33.0654748637388,54.7372797949553,0.199030655109528,0.19959585309723,5.2379303857516,33.2500938435332,4.84872998418397
13219,23.8578344914026,39.4989954061997,26.4026305595872,34.0983740342132,52.3874980250448,0.231953945975615,0.232096414462779,5.18296782844216,33.3180484496636,4.61073980606843
13221,23.6054726748062,44.4908468327764,18.7050198557263,36.8041333114973,38.9596880166124,0.188728026800785,0.188787825953657,5.17728643575901,36.9747814060648,4.9795440028372
13223,22.1507694131001,59.0881233026193,21.277216076856,19.6346606205248,54.1874807951641,0.239778582163817,0.248740082035798,5.52971892031317,37.8404233858619,4.44829411533855
13225,23.0727959076368,56.8796444328612,11.3459804655184,31.7743751016204,61.7667274908677,0.150603043475491,0.150603043475491,5.18327190074525,39.0412525239943,4.94194518629371
13227,18.3387908851611,48.2819113134943,27.1493016626469,24.5687870238588,69.9933896166067,0.260989901827335,0.308295351331272,5.11871173922585,28.1795348288424,3.93141216608166
13229,17.9004528820976,66.3801674344856,13.2047333006013,20.4150992649131,106.580128335481,0.188861587833582,0.188861587833582,5.08279795636647,44.982564869297,4.99843777574989
13231,24.9816250821066,34.282133232571,28.8739031043626,36.8439636630664,49.3283215178356,0.230623700473715,0.231598767587088,5.20069415329856,34.344390455363,4.685134189107
13233,24.3642940903423,26.477629676313,37.9344055245577,35.5879647991292,91.6120025084892,0.2370677112918,0.292874652872934,5.10268083067615,36.3058625432234,4.38667439747762
13235,21.9423976976808,64.6901844813794,10.0910224008515,25.2187931177691,51.3273299220502,0.161368427213937,0.161540943179458,5.24904279132156,37.518133667986,4.93436816080488
13237,24.9092851742157,29.3308307554808,29.2751063286577,41.3940629158615,61.691052240507,0.221055904559844,0.221140390978519,5.35150325997237,33.3673160434121,4.85697604191073
13239,25.2972680773032,58.838231234253,11.8919995751846,29.2697691905623,70.4288676672011,0.158533517123337,0.158694884376897,5.1085487096594,38.303445376107,4.79355197102435
13241,26.5182949663544,39.3659886158785,33.5426112151605,27.091400168961,231.410390358489,0.259198578873454,0.264706713875106,5.36681905165106,32.9450315577644,4.77878325234283
13243,26.0896797943741,57.2408980557639,11.3103038371511,31.448798107085,69.7468784938524,0.141100025180621,0.141592295284156,5.154696485282,38.7712863142049,4.93503074224164
13245,19.7301202095014,68.793887534579,12.3227771247345,18.8833353406866,94.0584840065345,0.164591120161518,0.164598936705009,5.16437387508997,36.0502013783544,4.92909678537205
13247,19.1720307673534,54.553587953229,16.3435313357348,29.1028807110362,54.1884647127837,0.195468066001932,0.195604565194643,5.11506293218477,30.906140882072,4.73432794538307
13249,20.8610021971417,68.7249636619531,10.1716132533408,21.1034230847061,70.4475887914455,0.142569124258092,0.142593588761867,5.11506671754143,36.0773686014152,4.90095764591579
13251,24.1533458568906,66.8466501919996,13.3985824167161,19.7547673912843,99.6879678696787,0.230683066174651,0.230683066174651,5.10955099866406,40.6085707274028,4.91161707123364
13253,23.12388236634,60.4056556589259,14.6127736109907,24.9815707300834,84.1198990350132,0.187161131986534,0.187161131986534,5.06158756373255,42.0779885267625,4.98746036156864
13255,23.6094614278449,37.6510728772219,28.5339077856184,33.8150193371597,50.7809307788831,0.218067953103091,0.246345080722559,5.09617334578423,34.5316402203936,4.61091469889144
13257,23.5287831927344,38.3211388628012,27.3411728242615,34.3376883129373,53.4665316795578,0.226074810657994,0.227185671047782,5.35472420668592,28.4386152532119,4.61458103491227
13259,25.6707387866272,62.4565623351702,12.0484702429313,25.4949674218985,75.2049537991571,0.162236668576881,0.162240764528655,5.12845619105205,39.4688664452392,4.83773574818282
13261,25.0025320413978,56.2660474539704,13.3688893738059,30.3650631722238,75.0629576450984,0.171856277861123,0.172300702897996,5.12758007407282,39.5340482010664,4.97112359788144
13263,23.5771540979057,47.858114649598,25.3174012923652,26.8244840580368,70.768328440339,0.223986190725919,0.224055314851705,5.2756253972446,34.1498600282709,4.94352884914122
13265,21.4748218586093,44.280241993966,24.1199770395738,31.5997809664603,54.8083469821753,0.23508526506268,0.243321845619409,5.16741501390737,32.9357203569911,4.27657650897437
13267,20.9143736288594,69.8050540276049,10.150373462002,20.0445725103931,99.6145496068068,0.149484715710453,0.149598022379127,5.23837271281038,40.8164136919403,4.95521746796981
13269,18.4074228204758,70.2580545215898,12.9912579271229,16.7506875512873,58.6942709976146,0.172910125889514,0.172910125889514,5.19737667776432,34.7470165792307,4.66576079221588
13271,19.655838928663,64.3477728755425,12.7592400631626,22.8929870612948,89.0113645748884,0.174519057678888,0.176558426180576,5.13096628669801,38.1997510779328,4.72949580594228
13273,25.6765991092743,52.6023868796903,16.4409272250265,30.9566858952832,70.1567991345301,0.178439244158325,0.178798850919866,5.199011680711,39.829616855345,4.99250676162837
13275,22.9574377784602,64.9852087769435,10.7092019378347,24.3055892852218,70.1244182439027,0.163377704539518,0.163621362446439,5.26899069957564,39.6974470737601,4.99889267490977
13277,22.7979422174325,66.0385776495692,10.5688572701081,23.3925650803227,74.0910612956548,0.161449601273429,0.161610193985065,5.28456286632104,38.9323053360976,4.92822276386321
13279,21.4828111309415,67.661137738283,10.9357181636309,21.4031440980861,85.4559935823988,0.163605796469214,0.162769265409205,5.24280229364191,37.8675350177667,4.78282766586767
13281,27.4629768445254,38.7562712235739,30.9216341180814,30.3220946583447,163.038281633199,0.249852491446996,0.256269117985066,5.26940947522489,31.2554842834053,4.9315757485131
13283,21.6977927016215,66.4302885984242,12.3186833411163,21.2510280604595,94.8226058171292,0.176100937802856,0.176101128204251,5.20235403057792,37.2071891978217,4.997608739651
13285,22.9072123631591,37.0800652121983,26.3259365726395,36.5939982151623,48.0494916888921,0.219258338865726,0.221997633647542,5.21740938213321,31.5350198203024,4.93272955174658
13287,22.7407588089356,65.4954339104226,10.7685850840753,23.7359810055021,69.3488674307393,0.164131084047414,0.16413365219683,5.29241573259175,37.231947405749,4.82769740392272
13289,21.2172661704826,60.7407829354409,14.4468053491466,24.8124117154125,89.8217632947392,0.189659901102421,0.189659901102421,5.15291517911987,36.0469229392778,4.95761722218016
13291,22.0529102364004,50.9855506432964,24.7639917450234,24.2504576116802,117.851967572641,0.234965647373117,0.240292969781837,5.37068829104007,28.8680082184879,4.8316519083852
13293,25.7782077712913,31.1292813777463,28.00401626655,40.8667023557037,48.6773367606336,0.215380804113442,0.216470147129529,5.36912594617276,33.1511996311935,4.38578439790691
13295,24.7745318299212,25.2114261439868,39.4847361326094,35.3038377234038,75.4610584179687,0.252210011318163,0.317923953440714,5.37404372487616,46.4772504354877,4.13985650065978
13297,20.5511832665718,48.843211557102,20.8866513703941,30.2701370725039,60.0090089082731,0.20060962250222,0.204156031774083,5.28230688148681,33.9610298175412,4.28502051065082
13299,24.0914299217073,76.7641088498761,7.08747360641938,16.1484175437045,98.9069405260802,0.147491174412648,0.147491174412648,4.86761221214468,111.372601064084,4.95704343262307
13301,21.5695372641259,55.251461417399,18.0508416405668,26.6976969420341,73.5826969677851,0.194778878947634,0.197619978102449,5.07174395563422,35.296168233079,4.98567527300297
13303,22.2239478290562,62.0645562429676,10.4816767537693,27.4537670032631,61.2457044432329,0.155460067045152,0.15548803700119,5.20262569757412,36.8367110960475,4.87957000022104
13305,20.5069868121413,67.2463066156291,12.8718277718347,19.8818656125363,116.84994001884,0.178874503478318,0.183542244999799,5.10483497441292,43.2905081822358,4.99677296639004
13307,24.7559921367972,64.9284050024087,11.3356492194619,23.7359457781294,74.5023124812615,0.17124281517261,0.171227365809474,5.18910253030502,38.4903102977148,4.90337649252737
13309,22.0049325655382,67.6981764541938,10.9083407817887,21.3934827640175,82.3678317460831,0.16364532402995,0.162981826826655,5.26636387800625,38.3464973812791,4.82321750023552
13311,22.1612503494353,47.0717964583472,25.9845110875711,26.9436924540818,98.780219853574,0.250229419323312,0.253591532000713,5.22442259252255,28.601728173125,4.62070965922284
13313,18.8833298427348,21.500609801016,46.1219424840492,32.3774477149348,75.3362232843901,0.288921794796131,0.363256301667615,5.17365693709478,32.7114089545246,4.046318846444
13315,21.533042358824,66.263869440324,10.5823352084323,23.1537953512436,59.9190562070761,0.166728913516285,0.167009426868022,5.27625755012521,37.8257710656893,4.84143873675253
13317,23.4971096283928,37.715141411278,26.2274066183521,36.0574519703699,48.0362955274383,0.226390431787162,0.228372803703183,5.20258242626141,36.6712854650333,4.93964930219777
13319,20.7076241179275,67.6354857756969,11.1747314198623,21.1897828044407,70.415704605,0.160586042488649,0.160586318351493,5.12629122150031,35.0818819171069,4.85295980634034
13321,24.0230602445453,64.4061233942484,10.8019196682601,24.7919569374914,71.992920546684,0.161352652796604,0.161356238075315,5.25315705850107,38.3925585095419,4.9480797255155
16001,15.5482527771047,44.4934951737879,40.4799950895422,15.0265097366698,77.6149881381831,0.410670397648999,0.419854538423127,7.64818973497046,NA,2.85395704670055
16003,21.9532343440759,41.6183248409155,36.8857342387579,21.4959409203266,289.824015638044,0.243357669136341,0.2898855015374,6.63383271688755,185.047610889385,4.05656830357985
16005,25.7414385438952,26.3230762408706,58.2137492544997,15.4631745046298,279.535096365112,0.413271795628397,0.440024261113068,7.81692137455814,152.675427777829,4.62258438863549
16007,26.8420290999076,22.5781518911876,55.6539955672063,21.7678525416061,301.302584472155,0.374485406459191,0.409251754596073,8.06664423378431,196.81201894732,4.44171757642539
16009,27.1113550579478,8.19336971861637,67.0074576601817,24.7991726212019,249.073473974061,0.440059902404819,0.447114052129775,6.52637658238614,84.1189535632037,4.45912594301086
16011,20.3477709117718,39.239151862492,49.0707662952576,11.6900818422503,100.870205757332,0.416187341608631,0.429037008216237,8.07369900133199,175.148386093255,3.96678011708913
16013,18.3781278382417,49.9052637487632,33.2383245799719,16.8564116712649,182.090390870273,0.276170402688264,0.309633388320035,7.23629939750099,157.14164823351,3.48659074766292
16015,18.8500946702782,56.6384520844487,24.301134001951,19.0604139136003,215.291316791154,0.191712103808052,0.242971687844436,6.30285408629254,NA,4.30182267280311
16017,24.7623953960776,42.7713361044056,45.9167770282902,11.3118868673042,912.726978036905,0.34172312929294,0.38490467054209,6.51305242760203,112.105700856673,3.31418111599485
16019,22.9775437265551,27.4968583336397,58.3791950558976,14.1239466104627,112.105342447159,0.448050594327079,0.457168541114134,8.0259229483301,169.533295647807,4.62921949673141
16021,31.688227497404,15.9101994481734,59.6194311279478,24.4703694238788,795.387076637299,0.410380644364398,0.411412702097229,7.35173844938182,NA,4.17198857574146
16023,17.6423983454274,49.0758484988457,36.0320302275501,14.8921212736042,130.555566373545,0.273077541049644,0.33043917603174,7.97508177690563,NA,3.70809511749007
16025,21.044293000375,54.3577407102848,26.817625869396,18.8246334203192,267.309792523017,0.223921043839193,0.235065553247996,6.94796766647218,188.583205350229,4.22545256426454
16027,20.2848425027943,44.3251968613861,42.6945182975858,12.9802848410281,86.066818553892,0.38609285776227,0.390354443787104,7.96634714341227,NA,3.72399004593235
16029,27.0180904815258,18.1604729514558,59.8235260607169,22.0160009878273,173.564930611436,0.409946552835576,0.433606969031755,7.68798931212534,146.238890370152,4.47610078875721
16031,22.4958633979642,35.6220975424042,50.3276450484117,14.0502574091841,130.860467155347,0.415520289618357,0.436350731733963,8.22254608635049,186.974600996522,4.25251125037718
16033,16.0303967479741,50.6893075117923,31.9105907597424,17.4001017284653,304.426568832984,0.194902298944454,0.267017610468852,6.77199118760541,210.4,3.81870020964361
16035,23.5174484910443,13.0094521266504,61.2136061237144,25.7769417496351,311.443370243908,0.422394131320295,0.434392528876722,6.0946885899735,41.2858933899108,4.09066152693586
16037,14.4678630051078,59.8053592800309,28.6098838011815,11.5847569187876,280.231367107686,0.144351255838432,0.258236451971756,7.7866959174768,NA,3.18063176868442
16039,18.4498089666109,51.2825684282809,33.9101077858068,14.8073237859123,80.90041991286,0.349840040143146,0.355995341629845,7.99701143039519,182.025598868099,3.42638833584602
16041,24.6819251547918,26.9224881573522,45.1641775057861,27.9133343368617,178.75125174899,0.333431323446955,0.355729897855383,7.96614648389175,187.871869205186,4.74444274236385
16043,21.0142735896521,40.3729028993819,47.0666520027612,12.560445097857,169.286497119013,0.348419176680389,0.35971736916023,7.45751393111098,170.845361129876,4.08496697721081
16045,21.6488182025098,45.9518586410902,36.9541540733254,17.0939872855844,159.221075826536,0.320765256227728,0.326200535496541,7.61958024132479,NA,4.03761998289214
16047,15.2064446360217,54.7748528767194,28.3609509519222,16.8641961713584,66.391518798643,0.357438980992157,0.3691772010694,7.62017790847091,154.711561838199,2.83414582886725
16049,23.2942490441958,16.4180431271982,49.0102953862033,34.5716614865984,347.76037076809,0.297531805758784,0.325806896544892,6.96528693431389,105.020538539692,3.76113555296051
16051,20.572324776448,41.8911749306534,36.9124800566476,21.196345012699,105.245936484055,0.310672838746986,0.313383681039369,8.15228956073178,197.015831485762,4.29805076251906
16053,20.1679399939756,32.7716080815538,53.218963109843,14.0094288086032,78.5271977211985,0.502428449147445,0.505831208928695,7.8818361923868,NA,3.53301762412737
16055,19.574216708986,24.9362954634502,54.9490209937905,20.1146835427593,289.568341223493,0.339381031470281,0.382628745431456,6.3207146913796,109.056828288275,3.86969186081608
16057,26.4889401912827,11.2046368183219,64.1331794761477,24.6621837055304,343.730356554073,0.415671234275549,0.425565509488407,6.47350611715612,31.7879325037081,4.55005951315995
16059,15.6366387744556,54.6775657434385,30.5781988552708,14.7442354012907,241.003823319249,0.170177572547456,0.269034774120528,7.78173451023059,NA,3.31803432824731
16061,28.2366478268851,11.5253026285749,57.7790230556201,30.695674315805,252.203881357339,0.396351030874427,0.406769743302173,6.88261893906992,84.742178130863,4.15513844141476
16063,18.0574718583585,27.9456884518003,48.6054520728147,23.448859475385,85.5760040773531,0.437471507231992,0.443689077115136,7.59465942532368,153.287928548365,2.92004209370359
16065,24.3415191083692,30.0625778896082,55.8168201973515,14.1206019130403,151.192861090504,0.396385104786784,0.402664761323577,7.8672842392507,172.416902467156,4.44131883249809
16067,19.5614696222486,36.5448570555904,50.3140508577055,13.1410920867041,83.6485061066052,0.464441102952113,0.465080545799515,7.98585860287203,184.177171597182,3.68707107645131
16069,25.8768010346331,12.9818924215462,61.5700998572989,25.4480077211549,214.429791925262,0.41784373677823,0.441582086189669,6.94684759240725,89.7527500838691,4.2180781552354
16071,26.905943159013,21.4104346464364,58.0534180603864,20.5361472931772,266.195153185789,0.392244120674033,0.43426904614018,7.97279810396882,189.80055452138,4.67524082088792
16073,19.6226810760193,55.8171701893167,31.9906521486008,12.1921776620825,77.0410095370685,0.322970426118621,0.333268595174759,8.1743848321328,179.343918760957,4.2272038229039
16075,22.6287787383881,40.0460490233461,44.2044817334837,15.7494692431702,99.6239821532343,0.371901652806893,0.372063102075128,7.79523305493441,NA,4.26965528475223
16077,28.3006323656745,26.5352775208,61.299104861412,12.165617617788,138.324132526454,0.484604068466478,0.489807064649091,8.23642745921066,158.056700848972,4.55260870021478
16079,19.1675855085758,32.2653389615999,48.3356701085455,19.3989909298546,375.273299877624,0.326351219303709,0.410567550657608,6.40191926573204,25.0249495967742,4.0882911080084
16081,20.4056043963218,39.004203033557,47.679471860102,13.316325106341,234.387115984453,0.314750552349622,0.361084919232563,7.84079331271703,NA,3.73723952760929
16083,16.6361959946626,29.3118105213769,58.2590513007552,12.4291381778678,85.9461464494579,0.539434707662879,0.550594244275455,7.98122943722032,185.928250576666,2.89309220325395
16085,18.1026948554026,67.9375075204195,20.2390193806406,11.8234730989399,259.080699331441,0.165722464698561,0.17116129655742,5.63462870787174,184.842796800197,4.44351104144561
16087,24.1488639001246,34.0055090514983,44.6441522836501,21.3503386648516,190.977595225123,0.33874640002326,0.351963280096573,7.38790448436061,182.097965755455,4.48497330102489
17001,34.8165549049954,9.79408793312809,62.058195090079,28.1477169767929,153.843806731962,0.420089528408277,0.420659427853566,6.28654557802283,100.573062468121,4.70405821080904
17003,31.6414115664362,24.9593991745095,47.9581241080086,27.0824767174818,174.459840242956,0.352643831314118,0.354489096189268,6.50333522137471,47.0457833728596,4.54343829053867
17005,26.1186022974957,13.4804138534032,58.0990188451963,28.4205673014004,103.892559497075,0.431481580052,0.431839696160587,6.165359984655,58.5839924486212,3.49639956595794
17007,26.8754989714725,27.0790882767491,48.4883450401261,24.4325666831248,258.016747813014,0.341668465397712,0.343134091062044,6.66810804438174,85.5527754911342,4.77754222180947
17009,31.5378909975093,7.64011478418508,63.6883169569457,28.6715682588693,124.558895880087,0.427199676730374,0.427199711902617,6.26709743152557,107.878582966433,4.73080151147005
17011,28.0759025237514,18.219916498516,56.5826632252837,25.1974202762003,305.030311465942,0.366818379469853,0.367429338114213,6.57462235142374,86.3955070055625,4.73343318938227
17013,38.333396349352,7.43724094581772,69.1935413293347,23.3692177248475,153.952378254955,0.466387008550961,0.46740927029845,6.42727563283953,54.5336411659419,4.89407062893755
17015,29.8126942311581,12.8979504051511,61.4529720106048,25.6490775842442,165.355518378532,0.400852563666955,0.403509966346922,6.15852494327937,96.6435560734057,4.673133319551
17017,29.5968097275197,19.9777668707126,56.7204304391758,23.3018026901116,200.145976185818,0.372640003180102,0.372640003180102,6.69936290596114,107.921304844407,4.84885426772735
17019,24.6550395701422,17.8115607556505,53.6109793044619,28.5774599398876,249.746178511733,0.35247245569474,0.352572270784223,6.901722009084,80.6403321897161,4.81926596271577
17021,31.4951359973154,7.26682391742719,61.9998669019551,30.7333091806177,218.714906591172,0.394319670681694,0.394320070597466,6.51781934965816,120.992638756385,4.85590453212173
17023,29.9879499851988,16.3971801150278,57.6443262278611,25.9584936571111,107.709263971022,0.427125376413486,0.427496863035542,5.80457476224244,71.7597408077829,4.18830331089278
17025,27.5718400440495,12.9820510411487,59.0740347031382,27.9439142557132,85.7785457244714,0.438210339071128,0.438578595106944,5.70213555626943,66.3161969292722,3.33414939776948
17027,27.1282564569031,13.1999860515353,58.721421857567,28.0785920908977,103.576230547659,0.448142250192356,0.449623866945904,6.32593456271308,49.46548382586,3.7196722469054
17029,25.9731123335107,20.7211460847736,52.4804466450052,26.7984072702212,206.411401819018,0.362799074384281,0.362810982393218,6.75534819701626,82.5575646579667,4.79755697416002
17031,20.7787650595909,18.695514660952,48.521218967355,32.7832663716929,362.03791736413,0.335909114359228,0.340275852796657,7.19474282447018,50.6741749353804,3.97717759523173
17033,27.5566281586177,18.5520597707996,55.8953440889648,25.5525961402356,101.693602261247,0.414158799077891,0.415918828061748,5.78616557988156,68.1517185093103,3.85562432165123
17035,27.570338350837,15.2529436900455,57.2742368267158,27.4728194832386,99.0385188612147,0.433670243212515,0.43379563659475,5.75307409924494,62.4454556495039,3.71663072738395
17037,26.7535613457763,17.8664739364521,54.848645453575,27.2848806099728,291.193401076581,0.365185547946102,0.367043979166875,6.95215242018572,79.9100720558241,4.97045415717094
17039,27.5757896502216,8.66955439034468,62.4284318868013,28.902013722854,224.665600901253,0.387151546588074,0.387161024364116,6.77591843505055,142.048839033291,4.932544355976
17041,26.3243967200121,17.1263887755009,54.2577480573226,28.6158631671765,253.157714738261,0.35598796620402,0.356149701079643,6.88384557481935,88.9790396427903,4.91528627940088
17043,22.9586320575714,20.4593582626581,51.8589582934923,27.6816834438496,299.094652570876,0.347359908802247,0.348852458554739,7.2276139154016,62.5193982678184,4.36483327494037
17045,24.8157921387698,19.444143856382,53.2887209578504,27.2671351857676,212.77119827414,0.370360361703135,0.370849947130419,6.7166127169159,71.0002700106619,4.95378224673301
17047,28.8346741227473,12.4227005896795,61.4585038444927,26.1187955658278,112.670352993342,0.454284864610033,0.455422485729478,5.61067361683545,45.6973385718943,4.08145195507188
17049,28.3701624747032,14.1940657690959,58.9330141805105,26.8729200503936,91.488621134656,0.442357241235431,0.445128728876966,5.7381884426601,76.0234658355706,3.47620950094657
17051,28.0002332386073,13.4588598773544,59.3022262916372,27.2389138310085,102.860689145281,0.445502581341648,0.445882613088268,5.82108457544031,70.9883648443033,3.58006902263482
17053,20.933738917312,12.6959938379976,50.8457393533567,36.4582668086457,260.585895397183,0.334061518944397,0.334106998012032,7.12330295298073,55.4353872475827,4.57979840084602
17055,29.2402054744287,11.15358835531,61.8928177398464,26.9535939048436,86.9711488315522,0.463343913522514,0.463714964421462,5.39812433553953,50.3244853730308,3.68776167537501
17057,30.071235997334,9.61210076172524,62.628388509827,27.7595107284477,145.830335117194,0.415259440807762,0.420416556813204,6.37246981082045,132.565112212843,4.91868503469679
17059,26.9071464691026,17.9821166923479,54.9744396535447,27.0434436541073,143.939233659681,0.36640290713191,0.369964854745088,6.51306878935847,55.9742374941525,4.80312860052647
17061,32.6547966048881,9.10993253387692,62.977179652627,27.9128878134961,167.003167084333,0.418988456968477,0.419047201036876,6.28880756790795,88.3645748285199,4.96890611839046
17063,22.6701906835081,24.639861377352,46.4390398320762,28.9210987905717,250.065407367775,0.317340198759816,0.317583843628107,7.12653625909023,55.0978340549674,4.69983344309333
17065,26.1695310418535,11.3835156752688,61.2692581237995,27.3472262009317,94.2135063032104,0.458641386779537,0.460043537593564,5.3539442354575,49.0060108561963,3.94273895036184
17067,30.7370889777105,8.95997093546785,61.3646026440203,29.6754264205119,165.923023181848,0.404602073086978,0.404665796899063,6.43243061165097,123.102569174435,4.74960819512233
17069,32.8172895396005,7.49266721883692,68.6703697963526,23.8369629848104,77.7299744052283,0.437631778756459,0.444256993545228,5.39356272865866,37.462308581257,4.03791880957305
17071,29.8081791599514,16.7106820633477,59.122837206923,24.1664807297293,187.539152473819,0.383473832044413,0.383554043450694,6.2719068625382,88.372357726359,4.85009144812825
17073,29.2288818104807,15.4808435266747,58.4671926297799,26.0519638435454,226.420468673991,0.381740467285096,0.382264976659213,6.50390406801179,95.3589154726208,4.71766200192148
17075,21.2941466909411,28.5669372549479,40.9838341919711,30.449228553081,290.962974797563,0.291808137637226,0.291947195905312,6.98929839412636,51.4538356265901,4.69852727065241
17077,30.6883813848696,12.8431138950741,56.5331502807215,30.6237358242045,126.981608759377,0.415204123635724,0.417476760200359,5.9860722557409,48.0364675329486,4.15333239579941
17079,28.9957611115352,14.7258457249071,58.2181896581683,27.0559646169246,91.8144673845197,0.43629887357905,0.4365066640777,5.83388110881791,78.8019125576265,3.46100431130885
17081,28.7735465363748,11.6565792549459,62.0666902652659,26.2767304797882,81.2293127095581,0.452502824180276,0.453950387264094,5.39181741176575,56.2205474928031,3.50993502979829
17083,35.0736399041385,7.75003262106994,64.2656272161724,27.9843401627576,144.645857419599,0.43729572770213,0.438349252054437,6.20215989657688,81.3815238460829,4.65556672195196
17085,26.5221831925878,9.1105609532941,63.0614319239465,27.8280071227594,117.919377021457,0.393928566887165,0.414205116787166,6.24652778595113,62.5450004094533,4.07958120481114
17087,28.7901335920304,5.93349168924045,71.2047280841654,22.8617802265941,70.9400633109062,0.491404610334314,0.494652169258959,5.20358474733972,36.7007776755371,3.75161248088791
17089,26.1798955859192,25.9051996461151,49.0115927752266,25.0832075786583,510.658679142688,0.341345458242487,0.34455941453465,6.96497808741508,77.6671109550633,4.68369998887243
17091,20.5002699628897,39.8151388334369,37.106298876395,23.0785622901681,231.777762927635,0.279618874039878,0.286271267233191,7.08302615025192,47.3925995971683,4.33310968491707
17093,24.6677251298979,18.84481234887,52.4323181314945,28.7228695196355,269.304050715262,0.350603507901828,0.351406688056073,7.03900426011811,70.2930536438393,4.78370887367498
17095,30.4123514623087,7.03661140460548,64.3985543489109,28.5648342464836,161.051259833854,0.41081759586479,0.413494137598316,6.29661246924558,147.768501606111,4.89362065866579
17097,22.4042663661721,16.2137923639221,53.0077720442142,30.7784355918637,748.5609015131,0.374169527635324,0.374313477003784,7.41538860750381,52.5205207621958,3.75139804096005
17099,26.7978974974632,11.486275032183,57.5793808594636,30.9343441083534,245.177811875808,0.364461067212903,0.364628684357364,6.84229555552382,87.205908011869,4.72220715839902
17101,25.0571147389313,23.3496398191682,51.3659615244873,25.2843986563444,142.19053818758,0.370018006460964,0.37501364059259,5.97919581165229,52.2260827851493,4.06452426837244
17103,25.4741831204429,30.4732201917126,45.9955223456018,23.5312574626857,226.735950174718,0.319847698190678,0.32191179670724,6.7194018119676,93.9553634731835,4.71537107493503
17105,20.8151488777007,13.025237051431,51.4051143607958,35.5696485877733,242.248019581242,0.333411231503875,0.334286264142613,7.19964363556909,57.4195909960866,4.63943683292322
17107,30.2693303165257,11.0676140580718,61.5014400284199,27.4309459135082,251.321707193957,0.381048535124509,0.381117951437559,6.71111732849304,141.317257443878,4.86979518087399
17109,30.0289550001168,5.87536571540785,64.7395712071572,29.385063077435,182.131276290722,0.408913410239718,0.408913694742989,6.47257746665368,161.058607685361,4.86879781004421
17111,26.0646266893859,40.1746701674823,38.8267043236092,20.9986255089085,664.587385285937,0.294685519038827,0.31141027559926,7.07344038657974,56.9034395209031,4.24450294899795
17113,25.9738655685415,12.3922139503493,59.0705076698688,28.5372783797818,230.575758990624,0.378256055601353,0.37841455933776,6.89970434101651,112.986981528921,4.83665355445101
17115,26.6173115004792,13.5935531957012,58.1008824494532,28.3055643548456,260.799698585794,0.368784588528217,0.368785792293418,6.85353143972239,111.884799464441,4.95859165282234
17117,32.3757069313567,7.96713646786887,61.7277765738168,30.3050869583143,172.376737969726,0.415950763579747,0.415980036228289,6.43233096241033,97.991465550136,4.4948121014379
17119,35.1646852439036,9.06925244793604,62.65045687153,28.280290680534,160.938111786602,0.443636705777084,0.443637573733598,6.40593684516277,63.1583125163284,4.22300691558346
17121,28.0990673534917,14.6822466367698,57.6854123802276,27.6323409830026,79.6319506915958,0.435760618049055,0.43633207287471,6.01468658399402,72.4655379237854,3.246028472292
17123,31.4315291571693,13.5061195284697,57.9705297917273,28.5233506798029,204.733667486197,0.384151482181116,0.387336355212738,6.80007957942786,90.4360509436115,4.91275335377215
17125,22.9244736320006,54.5669980716404,30.0464650444417,15.3865368839179,234.906553141227,0.222485359623526,0.223098952220932,6.40512861779702,65.0247169826221,4.23790468917139
17127,33.2675681361178,9.38848118754295,66.120823655541,24.490695156916,101.597967732463,0.477916817999607,0.48077938356954,5.48886574465771,39.5948672710211,4.26661189138902
17129,31.509776589908,15.3266230020553,59.4628868204508,25.2104901774939,206.088946492107,0.389559422988449,0.389699847830053,6.60216657113413,119.960061313795,4.75742735031594
17131,30.6659543800758,12.3006711842828,61.946566545196,25.7527622705213,181.852924458102,0.402766090008316,0.403208226505925,6.30919850776521,85.7217351031887,4.76041404186397
17133,32.7127702453393,16.3547947306355,56.1625859252817,27.4826193440828,130.614214246746,0.420951771564912,0.421161624161685,6.29529303757442,51.3092917287345,4.41327705049438
17135,33.5663961928474,8.22523258723532,61.5139339189727,30.260833493792,171.187332141385,0.421002426914918,0.421088681643031,6.45693643976209,76.2771922380085,4.29409475750362
17137,30.0589371204772,7.01796308745753,64.965069024575,28.0169678879675,175.721818109758,0.410380803888435,0.410381506286451,6.50252938119658,151.93905135802,4.86439226097776
17139,25.6598269201064,17.7023328920213,54.5353686111149,27.7622984968638,235.286151706135,0.368234709193008,0.36833563009029,6.80312589280872,86.6391132294103,4.99658246508718
17141,27.6747991226579,19.3814200320203,54.6296131703102,25.9889667976695,188.572362169379,0.367555452302004,0.368752055782064,6.42654048773389,93.6410262073806,4.75775647089687
17143,29.4245160372466,9.93749072842299,62.8022990445549,27.2602102270221,149.17582605017,0.405613027961881,0.407520452429558,6.54999812462881,131.133527760749,4.823398346915
17145,30.455722889603,11.5623486899678,61.3655709334489,27.0720803765833,88.4790233831664,0.45189907794539,0.458579381631881,5.8988126464497,55.119207397296,3.77924673041204
17147,26.1695789665209,13.6071067799435,58.0261520063547,28.3667412137018,256.312398689357,0.368018974850366,0.368018978689361,6.88307813748889,114.729135910489,4.96093916814677
17149,34.9845248663869,10.4791109165666,64.9548925722098,24.5659965112237,152.355345927128,0.435193176715557,0.440588830117243,6.33164756173096,65.7313416521915,4.86762220272818
17151,29.5340807722842,10.1449017427497,65.4399696709893,24.415128586261,83.8578783730298,0.411856190651353,0.417809316060433,5.20116947592409,41.8325926572526,3.9410247831737
17153,34.6119835028628,10.000550883557,64.5918141916316,25.4076349248115,113.724430825669,0.463515918389265,0.465258849010588,5.76509252599098,42.3207776276537,4.41487477757335
17155,27.7180122089829,14.8590365912715,58.4249321717769,26.7160312369516,215.12705315524,0.37075775782092,0.373081832485264,6.50591054016222,115.09847183387,4.82790519172081
17157,33.7756901255619,10.2385375544707,62.0090326150178,27.7524298305115,111.93512505658,0.455293418176149,0.456628167097365,6.25797260019297,53.5032133886859,4.39803234678718
17159,29.4980433097902,12.8458140399777,60.0279370127332,27.1262489472892,86.696442072896,0.449415549019192,0.449450840841173,5.54473331841417,63.4037728592734,3.44169277475369
17161,30.453778520748,14.7166292124129,61.1095973896288,24.1737733979583,181.202233039313,0.401872987574023,0.402960432004106,6.37436264944607,72.1028177921655,4.76774699895201
17163,35.3360344688964,8.06779003464742,63.782821223642,28.1493887417106,134.672439675808,0.451007106441188,0.452216609730163,6.36364914488292,60.0615367247417,4.26256669377467
17165,25.6709128067551,12.5099729781201,60.8879701866781,26.6020568352018,105.543831254718,0.442029923378732,0.451478492561594,5.69122606781875,45.0880534837707,4.30563725743126
17167,29.8471498831992,6.16051575229257,64.3111274202971,29.5283568274103,220.272401210728,0.397195646787943,0.397195749181867,6.60614736992329,164.816567822641,4.88849920220259
17169,31.680670387862,8.43971908717454,62.8235266288996,28.7367542839259,137.979553304431,0.423186405157283,0.423186405157283,6.32866556570437,125.376416335614,4.79406453278011
17171,31.3048588238329,12.164296592154,60.2615384327518,27.5741649750942,161.109670891344,0.400485842897173,0.40052451775646,6.46425661569563,107.856752110341,4.78174734242436
17173,27.0168619602784,14.9997880012464,56.4622517362058,28.5379602625477,159.303795338439,0.397092379379668,0.399013101879904,6.26145529879896,108.205938048728,4.35497708344404
17175,29.4444452394911,10.2225303941574,62.1711249792588,27.6063446265838,195.176203795482,0.397666298780171,0.399089106251932,6.51169097510662,121.13339548077,4.88318970682552
17177,27.570488359186,12.4760650396564,59.3508622076253,28.1730727527182,187.329945158812,0.38632652985126,0.387426793873384,6.17995815145436,81.5634418939482,4.41429641074127
17179,28.1083916509129,20.0264326284788,54.7639943361433,25.2095730353779,235.605150751688,0.351878733315094,0.352239008960283,6.55604809133333,132.879963893145,4.76721109901976
17181,32.1045793319876,12.3801318943383,63.6609551876869,23.9589129179748,110.803167587522,0.474176537835227,0.475979392078338,6.05927489585387,39.2511717434042,4.27515396959466
17183,22.8950273370047,16.2335163499525,53.0352876388181,30.7311960112294,220.992915412435,0.355237048753898,0.355668025313886,6.99224429353029,68.3722595548856,4.64749274058584
17185,28.4216443256062,17.3298556396096,57.9638527138548,24.7062916465356,129.380796244034,0.440993395789705,0.441508427796264,6.04146928591321,60.5275902366985,4.49211094519975
17187,30.2060984289167,5.79009175228906,65.8335607629514,28.3763474847595,195.728605051257,0.410211641153027,0.410211641153027,6.24779279976822,140.505308461185,4.90107778074998
17189,31.994568399796,9.98261507873083,62.256011676407,27.7613732448621,101.312947271971,0.45700196121787,0.457444508876616,6.19814633781206,56.1511973256153,3.68204162717334
17191,27.1469062397069,12.7004087533038,60.2108301132811,27.0887611334151,87.2115279334323,0.453598161478228,0.453715063881833,5.44185503161734,68.0396676845536,3.82659771137183
17193,29.7336433316459,18.5051606199011,56.8200098004681,24.6748295796308,125.095916511924,0.415294941397637,0.415788115775844,5.97636184624014,56.0094255437341,4.49178453482166
17195,27.2737432446279,32.036583319387,48.1764759003279,19.7869407802851,270.01643960324,0.332645521506263,0.332838998967146,6.50115723322148,63.4623299542817,4.33887828672797
17197,20.1839687139446,18.2775560018149,51.070753813666,30.6516901845191,227.692045717775,0.35309044404088,0.354346188183706,7.26543480612764,49.2558319305114,3.96352082014612
17199,26.8986335192592,11.0088759614357,63.1733159452413,25.8178080933231,79.4095906806663,0.465427886182541,0.482017044567927,5.31637244664624,34.5381353916005,3.80717900073308
17201,25.6512816119085,27.8285990219695,47.5903062849238,24.5810946931068,221.943763933914,0.328148734269792,0.333907994886272,6.49341791049254,81.9464631097668,4.42747636309532
17203,27.9559666439736,10.0143392958556,59.5741929975239,30.4114677066205,244.234614216483,0.379671890250269,0.379709703047358,6.91531994838873,105.456214098044,4.86195402452704
18001,21.1953732532855,19.5723401388458,44.0799288218297,36.3477310393245,286.034795634185,0.314288030292988,0.314401749075923,7.31671233290731,55.7753767726973,4.04667033653616
18003,21.7128541851428,22.5680969546538,42.179876338814,35.2520267065322,434.599186485501,0.309837748427882,0.310902288949995,7.19591214321269,59.4634615038111,4.03060421193108
18005,24.9274925540233,36.4376563281496,42.0931633314286,21.4691803404218,166.079733332401,0.351240350186829,0.356387082231246,6.7017594025885,54.8053627520053,4.0282454639723
18007,21.8032618697712,32.5067110287389,43.6421032112541,23.851185760007,271.324091464832,0.329146172774013,0.333983932279057,7.04005230062757,89.4174079954227,4.39239745931125
18009,15.4653897108788,20.7236041359564,43.3249628148623,35.9514330491812,281.597045751285,0.331346669738262,0.331628235448984,7.38255237800253,63.760197084157,3.49379374231035
18011,24.2568342366841,33.2421184261091,44.1972394082838,22.5606421656072,200.923782397641,0.38020106188854,0.381157417502788,7.23076757610245,57.8034806276533,4.06401048889795
18013,24.9811663522962,17.1690196142054,61.8614596417601,20.9695207440345,117.345913893398,0.43354135438343,0.473707434243043,5.33175813203036,31.7798863126271,4.28172139648163
18015,25.5867551772276,30.176214845705,46.8108198831239,23.0129652711711,260.422028445107,0.353234418771462,0.360653223426376,6.68689070336257,59.6890716789886,4.44813620421708
18017,23.3351512845156,40.1749641065776,39.4180516935891,20.4069841998333,430.262050074823,0.318953955258499,0.321589797054202,6.82970346914154,54.7451490896085,4.28595649736388
18019,25.770779082678,14.8115562537023,55.4965639183827,29.691879827915,96.6128608503149,0.405768227838201,0.411359620749385,5.22407611114583,58.5435798678674,4.07907134808865
18021,26.6456499663299,17.3925353159623,58.545483136147,24.0619815478908,122.93920628872,0.420085773293417,0.433969233621929,5.90916550787866,58.6693254376816,4.7520185789693
18023,23.821393198799,27.6771658818333,48.5966135522418,23.7262205659249,235.482919309873,0.377607068088804,0.378229083182577,6.89609806603124,44.3360311315788,4.21194190526844
18025,22.0533899786194,19.7582721884796,53.6375467698409,26.6041810416795,82.7107415445687,0.415843865421194,0.432544550626175,5.15164806029574,43.1458685801948,3.43774597518728
18027,26.0237512183102,26.3321884891052,52.8737051122507,20.7941063986441,141.643600170957,0.416355490853062,0.417121088830565,5.9436287270527,65.9465538899966,4.47211018081324
18029,21.7272007151451,17.3344212475413,50.3467170972827,32.318861655176,101.524476769542,0.347156129683546,0.372042681768238,5.86644037208536,56.8006547697654,3.70805243661252
18031,25.2265327623494,27.4512285946247,49.8609018549575,22.6878695504179,152.145347196947,0.412724378865413,0.413176943149571,6.48651666170429,56.2640732659994,3.92215966621128
18033,18.1361957824145,27.8825754047077,40.124879843933,31.9925447513594,570.730026818244,0.308404031826047,0.309999275104563,7.24056079291116,59.221704440862,3.61509971867666
18035,24.1201580426962,26.5064085595089,44.1308744751611,29.36271696533,289.221610890658,0.343950521681338,0.351324208450954,7.29185715399761,58.5043074294479,4.11096234676169
18037,22.0334574292108,16.5783861074619,59.4376039735373,23.9840099190008,87.4569594473566,0.416144946955897,0.461276635728289,5.13398664113616,51.9783729039568,3.9231208865602
18039,21.5313857455446,61.1178947022379,24.8444648812903,14.0376404164719,385.769941115781,0.240354676254741,0.242107652573728,6.90300141584121,66.9290939319103,3.97162798899905
18041,23.1534592207598,30.8656381641846,46.842446565148,22.2919152706674,142.281457218285,0.383812377004741,0.389070560334158,6.77022674111367,66.7159666358553,3.73680843707493
18043,23.9878902083475,8.68294995451523,51.9102214106373,39.4068286348475,98.4470772613992,0.333246252007609,0.35322952538108,5.48653315326776,58.7487372606937,3.95737498576147
18045,27.6229066944773,31.056920195164,47.2536314460736,21.6894483587623,197.567657010799,0.34875267169068,0.357127786178668,6.82492249811652,56.215851741041,4.50730197834412
18047,23.6081511876553,29.1706671286582,48.6658267465047,22.1635061248371,130.95791610467,0.407162716877069,0.41062213109096,6.42957475786771,47.5128560850438,3.79712250610717
18049,23.8001128941228,61.6789948133803,24.5893607274252,13.7316444591945,1098.71209963884,0.227515312170742,0.234814191459658,6.88298938109877,59.7881933304174,4.03742308545069
18051,29.2961778798308,19.2374808690197,59.8291242881768,20.9333948428035,131.008685499745,0.440483918059482,0.448005109908977,6.19387812591726,65.6699198610271,4.50106907603054
18053,23.1806570570505,21.7369710594504,42.7019296922501,35.5610992482996,332.733053067026,0.308248274951915,0.310474854255871,7.23918965786012,55.2725737612321,3.82215416728855
18055,25.8840593688335,24.386353143972,51.2025771796677,24.4110696763603,155.936694147172,0.391140552795741,0.398075807192411,5.78252057394344,65.5262698433338,4.5130007014761
18057,21.0705381447079,34.3719138769298,43.4816588755282,22.1464272475419,203.738725679861,0.386343496580528,0.387891738369814,7.3470476165641,58.453149364551,3.77338925554445
18059,20.2142042012945,32.2997698600041,44.7448825393878,22.9553476006081,196.405927913269,0.392646401299044,0.393398727136553,7.21198169438238,64.2179901687467,3.86145953439971
18061,23.8073347019426,8.05712086095996,46.2864017375813,45.6564774014588,98.7015826255526,0.294667421580793,0.299749810938312,5.65412538091823,52.5412221314795,3.82022956004658
18063,21.9519776260275,35.1385375360439,43.1466690388194,21.7147934251367,190.883278746554,0.386186993180247,0.386892794165409,7.24648689510057,57.6769540819501,3.89028921203642
18065,19.5337092281582,33.3354590435579,43.0417972928467,23.6227436635954,202.771969307704,0.363860864688804,0.372300732787484,7.2361549204368,56.9444088857058,3.60819091438588
18067,20.8714666253399,27.8960960734788,45.1655327538989,26.9383711726223,253.946211809863,0.361137899674114,0.361971434437705,7.13091659669163,60.097631122978,4.11104869686506
18069,17.6149822505343,20.3364004712031,46.061939754737,33.6016597740599,214.932231972631,0.343729464092361,0.344322494259813,7.28489846259677,61.2792997538677,3.91799835563826
18071,27.2306575029429,31.524728633029,46.3844178454106,22.0908535215604,124.468064799474,0.365607281545733,0.36917995211331,5.80573534234993,54.939097429296,4.4603071801221
18073,19.9483076813109,67.1332939767287,20.2465339888317,12.6201720344396,516.138057120443,0.190127613862921,0.190435077601845,6.84540288308517,65.2042950886945,4.5432815698586
18075,14.5606553872238,21.7615713137957,42.8876124361753,35.350816250029,190.91712934234,0.333913535633738,0.334238933167744,7.37803290046551,61.7286316030253,3.3825120930534
18077,26.9579736219796,18.9767439717022,56.3201587729574,24.7030972553403,98.4536400064241,0.444606311777586,0.446880135455987,5.11140363143653,67.6953533195391,4.03651487026269
18079,27.8408446142512,19.9667062075388,56.4898986273994,23.5433951650618,98.1731498821119,0.456111850819462,0.456688805232423,5.2196246966851,67.9900266572125,4.08595239902304
18081,20.5989448267388,37.5491347042633,41.0335139700431,21.4173513256936,176.745325051752,0.366504127165203,0.368480019269492,7.24372952520646,57.2007416982008,3.73993191437595
18083,28.8557934828668,28.7126308723727,51.0544179979771,20.2329511296502,156.69266461849,0.379176921430413,0.3841779688047,6.28164593941995,67.9426517630752,4.64592447309303
18085,22.6047617939258,56.3096291056233,27.5854768131494,16.1048940812274,766.075140063813,0.244867385281197,0.254395870935005,6.90614371571069,64.37898643064,4.02285196431446
18087,19.8024104389233,67.1219569839176,20.5944161249206,12.2836268911618,648.266871231075,0.177577549814585,0.193559319729162,6.82888207300093,70.7387029469425,4.11216894268772
18089,19.6663069171737,38.4339616312865,36.5391537371505,25.026884631563,585.255959404518,0.263287171738061,0.265304461482733,6.95869919742707,70.6089469815562,3.5747038187172
18091,22.2590528691506,70.4268100031439,18.8631315189675,10.7100584778886,757.818354455278,0.159496493263836,0.169350875205103,6.24142017336655,78.9795001642186,3.61907127277898
18093,26.1239345497115,12.1779185474435,49.3598895017207,38.4621919508358,105.979798628897,0.325122563142721,0.333430746660646,5.63276742221726,45.2159668839975,4.4959933656781
18095,19.9734347084759,31.6819626128454,43.6500235784378,24.6680138087168,262.209129011384,0.362138680776277,0.365171942978016,7.29991265490894,63.0450510680062,3.91143936218572
18097,20.503778878834,36.0177166868917,42.4897190705573,21.492564242551,177.017446187988,0.391488212144039,0.392965781735463,7.33116595632022,55.5132791579271,3.74403241508537
18099,27.1213176792722,60.2898086520408,25.6401075613735,14.0700837865857,897.759412633619,0.245192966095352,0.248050811391157,6.82866434493218,65.609266416071,4.26346507107609
18101,27.3757995276745,21.301086322712,55.9260367644023,22.7728769128857,114.691219585918,0.429719127236212,0.436684607450557,5.76197897792119,57.3666863897661,4.3213325661064
18103,20.7198639251824,29.9373970934848,41.102002251416,28.9606006550992,429.832943466792,0.320639912920154,0.32416262899665,7.20300938895128,57.4970139703656,3.85038135335785
18105,25.2219054578893,11.11531075628,54.33539964302,34.5492896006999,106.101080572914,0.373778162805043,0.382103470321019,5.45242634142961,43.9995881555878,4.29556144829793
18107,26.1343141432113,28.6424603363473,48.6864164237419,22.6711232399108,199.992095444328,0.374252173887063,0.37672799884171,6.7699942647316,59.4034219067651,4.45504083355574
18109,25.8565102502311,33.1784222858877,44.7142760228646,22.1073016912477,173.541769871381,0.368863113713215,0.370313680014861,6.75756333432335,55.6787329049253,4.36442753308829
18111,19.2568051366603,61.4251215575554,23.8522792119529,14.7225992304917,333.838457295751,0.206181765735,0.206283319194311,6.91313407036319,64.8542376436775,4.68759787986761
18113,21.1684206891248,40.6010265411139,34.7058799872133,24.6930934716728,857.602112263783,0.272182106171667,0.278128198278016,7.03614719558014,63.032891843535,3.56417348134969
18115,22.166210765521,17.3060945175615,48.735735728814,33.9581697536246,120.795367988221,0.313682746880025,0.344040994125565,6.18625494962732,56.2190096333404,3.79082870209887
18117,26.2015915657728,10.9617586991894,52.0318276675899,37.0064136332207,108.594727640512,0.359583330157743,0.365765110214982,5.4746704927352,47.5320489272886,4.43873863456581
18119,27.8312399043489,20.3403442241618,55.3559709850167,24.3036847908215,106.536817024685,0.429587091152983,0.434266834289429,5.62130627149723,44.156405342963,4.17022143358569
18121,30.4058488916934,22.7939048997825,55.3766773450461,21.8294177551714,171.059683889486,0.401144046482986,0.404974164861208,6.6782086496861,55.716011485785,4.57145249995436
18123,24.6386135184856,19.3052643814886,53.9789409572541,26.7157946612574,102.056846523365,0.407281749842126,0.426323169569835,5.42557390029635,52.7366782272502,3.94981785558612
18125,25.7597271700688,16.7085175075411,61.087430021364,22.2040524710949,144.741708613671,0.468906177258666,0.471843021308216,5.71868112592464,53.5794533395515,4.16845796732122
18127,21.3487906937259,50.3659417616741,30.2522016596826,19.3818565786433,407.611850014495,0.222279830152044,0.240026480885569,6.53204716103253,58.4477342011798,3.95162146550936
18129,32.082503921295,12.9534337536204,65.0316818820953,22.0148843642843,120.851103007001,0.476436698420692,0.476553178571978,6.22368384357208,65.8599903341309,4.71874007856656
18131,21.3390389795561,71.5756069470354,17.9284958150535,10.4958972379111,548.752986283656,0.201627498817214,0.202043618524581,6.71504302276754,65.357549293678,4.48541241346105
18133,26.9447097017645,23.6682897175369,54.2404891766769,22.0912211057862,150.311078478891,0.412831295645721,0.41307714913787,6.66058252638155,48.949240271339,4.18819255042183
18135,19.8223778767796,25.1703936980437,45.5450339492703,29.2845723526859,258.328751745671,0.35348393516914,0.354751070192155,7.37815294429702,69.4762872114286,3.74427332842219
18137,27.4071168321506,20.4509288917901,56.5653080709876,22.9837630372223,96.504844754403,0.463719969037147,0.464648468556516,5.06895926277588,74.0829158067813,3.97054224152365
18139,22.2572761028445,31.4617072795504,44.8769552428781,23.6613374775715,179.371157765211,0.375190620014434,0.379088749195173,7.07797453578298,65.1819422873698,3.8786351113076
18141,26.1831921378966,59.9936359745262,25.8885694871567,14.1177945383171,1098.54305556413,0.239815927308865,0.244302671473603,6.79788345922741,67.7423553197209,3.89517657697579
18143,26.7587781133657,16.8600923940739,59.0238307552548,24.1160768506712,97.2126307607496,0.461163285368666,0.462193570432521,5.17140575053113,63.929698338488,4.19239838783958
18145,19.7628802719473,37.111616201018,40.8452340115758,22.0431497874062,175.879358670869,0.343505993035105,0.351991039705777,7.1797823941162,57.4450010966313,3.69562511354097
18147,27.42847389995,15.178659927982,60.0925423406705,24.7287977313475,119.659716420256,0.464041764935375,0.465449678082051,5.61126676325697,64.8171921980286,4.25647256999774
18149,17.2285527599311,84.8193445101309,9.93064823235687,5.25000725751223,1176.62204411066,0.113404665710241,0.113664211834882,6.43170517166425,68.5380201203816,4.29763697201004
18151,19.0829729924331,44.0330014238873,32.8934095210031,23.0735890551096,752.088952427287,0.267739914457781,0.277797957444966,7.05630102368036,61.3001798820415,3.79398943058335
18153,26.1721824955051,21.6281965340172,57.3237817856027,21.04802168038,131.721176788191,0.404847073267839,0.425567657333904,6.45564288882417,45.8067765543769,4.69204205337952
18155,22.5752842752819,17.5928788783078,50.7133144400064,31.6938066816858,101.690177552307,0.358992769174424,0.379668924873569,5.75122289828449,68.0510179902253,3.93548220880603
18157,25.6624661856581,33.9472281091396,43.5239787325941,22.5287931582663,260.492062173126,0.325649726967123,0.330012485180221,6.68447136569021,55.0565557713247,4.43537412813177
18159,24.5343846239256,17.4117185960205,52.7156179502897,29.8726634536897,252.808745662994,0.35736930056656,0.357369382607706,7.01458404615593,59.4993024019608,4.63105660329263
18161,21.4010270256553,28.9927083746402,48.3824959906544,22.6247956347054,145.518901490596,0.401282836324405,0.40275538112075,6.81692575207501,75.5834512362261,3.64731245256828
18163,30.2061264382924,11.6961498579333,64.5746859855709,23.7291641564958,147.856923412128,0.479132110602162,0.479389824321471,5.89245326985623,70.613456866929,4.36156713749174
18165,27.1869016744009,28.2908640559583,49.4173854132727,22.291750530769,214.475528631024,0.349623559568959,0.360232654969478,6.87287807274324,59.9215655171913,4.46439488941972
18167,30.66946816467,27.9612447197063,51.9832160001494,20.0555392801443,157.894061360744,0.374795850379734,0.391390075364768,6.45288822841785,59.2647042553871,4.7284232840982
18169,21.1199391969808,32.6146616333547,40.1986013832308,27.1867369834145,310.402829315597,0.321159411604185,0.325335637614157,7.13986838038555,67.5594467600542,3.75492265719716
18171,23.5093624883364,27.338002153885,46.994513563816,25.6674842822989,240.932831065884,0.337233576330925,0.341787846798937,6.79756552423685,80.1007328672929,4.26798529290335
18173,23.3029268480583,14.2075320058724,61.1035652009244,24.6889027932032,171.638042623516,0.433711110087901,0.463858462968701,6.00131003323156,65.5357409957521,4.39799037827745
18175,26.6404700149151,8.57204184404311,53.4657468183416,37.9622113376153,106.080363330495,0.355385931819713,0.358977755651167,5.49287213512463,53.4702944569429,4.56372958653148
18177,18.0826328092669,36.7393245027783,41.0931642658526,22.1675112313691,148.175108911502,0.355057370565408,0.368753825498481,7.17075231391358,68.0760313625542,3.60395357783405
18179,18.5903828269939,19.1317041825222,46.2094698298118,34.6588259876661,227.31965186707,0.340466536112488,0.341383543224688,7.15845651867803,67.5653005465895,4.32713632336699
18181,20.7729162315246,59.730235607101,25.861203322472,14.408561070427,315.112634281623,0.239550564302782,0.239761195271316,6.76430487965875,68.1668619158297,4.40681951822196
18183,18.5008214189768,28.0831604399981,40.4743882074743,31.4424513525276,562.272429616854,0.31391923577278,0.314804521338428,7.19227916071919,58.4183732308756,3.40030299612057
19001,28.9185073033758,17.8201117730465,48.4405619904599,33.7393262364936,259.532552873129,0.354136894943719,0.354136894943719,6.21513870543413,55.2420071013072,4.69108900646008
19003,33.8115623500824,11.7940213158436,53.877360610046,34.3286180741105,228.824401754875,0.376331461758037,0.376331461758037,6.46035850532154,55.8389945886573,4.65399149797683
19005,28.6593519140983,10.7371191270694,60.6975106167314,28.5653702561992,125.801417697482,0.440871202722915,0.447446088295639,5.99313296895997,67.8751302235823,4.40057861671191
19007,28.7659908098218,15.3467446828779,47.4880221922746,37.1652331248475,153.593928264415,0.355392468673894,0.355393971567676,6.13272780116221,59.0019564020111,4.02580618401653
19009,34.6746436039552,8.56691239220609,60.9653267699357,30.4677608378582,244.400124888682,0.415825683593897,0.415825683593897,6.47149661369624,48.0332668765952,4.77631214596927
19011,33.1033697987924,25.6518985474871,47.6732139640179,26.674887488495,351.827308751706,0.347858634080722,0.348226145324091,6.39915510602733,61.1041961061999,4.8816161728146
19013,31.5452927450984,41.3357353455142,36.6733530904157,21.99091156407,312.093133854077,0.312696232416338,0.313704186415843,6.59822437125472,63.7490313270361,4.67886681706586
19015,33.9329102585545,40.7302702741975,37.4501394862983,21.8195902395042,345.340298474835,0.326149863839706,0.32685886240395,7.50666060172822,27.7201906632821,4.909305498958
19017,31.8830388935601,44.2958603225185,34.0312673952635,21.672872282218,326.00675914519,0.304305339774657,0.304923094302034,6.81790165873136,69.6736185046418,4.62208205689595
19019,29.8252863010773,45.3137764602624,33.0217619111637,21.6644616285739,356.58411992146,0.299911990288861,0.301868025580452,6.60718027450919,64.4758698068541,4.67618515125954
19021,33.8662201769165,30.904673698363,42.8131056448815,26.2822206567555,382.621389138552,0.333617908772071,0.334117056433646,7.38959603121967,29.3618870503592,4.91357377566005
19023,29.080230675221,43.4228487945606,34.7543311842374,21.822820021202,345.625089188761,0.292062603926527,0.296871352043566,6.50939222820314,61.2735113063597,4.44542779967602
19025,34.7699646123836,37.1036327956985,37.6722236849098,25.2241435193918,457.382567910122,0.31000103827634,0.310325847264159,7.44245828276142,26.4049436544355,4.94348732154628
19027,34.8660131522173,22.9390229594724,51.3344313824272,25.7265456581005,296.568453774037,0.380631013512269,0.380881721522735,6.93583326526169,38.7178802381632,4.86453026154975
19029,36.0671128953144,8.91681675210275,60.3668855779772,30.7162976699201,248.904857824286,0.408436201914924,0.408436201914924,6.5152702903576,53.450142300855,4.72454736327051
19031,32.6448039892529,13.1004417556489,59.7949368729015,27.1046213714496,248.320775718708,0.418569756061953,0.418599031808554,6.33468130294907,58.3251217749035,4.90264311485666
19033,30.7608585870619,41.047707845514,36.0698105223303,22.8824816321557,491.246196110137,0.30111140373204,0.304985438361607,6.97632815059605,50.3916651430986,4.48211714399487
19035,33.550174542763,11.6640867590442,59.7644261959112,28.5714870450446,318.337469467686,0.395698671163486,0.395914968111268,7.22613123787926,58.2565728075555,4.96836032031106
19037,30.0333055142637,42.8463404607356,34.5670880520439,22.5865714872205,377.229515063678,0.303951460660196,0.306337647486739,6.62299823578286,63.4141486495084,4.62492850349898
19039,28.3210938254029,19.1159510593778,43.8536518583073,37.0303970823149,187.828118497986,0.336778177700888,0.336778177700888,6.23811935628187,59.5383816646672,4.31243758410001
19041,32.9233592456008,32.863353231176,41.2384685789903,25.8981781898338,317.799209839952,0.314157022373743,0.323598626957236,7.38241403035025,41.3215485017832,4.72130040533226
19043,28.622391912862,12.1753086302935,61.925881080854,25.8988102888525,131.867524378108,0.448437524070114,0.451939325007379,6.14960401223455,54.9662638309301,4.48190821182921
19045,30.056074728523,21.3847134324273,53.9525008281115,24.6627857394612,231.525204300382,0.390130009526793,0.392067859483355,6.21432651054556,58.6916195310552,4.50266579718985
19047,37.3526373954451,8.34742666909027,65.4176704539993,26.2349028769104,234.919030526066,0.44421494058234,0.444226058510945,6.8887494656698,50.0418311712115,4.78686803805884
19049,33.5549558480691,39.3123767347881,38.4985398249886,22.1890834402233,293.752654556501,0.335487158093223,0.335568514074533,7.25847629893925,27.9460174611696,4.91019738332002
19051,29.1740716662477,16.6232035355546,46.5312264306157,36.8455700338297,142.282775290293,0.359319416540373,0.359321851310896,6.12504240027643,57.9207323846078,4.10963923033037
19053,28.0742107876318,20.9518421245626,43.5944661873844,35.453691688053,160.9272640448,0.345598848450936,0.345639711238054,6.24076030903713,53.0819273794873,4.48889809187213
19055,28.7535164864734,37.3837992682502,40.2695889442864,22.3466117874633,297.244384021948,0.33488210291684,0.337767227321747,6.42773486622828,61.4208370519048,4.45591291150059
19057,31.6400758877334,10.4760103253912,57.6435925481278,31.880397126481,226.287266400588,0.392807744083008,0.392810747882632,6.05184730052353,69.2287301735659,4.86905661223484
19059,34.2002873643334,36.9239247592591,38.6271344753591,24.4489407653818,336.764972448525,0.319976741588236,0.320025154695545,7.42071286542089,31.6837963511063,4.86268536486051
19061,29.1044448974886,14.8175212224797,60.3505093996077,24.8319693779126,142.93131210944,0.437530106503591,0.43887812779197,6.21743038050542,59.0489732749817,4.58482455517016
19063,33.5403024292111,37.8449529460026,37.6252776979852,24.5297693560122,491.086799168383,0.314229885358699,0.314890024643437,7.48285201300976,30.6609437813959,4.85204860881706
19065,30.0786906098936,36.6094429878036,40.4632945953586,22.9272624168378,287.095747811322,0.340965868840343,0.343275984587469,6.47978778569008,63.6543656308847,4.58457024313927
19067,29.2155038276718,40.5070325067947,36.6596041950411,22.8333632981643,316.296217645425,0.319903781007933,0.321231661151391,6.64186309179646,64.2259064531974,4.58343725841665
19069,32.4390910027214,38.3477020924692,38.8032225775256,22.8490753300052,387.623499643587,0.315017231755479,0.318061034950443,7.08274658864382,39.8706319986366,4.73722275961439
19071,33.0953081935035,9.24487125884163,62.4524069570331,28.3027217841253,265.509729636623,0.415820483792493,0.415820483792493,6.84201465111191,61.2365497586939,4.87788470851879
19073,33.940852565668,39.8534023636916,37.4711222037,22.6754754326085,367.290056912812,0.317412258102421,0.318228348351656,7.42676197522143,27.4473283662699,4.91171664436802
19075,32.3219741671465,19.9129261333232,52.7946630748002,27.2924107918766,334.87185684072,0.37669257499178,0.378007505429134,6.48564980026288,53.4023560025473,4.88548322009929
19077,31.2151057163646,26.4299451861027,44.9461478406649,28.6239069732324,242.286399597598,0.352849648647548,0.353065439284351,6.54777200200742,44.1297934559647,4.87033297107147
19079,32.4123563422024,34.3387851376673,38.5750029415975,27.0862119207352,469.867708076365,0.30764943328936,0.307841477759256,7.49738382123203,27.8535042860339,4.92744837393042
19081,32.5753183127255,37.8176811972491,37.6296460965763,24.5526727061747,574.520598180951,0.301777646582638,0.303292312189235,7.45591720565716,31.8005885924235,4.68399531919618
19083,33.065689131708,36.3412271401832,41.2717791240656,22.3869937357512,321.255695890472,0.341089531503937,0.34191724828994,7.19021061208221,34.0969440871374,4.90275460737152
19085,30.1511594189025,10.2432012133392,61.8289410127932,27.9278577738676,215.365205208835,0.416781319852865,0.416781319852865,7.32040905259769,54.6897284891041,4.80047085528452
19087,31.3702909276712,10.5581609786667,56.0686037995463,33.3732352217871,181.927735494298,0.393161046933341,0.393161046933341,5.99851259481106,65.8299684167322,4.74757323426872
19089,29.0918942314539,40.1385234941395,36.860262525027,23.0012139808335,316.890598053032,0.315000142418146,0.317633178274672,6.54019400051399,75.1705331485262,4.56735452080672
19091,34.2644962114049,37.1092346014822,38.2613646442103,24.6294007543075,385.120597272703,0.320846595339608,0.32133324207581,7.51656820369786,27.2513810216403,4.91897913857929
19093,33.3010798491674,8.33669188936102,63.399664000956,28.263644109683,270.494914341156,0.424776390286154,0.424803816965896,7.02664539091983,67.8654558922725,4.89723196777024
19095,32.6186424198982,11.2198137052948,59.0881551583591,29.6920311363461,240.465704068859,0.403783200279225,0.403896005706669,6.1902959001843,55.8176848403172,4.8214764239352
19097,28.8499599325155,12.0736356388245,62.0193965784564,25.9069677827191,125.221987833021,0.447127107474103,0.448401055721829,6.20415413777862,49.0462207904684,4.53877636807586
19099,30.5969774459645,14.2749744889224,55.4299088728233,30.2951166382544,246.663035665775,0.393499731676025,0.393665017337464,6.32322132297947,58.9358050875508,4.86660569649172
19101,30.5658467734139,10.4663384710401,54.2029980033031,35.3306635256568,153.908118351106,0.387154384256079,0.387154384256079,5.97783219658844,62.2628974985004,4.62058284794361
19103,30.1485018544102,16.0392219529511,56.3102593413467,27.6505187057022,242.161129997684,0.398154570823877,0.398509812051903,6.13029459014482,62.329814654705,4.78742587867488
19105,30.3023262583219,23.6389158560762,52.1435688208622,24.2175153230615,238.139962301674,0.397468234909033,0.397780214159103,6.36016200490111,54.3411807938576,4.7489625824414
19107,34.1756508388415,11.4906063187522,56.4050087311255,32.1043849501222,200.484391874946,0.398341167865092,0.398366520531112,6.0186865193899,61.8437068273044,4.76623214439214
19109,33.2138077766603,37.3885663990838,37.3283211543807,25.2831124465355,480.414541654276,0.307486959735015,0.307724343186109,7.50249903392498,27.691592712938,4.87324871245656
19111,29.6018703866662,17.4777372046124,49.3880969380506,33.134165857337,146.174136521688,0.372324278728977,0.372582932808239,6.03122976518749,58.4281768444211,4.48903941655721
19113,29.239093900352,39.6482454627398,38.2125588798469,22.1391956574133,273.906159901129,0.326661347259647,0.327018579668757,6.3898299742316,70.1493403086975,4.6588649272591
19115,28.2227857305096,20.0975401750915,52.0251993686965,27.877260456212,214.835897581961,0.364747749790519,0.36482168823146,6.10796868462218,63.9923908899038,4.71800492041564
19117,28.6148656232958,19.2076308182877,44.3405155776459,36.4518536040664,156.63491629229,0.346474903946502,0.346474909416445,6.17030741941371,57.2253787408507,4.38329596511049
19119,34.7017492577137,12.8047308282529,59.5104695404153,27.6847996313318,293.573778918954,0.399829935811752,0.400251999967135,7.37993751524332,55.5221877951977,4.89597892755427
19121,29.7698189375476,17.4157976059453,49.5576468971875,33.0265554968672,247.115879678778,0.363219690659642,0.363240496028133,6.20035305384164,61.2665031085613,4.76610524687073
19123,33.2986024818083,7.84614643450804,59.697804907042,32.4560486584499,249.819667879131,0.402327504768258,0.402327504768258,6.04856581421373,60.0559675797394,4.86565625858615
19125,30.4098925531762,11.9250030052017,54.330370301034,33.7446266937643,190.666133200918,0.386282107752226,0.386283831560664,6.07958895524109,56.9487369606466,4.84267753460816
19127,30.5369510096041,14.3881538373455,55.7180042814871,29.8938418811674,269.751010886762,0.393957996910169,0.394548386527006,6.38613736359805,51.6879225852765,4.8950950557988
19129,34.1155307019559,8.24173793638086,64.3425283422699,27.4157337213492,250.856174416891,0.428570452964476,0.428570452964476,6.88017565341998,58.8890099574212,4.88592340878871
19131,30.0305451120172,34.6664769265439,40.9527489411782,24.3807741322779,280.516798936097,0.348473475760595,0.349460659730326,6.5083520514559,61.8419773157633,4.60054661690363
19133,27.606690815668,10.5003088097438,56.9281637970271,32.5715273932291,210.74068618484,0.390428840624869,0.390428840624869,7.4112935899567,55.8381615655687,4.80933588301287
19135,29.273821983085,16.1688605893365,47.9819858616525,35.849153549011,159.989968223073,0.361274019304827,0.36127978629904,5.99156334834483,55.6071811662481,4.57660058815989
19137,34.7143630973018,9.26244414643503,60.2600938834423,30.4774619701227,263.798060928672,0.408283620829507,0.408283620829507,6.46279892030892,51.3591852123955,4.84925141282731
19139,28.3627529002861,25.5732492118847,50.3957142573686,24.0310365307467,242.932655166215,0.366845081984011,0.367011788042045,6.22089770476969,59.3079229989923,4.55155999509611
19141,35.0643093458346,11.4823040733232,59.2547849055674,29.2629110211093,416.219752072391,0.386165925587909,0.386384721390225,7.31420651420961,78.3952034868428,4.95583750316031
19143,34.0867649701651,31.1553537904184,42.0585775584154,26.7860686511662,333.498141737827,0.329502403836033,0.330688406755053,7.3624962203959,66.464658718813,4.87915668594611
19145,32.4473272665145,11.4105997765987,56.4619229331642,32.1274772902372,324.327760091793,0.379485534515377,0.379485534515377,6.32192690698876,61.5495458527496,4.86309453446697
19147,33.0767183398543,39.5190872882218,36.3821624248496,24.0987502869286,402.786894784632,0.303804713170438,0.304363399055897,7.47105237463232,27.5437057826157,4.79650889766957
19149,32.8562124541917,8.21740079822406,63.6683778775872,28.1142213241888,226.344967166786,0.434914066701145,0.43494910271449,7.33680393552792,59.598891168818,4.86355181455216
19151,34.2304978274601,37.4881251110751,37.543273309585,24.9686015793398,439.292011975688,0.307335769390146,0.308106404879091,7.50215827898934,26.2236899568894,4.9076515446035
19153,32.9333778738427,37.4355738799357,40.3942836922415,22.1701424278228,311.317779489289,0.336701192390594,0.336774039152892,7.1482916103018,28.6863041588505,4.91803722830801
19155,34.2104117910708,7.83294272984769,65.4065074233906,26.7605498467617,239.209290444193,0.43247736415815,0.43247736415815,6.91528763881086,54.4023021416897,4.8192656649425
19157,30.6958552136287,12.4173902278101,55.0244617812132,32.5581479909768,227.873927411481,0.392317857344922,0.392317857344922,6.22350947362259,54.281194185753,4.79063278358178
19159,28.4108627973805,20.5993696043221,43.8558916011319,35.544738794546,186.469639134071,0.341468025063034,0.341470286218825,6.30282609867695,54.6139602940433,4.53542188116637
19161,34.6496287874683,24.2125632986987,49.3796012672698,26.4078354340315,374.508491958355,0.358930458814264,0.35947028887316,7.25027220074195,46.3582288171768,4.90265424099452
19163,29.9200399531966,14.5643430133641,57.4222104875551,28.0134464990808,267.854051226788,0.391066117409383,0.391258852805927,6.21468043326599,56.570938096577,4.79963198125155
19165,36.3205699698051,8.35678436992555,64.1795863520502,27.4636292780242,237.077536502703,0.435018123822731,0.435018123822731,6.78482059202007,51.4292415705385,4.82250298008104
19167,32.6060244254651,10.1923165723258,61.0135871938634,28.7940962338108,296.846753151632,0.402238806902682,0.402517338798011,7.23771074756299,78.4615092086169,4.9150479933429
19169,34.1825140796518,41.214677524212,37.1947891199018,21.5905333558863,344.030870585674,0.323370802785105,0.32358191616609,7.42850804034371,27.2498660393667,4.94190515389674
19171,30.791163323189,13.7303154882667,57.2607490434467,29.0089354682865,255.798664808228,0.402959824150489,0.40296672474822,6.29675820326054,56.9968570049671,4.92086477351769
19173,28.3678476130199,17.0441516551584,47.3554380593338,35.6004102855078,226.854015137381,0.354869986667686,0.354869986667686,6.19087261176806,57.3081075707652,4.37972103974972
19175,29.4100822203724,15.5192200515939,48.7507389108523,35.7300410375538,252.593543525786,0.352973660879494,0.352973660879494,6.25551112121568,56.9421692541462,4.59980944398299
19177,30.7248607821974,13.410420827048,50.2212722720052,36.3683069009468,122.456318008383,0.376827881507659,0.376909759249954,5.95806487144804,53.3858024826474,4.4652286673506
19179,31.1333335655499,13.8544672769802,51.7223036411801,34.4232290818397,173.98790212187,0.380328831740241,0.380345221251728,6.05937076042778,63.9621760505093,4.6447903040986
19181,28.8326302715988,14.5890123551662,49.8791864533707,35.5318011914631,249.570392492739,0.366506618495506,0.366506618495506,6.15966666154289,54.0981109248911,4.64738711242035
19183,31.5388804330377,7.7388759387499,59.6540521166177,32.6070719446323,204.774652351595,0.406849426062712,0.406882353365222,6.02720656148012,63.8746658484797,4.76558263734047
19185,30.0356097076783,14.5956841117965,47.4833227729709,37.9209931152326,177.279368261595,0.348323062443948,0.348324561883008,6.31893769405087,58.1782784901738,4.22379121661682
19187,33.6121630715738,35.0206595273951,38.3087525739302,26.6705878986747,374.906210795511,0.30925091227817,0.309364032509291,7.44073471299888,26.0848697623677,4.93692461173723
19189,34.0158925543959,36.2123192993469,38.8832373196665,24.9044433809866,822.705090184135,0.312708206534577,0.313305858557442,7.39943106437115,35.9499769830599,4.75635636578964
19191,30.3344480699727,19.0722088483867,57.3822551713202,23.545535980293,175.433040156299,0.410061873282283,0.421547570947503,6.41975883286132,66.6618882606007,4.36602455955004
19193,34.7699816790583,10.653450028873,61.8041485671529,27.5424014039742,224.45495053284,0.421810919365264,0.421930868622153,7.37107584274828,60.3124360439411,4.70166697252581
19195,32.0636335617799,40.1832872428476,36.7693991398805,23.047313617272,507.968617293138,0.292204537688934,0.292361740925979,6.93999855696959,49.6179197100944,4.43373473355772
19197,32.1213655252222,36.0453146913283,37.8135303871659,26.1411549215058,447.606667326606,0.302279924934337,0.302657172583832,7.48887747680493,27.8394391916513,4.86148531440197
20001,21.7142897728396,9.17007955100893,49.8393324703194,40.9905879786717,220.220048141427,0.324687418231571,0.329596835702078,6.60406479365195,75.75415212021,3.64746729881121
20003,20.6798872666373,7.7496120680775,50.7357371639576,41.5146507679649,211.072806803863,0.315414575031722,0.328117999937428,6.49270160153297,76.1492663355527,3.92007363151522
20005,30.0475496013376,15.8237869418648,48.9173493988842,35.258863659251,172.24338281663,0.350876282055085,0.351910247255091,6.85744855240618,51.4658891133973,4.92473179560721
20007,25.1336975590256,33.5128440066896,43.3783176440812,23.1088383492292,130.051435520116,0.36872031076982,0.369806177793865,7.37990354131354,84.0428949911499,4.41614536648769
20009,34.7526203676044,18.3078428938612,55.1094120622704,26.5827450438684,154.958627608051,0.400848484084235,0.400848484084235,7.44484746373282,63.2598190325737,4.77428979624828
20011,20.4165160332063,9.81660674911866,48.5878013710198,41.5955918798615,213.889784606733,0.299588378614565,0.321180700380488,6.61769896669303,70.7737072030115,3.55819582855185
20013,35.0356518443442,10.0085561409758,56.6074232713322,33.384020587692,185.168209212907,0.385108169984765,0.385144337085661,6.814966070477,61.0602705765992,4.91376926652544
20015,27.5310278710699,7.67178087455239,52.2971392147943,40.0310799106533,202.674153353988,0.352067165006332,0.35326178957805,7.13422642751532,84.4799021376069,4.60532915186903
20017,23.3190259989276,5.66692299816106,55.7011599191189,38.6319170827201,240.14138386673,0.354896963225737,0.35821621672117,6.83107112137186,82.6787631174826,4.7606009940327
20019,18.8098633438016,14.5697365751364,47.3127833883102,38.1174800365534,158.400683054984,0.321042926812062,0.331268392949774,6.58020628685648,63.5442401104614,3.69296346032907
20021,28.7759921670955,13.860853356237,49.5036710650252,36.6354755787378,157.663640773464,0.360481936152436,0.368971616299157,6.08314437583228,69.9616841107421,4.01469967146697
20023,33.0590400127091,18.3385559863356,59.9289409980781,21.7325030155863,153.021025465528,0.451909232095066,0.451992149323355,7.9377190587582,81.0843894459292,4.99037732010274
20025,31.4061115864774,20.1219346656508,54.3935496689401,25.4845156654092,128.902517581306,0.414818874805836,0.414896279944916,7.73269251519052,77.9271279186074,4.80834639899321
20027,35.1655239268082,13.6408232440523,58.4317886335621,27.9273881223855,172.259178424767,0.437550199138805,0.437550199138805,7.18864966994494,77.4810770449109,4.92058236256272
20029,34.4712092940584,14.4120077647445,57.9268103154993,27.6611819197562,148.20554432684,0.43378175282303,0.4359848873378,7.24822761476544,67.8411213378161,4.93621735223569
20031,23.4656165370271,8.77387490588742,49.9684131099734,41.2577119841392,222.998888211805,0.329424898989382,0.33204919805369,6.55345970773274,74.5518483025669,4.04013544769242
20033,25.6109106135805,34.9168929329543,41.2801251859698,23.8029818810759,141.507323767594,0.352468879832606,0.35552508506183,7.5752698892444,78.1405442931677,4.7169003925588
20035,24.1353089275908,13.60229146968,51.5118483391287,34.8858601911912,188.443487223076,0.360829166760462,0.362148867113478,6.91979471926374,94.0050346709832,4.59770766716403
20037,27.0976149973227,10.8343806203731,49.8665262290257,39.2990931506012,180.893826792218,0.347950357196787,0.353710216893548,6.18268152453588,75.9025687987276,3.69987057238459
20039,41.7818893058818,13.2110481548744,65.2930329788595,21.4959188662661,141.724113616276,0.509928259724035,0.509970325564914,7.87519322995454,77.6203089499541,4.9829207895609
20041,32.1025977444695,9.03816589920562,54.9727506469209,35.9890834538735,190.928965611477,0.389338174563886,0.389338174563886,7.34223066956269,80.2342013077428,4.94463377029373
20043,33.1475133215346,9.27350929674204,64.9847238717835,25.7417668314744,147.805287689193,0.446905183075261,0.447049286759568,6.7739326066861,42.3662125804168,4.93198149916716
20045,23.4810323737988,14.2065540571682,50.2001250581245,35.5933208847073,185.924888085002,0.347727466841742,0.358108407056978,6.66846245838226,69.1171291515352,4.27135132880291
20047,28.0833574605812,41.8443900128972,35.5118884940765,22.6437214930263,109.37696494136,0.307379175173666,0.307503690815646,7.14029313021051,86.38405737932,4.84162423915238
20049,17.8547426011942,11.390671800129,49.3831229864899,39.2262052133811,166.699624204209,0.322836957556482,0.327897782640996,6.54500880277794,70.6474942922799,3.57764263778829
20051,32.8688697243959,15.8320544187328,56.0465584890747,28.1213870921925,150.930107887663,0.391633364561307,0.401349299633536,7.75900940452368,70.0278489466818,4.7708482017953
20053,34.4134813857035,14.7930742334658,57.0067754664596,28.2001503000746,172.335713668553,0.410974446567826,0.41454690908371,7.32835109463078,65.4815887407827,4.91309562728445
20055,34.0961748148646,29.256752254672,46.8182700358685,23.9249777094595,121.458349805904,0.379027325743529,0.379033755631396,7.95168598125621,57.1417617643406,4.95589217775218
20057,35.7030782185845,13.2461277332134,60.3383310385386,26.415541228248,147.440374057408,0.424736250324039,0.42475841175243,7.61541178810053,76.93175417867,4.94982147576192
20059,21.8661575454688,9.18904981033835,50.2932707258942,40.5176794637675,215.48611795128,0.33163350030596,0.33957057036728,6.45189372014973,70.8551910559584,3.87163334190704
20061,31.1698123713208,11.047801408758,54.8804639367743,34.0717346544676,219.936137552717,0.385277257691013,0.387103539307105,7.17835633904615,81.6900197570031,4.92937120317338
20063,39.3358907981177,14.8167243310576,61.6358445102677,23.5474311586747,154.133166121263,0.47261366831457,0.473438197340274,7.94350358627379,73.2191418099488,4.98680284858204
20065,40.3536395914568,14.88725395221,63.5006801695577,21.6120658782323,137.180186848885,0.490384291838431,0.490846785607365,7.90730601441443,69.8369364412123,4.94487586398925
20067,36.1267368737433,26.0505503967291,48.5713888481444,25.3780607551265,125.406927836519,0.407497250295786,0.407510378642857,7.9646189280853,59.6961953211112,5
20069,33.6901633744785,26.7659276450904,48.9099246346157,24.3241477202938,117.635570350714,0.375920013720289,0.37592741498669,7.67040258981692,50.4652624299135,4.96617718739382
20071,42.137488082459,19.1485874857734,54.00018460099,26.8512279132367,146.370231336814,0.436371615549537,0.436382245307981,8.10421962130766,49.6509737519507,4.99935203824097
20073,19.1422618423957,7.92822504669642,51.9485265775559,40.1232483757477,191.046498272269,0.32906464458671,0.331715347155976,6.78438130669064,75.8606049132931,3.896880072963
20075,36.4742486835788,20.8092201947554,54.0365611215243,25.1542186837204,111.115974325325,0.434487369449257,0.434511562552029,8.00623650950609,56.0577359094643,4.98306469588548
20077,23.8841500771505,39.6910576486126,38.1030413922679,22.2059009591194,134.417501712194,0.330634364304492,0.330827964054793,7.09547878329469,86.123537081761,4.49113057802365
20079,29.6347132737581,16.3940412358973,47.9469564393197,35.659002324783,195.082637149469,0.34968675883906,0.34968675883906,7.25844963601028,73.2979880009019,4.5141760940918
20081,39.9755640755594,22.3283612593453,50.7470464187067,26.924592321948,141.732339393511,0.411890220461345,0.411902658564733,8.0562277961693,44.0309993384622,5
20083,36.6294369953922,10.3922890588155,61.0675077555716,28.5402031856129,152.072868546676,0.424362298467639,0.426047740405643,7.73069982300565,63.1468958852385,4.96582041050141
20085,28.075446602467,17.9711611912361,44.243100416714,37.7857383920499,204.047436391191,0.325519974047967,0.325553823449705,6.94268799224635,55.6910250149095,4.79312873894071
20087,26.7948750595109,18.1698716785691,46.2274384311191,35.6026898903118,195.316279213148,0.347711518050728,0.349285958847025,6.86791066023633,55.0366268551651,4.52222587114631
20089,37.4581423999135,10.2448023541103,62.7939345136072,26.9612631322826,149.183133312536,0.445886985011566,0.448711645895967,7.66522174233597,58.738528385966,4.90014053401625
20091,26.5240328937678,9.52553344211698,53.0205440450437,37.4539225128393,207.001767180222,0.351988064660526,0.354699384259097,6.43633120640497,68.4761398743956,4.42319358309825
20093,34.6528989655381,29.6446256920885,46.2839435407141,24.0714307671973,122.225213101466,0.383644110478789,0.383746729791552,7.95271954392202,48.1714776964219,4.99182324140944
20095,22.3695958012782,62.7117970680292,19.0394622682576,18.2487406637132,99.7897631030851,0.199566813260057,0.199939716418341,7.15024027520321,81.7836106133878,4.71132272721972
20097,29.4470351280867,38.3691044780649,40.9690757776735,20.6618197442616,106.983238701994,0.334442140336136,0.334750572794658,7.14720670470095,69.940907784368,4.91635032310143
20099,21.9887653179662,10.9658236366265,48.9493668866656,40.0848094767079,184.526212626114,0.334248423716127,0.335018208860805,6.50122413291315,75.9890552966801,3.56517515225503
20101,39.0357200896681,14.6195086990706,57.5004798196377,27.8800114812917,139.964031665514,0.428426830991263,0.428965534471829,7.9477526747361,57.3392556998663,4.98782511084575
20103,27.6090821556478,15.3908535218884,49.4183022629408,35.1908442151708,189.951542891443,0.36161499092089,0.363062095332979,6.75660281375577,54.5619061835699,4.63807933724943
20105,35.0305819550338,13.6257366649702,58.1008777875798,28.2733855474499,174.923651894111,0.417242640930537,0.420414886119019,7.52222120984123,62.0210680868133,4.89277859187902
20107,20.9134162279881,8.99068678098274,48.9238112632639,42.0855019557533,211.254165927743,0.305671817047448,0.313474536364772,6.51695882116135,65.5971014833397,3.6165892544511
20109,41.6938133494971,16.9160692765379,60.5317822026089,22.5521485208532,150.372830257625,0.490614069296027,0.490626592071022,7.97925424383107,62.5158294836688,4.99456627644198
20111,22.3621397052559,6.16667593153835,51.6425786796616,42.1907453888001,230.713261651268,0.338253988228228,0.339598415979735,6.87580850724723,75.9366335692426,4.20457507675384
20113,33.9937513030887,9.60775953443799,56.4733951999364,33.9188452656256,199.017424927834,0.397825805618912,0.397825805618912,7.23672874966718,72.4272835197582,4.93912223587139
20115,25.6379567483852,11.875523086514,49.4576234351291,38.6668534783569,204.25151059302,0.340674307303481,0.340696387973827,7.28836055779779,85.3883025398741,4.46636156897327
20117,32.5561637585945,10.9570826655661,53.114517954809,35.9283993796249,183.426616760621,0.365369181799274,0.365715053868085,7.00269750146104,79.4491206993448,4.98652234646575
20119,34.6936745914406,16.3118003998497,56.8741194408669,26.8140801592834,134.6356232273,0.410173442039398,0.410243553039151,7.67587436886855,67.9281894175561,4.99038436963663
20121,21.2984968182147,8.20577357393189,50.8394549667733,40.9547714592948,220.728880001819,0.322450151013797,0.332660080984993,6.5392642819626,67.4046300790971,3.95695784145522
20123,33.7904958983353,11.0787117385439,60.3836782355607,28.5376100258953,154.691006026392,0.423181917843167,0.424150588861641,7.63885741115642,57.9402392241852,4.800969037784
20125,20.2277226672584,13.7158416339751,47.699244121904,38.5849142441209,185.246789893923,0.33012491438465,0.335004613814657,6.38180396404443,62.2286094462145,3.59799238073253
20127,26.2409123799486,5.47811043302938,52.7408643795102,41.7810251874604,210.383151511262,0.343929006878387,0.345741065576734,7.09690413679509,88.1974058071851,4.59534143232807
20129,34.4476725042884,31.0375479351614,42.2282225208358,26.7342295440028,116.153158287923,0.355722465232404,0.356873506945002,7.93812081229045,65.2119494274383,4.99864623975394
20131,29.5950540211774,20.1437968866173,44.0727514359507,35.783451677432,195.638376547046,0.331998316509358,0.332505507444465,7.14593303090043,61.1863883468607,4.96436178402142
20133,21.9527428460938,10.7317725313463,48.9327469002293,40.3354805684243,206.902181048757,0.328435825106549,0.3347808015948,6.47742743148104,73.5676510721594,3.57180985905482
20135,38.9445217475613,8.24536620755022,64.9967816990241,26.7578520934257,154.249353756839,0.456841857818101,0.456877719841583,7.7084975135561,77.5731406376837,4.97408693518256
20137,41.5934000162193,12.9766751378887,65.7884437399911,21.2348811221201,138.808344116545,0.503943334387329,0.503943334387329,7.83616566168902,71.5535268679217,4.96100407447716
20139,22.9014864600436,9.27361349194112,50.2531002956273,40.4732862124316,225.879975847365,0.331811124075524,0.336367162534501,6.58193995711013,67.2219516925023,3.917412201248
20141,34.4957333754827,11.7390206351361,61.124470602828,27.1365087620359,170.687137919853,0.426588253533412,0.428687990087116,7.67492480893851,62.2800708731279,4.76240932313854
20143,36.1000102765738,12.0431055712478,59.211546480405,28.7453479483472,186.972589134612,0.433630181582883,0.433771264523795,7.30871603114491,63.9622060290918,4.95463536431609
20145,33.746200537434,21.3125173688534,52.8565061765894,25.8309764545572,143.857805647734,0.387843123261352,0.388196278544965,7.45157684611287,79.7879914392146,4.90222389792572
20147,41.3765466566144,13.5842021135371,64.9186357736225,21.4971621128404,153.311453787228,0.496811046427229,0.497520171180475,7.87232510072941,65.7327490336886,4.95914703536998
20149,29.8076397648129,14.398611671979,53.0796778477707,32.5217104802503,205.012896457947,0.377974027174417,0.378682833351626,6.93725537092627,77.9448713496049,4.66433817983928
20151,26.7828200132792,44.1313642582618,31.2529676569411,24.6156680847971,114.459329752427,0.285367744007441,0.285574083600337,7.18595412745926,76.8991876063404,4.8787169725892
20153,37.4229780048695,16.6520900975035,62.1102278547524,21.2376820477442,171.271623097227,0.485987544224973,0.485987544224973,7.94881565924827,76.5114263638812,4.99940519750595
20155,27.6791816015456,48.2832652530955,30.1120426473858,21.6046920995188,111.40241852728,0.291324069635315,0.291741204459299,7.15901476218585,59.6401809233005,4.52625634375643
20157,34.6018900515868,11.6536010396478,59.2094638704361,29.1369350899162,149.664923617666,0.426684201352803,0.427592355579512,7.23203616986557,70.009124311318,4.92223296377234
20159,32.0988799056425,25.5892319248903,46.7169679944736,27.6938000806362,151.708682071509,0.368877667429519,0.369058687617865,7.16179749645579,76.4879866533836,4.70666092064331
20161,30.8798876862414,11.4161479129867,55.7433515693016,32.8405005177117,155.298911793717,0.397752947827689,0.397848505591165,7.13001977392486,83.5635120086823,4.76173216328307
20163,37.4825928423718,13.3173090329274,62.3136234893705,24.3690674777021,148.336358034669,0.457223857425663,0.460220188529657,7.80982844521933,64.3787065325218,4.81455548217465
20165,38.4225138127231,7.44543638631098,65.4176101065414,27.1369535071476,157.308621942267,0.454689725227595,0.454720470480822,7.73318715856493,66.9578963241897,4.87223700102057
20167,34.910302202939,11.9985825803534,60.2702202867082,27.7311971329384,158.563456472129,0.427046532813492,0.431268548734394,7.63055770001087,62.2588710684504,4.73654919176728
20169,31.3464380732107,15.6358077006651,54.5590007752822,29.8051915240526,194.113999077908,0.407779257796018,0.407779257796018,7.35504665072649,72.1331550049092,4.85017657967777
20171,40.4125852899422,20.0165138307603,53.4452405609677,26.538245608272,145.920725343865,0.433993350261183,0.434005945406303,8.07042888587953,52.4734367631221,4.99914871551662
20173,24.9038784257843,33.6113897337375,38.2943775550504,28.0942327112122,139.543103933319,0.305445039965851,0.305450800711814,7.24027758795091,82.6659899592564,4.74720329526675
20175,33.1040007442022,40.9341039686598,36.9519698097942,22.113926221546,109.987632031841,0.331871689037337,0.332235101367375,7.87700966739916,53.2539655960163,4.99975964603479
20177,28.5410901648509,15.042531297061,49.3674101200219,35.5900585829171,207.684661663853,0.36028491037537,0.362666586931888,6.9284518675055,71.0072369315711,4.61026266324349
20179,39.3520289716143,21.0667660980047,57.1403662240598,21.7928676779354,158.291957375799,0.488460944409103,0.488461850866473,8.08478549091027,79.8193470510107,4.99328130475054
20181,39.9605846430357,15.0874639573014,63.4443323922648,21.4682036504338,154.407394499676,0.491429563894482,0.491430010014198,7.90982446460375,70.3355082803772,4.9994505395554
20183,38.1786239168184,12.0264938665196,63.384785655289,24.5887204781914,154.87703235359,0.462826180323314,0.464488051584584,7.75690670773493,56.8565491176309,4.90487136724004
20185,25.2256469329952,56.5403363997157,22.4579493547536,21.0017142455308,91.7563436791941,0.242521144178706,0.242522895763014,6.83303788909523,74.1704556959998,4.85616706737321
20187,40.1380329360726,23.7626610155952,50.1042866704965,26.1330523139083,141.646259293378,0.420702133771327,0.420702133771327,8.05531992819776,48.0570587921914,4.99964072938138
20189,30.6213991414905,48.4503960917314,29.4731389872477,22.0764649210209,93.8892565649319,0.28778678453354,0.287786835942854,7.87295741022195,52.7164109680887,4.99983183253527
20191,29.7181194300831,26.188726678787,41.9026557061353,31.9086176150777,157.376237364151,0.324606544550391,0.324606863226527,7.27529375844147,91.9790921685057,4.90229822052297
20193,39.7681205316451,16.2746434957901,62.6523041579157,21.0730523462942,159.358365147485,0.493565236561573,0.493566740377206,7.9176634622919,74.0301090917887,5
20195,35.9427455812649,17.6146983786847,56.5407608796747,25.8445407416406,138.148690211983,0.414561410429831,0.423292813922099,7.84347006553999,74.6662316761178,4.93302982921466
20197,26.9673033056075,11.1368430581831,53.0663673272626,35.7967896145543,206.260660086523,0.364280306884046,0.366242488706831,7.09820738912215,70.7926229402456,4.5904859408567
20199,40.3593399141145,17.0277447375142,59.9729469088692,22.9993083536167,148.112280579568,0.481333488691189,0.481755627621468,7.99837909395838,68.3425012511156,4.99250954619208
20201,33.51488123116,9.84908864036642,58.9838017234741,31.1671096361595,170.47773570348,0.420806437931958,0.42095694061309,7.09349504570633,73.6972629082233,4.88498489524876
20203,42.0846956615636,19.7268905164226,53.1002191555111,27.1728903280662,147.374794486351,0.434829730872203,0.434829730872203,8.12186101324173,42.411363335465,4.99548362523856
20205,20.1318568072431,10.4267869629456,49.474896518665,40.0983165183894,198.498575243704,0.332537737799188,0.334243231081376,6.54432302966316,71.3310506653611,3.67213579937462
20207,24.0655074793533,10.8706944499744,49.8427129316148,39.2865926184108,202.591220959421,0.33982708638596,0.342103407497219,6.47521792033653,74.7152730117127,4.1709732738923
20209,29.4234203008405,15.3911987815566,53.3207669455805,31.2880342728628,170.129701895073,0.393342086664785,0.395845759166357,6.6922010979145,57.0971956803284,4.74930900068829
21001,20.8734945579701,15.6678065268893,48.1673275561745,36.1648659169362,73.0535633951195,0.316608909928166,0.37257813353996,5.3518322822244,37.6507452012457,4.11928936928516
21003,25.6990769112236,13.0817242312355,51.0538574442022,35.8644183245623,83.6326289486581,0.286333236779143,0.356792209036091,5.16800707986945,51.1474481249295,4.77624859224729
21005,17.9527455660609,13.5578389956474,46.01874444927,40.4234165550827,79.0265376631703,0.258038385898954,0.294399176063557,6.41390738696196,40.5900550910112,2.89531114498325
21007,32.7209643350685,8.5062111939849,70.9880542338467,20.5057345721684,106.620273691775,0.514361799378294,0.515230057797044,5.51820634528064,57.4044008790017,4.05821730080778
21009,23.9897380502964,15.9756855260021,46.5182563914927,37.5060580825052,83.5025876199693,0.264339984162895,0.325301589692472,5.38572197049123,50.1058621713053,4.4940751978782
21011,21.9180031865777,15.2453879355383,50.036716810428,34.7178952540336,94.4076381892058,0.31732272222256,0.344052301233783,6.56739573911494,48.0683740920693,3.35318685131113
21013,21.6581551109539,44.9624221270889,36.5440261087617,18.4935517641494,147.627415177863,0.304786665220358,0.367783954858084,5.15723997825121,41.3053162323269,3.99302090053432
21015,21.2247197980784,20.7924485658699,48.0215085172475,31.1860429168826,95.8532184899777,0.356343526548474,0.36636904733421,6.2002369901824,40.9185173561945,3.52619319913936
21017,22.9025760241983,16.1407426299481,45.2933969210598,38.5658604489921,120.824307843681,0.2779628357676,0.280280380376893,6.23208119373635,44.873983915484,3.11470485094927
21019,22.7298518733967,22.7397630892754,48.1846947848904,29.0755421258342,98.7209780840232,0.323164530290529,0.361779984531453,5.38918205602998,26.0917092941167,4.39893327033077
21021,22.8099077140356,17.0849765650125,43.8068723334252,39.1081511015624,117.754681547339,0.259038706092105,0.286031994716365,6.32306785579437,46.0523354213166,3.52819159795893
21023,17.3056088937806,10.2637769943153,46.4448637604945,43.2913592451902,60.190750231425,0.228188918158562,0.30055160415721,6.48450008199562,39.4528489162312,3.6800400345324
21025,22.7831583223484,47.1878726601563,36.305976469609,16.5061508702348,135.309024510517,0.269269559130592,0.34659334583796,5.3332635511844,34.6493826464663,4.54774655008265
21027,24.822004824306,17.7827564555412,54.6342968979097,27.5829466465492,84.6999922983351,0.379835756010628,0.416649815221651,5.27024842218543,55.4536479861241,3.89321091544917
21029,26.5943565398465,10.0589323418369,55.1605979469037,34.7804697112594,136.230734473915,0.351164815042031,0.356727419195464,6.14734920983255,42.1263614383701,4.17307137025532
21031,24.0239766007119,15.8223102899588,57.1473575263552,27.030332183686,96.0412965689462,0.382206677067498,0.409179360267059,5.78046974808226,43.8951526502988,4.28784881111642
21033,26.6458567459093,11.2268091253498,59.2403776429661,29.5328132316841,75.1976395401222,0.43451928432177,0.4392839814439,5.63290439847762,64.0493967899151,3.9680955319014
21035,32.9226380354427,11.2611202539118,68.295173871673,20.4437058744153,81.3296896180892,0.488591731564457,0.510638338238119,5.284933445516,44.3288494627769,3.91300948720478
21037,15.4971372702435,14.0634614026304,48.554197325676,37.3823412716935,69.6923618749482,0.287547553172632,0.337288387539155,6.42370794283408,33.0400719333171,3.44333909548742
21039,30.3168871497553,11.4815568177046,67.3125936401215,21.2058495421738,101.068606110957,0.522769507199699,0.524774419795732,5.73784839210736,43.6760540916389,3.69956882097219
21041,18.8381623129456,12.5040447880808,51.7375907646271,35.7583644472921,81.3459796119049,0.311683518519582,0.340243954067425,6.27318861456794,38.4268311684688,3.2300257246696
21043,20.2427404987897,26.7325507341067,46.5371212934056,26.7303279724877,104.161661379069,0.283160684541863,0.361188258878173,5.04416832410562,33.622153263037,4.17093300657672
21045,24.6839781822899,17.4652930351818,48.4844707908927,34.0502361739254,89.1971612887007,0.296595773242891,0.357366458481877,5.64059983134498,41.2078543277952,4.1280431847253
21047,33.1072706066157,9.21723842967609,53.4650027350363,37.3177588352876,108.346220844431,0.350060173520397,0.358070426178933,5.58599237322669,67.3255810395116,4.4570781176391
21049,20.7351225967241,12.3644545191785,46.9281362514325,40.7074092293889,89.8534976249171,0.292951807088584,0.306180746768014,6.36374417028349,41.8984988619555,3.5355971823213
21051,20.1930798364311,39.0683307242443,41.3222825069013,19.6093867688544,155.707538551524,0.293930727786992,0.376092049318057,5.11599099692671,42.7438107942299,4.14751052127927
21053,26.3393430254385,29.4981753303208,30.6166947746314,39.8851298950478,87.0383513239879,0.238411033571467,0.244385279890001,5.24499366107402,51.438768340127,4.71674748415462
21055,25.6482491123156,11.6460957551143,62.8835718836762,25.4703323612095,85.4098177521635,0.45433866531756,0.467178553674767,5.44247977813172,49.0106603382179,3.56116432641561
21057,26.1402456594868,30.3046157092804,41.521850811131,28.1735334795885,92.8612137459467,0.30613557186769,0.33681865072881,5.80881259325183,46.8595501560934,4.48469281965852
21059,31.2069965611486,12.8720351676922,64.0484049167766,23.0795599155312,90.6939153799025,0.466604564849991,0.478673107889575,5.51876445605931,44.0808205531176,4.50188386353633
21061,21.2625373311961,19.0934078272861,49.994235695829,30.9123564768848,92.1953541776816,0.336155684425579,0.364354241886746,5.09157129307781,48.0327515160273,3.90889251101065
21063,15.5796486341474,32.8618224021561,45.4977454746051,21.6404321232388,119.405969758803,0.255196254914487,0.396625308821979,4.99530283280768,39.7494278815612,3.16719005217104
21065,23.4266973012679,23.3105739776042,49.8910204848935,26.7984055375023,112.907853442481,0.372489812118459,0.392095693564801,5.81180743833748,41.2629881444606,3.9573158423298
21067,30.9973728883629,10.2890282754698,50.7968598655019,38.9141118590284,141.761410704749,0.312165283846541,0.312849743969318,6.18025531633447,45.0286523576802,4.01172882592984
21069,19.2359622100129,19.0324295953777,40.4840263702609,40.4835440343614,70.7553292188438,0.247647323027977,0.277223299756275,6.44567578110583,40.3963462554962,3.52394550865782
21071,22.3562433694515,48.6757643869948,34.6477173454208,16.6765182675844,168.397681184954,0.24871495929341,0.335312818337263,5.58637086968269,32.7999632794598,4.47188119399148
21073,22.0160055655092,12.5797771066537,49.8567279197427,37.5634949736036,100.367334723686,0.286108573391972,0.314673209179031,6.32663915592408,42.2003146730538,3.32442497652359
21075,34.7289426282351,18.1802568709477,58.5609775126139,23.2587656164384,143.820193418246,0.457354434061798,0.457354434061798,6.20202207307445,41.3003077511812,4.45678167001937
21077,17.3061498643526,11.8843179239701,51.7821999206399,36.3334821553901,64.9825241712599,0.31472755318828,0.347129137759141,6.10531419126716,41.3507979494144,3.19443060361502
21079,18.0433402546867,13.0943257189953,46.8051523167669,40.1005219642378,93.4788191559394,0.269594776458858,0.296613495370693,6.18511523319012,40.8926760303872,2.83485870337358
21081,15.4992545795726,11.7605521071439,45.879826835947,42.3596210569091,78.632762424078,0.233207492461093,0.295442378999574,6.63292202407231,32.1070506077742,3.24936851993059
21083,27.9635070530636,12.3979841130347,68.2955675864774,19.306448300488,82.1829870741538,0.532201965701461,0.539219838203749,5.31216430119083,48.1002205524388,3.72156649579132
21085,22.8642058504202,16.3602428026916,58.2356817135794,25.404075483729,68.6606672296556,0.422305241882506,0.448711808866659,5.17950501936576,57.7166813709473,3.57751776852745
21087,25.9811627034518,9.3559876181961,49.8457570916104,40.7982552901936,80.047608963681,0.30238681429736,0.306280916816484,5.19641675673204,41.9237592523491,4.63187458648234
21089,25.2907541303493,25.153149948713,50.4537670670959,24.3930829841911,117.672290080196,0.34969708828129,0.392593640524071,5.10550953542855,35.8779875304361,4.4661889177891
21091,31.8322488422336,14.1410772532834,63.9616762791425,21.8972464675741,89.9382000300382,0.468268844627501,0.479744355591073,5.39696474310384,44.3308209415023,4.44322230305243
21093,27.0387277471629,16.3819443313661,51.2593632594556,32.3586924091783,91.7297923348122,0.363981439526314,0.367579871020271,5.71646375386452,44.9835065313714,4.43320033899589
21095,19.4249040254363,51.5149435128328,31.5772958065999,16.9077606805673,126.778276359686,0.263958750530729,0.33689085938637,5.01351841198166,40.059142394822,3.83275261895144
21097,16.9757981593471,16.3399791983979,44.681707081237,38.978313720365,81.7067073350233,0.228176457998728,0.283241066468107,6.52395686296159,40.119241509218,2.82265568283365
21099,24.3514317103597,20.2702042473706,39.4052697449757,40.3245260076538,85.2158078315982,0.251970018515676,0.278300761526686,5.42495280241293,42.8008017476235,4.54253522178595
21101,31.7088391158641,11.8441337737907,65.2758217965771,22.8800444296322,110.554598392126,0.480049698138416,0.480922124260023,5.85512033228594,42.2349460796435,4.57006383455169
21103,23.3876034248485,14.6802073965635,46.2230944357951,39.0966981676414,91.1879353834957,0.280338999591515,0.30576314713843,6.19710279865272,38.4753012421377,4.06946328463606
21105,29.8060017021405,10.8033337230502,67.4239729138343,21.7726933631155,96.2544431656347,0.525143561103743,0.526115153001075,5.71671347610775,44.465349026461,3.6253709357616
21107,26.958886733792,12.3760878695605,61.0181064881131,26.6058056423264,81.7114460558071,0.418377784085799,0.451731938548371,5.46698890680035,62.324954316582,4.37020093467273
21109,14.1965386734172,28.0301209550198,48.9771273773585,22.9927516676217,160.456839714695,0.335574633066914,0.421971978879283,5.10642618856158,39.3146725386001,3.29431478004271
21111,28.1323626191243,12.2796230091747,57.3172257198706,30.4031512709547,98.3322477570556,0.399753550387346,0.402377794453795,5.96104988411671,45.378704175419,4.03683124115427
21113,24.0540219505832,13.2819667552578,48.239524526532,38.4785087182102,130.58219616002,0.289876027792588,0.301786122784763,6.35249596085702,41.9490785121297,3.1519313871218
21115,21.5433706238643,47.5590166271423,34.5458365146762,17.8951468581814,136.824487519141,0.23197241987584,0.336190303778095,5.34051089379284,31.4162758438333,4.54098088902896
21117,17.396672064597,11.7118357436171,49.6103035745965,38.6778606817864,78.3658787564627,0.305025529575349,0.32272076519095,6.27929187433243,37.6916409132178,2.8883763991743
21119,21.2471874044151,44.892675241318,38.6845840471024,16.4227407115795,217.577787194759,0.248348832523054,0.355739900624131,5.48793908147604,30.6136530736714,4.76591945171515
21121,24.6694006493283,20.3210858728383,55.4181034062238,24.2608107209379,128.755244362335,0.359313044487412,0.432799011597978,5.20965243332868,38.6709402583143,4.47507811810689
21123,28.5295406960832,17.5660544899844,50.4681337159286,31.965811794087,98.5014729787085,0.365954562152627,0.367200244396902,5.66758983350956,44.6960542514281,4.64696999892008
21125,21.578725917745,15.6942449845237,56.4630589282806,27.8426960871957,116.529309641591,0.345121407031328,0.391334290062274,4.98718135540411,30.8117976021483,4.1369047137619
21127,21.8734664293615,37.673471858949,39.4772071904788,22.8493209505722,113.974959636291,0.270145179368675,0.353254313818998,5.45658517157257,33.2672266199848,4.50275646858315
21129,19.6557573748118,33.1505867301387,45.2565508572186,21.5928624126426,175.190473454654,0.33856472155402,0.402186250884877,5.39008118977707,37.7028853109268,3.70610079751317
21131,19.132124776964,44.1255386320557,39.8345384177256,16.0399229502187,257.015307533618,0.255648490538657,0.375168945096314,5.51963376036724,30.3808765797195,4.38732879595898
21133,23.1545599803284,49.2806251419546,35.5310923596297,15.1882824984157,188.083675762708,0.245400834587822,0.346365956364785,5.54443875124723,33.5822093363791,4.76263574064312
21135,20.3485391319508,22.5830446303747,47.4678911183603,29.949064251265,82.0748616238218,0.315472303570529,0.356218089930363,6.13684114549856,40.2228561339149,3.8477032824047
21137,19.9200532312601,12.2364604335595,50.8467425167873,36.9167970496532,88.3795211101861,0.304882534347739,0.336648236159186,5.82325700514911,44.8542302409535,3.44742279841428
21139,26.0486470456881,12.6771792822722,61.6477939800262,25.6750267377016,86.4264275881561,0.449492586035666,0.461349003817951,5.6506785075277,47.7641112107116,3.84494687521454
21141,26.3121349761803,11.6371723412622,54.8589827568045,33.5038449019333,91.4582231684612,0.355604482808973,0.363993444582692,5.55423595385039,47.9447474674139,4.32788953516222
21143,28.9979440180036,13.0834234253037,50.404439962974,36.5121366117224,100.397757563696,0.314386003590734,0.359077070782577,5.75894775777744,49.5215902820451,4.42740893296848
21145,32.9335617450424,7.49718786790799,70.8540119956801,21.6488001364119,106.168306006474,0.511114551561172,0.513605821652719,5.44332900956023,57.1915918355685,4.08666770200495
21147,15.042919289237,22.5833886840479,50.6176057385212,26.7990055774309,84.5894412913162,0.364872579329036,0.386307434418993,5.02561750437076,53.5083573176932,3.55850211217984
21149,31.3494799430152,11.6039106744937,63.9192815266543,24.4768077988521,85.5538698739236,0.472122962266597,0.472583517498843,5.71328012380217,44.6862075499766,4.48487691097165
21151,19.4749963935143,14.9060699625993,48.3986066538557,36.695323383545,85.275844733175,0.316435294598596,0.339310771108096,6.19149575139031,39.8430694858076,3.25967666451296
21153,22.7189802366115,51.7764050515656,33.5397845700518,14.6838103783826,106.570103870903,0.28420438319901,0.332771098649223,5.41400076023444,47.9894425623621,4.7035806548742
21155,21.7865726839291,11.0732988587431,52.7155326308131,36.2111685104438,79.9817380661997,0.320904832012562,0.336299412985686,5.89749201084105,47.4182719404489,3.42630982679936
21157,32.0058334741209,12.6230298622742,67.0501330179207,20.326837119805,82.1040468723205,0.470224997374746,0.503594209778858,5.29536122121574,46.2850136678127,3.93490273477314
21159,20.206085659587,42.7959647063937,39.5983564083749,17.6056788852314,199.054969113684,0.190177373845036,0.370497367595072,5.56276048117661,32.650332630919,4.58883218920285
21161,20.92252806768,16.6209012733186,41.2688368906204,42.110261836061,82.8171702992413,0.256173180414529,0.278863871088726,6.2191483412285,48.7805565061512,3.78629174892608
21163,28.8504168711013,9.79804336352451,42.4892950827973,47.7126615536782,93.531350821351,0.234059250833957,0.281925357240525,5.45353172588604,45.5630765151986,4.36866603419399
21165,18.7280303723429,20.6186999540755,51.9858379723808,27.3954620735437,107.947200904341,0.345468320934695,0.386028398878489,4.87343732878205,34.8089463542257,3.8230815098341
21167,20.641770619809,15.8891381831751,44.0329663262881,40.0778954905368,105.110564681022,0.243954224703748,0.286745586048699,6.45577920163912,42.6488717008527,3.22233480945155
21169,24.0235334182472,13.9682486438491,48.4206602621914,37.6110910939595,104.648263445243,0.254789902629284,0.328769962611416,5.42439847448481,49.1354170834097,4.66570590316412
21171,26.4593884417893,18.473131324303,49.0589842007201,32.4678844749769,83.3381227485327,0.31230458456213,0.372147037153664,5.26997041264633,39.9070680528313,4.75168152683419
21173,18.7914463987202,13.3594402264151,50.3846632326559,36.255896540929,83.652572740533,0.32598601492387,0.343494531655323,6.11123537351405,48.309995618954,3.2248337038062
21175,17.5990746201522,33.5504293007746,44.5615647149418,21.8880059842837,133.127660694571,0.319403986785089,0.392814281601202,5.01667983383994,38.571210914906,3.60912371459894
21177,29.6093820894327,12.2053918529872,65.0654668144836,22.7291413325292,82.189359500415,0.475302950006466,0.482671656093973,5.4112569531087,57.0812236374931,4.13877514931906
21179,22.3964761901304,12.5093275776663,49.0281470462499,38.4625253760838,87.1970012301132,0.307494685923095,0.317786309696387,6.0582907538892,45.0250753943586,3.51921278348581
21181,14.6648818265253,14.8732473693991,44.78927488084,40.3374777497609,75.1759737935705,0.229969623636628,0.280878002550188,6.53001142094871,36.9308298128516,2.43382426090031
21183,26.3872113968991,11.683726210336,62.7044968714081,25.6117769182559,64.3319133605066,0.429618242565035,0.463016626046631,5.53939201172621,52.5564547844813,4.40330207775595
21185,29.0432707640769,8.78835641669538,52.0032262588104,39.2084173244942,106.550603658065,0.324644510466325,0.325925817973947,5.97561217640169,47.2584134612296,4.10702984784877
21187,13.0069518679563,9.4643566870514,48.6429409918214,41.8927023211272,49.8315008517099,0.256385094814835,0.316001443644633,6.3372324694553,38.5446239947792,2.71530133408056
21189,18.53372663861,31.1255459169313,46.2589290209314,22.6155250621373,199.996240210662,0.338922136120167,0.416189979359884,5.27034246290578,42.9074955758498,3.9283112260306
21191,14.7164087286759,10.2053570061102,49.5983185902325,40.1963244036573,63.7257306200117,0.24622594832303,0.315649443058946,6.62424301128918,32.4798169013532,3.07071505244367
21193,20.6341600612756,44.9029744973771,39.0298265577394,16.0671989448835,234.651439648818,0.251873643586995,0.368793798066817,5.61766913061032,33.2206018842744,4.51949364269886
21195,20.6464404014542,47.824397230718,35.8103599258364,16.3652428434456,195.861437351606,0.232213642097938,0.332213932389289,5.96749573812856,35.6533270329989,4.31222970373371
21197,23.4926391182395,34.012878138074,45.024503005512,20.9626188564141,123.405163137464,0.361244629384099,0.382676365050305,5.79481026218366,46.9973904449522,4.34707554574703
21199,24.8692211654409,12.2468066703231,49.4883568701282,38.2648364595488,84.3103750269667,0.305176283145054,0.325284764425435,5.25526245173644,40.8153502735322,4.29278699874929
21201,14.3330806383252,13.5088770777725,44.3400378658318,42.1510850563957,53.3572652058527,0.199659901525117,0.293470311856739,6.51883820814595,37.2284156260014,3.29746584307313
21203,22.3881850152321,13.6497632624103,52.5397675673479,33.8104691702418,92.3711355099628,0.331813551425984,0.366983011530523,5.52060331711448,38.3230396471212,4.04963114606824
21205,22.2357912214553,17.9563758217024,57.6649162610243,24.3787079172733,109.590748438992,0.375929665612741,0.442638905029895,4.81108869664552,41.3088187215372,4.19771917942214
21207,20.1114354082196,17.3069588229876,48.080610843848,34.6124303331645,78.1523650468397,0.301786690298743,0.345197717887377,5.12859946605589,42.8350419845054,3.76648420906036
21209,25.5195167664745,15.7219887791667,44.9168655181774,39.361145702656,116.229924598692,0.267008265198235,0.292192091223175,6.3736969248421,43.8461752318202,4.02704996393401
21211,23.2467307344574,12.1048688744244,47.6978351114587,40.1972960141169,102.194356325345,0.291646717170834,0.2997547195556,6.18041878163762,47.1490867923245,3.5850501496186
21213,26.6002134311848,11.1545406283978,52.2283786552051,36.6170807163971,97.3352384445087,0.312670191885662,0.342133195806316,5.27250171611233,55.7011011718089,4.78700142883543
21215,21.2047340198735,16.3353968135796,43.6586312938921,40.0059718925283,105.656352030656,0.268407636578059,0.278330503527659,6.32006088540174,40.8546812164361,3.07297584520528
21217,25.2609447857818,12.0387500218463,50.9262881630197,37.034961815134,84.4210246702641,0.313974181052724,0.340721679236949,5.19687678211362,43.8850880302102,4.42340329012512
21219,26.3409966301204,9.3624401456671,60.5979410107073,30.0396188436256,94.9695633813651,0.405993941881516,0.421105771805737,5.54590012407793,75.5321745627881,4.2748097111243
21221,30.41349885954,14.2139438082026,49.4516981524447,36.3343580393527,100.104818071578,0.301928784978535,0.344706036886364,5.69465636132274,51.0048856552909,4.66560383824878
21223,26.1992958777408,13.7939508567022,55.4139644769826,30.7920846663152,90.2087845362704,0.373866935390716,0.38914395659841,6.10912652322149,39.8303366680463,3.92614317310118
21225,34.0896112908415,8.55692716082252,67.6497780795314,23.7932947596461,105.11464899277,0.48143392983423,0.482397578058133,6.12501409921704,49.1060408746054,4.70556528520321
21227,26.797912481842,14.7467190383099,46.8611602638884,38.3921206978018,120.899079793713,0.280662071636347,0.323624198640448,5.50301582408568,56.6835373980395,4.49787310859112
21229,17.77891689409,16.4454716126357,43.3348338680234,40.2196945193409,80.2837902518726,0.261730841248896,0.290025745976406,6.54055422925677,41.3558005263731,3.04977875255168
21231,23.6574206210529,18.5906299233065,40.7557907052883,40.6535793714053,77.3718949872555,0.262855498696856,0.284683595518948,5.51897863681297,40.5744961797302,4.41451464699497
21233,31.5041152803446,11.6591100721426,65.6292885713704,22.7116013564869,88.8184194709577,0.481198595059881,0.487178566139407,5.37385419035504,57.1390672234914,4.14813711904795
21235,20.6041078467159,24.2362741899503,51.4008248763968,24.3629009336529,101.043839297289,0.357451281874431,0.411182587394603,5.09079681085618,46.1719653808857,4.14124022676233
21237,18.1454276049839,37.0772387392637,42.7937267915643,20.129034469172,198.905223324964,0.333392964280418,0.396455302945096,5.26735211392003,39.658240449658,3.76028115409096
21239,29.3524684906408,13.3138264954943,47.7199836979335,38.9661898065722,136.332597388015,0.290749853989613,0.296504484137878,6.24070825868596,42.0087007638889,3.65290042659344
22001,37.8311523836587,12.8289561138962,54.1923098274315,32.9787340586724,105.791331464422,0.443280304877784,0.443191421245358,6.37053339113076,34.922659454782,4.85520221002149
22003,34.2498834425169,19.9557071239202,53.1200552924198,26.92423758366,116.36962050208,0.450173423776445,0.450173423776445,5.65466109836379,35.3974019254215,4.99874550869214
22005,34.0668611225223,11.5478431789698,51.8654096636368,36.5867471573934,127.593264565363,0.400666629789682,0.400666629789682,7.0289550735726,43.6181255438791,4.76919217724154
22007,38.6085325755654,11.4602084336573,51.9343079119866,36.6054836543561,179.890880748866,0.372974103227044,0.372974103227044,7.31741639146446,49.5607897792888,4.99943969595975
22009,32.2690044782186,13.4921929534779,49.3463025907597,37.1615044557624,138.857900804539,0.393044408814423,0.393044408814423,6.95049107214437,23.4667932096638,4.92641288436958
22011,37.3373378460009,23.256887862632,52.7593365779783,23.9837755593897,104.494820096514,0.461997486494084,0.461997486494084,5.29568682342845,31.8124979123139,4.92485922307667
22013,25.2204065817819,40.5938049476023,33.3085266531511,26.0976683992466,111.936070448933,0.318840860058291,0.31885521677497,5.08821204012643,25.685976013812,4.64179303629708
22015,33.4908813658643,20.3385321709326,43.6789433289229,35.9825245001445,164.598176061994,0.366610135513331,0.366644291133379,7.0563808212739,20.148660964379,4.92702559165082
22017,34.034018945815,22.5316388361075,44.3946142743289,33.0737468895636,159.799400242196,0.386309521149641,0.386309521149641,7.0506662603456,21.356315228155,4.90002027480464
22019,36.3063284859191,20.467695123695,48.6491910201753,30.8831138561297,161.311452472206,0.421097903729684,0.421097903729684,6.234735751129,41.4736128792546,4.5303579569557
22021,28.7544185752806,14.1360815093225,43.3815490824871,42.4823694081904,115.663695165274,0.351101627223981,0.351101627223981,6.26645638356213,41.0393601620071,4.98354750698024
22023,34.6786424252432,21.0077431592485,43.5063895556619,35.4858672850896,231.532650472475,0.363887526101467,0.363887526101467,6.55342643972678,50.9447122390904,4.69907510332263
22025,27.3920906899023,13.6993654089489,38.1854959259971,48.115138665054,100.065530053511,0.320055882121469,0.320055882121469,6.01626495389971,41.9485851929944,4.95050547868438
22027,26.7095235970604,46.0299765148077,24.6359685904272,29.3340548947651,111.095644773268,0.253909909526147,0.262204402986742,5.09331778954027,24.2380663897928,4.4233476827464
22029,27.4941317995897,11.5032524164771,37.5586773581939,50.9380702253289,96.65519698954,0.293967936795421,0.292475004568336,6.24297358808861,41.1406599913314,4.97469233955923
22031,29.4845608911662,28.1469698709871,35.9866049855004,35.8664251435125,109.579627140935,0.32566667668712,0.32566667668712,5.40340491071529,27.7141817836389,4.73353987569825
22033,36.2050853504863,11.7883220135166,63.6656398327043,24.5460381537792,105.539727467783,0.49609813853699,0.496494505551998,5.91808868788242,32.8655957825554,4.37389032476878
22035,29.6005454068088,11.94491288306,40.6946046412294,47.3604824757107,90.4592118396786,0.320908929224001,0.319356888228953,6.836225712685,42.1133619215818,4.90835365678607
22037,25.7012212349551,20.7635346081661,54.978290468433,24.2581749234009,81.4048780069181,0.457712674224308,0.457709306899006,5.32136432722018,22.3469505379586,4.13334440764289
22039,36.8478314802117,12.7137957521676,53.9569006561725,33.3293035916599,108.070795098825,0.433176214704608,0.433138006926127,6.15817393333304,32.4738768195882,4.54291297807047
22041,29.6201255336507,12.852394393285,56.6097362630314,30.5378693436836,98.2947793340377,0.46631009859141,0.46631009859141,5.85817733025623,32.8949706678544,4.51971236988526
22043,37.8764958621514,20.5782082447315,43.9571189634507,35.4646727918178,156.004860547609,0.361657225338685,0.361657225338685,7.10886977732524,17.4210685987078,4.93249266701959
22045,34.0436217693526,9.88157494276729,57.1459647866016,32.9724602706311,157.06436211866,0.418491500492475,0.418491500492475,7.12750562014527,40.0688740532692,4.97747421104731
22047,36.1435172199339,9.94008854239849,52.9042440070734,37.1556674505281,133.575592471293,0.386761493970146,0.386761493970146,7.42386507701862,46.5199756759247,4.99996142803073
22049,24.1955063168123,43.0868298839616,31.5380675718344,25.375102544204,126.68445389272,0.303552945276148,0.303552945276148,4.93324705910915,22.4009018052574,5
22051,38.1238218617654,6.70032496556495,35.3000770981746,57.9995979362604,2788.55188860773,0.223244224138599,0.223244224138599,6.91699914935516,69.9214899199426,3.72931211176642
22053,37.3470149971985,14.849892168636,49.7264338768094,35.4236739545546,118.6651549326,0.401996066091111,0.401996066091111,6.48476252179466,38.2368075665631,4.8482952294567
22055,35.3640317997773,8.17248633224486,64.9244752427284,26.9030384250267,125.855308670739,0.47163983458657,0.47163983458657,6.41249494205276,36.8150185262774,4.9340608076293
22057,35.1334183255663,10.6326663219658,38.4526740924412,50.914659585593,654.790553857988,0.289363330631591,0.289363330631591,7.20748630421981,67.1237623557584,4.70883602991663
22059,29.2693474330726,28.6691438751503,39.1351056796495,32.1957504452002,93.6435354441669,0.346541809386066,0.346541809386066,5.28107897981896,34.804712624907,4.79554331559926
22061,28.0794989288051,51.2966975463597,21.424208846494,27.2790936071462,115.044260592879,0.184642353782437,0.194895974587172,5.05789265759492,23.8120481737028,4.51929161200126
22063,27.8860844924817,20.5314565069205,54.3046670264344,25.163876466645,120.585595045031,0.457413192283336,0.457085205647831,5.69037645603991,28.2920128172704,3.56444565479885
22065,30.8749098930988,9.78551544469001,38.8937941533561,51.3206904019539,89.5273263300054,0.294287546999207,0.293617651878131,6.82651304623242,42.1911593213867,4.95790628331879
22067,28.3761709730903,11.4740329026174,49.2340162869442,39.2919508104385,126.846205437665,0.374087346450433,0.374087346450433,6.03223872588421,42.6307223281881,4.98086724567134
22069,31.1757065436025,20.2827974290348,42.1468731114452,37.57032945952,166.902387980031,0.371165470192654,0.371165470192654,7.13573922699659,17.7405965240791,4.83772588066771
22071,38.8482871266892,7.37146330127429,50.3987798032241,42.2297568955016,754.30953485376,0.331125941136367,0.331125941136367,7.20577288525319,55.1352785145889,4.68999159905723
22073,28.3236357301108,17.706052706203,45.1056362046138,37.1883110891831,125.533211363308,0.358820915743859,0.358823274313697,5.99127953346524,41.7654769569592,4.96071089175274
22075,34.5162983975799,6.88211260010524,28.9558998730736,64.1619875268212,704.953221122506,0.225591055376851,0.225591055376851,7.09285267170064,93.5991456340466,4.94227094528048
22077,32.5895858491576,13.9738073692811,52.0335283707265,33.9926642599924,119.140287256488,0.409512276586619,0.408555784221706,7.2153977667603,43.6593085246119,4.9646406487945
22079,33.3259168307308,13.7963797289813,48.7073548805179,37.4962653905008,142.804616052113,0.375457189019742,0.375457189019742,7.09457346776638,17.002369780479,4.96869791595104
22081,33.6494437989533,21.3115801505279,43.7976982593421,34.89072159013,167.767666102927,0.371466239342059,0.371466239342059,6.97139962416775,18.2906512402205,4.91446656793464
22083,28.3524078964541,12.802933411401,55.402890476292,31.7941761123069,112.667208151464,0.440441938133124,0.440441938133124,5.93105833584695,34.7029037097634,4.75345380548153
22085,28.8643563932336,32.1046448840059,37.1251826257122,30.7701724902819,129.627688269561,0.343361046208197,0.343442110249074,4.99923664375445,32.3377036470824,4.38665147461578
22087,32.1811406213371,6.67920266151573,42.3527766043941,50.9680207340902,556.604889737239,0.28593339894028,0.28593339894028,7.28435757643691,52.9782645129598,3.94627236476068
22089,36.4445972138862,7.86831881929114,42.4120545090327,49.7196266716762,420.461382868084,0.307013783598596,0.307013783598596,7.32086375449389,48.4954311451311,4.93566459402311
22091,24.7677175862676,31.6419773284729,44.1651145889309,24.1929080825962,85.3805504733234,0.392268649982218,0.391502201861966,5.24917040137884,26.8505507239915,4.28977672155785
22093,36.8566481795852,8.88794888387131,50.0913045703935,41.0207465457352,164.882261671413,0.349006965413937,0.349006965413937,7.36762312098881,48.2136609475319,4.93792640849532
22095,38.7322526090938,10.1463202323519,55.3897234530292,34.463956314619,190.183131734788,0.407500580502189,0.407500580502189,7.40976198827499,48.6961184367212,4.99967704224779
22097,33.6680357384034,8.73969508053468,56.1160609024101,35.1442440170552,119.140198025428,0.411343151731264,0.411216352651853,6.5511143259708,39.5611537423409,4.97112996624461
22099,32.6068469899587,15.9466284736799,44.4305209557895,39.6228505705306,126.106842250729,0.372330896325915,0.372330896325915,6.63660581250689,43.9918316612642,4.99721854823213
22101,36.047723286252,9.1334625653544,47.5743852587426,43.292152175903,194.422401771593,0.338394298628677,0.338394298628677,6.51861731895987,45.7440504079164,4.97853306588705
22103,19.3070628637175,49.9149740333031,28.3842462880245,21.7007796786724,108.987141635739,0.300281465565814,0.297192999906764,4.75495141629193,29.0892923924518,4.12109335199717
22105,26.1963425709269,30.5407830553203,44.5718454905064,24.8873714541733,91.9385677465669,0.392474321712723,0.392471680313485,5.27247654186991,27.4065660419979,4.15702625541402
22107,33.5703829525673,11.6212231916955,40.2397716775021,48.1390051308024,100.957170286357,0.305953822875205,0.302391800130259,6.51898316346091,40.4093991220286,4.99955729632457
22109,36.1033961596561,7.6283716856187,44.4451382058698,47.9264901085115,341.464448487129,0.324261242901937,0.324261242901937,7.46334745140939,53.2806046244491,4.96122919977026
22111,22.6874496707898,48.7272987217892,24.4386111719518,26.834090106259,100.530605307906,0.240251953811987,0.244627558532999,5.10046211101759,23.483025045559,4.63632333490505
22113,34.2079011055828,10.9910407675765,52.9583798297941,36.0505794026294,330.133667172653,0.403747561506383,0.403747561506383,6.7554791599418,46.147795085207,4.47288238936904
22115,26.0775945467894,44.8688087310653,28.4603918093191,26.6707994596157,93.6271844339019,0.281571884323724,0.281571884323724,5.16365364056549,27.5568341832033,4.78060482736047
22117,21.3110583981074,55.9170474579267,23.013413402419,21.0695391396543,91.5852868600348,0.261378289429062,0.255595437766751,4.96997125472609,26.3608366811058,4.50130073388097
22119,30.3764212987035,29.7435819394434,35.9798668583406,34.276551202216,101.527437548315,0.308223800047464,0.309158278031729,5.59280832116066,25.9994080130237,4.55581477207501
22121,33.5240983488839,13.1577562790847,51.2384988223595,35.6037448985558,117.859327711239,0.400883422540414,0.400883422540414,7.30501307269658,45.778936743564,4.90587800400395
22123,30.9803226756105,10.6091787213687,61.8721572502657,27.5186640283656,97.0688039944957,0.478840184906785,0.478840184906785,5.63064990208869,32.6530519864727,4.68259344445845
22125,31.5316976586884,12.1624487860759,62.6663626486894,25.1711885652347,85.0186310460742,0.475768431645937,0.475768431645937,6.23074350530594,25.2715734506424,4.63281018446185
22127,26.8046349485503,35.8932118967227,34.9805769315172,29.1262111717601,123.933326847732,0.315797699232289,0.315797699232289,5.25447467378919,25.763468710615,4.78815592699695
23001,18.57896643686,56.2816089032985,32.0024244294952,11.7159666672062,256.400165667227,0.295301074044861,0.324842627942924,5.37766093792578,27.2760732714786,4.29476609551521
23003,20.8226723623192,43.0105406868133,40.7935020811203,16.1959572320664,294.047949268556,0.202849584359052,0.377112799937209,5.98170991909646,35.8433277316505,3.66479706474701
23005,19.3102204213584,41.2191986605161,38.3480910179719,20.432710321512,251.585285357906,0.317146479343837,0.329816214595732,5.71299624759667,27.5949540157498,4.24439366780675
23007,25.9431244242874,61.5526509356695,31.0210781505569,7.42627091377364,332.277722631294,0.291709536744533,0.349248424626444,5.35403555583532,30.2899370855609,3.62521934528339
23009,20.6781853012148,51.0564047298439,32.4420446865706,16.5015505835854,908.400678970295,0.255442535295118,0.300433854193662,5.43492867876372,29.636421864026,3.5532025952157
23011,19.3041357571114,43.3352877055396,37.4056036963558,19.2591085981046,242.027433257407,0.337040192782849,0.357417737205227,5.47427233939051,27.1417302146577,3.8069123375428
23013,20.2028787050138,40.2992079224506,44.8229232452159,14.8778688323334,479.256530124929,0.342867724241929,0.387447393369606,5.26783884674176,31.8881627598099,3.39083335640346
23015,21.0792740044439,34.9698382355794,44.1668402467205,20.8633215177001,401.739583209316,0.331983358519293,0.367191679064822,5.5612303188689,31.487609246786,3.94643864002916
23017,18.7805275396807,70.6572858309167,25.3908730081487,3.95184116093459,393.00506242142,0.234529938719668,0.286550416269436,5.46876210259676,38.8437608869184,3.52713698169801
23019,20.6350379216707,35.8848576855099,49.8153677810848,14.2997745334052,327.831192476659,0.363365929470234,0.49666003634449,5.44770323834521,33.0642947370603,3.40818064655449
23021,24.2098388112044,38.7444994608629,52.0629564837477,9.19254405538935,281.650283257693,0.318989895380502,0.472809605852106,5.31712921999766,31.6759697949362,2.75009132118179
23023,19.7615224759619,33.0172096565642,43.6354935408742,23.3472968025616,228.625184066658,0.328826739615496,0.351959464810012,5.76579088826829,27.244396053305,4.44473804675113
23025,21.5908787099771,39.4676071504564,46.0371617723238,14.4952310772197,252.426122043861,0.349279218497505,0.416015018073078,5.54105649461682,31.0538831457982,4.15801336039906
23027,19.2418830142113,48.1714363869579,40.3584783253119,11.4700852877301,374.500800695184,0.322771757376566,0.389777328971961,5.1836953595058,33.3478940179914,3.20438299935266
23029,15.8359487409816,70.904577877951,19.6773734675352,9.41804865451381,528.22158740257,0.145302300494565,0.187173336612239,5.36115727159925,26.9369865463378,3.09158395461718
23031,16.5357799727246,58.6308266338386,28.6038852452124,12.765288120949,342.814970531163,0.223909526612639,0.270615913100219,5.5783843753596,28.3068135702778,3.98201683950085
24001,15.681959273234,30.7264799085336,46.4304935247555,22.8430265667109,120.583563611155,0.231029086278143,0.387502322690347,5.25924265902629,47.53529276634,3.39973869692803
24003,27.5402384876479,59.9255534244654,22.57265941472,17.5017871608146,124.840027666376,0.273492220027651,0.279475829990315,4.72361654709112,193.353819139596,4.15293240343613
24005,27.2585526428252,48.4117740384051,33.2765791430084,18.3116468185865,93.8166891311511,0.288802201217337,0.355974131485404,5.44187671586842,62.1053790300782,4.11463607357269
24009,26.4461381734898,60.3427480408794,23.9710852522641,15.6861667068565,111.948015378704,0.258064732276148,0.260573331890512,4.95907031957779,74.3983423594488,4.61165739718055
24011,26.7317850051582,66.1871365079644,21.130520959173,12.6823425328626,118.22273569807,0.21848689496843,0.218516474515472,5.2170898056964,50,3.97211952218004
24013,21.2971495992021,43.476281246134,37.4141852637818,19.1095334900842,84.8347603350171,0.27114932384123,0.382930785071226,5.48355991449499,61.0922589416664,3.2865026711332
24015,29.0216688544514,48.3198311180844,35.2238071288699,16.4563617530457,105.582981138285,0.291629226295431,0.323730192382986,5.23419515606686,97.7770031501523,3.69797160328677
24017,23.1500069348405,50.614233129563,31.1338134262979,18.2519534441391,124.491384236191,0.269019313454701,0.314608988974483,4.63099270208412,150,3.64016794980147
24019,24.5341010802558,63.5462859749291,24.7123995826314,11.7413144424395,177.334679169849,0.216286976345762,0.216615911786978,4.96273416792864,50,3.87452789215815
24021,18.9688830874275,35.7092617210748,42.9296764929689,21.3610617859563,75.9927348036338,0.260387444455186,0.399006398315237,5.71460426248692,NA,3.49346714899919
24023,12.6411600996453,36.6916490236784,40.1705852693847,23.1377657069368,83.7240717317528,0.190184110046355,0.350005950097454,4.83710157910305,55.1092362575297,3.2554628520803
24025,27.7239826889216,37.5764252305657,40.5309047901941,21.8926699792402,95.2618326884127,0.329753842108461,0.38563319406141,5.27477148706645,48.7596660803014,4.61067542547704
24027,28.4734515430187,49.2820941992088,33.218262800285,17.4996430005061,163.637915054986,0.30672714599678,0.346857918923241,5.36024301378967,63.4455371739812,4.26667518679728
24029,27.0680696565988,50.3136472986492,34.4968593313446,15.1894933700062,97.4873160303507,0.303435031355203,0.310388848206792,4.90499907372063,50,3.94756492435632
24031,16.2612281597296,36.7521219325576,43.3616824446147,19.8861956228277,81.5506473865064,0.252599726589588,0.407697398555337,5.37881865818161,45.1587711642521,3.2280415908823
24033,25.2091372654376,58.824776382647,23.0533422035976,18.1218814137554,118.459753245955,0.247790474480507,0.277615093272561,4.67229780926348,146.100504014084,3.97088002474665
24035,28.440630356352,55.1556658593849,32.476109090449,12.3682250501662,129.73382826211,0.282762051833183,0.282762051833183,5.09612092247546,49.3840062533986,4.20864792171213
24037,23.8284244185502,56.0546117103537,26.8622379128007,17.0831503768455,104.287629006107,0.259711248948986,0.271604170693704,4.70928828660477,113.117916813954,3.56368953910678
24039,27.4012661069879,65.7591907734251,23.2242923454409,11.0165168811341,217.253582598009,0.232284218173226,0.232632250240223,4.81315678215013,148.058664980826,3.61597806872316
24041,28.2595875152426,58.5632567572952,27.1370566514777,14.2996865912271,145.374756499565,0.2624610972003,0.263273853512822,4.96850040013562,50,3.35461210773451
24043,22.9009191264064,22.7130894259858,43.3418012276553,33.9451093463589,95.7215822094123,0.223785570360403,0.33311934633452,5.96994345027971,47.7163170835051,4.46910698558728
24045,21.5269991940495,72.0070292397278,17.4030467399974,10.5899240202748,221.019201082227,0.161210262085989,0.161411117952189,4.99453292771221,50,4.26344960030186
24047,24.080147368075,67.9887258011295,21.0168505827753,10.9944236160951,221.561412556924,0.184853040598746,0.185470911116275,4.95896434476776,53.0761408414898,3.87852234662878
25001,30.3615937042667,85.3600496976763,11.7632732310794,2.87667707124428,3397.2583283188,0.110351203436926,0.123445486377788,4.91171359957829,26.9616824390387,3.51699835676465
25003,17.5572237964091,50.0719527625344,39.7396808100457,10.18836642742,267.221834760673,0.266101458524087,0.377435259013659,6.3142386842921,34.6735946238159,3.73855000465031
25005,14.6977348110382,74.1659067292848,21.2297810528367,4.60431221787847,588.806734925948,0.213942251183398,0.296422062220175,5.27006426139372,34.4132289397611,3.71247613784294
25007,10.8973867004523,85.7454413795195,10.3840451050535,3.87051351542706,148.254353466363,0.173497523908399,0.174071902378814,4.86002539601746,19.6086777698075,4.74453915628701
25009,16.5586820155207,63.7576736807674,25.4827124499959,10.7596138692367,401.80138076693,0.225489396767504,0.289159662221494,5.4620890139697,34.9798920162227,3.96056217265642
25011,17.3820572407297,61.1685146912622,32.7916248892378,6.03986041949997,382.237665635169,0.344858337314936,0.380439576001826,5.50411884868323,32.1230851574606,3.50316231970567
25013,14.655590089824,72.508908716717,22.5577315706907,4.93335971259231,335.172000609178,0.21787958038628,0.292601489713142,5.21829859545192,32.41047601049,3.65253112494376
25015,18.3615397018101,60.2570978891164,33.2197229195841,6.52317919129954,365.809586567639,0.299035671752674,0.33773606428719,5.4748596473254,29.6747082650137,3.79863190436401
25017,16.1561314990678,72.7287861126711,22.5419480705414,4.72926581678748,743.254381159852,0.215204017340535,0.279923264464756,5.42543455734392,35.202907515943,3.22967446610364
25019,27.0068933211683,86.7087773692623,8.59705220630577,4.69417042443193,2869.67693109091,0.1225967903232,0.127639513447052,4.79165016186576,28.5231822137827,3.29544883027909
25021,13.9900397148858,71.9963904319502,23.6444386653422,4.35917090270757,435.073646235744,0.243603856114031,0.29461241363592,5.21978781253532,37.2886701356939,3.31378325527243
25023,24.2275403132317,82.8058032548871,14.9025012495089,2.29169549560403,2598.01653204146,0.131805901972092,0.152262341140644,5.20070840359013,38.7380018074468,3.54911784736786
25025,5.29569665262294,74.0865160009886,21.8089171331407,4.10456686587076,685.078707792436,0.230677989093765,0.288748969914143,5.09354921783147,31.9769296776894,4.2616739114102
25027,15.5826459132612,70.5663157946562,23.5878312378348,5.84585296750899,379.718524874945,0.283821950386663,0.344923604417471,5.28401375949399,38.7761370633402,3.18033189162621
26001,21.7462707182787,44.0579438527495,31.2041976857811,24.7378584614694,235.319949884362,0.324380863111665,0.324654766083244,7.21644061040762,48.4001348084203,4.62349833331157
26003,21.99804677006,71.3358270234791,21.4172879366024,7.24688503991856,518.141558767327,0.226303415261878,0.285345156865942,6.56807554354617,74.8476108826075,4.04979778641415
26005,19.5991464447365,63.020361801344,20.8812372087413,16.0984009899147,393.699541875346,0.223270796457642,0.223286156244836,6.72218949471298,72.3535323859981,4.71998605578438
26007,23.2782847706888,54.7798939583298,27.4319032932058,17.7882027484645,265.280344313346,0.312445920315423,0.321213705382058,7.13776988508576,298.426121981834,4.71890263909283
26009,14.6790937927084,77.5928312927915,12.6524271047694,9.75474160243907,223.166531974497,0.149769317945258,0.152648972991465,6.59743241803258,96.6186867803348,4.92177848614167
26011,22.0458069573742,44.183873086305,29.1148757920606,26.7012511216344,398.180031151295,0.26943143077816,0.269483539453103,7.24414037932728,43.851589026503,4.72418916403809
26013,24.6197946880015,48.0252048043706,32.8504218972523,19.124373298377,334.564600632935,0.322595260776477,0.333902968243188,6.15971100917815,87.2913223591669,4.34201867426968
26015,21.7897068447198,61.3571987167934,22.7789850224706,15.8638162607359,352.404597157339,0.235572015108699,0.239423787393739,6.94648144514219,44.2644449797918,4.74396167755817
26017,23.0291861946606,47.738718317951,33.2327377921055,19.0285438899435,194.117674295095,0.329572334580829,0.329572334580829,7.70592498863065,78.2561746643407,4.62487114881497
26019,15.5875961459151,87.9181153260782,7.35559363580148,4.72629103812034,207.305682643916,0.078465791409732,0.0796834862637879,6.18115965552298,69.4627704883442,4.84240184441779
26021,20.200295366758,60.1643775246695,22.7109218900353,17.1247005852953,350.838963108446,0.237816641690492,0.237899236790798,6.67759752116581,34.8178928238683,4.69129285705444
26023,21.6891535231683,65.8195042665551,20.3046580130387,13.8758377204062,498.88696412354,0.207816530359693,0.222065661430343,6.92371425687703,66.6400239688598,4.17573217611092
26025,20.8965002840345,68.8997176712461,18.0424010428382,13.0578812859157,534.466286611603,0.178591959696759,0.184816813587917,6.69085466315822,62.0707393062466,4.15228774408634
26027,17.7240942497022,71.4721587636926,16.0714563466543,12.4563848896531,382.262354259142,0.168562036047776,0.169663315258163,6.5596189473423,59.3254501177364,3.95928741298306
26029,17.4490924468801,67.0787610264602,21.5695984828109,11.3516404907289,210.29216109352,0.235004866912049,0.236119737882751,7.00742944929777,88.9118233653426,4.83382857111486
26031,16.6713637587003,60.1887464153133,22.2212930950885,17.5899604895983,273.416028150099,0.255307193789963,0.255648352324763,6.88597968782975,87.808283403582,4.25930990447275
26033,23.7813274975772,16.6326991911172,33.2957475417379,50.071553267145,219.078818356977,0.253377186314269,0.256957236674653,7.83133207025393,111.702643602632,4.85776036796135
26035,20.9728039892103,48.9701895058723,27.5728635536421,23.4569469404856,338.365472911734,0.255685566901384,0.256980197883463,6.96583832405947,34.6781695212718,4.84083848313108
26037,25.6208844099031,46.0300770168232,32.490038141525,21.4798848416518,485.261758285252,0.30559142292872,0.305823502680941,7.19717574323501,55.4011000132269,4.65189613364307
26039,17.0773880220964,84.11218260701,8.42173971404842,7.4660776789416,213.238786251532,0.0862396258733829,0.0862433258961208,5.77825630951155,76.0332693772782,4.93583867602761
26041,17.3076974186895,62.4272734488699,24.921675185888,12.6510513652422,262.802530977914,0.293097053162157,0.302744851359839,7.03395783410983,100.736575883098,3.36064974056887
26043,19.4249560388119,71.0906022907519,19.9723506374232,8.93704707182491,495.984059116407,0.242784381985131,0.291508333077367,6.97259323642869,55.9947616944828,4.11406711210462
26045,27.5652682210086,47.6133901571221,32.3114121046854,20.0751977381925,545.029990847626,0.323714016297965,0.323938774751881,7.18594699256696,53.6809515465195,4.65505230449193
26047,16.4687930339946,72.1988489830747,17.2903201965836,10.5108308203418,177.440037196651,0.203215984529113,0.203894120158945,6.63709726983941,100.586338398354,4.89232455975417
26049,32.1688168885442,42.8843664628844,34.3661541134326,22.749479423683,400.362566103888,0.32959863298478,0.329686427126863,7.4604528484087,96.3901694442945,4.27338382090683
26051,20.9615875645605,45.6705816564383,28.2435140462636,26.0859042972981,183.547421218893,0.261209091812123,0.262302878375925,7.15522893931684,50.6914874255289,4.65489457679318
26053,25.6338199965419,61.155418861132,31.791184173285,7.05339696558298,894.761171173689,0.349097998289852,0.403183542589075,5.62346179088171,100.76494885077,3.59651189918431
26055,15.5036612391046,73.8146723047235,15.1365832777231,11.0487444175534,178.153787242453,0.176442899760819,0.177182354593232,6.54636538079398,105.517852252065,4.88570244892185
26057,18.6107496388897,46.5368025357065,30.6754813358521,22.7877161284413,224.897568227315,0.297861107496698,0.298430492452259,7.43162610236662,72.497474326908,4.53525486336897
26059,20.3096430185136,51.8992470890807,27.5459915838152,20.5547613271041,384.864102569227,0.259648027889676,0.266141051584787,7.00391689013297,45.7947061224965,4.59193064202072
26061,18.4619024930896,65.756610435377,22.703321213029,11.540068351594,410.973245518379,0.260505229142487,0.288660192699925,5.55597011841583,80.2262718230107,4.05512822607822
26063,29.9140519077325,49.015171825552,33.8985228100975,17.0863053643505,193.512605270066,0.37779371170987,0.378829454182876,7.85046277819015,102.293689921725,4.05790198324739
26065,25.4274511169478,53.1797307152268,29.5754257914441,17.2448434933291,848.845753444619,0.290713741107679,0.291507109007876,7.04353412844043,55.8103927727086,4.57046565955114
26067,23.6856304042811,49.722936223982,29.5020350809887,20.7750286950293,378.186062562436,0.285143685568604,0.286721107603772,6.94093257375699,62.5739380460554,4.66541174344357
26069,26.8017916709281,43.7049001864453,25.8425417268522,30.4525580867025,242.24425025779,0.253633863694499,0.253648932755017,7.29130243207951,314.617403683979,4.3172332720616
26071,22.7296883821284,63.7486907462244,30.8827130356531,5.36859621812253,374.663807368492,0.309966733177499,0.332579421893313,5.76062348801057,70.2931851938896,3.53911276039217
26073,22.1063559318858,53.222100200277,26.1124214864253,20.6654783132977,302.73770338711,0.265484684844053,0.265491533268311,7.08910474489178,69.8332504091645,4.85611320667626
26075,20.4414075363708,65.9299500365044,20.722763035335,13.3472869281606,670.082751961388,0.231910522833385,0.237219518921961,6.74756187716929,53.8052091764723,4.46059458587693
26077,19.9014232855269,66.0691648013169,19.1847913963907,14.7460438022924,328.409980944678,0.188324694478361,0.193863439501397,6.63232204091722,47.0975647538854,3.76293798707765
26079,16.4953993744962,86.0581181159623,6.02026970745259,7.92161217658512,237.174129629316,0.0656550339445846,0.0664765779353822,6.22184379590691,73.2293157613209,4.93487032840191
26081,22.9478850825015,57.1158844741019,26.0248458183369,16.8592697075612,406.789800961132,0.272934061029068,0.274119701769362,6.90059382290773,43.1470002145309,4.76644240092624
26083,12.2221994120573,76.8349187151913,18.2440825510066,4.92099873380213,566.158299559657,0.14010012768008,0.293866335396828,5.45850455530119,52.0668859060403,2.75817086187412
26085,16.6333066889203,67.8235414814249,16.5256264407533,15.6508320778218,275.035869221013,0.183790659212024,0.18379263245811,6.44419595978943,67.0557124326182,4.49395045394033
26087,31.2709145070374,48.2306874355509,30.5695023384126,21.1998102260365,739.694309835682,0.273863710785794,0.274591271510904,7.23211064518207,92.9877211750455,4.57561218853217
26089,14.8463637057329,74.4017645005822,15.1936767451614,10.4045587542564,162.666486114202,0.173861257558377,0.175402214489823,7.15766656719663,86.9608074105146,4.84765220119674
26091,22.9291855556915,34.1777595823972,36.0869582423285,29.7352821752742,329.700408964809,0.300610433400481,0.30072520535493,7.28578902827132,72.1996883460758,4.34487006281863
26093,29.1207291682163,53.3668801573827,27.8154849437961,18.8176348988212,1039.81051394928,0.249842248098139,0.251863268754749,7.09809695887229,82.6689578713771,4.53926103600949
26095,18.1393008611169,75.7351403913098,13.8352090751024,10.4296505335878,359.540118766437,0.15909642838515,0.162767619557576,5.76256465430013,69.0585000636543,4.03131760809785
26097,22.6167227397219,35.7750814575997,30.4176477681093,33.807270774291,291.950814249048,0.260168513700631,0.276412657562413,7.45212893030628,98.0260799600922,4.28543598809251
26099,26.6852327593218,45.6274496617976,31.2452421639068,23.1273081742956,189.814927524274,0.292886724650673,0.293897989354957,7.66036564514633,91.4172043998363,4.63907641098548
26101,16.5349340348285,83.9436890801362,8.64186614934913,7.41444477051465,198.164870689834,0.0919105509756127,0.0928533484517912,6.29989860328988,74.2550106564144,4.82626902870535
26103,20.1234395697624,68.5082426370465,24.0144681443667,7.47728921858683,466.920298903901,0.278091472365517,0.334515957563598,6.63110757067467,78.339987987529,3.77476006321301
26105,19.4239898589568,57.3779376968205,22.9072967212926,19.7147655818869,207.868219905912,0.215089602258351,0.215089602258351,6.69629240315598,58.7027027110307,4.85956314045461
26107,17.3258974175273,69.8344904656246,15.7546424842197,14.4108670501557,204.285016710389,0.174041427251825,0.175459540002685,6.60274127862672,52.9456220421283,4.72768495354792
26109,17.8339933369785,63.8644114151463,24.7661217693346,11.3694668155191,354.979343448881,0.282798677150095,0.313807795571471,7.32999873024337,51.4080866004855,3.39078426108719
26111,26.0009695388104,41.1499663129694,35.5546431061209,23.2953905809097,187.471050629035,0.299456189737148,0.299543781400764,7.38104810510534,94.2938369531041,4.77071849797995
26113,18.0283805145842,65.399832335684,15.9859524344696,18.6142152298465,172.797552457674,0.160156122116686,0.160174172430381,6.46791991918572,120.366257761503,4.50689540628735
26115,20.6393475641428,44.0629470572223,30.1934660188069,25.7435869239708,139.300495265315,0.251862964964315,0.252153309459759,7.23038127411846,54.450618147825,4.88477686524182
26117,23.0950975198691,67.2123434250721,19.3482015709841,13.4394550039438,542.80038220437,0.224584737013483,0.224862506847277,6.52472514867348,62.2706173738155,4.76269956311325
26119,25.8657573741382,47.8151697209757,28.2466622958003,23.9381679832239,384.931725234789,0.262866595992909,0.26310108253769,7.12223769663857,296.7523974591,4.54671263579226
26121,20.0602766442465,63.5199858398183,18.9069904427074,17.5730237174743,369.446877735378,0.199976948074133,0.199976950081177,6.5061058704806,78.4674348097773,4.81595933768468
26123,18.6506037321653,67.6911576144287,18.8648067168151,13.4440356687561,360.604745658141,0.199278684830315,0.199864453222806,6.68403572286297,39.1513176362439,4.72297379986751
26125,21.4831729945963,57.6817572401528,24.6277640508775,17.6904787089698,527.339593299277,0.237698161126046,0.241347184730712,6.92945853284125,36.0977704015086,4.47906705916251
26127,14.6657030893277,75.8634220045718,11.7192186442438,12.4173593511845,140.883601129816,0.123646371373033,0.123650996793158,6.36781144810266,50.2703172244393,4.86089603751911
26129,20.1026438071532,45.2090788794423,25.8740901367369,28.9168309838208,232.950574384415,0.255275195446833,0.255927487466819,7.18888415703585,90.7510698351478,4.00860687071191
26131,24.2312956282289,22.206197197298,34.9592657868726,42.8345370158294,229.627316419066,0.295297266617499,0.309104020678891,7.23787282647236,83.2464109775951,4.56934925370254
26133,18.7473428388325,58.6307012723428,21.9756696723509,19.3936290553063,322.022881154295,0.215140506432716,0.215727606898313,6.5639205482288,64.1644756234298,4.75636053647668
26135,21.3605275506975,58.3587010250388,21.826979400562,19.8143195743991,242.759590045466,0.210337796308282,0.210620977012258,6.76364885211632,80.1448451182951,4.83637522598735
26137,18.8337355947985,79.2787648865152,11.1331579429265,9.58807717055827,174.192076817985,0.134888826964573,0.13703080077949,6.51075144432369,69.9946994034902,4.86268188007841
26139,21.1770252045234,56.9294580005704,23.6101221363205,19.4604198631092,400.397332573399,0.231630058827055,0.232087946432141,6.85001052266338,66.3987317593412,4.77328014496961
26141,18.1551088154763,59.8187911866003,26.0544286385224,14.1267801748772,183.388993390413,0.244666530424297,0.301984144628897,7.30467666077295,97.2903268697157,4.64946170934467
26143,21.5415541234193,67.6999522264997,15.8986007273405,16.4014470461597,235.944107566794,0.16182288816149,0.161999587997234,6.3983724521349,85.7092060832254,4.61768680021327
26145,26.4765903075894,42.4537216928608,34.4471410546365,23.0991372525026,195.395743121039,0.317078725608556,0.317340350598078,7.75344087961984,109.721408394458,4.71439598709621
26147,25.9116692786185,37.4236007996365,33.5013702599433,29.0750289404202,255.432057352142,0.3149669468467,0.315153637606068,7.47208689115075,96.6105408240898,4.61125950440438
26149,19.3756964629513,79.8953393603455,11.581305499409,8.5233551402455,340.224436067677,0.131404973829876,0.131421353099755,6.54717290008214,65.6395250341878,4.57159047468267
26151,30.4036836609066,47.6770317361845,33.4559429903127,18.8670252735028,452.173234255574,0.324702630275922,0.324940754102211,7.50033834068335,95.7347449408554,4.59066649264286
26153,19.7292364255253,69.8506204039718,22.7206253793173,7.42875421671086,398.890036921306,0.287994814262148,0.294761656921233,6.0947607521667,72.0604655354021,3.28535793255879
26155,30.0925272283548,46.4878915811559,32.4794296864947,21.0326787323494,486.088167943029,0.295938380581537,0.299205820366917,7.35832951850185,96.4819950041661,4.41749223259146
26157,29.29404313463,50.8308114150364,32.1727683129814,16.9964202719822,229.676313311546,0.310793839842686,0.31164719799658,7.63766763473483,93.911441294434,4.75287884167812
26159,19.6179731210948,71.8447300744416,16.0749585468885,12.0803113786699,624.452846521346,0.166996993205473,0.16787989364511,6.6869811488191,44.87089955414,4.52311614895392
26161,20.9455824616003,48.2143428530127,28.8794381218674,22.9062190251199,475.366379886146,0.249742810659606,0.254125239156804,7.07113164855761,60.0274916999271,4.24512442177851
26163,16.5810763871418,63.6420174933713,19.9052191688726,16.452763337756,145.074123321255,0.176881133549274,0.179220857637153,7.12848312629347,57.5919555994364,4.81720333120447
26165,14.4012431704206,77.4235372270167,11.0991728671506,11.4772899058327,244.680895358467,0.137414432284458,0.137420085064629,6.14012847412909,73.1238910644255,4.75403345924747
27001,28.308232177753,47.9460997318124,38.0235477166689,14.0303525515187,1760.83549429597,0.311479446157438,0.312697927360018,6.40535240955595,25.4284256960447,3.70064792716726
27003,24.7583996591456,75.1605119692494,18.6988222455584,6.14066578519225,1787.77904077115,0.150564295959977,0.151309957883754,6.24846306166153,28.3402319450713,4.43251780245897
27005,23.3573410643789,48.4362731770011,31.8596643877198,19.7040624352791,440.455168461537,0.274608310242689,0.279408258123381,7.49216875549824,38.277227529336,4.46732774978135
27007,25.0420671670322,53.1566015891365,29.1904225537845,17.652975857079,474.282482297766,0.278376224722161,0.280692665051034,7.12998062467759,44.4753843714484,4.67931091903857
27009,20.9354812712319,67.5665505314791,24.1051568763855,8.32829259213542,419.338631712311,0.33339758570674,0.337120048778563,6.29614350369708,29.2367994900795,3.96493583916706
27011,25.5606180054905,32.4937393598271,40.4172485863995,27.0890120537734,246.966183552173,0.327321309538012,0.32827399572732,7.72848769407439,34.141751047154,4.86237581197798
27013,28.0807997777691,28.4754804277886,39.9005147561807,31.6240048160307,504.213550490165,0.302279608889339,0.302357940188619,7.0878643961686,39.7963274131153,4.77083942769816
27015,29.0873031836834,42.3565563001117,33.8003899708355,23.8430537290528,410.460786866421,0.271032927946167,0.271695230088377,7.44219267932428,34.8403211688811,4.53929111562115
27017,22.6488618898805,56.609785588443,26.783569741472,16.606644670085,473.450009770801,0.280812659915692,0.287370118355117,6.06574068907304,26.0049545459956,4.32924594929308
27019,35.1155074013841,37.7151604433528,38.2880674386782,23.9967721179691,1207.1830115248,0.306010679136921,0.306027049549282,7.07111071589578,42.7964261816128,4.45761712546215
27021,16.4978671376404,71.9157374037562,19.1686897679836,8.9155728282602,532.816254211891,0.215468244319764,0.216361173397889,6.10586259333509,44.1293319451678,4.37307754233186
27023,33.6905238943499,21.6004083660667,52.8980288080162,25.5015628259171,346.222465478094,0.398887480754644,0.399134882529408,7.67526373582745,38.0018413076648,4.93641818308194
27025,23.8799299979827,54.2498265405209,30.4591976642377,15.2909757952414,879.960053534932,0.289080556139974,0.289453408132376,6.65670059363432,25.1834909947994,4.70909539657071
27027,26.7094333375783,34.8612819084315,37.8896827635219,27.2490353280466,280.004198285335,0.313139839739745,0.314529450214215,7.79172040533205,28.4249556299464,4.65347604938252
27029,25.7483868492348,50.3778649141887,30.0154433639277,19.6066917218836,682.455746018902,0.278702256959343,0.282179065421721,7.33525657614024,43.5047101238294,4.50655295529163
27031,15.9386119792776,32.2246640356433,38.6520676148731,29.1232683494835,76.4654341282019,0.270964996328697,0.351887546349454,6.36773034231118,37.4183490417698,3.32589836377135
27033,32.3085302551534,38.4979013069456,36.128298739054,25.3737999540004,358.546250446177,0.297491980577925,0.297916588385639,7.42144621788003,33.116644073593,4.83539930192201
27035,21.5620190086399,78.1989344041442,16.6510661810647,5.14999941479105,1107.34305800166,0.196885220305205,0.197165564398436,5.89314622199956,25.2077879983179,4.37816177339321
27037,21.0824790132905,53.5228312086218,30.982296090768,15.4948727006102,289.691386642118,0.22951538580585,0.231949398490378,6.80815191418459,38.4816246212475,3.70732306260051
27039,33.3617842782526,34.1981973032203,42.7597762961076,23.0420264006722,305.269220655954,0.343080199982535,0.345077277207203,6.90521862693664,73.8915784740291,4.75814680702474
27041,24.2706242690273,45.4754450726726,33.3853160277772,21.1392388995502,476.618361443454,0.273360205106555,0.277097583611619,7.57466873602059,34.4877451359664,4.46460846595101
27043,29.9022928250564,28.9903580086315,42.4698529629125,28.5397890284559,465.115654047531,0.320179417491828,0.320372406648957,7.36432584092203,41.7355055036742,4.8575127930268
27045,27.9855462690103,16.9617002544959,59.0992507006792,23.9390490448248,149.786651843637,0.418358707399989,0.420095564204679,6.14569798907324,58.4509768167988,4.6920527663975
27047,30.3840350806077,36.7766545462824,38.7317086454226,24.491636808295,651.520772435977,0.29633441782874,0.298233420082471,7.19098984139516,54.1104994921326,4.54465289504894
27049,36.092483330184,23.2787825812362,56.4126036674546,20.3086137513092,204.726156044247,0.423965123711702,0.42560640421252,6.64290576550714,57.5574639716441,4.76078036543485
27051,26.0345896334522,38.9708743519264,35.0289871813222,26.0001384667514,225.46084229302,0.295456252326943,0.296169791041271,7.70189875498782,35.2860595800264,4.87818748285615
27053,35.4728504039894,38.3881526881172,37.2399756906567,24.3718716212261,853.111805120579,0.306171589952029,0.306458661907333,7.00763610684859,34.3817726723764,4.69565997987764
27055,28.254193363225,16.1797590322467,60.0105504696201,23.8096904981332,161.966035091919,0.412757723998246,0.432230804388306,6.27460403957566,55.5691603736151,4.74338113081739
27057,15.5101790647805,78.4984046058129,13.9309894510705,7.57060594311654,273.343633029069,0.162862553275771,0.170876086794508,6.65471914772197,35.6864537252652,4.14696941779857
27059,21.3941491247024,68.7605919464191,21.9545505552529,9.28485749832801,950.927873956322,0.237051468468131,0.237877596567921,6.37275584687666,25.9558835928704,4.62837713347283
27061,22.9174012324441,45.5589283968917,30.1048087499529,24.3362628531554,418.211321540101,0.30548448371614,0.305739676184803,6.61580712906059,26.3566083678181,4.50308112838294
27063,30.626004572714,33.4813521437913,38.8418671408356,27.6767807153731,338.871895771165,0.30023552254943,0.300627501243267,7.35093537284279,34.1284308058306,4.89496294759703
27065,25.23075193014,56.711941892061,32.2465928769113,11.0414652310277,678.436732664771,0.344400913241757,0.354522934692305,6.14831220152961,26.2035294996202,3.65070978104396
27067,27.2209779665085,45.3939328531097,32.5177750449621,22.0882921019281,558.419590397272,0.270106831959716,0.272709271530972,7.57138370511492,37.3413961246287,4.60767081097809
27069,23.7450830989511,37.2878132196117,26.5805284625028,36.1316583178856,377.744594696444,0.247243373776971,0.247849032479722,7.73490630557373,44.8260898338586,4.17131397257793
27071,33.7402940873151,27.8761848823941,45.2917833463652,26.8320317712407,787.85840815465,0.366760319643395,0.367331595966932,7.31799084626866,23.812695109295,4.41643714979985
27073,28.6081455623043,34.7171441260257,40.52741406508,24.7554418088944,293.046527814534,0.326623990731159,0.327225587541848,7.60845936856906,37.8854116760255,4.82700063105726
27075,21.4485894425155,20.0334740911274,24.6629127908859,55.3036131179867,133.326248842983,0.223432439444671,0.239304564780779,7.25311956377922,33.2926625319698,4.70921522715005
27077,23.9869417896089,39.0210855753712,31.4498237550238,29.529090669605,244.372897142434,0.299840258625289,0.300296703685225,7.53400782267538,45.760635554001,4.75993554638704
27079,28.361253784483,34.0323561554662,38.5979430699585,27.3697007745753,699.61290231889,0.297481129633013,0.298219992833726,6.76650253775689,45.5224274423555,4.63893769667835
27081,31.4156828418683,31.338368995713,41.1962940353745,27.4653369689125,241.442945538219,0.343791961443379,0.344867439085308,7.57118232673144,39.1321381789883,4.93893132011307
27083,30.255150155689,35.0025185139288,37.9352156587555,27.0622658273157,280.045399888454,0.313590874023184,0.31423289583494,7.66971369821668,38.1003638426896,4.90213986394567
27085,30.2325538062836,36.9940648160284,37.6861199379698,25.3198152460018,617.796417376619,0.305546461439238,0.306262122923831,7.45173874510429,42.5777656534836,4.66064895663007
27087,26.5223157456048,37.2797320933785,39.0364082518663,23.6838596547552,314.240119037914,0.351871043614842,0.35225624104054,7.74987702439821,44.0469127333763,4.83992873506136
27089,27.3206855990049,38.2390041676967,33.189403117101,28.5715927152023,367.37807223859,0.276182101376644,0.278062811795681,7.79258780767056,42.5707112526983,4.54079196312754
27091,30.327157288643,37.5229387204203,36.9005065421261,25.5765547374536,402.83227476261,0.298844967857693,0.299266519813847,7.52211233589619,37.8605145149621,4.85828940214722
27093,28.553038876357,45.2210839628627,32.7090565199582,22.0698595171791,695.261693084782,0.270610709351461,0.27346932145653,7.37917304576737,36.5540241594686,4.50935538928903
27095,26.8765333561997,53.9457567140637,35.1501540781443,10.904089207792,764.206736118496,0.378419824674786,0.385594716280396,6.16629346179746,25.5768387897867,3.80290887076706
27097,16.7306548484323,70.011232230832,20.5301347751243,9.45863299404372,592.06408140212,0.245313415946925,0.248945426623198,6.22573619116327,43.0057133151294,4.099642151056
27099,28.4794977475117,41.0271349229893,36.3940702938103,22.5787947832004,291.844808539306,0.306616054169036,0.311969488427428,6.67217504796701,78.2913070824167,4.69130023046412
27101,31.071667935448,35.3737750064694,38.4662545874872,26.1599704060434,267.790348268797,0.319617680645003,0.320226029111494,7.54419261209624,36.0171774120169,4.90853697331703
27103,30.2214332385381,36.5324657472513,37.1684930516728,26.2990412010759,551.151176234671,0.300730983703963,0.30078215471028,7.38012232884974,40.1021844838159,4.77547608712636
27105,32.5616357782682,32.081434087593,41.4628869560602,26.4556789563468,316.926167658338,0.331010346357866,0.331857707826673,7.40112323694512,37.6302845361536,4.85418821009247
27107,26.4386941740595,32.5221047866569,37.6840643236519,29.7938308896912,272.910903713125,0.301007611562738,0.302270411529201,7.81522904582222,33.3234450528769,4.73893481908157
27109,27.0607511164304,24.9020730574777,54.2695766013916,20.8283503411307,186.82604197133,0.37924270814017,0.384032237711721,6.61628986993586,58.905550147729,4.44143536946252
27111,22.0360408150509,60.3633935764703,24.6282870216338,15.0083194018959,390.221875986739,0.234126098794719,0.2422441099204,7.37043822373398,38.306383780414,4.40400496340341
27113,31.2597691896431,46.5445806076631,31.286670038842,22.1687493534949,499.280029473205,0.275608589159621,0.27723411927263,7.71887134847577,45.6845267039994,4.47101099911221
27115,15.0547080537105,93.3744906365466,5.38432338716937,1.24118597628403,361.016936748614,0.0744193625453371,0.0791329870069279,5.98120279097181,24.0540413637819,4.8979698554888
27117,27.3174475279705,26.3920395610952,47.2133548739564,26.3946055649484,222.263989428885,0.357516893746556,0.361633537608125,7.45392281238795,45.9566937865629,4.62700547174785
27119,28.5314482838559,36.3557962215201,39.9669945594565,23.6772092190234,387.473107518507,0.33283229281778,0.333971766140282,7.80617134743451,40.2091395601205,4.72910241293044
27121,22.4105834435455,52.1246932983571,29.6135277099675,18.2617789916754,353.932726530052,0.257301074859314,0.264048826708824,7.56883417446662,33.4796253135166,4.13574323562019
27123,27.9866340675134,55.0924649260048,34.1612509384401,10.7462841355551,2021.02082897859,0.227664697938752,0.228524799211198,6.39352325636176,39.8699955982687,4.05711857775169
27125,28.6045514971824,49.7928773258259,27.8961394965163,22.3109831776578,324.089864536323,0.262469866448937,0.263519284541576,7.73804727151211,45.0477019852214,4.63847162782386
27127,30.2591137281431,37.374158436312,36.4610723122098,26.1647692514782,315.641698696754,0.300659883048711,0.301585741877213,7.6311899421954,36.6695092342784,4.82093011334308
27129,30.8410495002159,33.0165219826076,39.6086154743213,27.374862543071,394.172692091875,0.313428130515847,0.313907574360197,7.5755315099056,34.6098213460312,4.91033766022217
27131,35.4698756102656,33.1287755226061,42.0997392057559,24.7714852716381,747.135453913829,0.326988247346005,0.32881258031987,6.95035711374217,55.6606934601885,4.70748524069873
27133,31.2351468977839,16.8520002436415,55.5872687646788,27.5607309916797,295.793939649091,0.379525766198853,0.379900375504199,7.26536227774485,48.481122682713,4.67526382611905
27135,27.1058164516459,45.6086905710883,36.238981524739,18.1523279041727,634.316435484526,0.351449323320797,0.353034075396894,7.71410938416972,44.5863731727884,3.19289442894721
27137,27.174742609552,37.7083556257439,36.178391023978,26.113253350278,782.834407667976,0.308507928832777,0.333589797449364,6.55600757235568,27.6290931640232,4.08635651104226
27139,30.8904954105449,38.7906740773289,36.3818689386708,24.8274569840003,1121.92807429049,0.299616909519625,0.300198664246747,7.09140990860987,35.6455688149169,4.58484868533338
27141,19.004381177512,83.8276893935741,11.444883835336,4.72742677108989,798.826855295809,0.0773851455982645,0.0777009874412036,6.35424794376529,29.4630345042451,4.26367135480517
27143,30.9875968664759,35.1053701308269,37.9368663320991,26.957763537074,528.364595357564,0.299333739358457,0.299633623251009,7.43709953729054,37.8922096463104,4.86439588694115
27145,23.5509736315492,57.6021272801299,26.6641307399822,15.7337419798879,675.250278897508,0.230089148279949,0.230791544694544,7.16992639893756,42.249618824983,4.19640375438468
27147,30.5019586434377,38.4468201956452,36.8837645431143,24.6694152612404,626.209670613274,0.303611047473151,0.304104732328163,7.19078412958922,49.3938247457887,4.50523982937009
27149,25.6313806223102,34.7856608544336,36.8619605119979,28.3523786335685,267.821529692275,0.314558484012837,0.316498943720932,7.68114218179327,32.6795169347656,4.89710688160523
27151,31.2280724172189,39.1408888276343,39.7196850482364,21.1394261241292,340.285900543051,0.316586271735412,0.319582563000071,7.70272528373905,38.5966921232368,4.59263871906417
27153,22.1536879730466,65.2754205343248,22.9305127783292,11.794066687346,823.841858447688,0.234845149464986,0.237540652022947,6.98032062380968,39.5243327152364,4.05943893507136
27155,27.7311054602234,29.0094220400498,40.2666100534634,30.7239679064868,246.944686967449,0.323876044042989,0.323921040397034,7.72175720030867,29.1721951165196,4.92796361208769
27157,35.5074135400036,16.2067277305514,62.7390103396224,21.0542619298261,153.47495868243,0.455444325164059,0.457372356535491,6.37977288058311,52.9805458925821,4.70871679193282
27159,14.8514578829788,80.4433048650716,13.0280834351239,6.5286116998046,416.873938306974,0.144218608472685,0.147430362558484,6.61752301944687,39.1848157232855,3.68808885547246
27161,34.434147492332,35.0989575986804,38.4595422926449,26.4415001086747,774.730469182052,0.305484469195547,0.305769831511915,7.27547910690716,39.3631033111538,4.76230850759126
27163,20.717228316001,56.4269277996983,30.7423938119986,12.8306783883031,356.178373664918,0.265581782459761,0.268082237462058,6.18676997354348,38.6408827628466,3.90289336187301
27165,29.5384210747253,39.6782299681388,36.1818117084537,24.1399583234075,397.818900442634,0.292632474045535,0.292914889006913,7.42741879341881,35.6076592722752,4.75533334982213
27167,26.6532182358171,34.7298205029452,36.2935663886122,28.9766131084426,263.748764651318,0.30353962358631,0.304084065204986,7.77001135416103,30.624325040981,4.74706981704192
27169,28.6718253301216,15.0544409834434,61.7539300956084,23.1916289209481,168.759302843926,0.420276780215948,0.429684175083259,6.35936438325206,61.4294609616352,4.61448842739019
27171,33.3064725588508,43.5622762897341,34.267551325031,22.170172385235,836.959956259242,0.285059955955739,0.288386579861578,7.11314610576517,36.8656544040156,4.50630480308469
27173,30.6337744523282,34.8487859672518,39.0238292686017,26.1273847641466,281.283904810251,0.318415881533409,0.318929003164945,7.6764640848073,37.4340342249255,4.88757888285905
28001,31.96825848311,17.9195806888531,57.1095173457836,24.9709019653633,86.6777281178808,0.444423876110638,0.444423876110638,6.27732999635961,45.2048606051203,4.98362521669799
28003,26.9838072250151,25.7305297937881,48.5294054592535,25.7400647469584,67.4133335329938,0.403680016673849,0.403680016673849,5.09069877793442,30.8913189693838,4.09662956796809
28005,26.3078981484038,30.5911405453275,46.8858524465046,22.523007008168,57.4744060564082,0.408591827348953,0.411019302026515,5.09468623350325,28.7542648385913,4.35976641158807
28007,26.9051146953433,29.8352003504464,48.3101695068691,21.8546301426845,61.2617418103487,0.42555554407823,0.425555861465678,5.08421284727573,28.1420461086005,4.63006398620883
28009,27.9387331452108,20.8024921431102,56.6836283435932,22.5138795132967,59.6859207093685,0.462724202530296,0.462724202530296,5.21394700234434,29.640040976579,4.62427745760225
28011,23.1545797948627,14.2705765197512,36.3354506348831,49.3939728453657,75.2175609559268,0.293602576399857,0.293602576399857,6.53546617780545,53.6055548721706,4.99673342287727
28013,30.4600529745246,17.1536813343837,57.3343163183111,25.5120023473052,67.3108589034269,0.449198279851217,0.449198279851217,5.05392070779755,32.7222098594114,4.49251863818966
28015,30.2422090286223,20.2863372711619,60.2323111165954,19.4813516122427,53.7638393353744,0.496541339613103,0.49663508356589,5.63717400801082,24.8030411086344,4.46162489821171
28017,30.2779953274924,19.5447565136188,45.2439497403492,35.211293746032,63.9121514538701,0.359065270414978,0.370664806108938,5.84205475225209,42.5124328060989,4.66497590352355
28019,26.2560377895586,34.9721325196644,42.4633780601379,22.5644894201977,59.2559533195807,0.395770166718696,0.395770166718696,5.02526794683645,27.2542959606601,4.62725116240651
28021,34.2869973130477,11.6120950488603,69.7550005882619,18.6329043628778,93.4814758806078,0.519384581586656,0.519389661714163,5.3985582121842,29.5164010208448,4.50602169162377
28023,24.0574190971321,45.0817937633283,26.4498266700118,28.4683795666599,68.0280724391191,0.279132913801368,0.281173534765412,5.333458161068,30.7333280676214,4.66694536032239
28025,28.4406055263308,22.244583235713,42.1329354559333,35.6224813083536,91.8053991693739,0.343901459758072,0.345844663320951,6.11622499679056,46.4304311970032,4.57656515700944
28027,25.0402262573616,16.4790578387555,40.0048526170125,43.516089544232,80.85992009388,0.334646426436603,0.334646426436603,6.25167656940058,47.2161874345149,4.99521291136907
28029,27.6837470357491,26.7818085191772,52.3911260426883,20.8270654381345,68.7973093341838,0.427291518616685,0.431059257185558,5.2875275454828,29.6952888008953,4.50213025382289
28031,26.4019740138963,47.1904419463251,30.1537323984124,22.6558256552624,66.551614783961,0.312670454932578,0.31283948164758,4.92579960453868,25.055035965724,4.58887981246276
28033,23.8419386004539,14.468209805292,62.4045283978378,23.1272617968702,45.2389197143714,0.511068237818332,0.511104607569766,5.70039377501016,27.3974396492101,4.50769602966843
28035,23.1291360094524,55.7342541853165,29.7461393838314,14.5196064308521,132.610851668343,0.313081906211666,0.313081906211666,4.99109156496512,24.7306202497539,4.74895592184948
28037,26.7213529826475,29.8770205269498,51.4722425183767,18.6507369546735,61.6215431173284,0.430271948555948,0.431411044689725,5.24766745235199,29.6495127055152,4.48841010919254
28039,26.8671932796789,64.0779717651361,20.5684625734851,15.3535656613788,152.64502335317,0.263569882814853,0.263569882814853,4.83760979192932,46.8463143024322,4.97503997572138
28041,29.1083096145013,54.264418582614,25.2209690842689,20.5146123331171,96.6895285992257,0.280480307364253,0.28048986999676,4.77884856869446,57.9886973875253,4.91110497687022
28043,31.2321113333567,15.7019956841331,62.5855323670203,21.7124719488467,101.287181737688,0.479480438022526,0.479572772192173,5.22970307960991,31.8416203489824,4.58696179142352
28045,27.396291414355,49.6820887090738,31.950205728911,18.3677055620152,64.7397348727251,0.347262983228576,0.347262983228576,4.77750737407253,44.420767262441,4.83626012388695
28047,29.2511872271099,52.5860666424207,29.6145042405036,17.7994291170757,102.927728176562,0.334304189372453,0.334304189372453,4.815746094124,51.3964216508579,4.87105070642426
28049,33.8925987607521,12.6453214037958,67.4703819902803,19.8842966059239,55.1018261312181,0.519018042118247,0.519018044143788,5.57023053861251,29.593314931354,4.5523364961946
28051,32.0515425215744,15.7963997036704,55.5094602552381,28.6941400410915,57.6910363057219,0.473087262368881,0.473406503302389,5.49932245704982,29.6497141102059,4.80075131337443
28053,27.8854500783548,10.5143495823729,42.1916315873658,47.2940188302612,79.0542368411029,0.34070687525969,0.340747761288522,6.05987885912931,58.5430534995693,5
28055,24.036728755712,17.7928148501152,30.6416990445395,51.5654861053454,89.9099093743863,0.239193258990264,0.239193258990264,7.020119146761,51.6726114270501,4.99606328675913
28057,27.3078641769356,43.643746649849,31.2413038058083,25.1149495443427,85.6322103696185,0.300378627113868,0.300466850696521,5.03138414458012,23.8561115660378,4.68404574177581
28059,29.8048764253326,52.8677077667358,27.3777561120198,19.7545361212443,118.242025724187,0.299517653774424,0.299517653774424,4.94508245608409,25.6063694564165,4.80012387050421
28061,25.5242819895177,46.0140362748959,27.2883535711039,26.6976101540002,71.4205685624286,0.286255095873674,0.286255095873674,5.14002137577141,28.238079462423,4.63612886686731
28063,29.929330906835,16.2885184486278,59.8562985780367,23.8551829733354,71.3878877441613,0.461976320992465,0.462021396061146,6.20525134742152,37.6652121029837,4.80696830320784
28065,27.0100626706311,50.1400823363595,27.9579201273837,21.9019975362568,60.7192286928822,0.29700685806142,0.29711575043178,5.0101719737685,21.6620111002446,4.68277016657844
28067,22.6097296523044,51.8260737249156,24.8369428882499,23.3369833868345,66.8286578996148,0.270436938887546,0.270437043978383,4.86507690360325,24.6163946274764,4.72292998954346
28069,25.352623562778,41.362689739029,29.6615660018629,28.9757442591081,72.2963134636106,0.291460834149289,0.296870377345225,5.37365039946945,31.4862191281098,4.55297180339302
28071,25.2610776409641,31.3945997344392,45.7452160183656,22.8601842471952,62.7794645310487,0.377163084138897,0.377163084138897,5.15540195902081,24.1649245725584,4.81874766394465
28073,26.3818001509779,55.4021332076358,26.3749492437241,18.22291754864,85.5668558235672,0.296416180572658,0.296416180572658,4.90616689653329,44.5483325896176,4.82060421020784
28075,24.7689084215987,50.6340219708682,27.4447320511155,21.9212459780163,62.893920840173,0.305086700935728,0.305086700935728,4.90832493253882,24.752565863999,4.65468668058018
28077,27.5867454137594,33.5496367253513,43.2609450748448,23.1894181998039,69.6162877371458,0.380042062790444,0.380652136047931,5.15784225427133,26.8317468341733,4.58908078140981
28079,28.3348890913332,42.8015117314194,34.9761602046324,22.2223280639482,91.197212056884,0.329707027311794,0.330385129280837,4.9815595723145,30.851671132305,4.64505628057721
28081,25.440529409718,32.0382375791337,37.021755876453,30.9400065444133,74.548712925174,0.335363906755085,0.336486245890016,5.83931901407123,30.7020777884917,4.48710428121507
28083,31.8456706295136,19.4952823464105,36.2492561755661,44.2554614780234,108.221592288636,0.327193274162175,0.327193274162175,5.68391119695829,43.7098198586748,4.99211078802098
28085,26.8036115566942,26.3598004431503,52.771311016484,20.8688885403657,62.7764316584913,0.43388382382242,0.440464953540744,5.21818510773629,26.233158109724,4.23383291179837
28087,26.7580070137623,22.5397088041964,38.2242913111311,39.2359998846725,110.007165700937,0.311486889689455,0.315302760161144,6.26316479168158,39.5511602912401,4.54624825562226
28089,27.909504059307,15.5304638117232,63.7676862049764,20.7018499833005,52.9028832239593,0.510413168826952,0.510413168826952,5.33844226117851,31.0281608558295,4.31289893432724
28091,24.7809974102221,53.5056487533961,26.5248582409985,19.9694930056054,76.0802094608061,0.285500116831222,0.286090150708217,5.09015251438891,26.4793241854851,4.76325744549968
28093,28.181937394103,20.1784846521424,59.230259028734,20.5912563191236,63.4985636113292,0.47425146486117,0.47425146486117,5.18768683701079,33.1045396255775,4.33190297138323
28095,29.6632166070655,31.0180152307666,32.8026415749903,36.1793431942431,89.350285355653,0.296859184190377,0.297018727993237,5.99680099352295,37.6594130384765,4.70354858428876
28097,29.2490923883438,19.8331211604939,60.8508046458902,19.3160741936159,58.9853052118551,0.509543564205045,0.509543564205045,5.1480863899543,27.679183520613,4.55132277405349
28099,24.537260805221,49.5002185812738,26.6451098885484,23.8546715301777,77.3296343268003,0.279529071393486,0.279529073569967,4.84910537298637,22.3547997323957,4.73264601359488
28101,22.4666963143833,43.447476043254,28.7577080145413,27.7948159422047,73.2612729089694,0.288593840571804,0.2886158799908,5.03116852281408,21.2125386561504,4.69028923615529
28103,25.2287749468296,14.0049916337725,39.3083924027631,46.6866159634645,83.6581030571217,0.296975550438836,0.298510883058317,6.32977851046143,46.7934802848154,4.73312330754514
28105,27.297160697942,22.1442512984936,41.6074174522196,36.2483312492868,76.8231576194633,0.343611774610693,0.343612560665952,5.92543855372254,36.4144010131318,4.6389595339626
28107,31.1610700885629,15.8731780733592,61.4992329926456,22.6275889339952,86.3410945725501,0.49132746412029,0.491397401560894,5.27070881714588,36.4725970050483,4.60602052825122
28109,26.0800631875227,49.557090835476,26.9762237977877,23.4666853667364,81.468621764368,0.29536568541592,0.29536568541592,4.88825969972835,25.4179741898399,4.98159473762435
28111,25.2385531386176,54.2690246959822,28.3932774287713,17.3376978752465,65.8124093998776,0.316211472831717,0.316211472831717,4.91101193659285,38.2809762321404,4.75882334820683
28113,24.7063263587867,43.2471931671231,36.2063362182101,20.5464706146668,66.1991181421398,0.355617623524631,0.355779768359028,4.83290339389483,22.77877604898,4.37943173899858
28115,30.5153017083716,18.5948008531993,50.8020397205196,30.6031594262811,71.0879096729856,0.394488060886315,0.394488177477237,5.33549534007925,35.0297971964636,4.74669001212632
28117,25.0626698054784,37.4265280910038,34.4914445507503,28.0820273582459,76.4853987850636,0.317096955834728,0.317096955834728,5.46921455328644,30.1528843110876,4.59295603076081
28119,25.3317385781952,10.1192096721737,40.4828243992918,49.3979659285344,78.5669637183474,0.323661037103322,0.323661037103322,6.11101270049787,50.3593058399882,4.9922998373997
28121,27.3675126754369,26.9488402039759,44.8996991738974,28.1514606221267,54.6839526062044,0.37841897531278,0.378481477095445,5.31986320563916,30.3440972340365,4.67148628478759
28123,28.159928321393,33.4760463570333,35.8375821401043,30.6863715028624,71.3121147608405,0.320175663821992,0.320298467059397,5.22884018395343,40.2543223713439,4.69246214095202
28125,26.5745258586094,12.1149954156671,36.2615746047696,51.6234299795634,101.679104451379,0.274036347301995,0.274036347301995,6.79467658784143,58.8180986414979,5
28127,24.2191832339204,47.7724543939554,31.0560823996383,21.1714632064064,63.4806197373977,0.321783334803379,0.321783334803379,4.97347696606757,22.1648904947416,4.55664364020444
28129,26.1017877676022,52.0907243196087,24.8730493055406,23.0362263748506,74.8014682268755,0.2808326220659,0.280832661921176,4.87037127211368,30.1981245250938,4.63189261286716
28131,29.056486218602,57.288919417467,25.6822787122537,17.0288018702793,65.5207305535639,0.297575310783818,0.297575310783818,4.76989645614407,54.3182744286453,4.99567900301758
28133,25.5097616688806,11.3156845873074,40.8605709890386,47.823744423654,72.6285067962315,0.333102059394055,0.333102059394055,6.12839234621627,52.7198846883015,4.9991733425418
28135,29.1596046000269,12.8849440225149,48.0895352469615,39.0255207305236,82.290601182971,0.400084781996276,0.400085455397416,5.66408624073524,34.3259134970499,4.96097404766297
28137,30.2107561743438,16.2652934684883,63.2790244076601,20.4556821238516,59.0005241218756,0.511845754923677,0.511849873213272,5.30480260333859,32.6464136094495,4.43213806036708
28139,28.8677156279909,22.2714464344839,52.3100413444964,25.4185122210197,50.9367668869002,0.431646019872457,0.431646019872457,5.07359390414667,26.8797490843021,4.46138666289161
28141,25.7304496029057,47.4741152430553,30.1721808928845,22.3537038640602,64.9956942109643,0.308847936549369,0.309781952136686,4.86176915512151,23.379368345585,4.61739271322368
28143,29.9458733309149,13.076478888603,36.4510447170235,50.4724763943735,126.519144953964,0.279738833420846,0.279739185677982,6.578854733542,42.7775732169799,4.99999706155096
28145,27.8718380762098,23.1551444871239,50.8156786446008,26.0291768682753,64.2243272299802,0.406814693803086,0.406814762604515,5.20259952611933,29.16849586697,4.74428129339219
28147,25.5807546198565,49.8644129301466,29.2604794166823,20.8751076531711,60.5235771261332,0.308361067689615,0.30929309092772,4.9151779526681,24.748897957309,4.50940826756612
28149,30.9825965528472,11.6429931493701,50.8531368015122,37.5038700491177,85.418654586359,0.398149028238611,0.398149028238611,6.62301131937684,39.4294571339355,4.9325488076425
28151,23.1526641677796,15.7785546563905,36.3698276311621,47.8516177124474,83.0830165921333,0.286640135418104,0.286640135418104,6.76803916100766,56.7366587810212,4.99232808292576
28153,28.7098614826143,54.0157789115337,23.2584458399861,22.7257752484802,78.304055651131,0.263100147559807,0.263158371298808,5.04212827670278,37.1718244839896,4.86508550504135
28155,28.5613787322382,21.6416648082978,54.9723045612312,23.3860306304709,64.1685002545213,0.455639376657454,0.455639376657454,5.14304678316217,29.7869991516394,4.70285323145975
28157,32.0286217801348,19.0391535022191,56.3259583995012,24.6348880982797,93.6335890873338,0.442694433535967,0.443106248416405,5.93426115572678,61.2760460109376,4.41837579709098
28159,27.5283509689474,46.9986296647356,28.4105603888496,24.5908099464149,74.4259563079078,0.291484425998886,0.291484436104858,4.83375526003195,23.9183747884994,4.59181421821883
28161,29.1509857583371,23.7346070254139,57.4039458127774,18.8614471618088,55.2588028985779,0.496328626492961,0.496328626492961,5.19185802318804,26.6677196846035,4.43836139414421
28163,26.5710514260987,13.0848342162766,54.9658501043118,31.9493156794116,75.8350897892568,0.440694239307585,0.440783931373334,6.0255952456155,37.7223799315715,4.74979183983073
29001,26.6955377790881,22.7291545917093,43.7005611992249,33.5702842090659,141.443143451523,0.33876859794117,0.33876859794117,6.2028557954703,43.1621253438265,4.68703901189908
29003,31.2938438111733,11.665219073677,55.631971867048,32.702809059275,212.04371700345,0.3752568250351,0.380380300469997,6.32835607593636,53.1664361655459,4.71245627898819
29005,32.6381898539431,12.1013344631342,59.639057689745,28.2596078471208,211.941644175633,0.418359675314902,0.418359675314902,6.78813182408302,44.8418561739725,4.84374631597817
29007,31.7244872130153,9.32383907151852,54.1738940593648,36.5022668691167,142.785773631181,0.381313095241366,0.381794085584371,5.53962624591911,40.9206123096764,3.83960052701388
29009,16.3469017922154,14.5467254266661,45.9130877585103,39.5401868148236,112.687329224011,0.13300257074393,0.32268658587151,5.28257336453081,51.1940432654765,3.67400491065418
29011,26.8981473626647,20.7260596781531,44.1639952214213,35.1099451004256,146.386801191582,0.31985585034853,0.326524269554337,5.91871398209624,64.3645017460904,3.19153572654933
29013,22.572325625921,9.11914949296914,49.776611937677,41.1042385693539,203.295299299752,0.315463481768913,0.327673080272225,6.59503364737519,84.6049649385905,3.54083790855997
29015,25.5654612749825,16.377068828078,44.6911047792313,38.9318263926908,132.911329215509,0.258713712971741,0.313059039862871,5.96674859508303,70.4971253002098,3.63731366330975
29017,28.6729279279922,14.5917342470122,55.2398414960945,30.1684242568933,117.665624044425,0.340567529130139,0.408787358769492,5.48550508369566,47.0220653413832,4.0936860029829
29019,28.6983816245595,12.6250766209476,53.9850952781214,33.389828100931,128.396305445229,0.392004303845026,0.395203605966758,5.78507003963481,35.6510734515653,4.40240300751353
29021,31.968505757513,10.1031319905919,61.2953723094958,28.6014956999123,214.883669842916,0.404956427543887,0.406195688616064,6.58767799237035,48.3733507545383,4.78058771169956
29023,33.4535091437174,25.630272858676,52.1412837022476,22.2284434390764,92.0691223069688,0.429636818836283,0.437802029323104,5.91212720857939,67.159723222638,4.70117923964166
29025,28.4251755617659,16.2048530910373,47.3123198897421,36.4828270192206,218.181707979448,0.327694477098048,0.327733414339163,6.10193527274157,55.422672645679,4.84122581964148
29027,29.8464874749062,14.7964386042752,50.8741932578037,34.3293681379211,132.532305597155,0.371948283567834,0.377799035241615,5.59914208536299,37.8442087234567,4.20460449941303
29029,19.0504399390872,15.1866478967842,44.649425780862,40.1639263223539,115.871018846376,0.191476721228033,0.321793368250709,5.47517702730958,36.0822134958964,3.50818883087152
29031,34.3126730686201,8.55754363616347,65.4314078750052,26.0110484888313,138.463456110547,0.456133078032614,0.463502048116989,6.21328601146454,44.9731340670456,4.84963494407413
29033,28.2478889010798,11.9144590366512,53.4825681639076,34.6029727994413,214.432249242334,0.364544147778839,0.364609539554449,6.3664820463865,49.6179464917578,4.76662878410434
29035,20.4925055220017,30.3142539027867,40.8434051788018,28.8423409184115,135.810184858726,0.182002422231357,0.304495845532479,5.34213467392792,44.5628103149818,4.08072136101362
29037,28.3084025909703,9.02072653436945,52.6067860891817,38.3724873764489,204.672681293717,0.347321360053271,0.349112487407771,6.34476534871048,68.1125265319757,4.38291014757886
29039,20.3282865089892,19.9898021378768,43.8926621807539,36.1175356813693,144.911119956109,0.234218941948718,0.319854583709093,5.62971375133276,62.0459823042023,3.60665227180624
29041,29.3003820366519,14.6459343871301,51.6108750576785,33.7431905551914,195.229012118992,0.370788708887181,0.370793198130879,6.23935069684375,42.4865134831711,4.8007572528458
29043,18.2963839698427,16.1132346153263,43.143240712874,40.7435246717998,108.167022680104,0.14763977418543,0.307608766005283,5.45834497892404,48.6598209444523,3.57753280279384
29045,26.8814728037631,19.1159816528189,48.3408829875452,32.5431353596359,152.764313166534,0.352425293784218,0.352807210133624,5.80993014149173,45.8365060909325,4.39228515975684
29047,29.8703755109244,9.87392963001097,58.4141088012686,31.7119615687205,215.207147733301,0.385465392047809,0.385483710640874,6.23196277759898,54.1954565068444,4.81333340939613
29049,28.8154662575439,10.6011388050844,53.3976749440248,36.0011862508909,197.345026177229,0.356566354075834,0.35721754496395,6.12200796604481,56.496847114278,4.66554252529169
29051,25.6581892769104,10.9618819547619,54.2477012159477,34.7904168292904,107.789399149802,0.347254166357001,0.403911539715403,5.89952559777524,29.6136342112791,4.10829553538007
29053,30.5878119037359,8.19952246569265,61.0924694393303,30.7080080949771,151.747260274515,0.3992874165971,0.435190649070708,6.04120752705791,51.2679529971498,4.31801866547554
29055,20.1990964440447,24.0068327426906,42.256731911928,33.7364353453814,110.797911167213,0.239366264467818,0.333791788334345,5.56778875273866,30.4080964794563,3.69056733860287
29057,22.2538865648962,16.4871633073063,45.694298453231,37.8185382394626,134.915041569459,0.237833968895333,0.331026454355967,5.91604791005968,59.0688598766312,3.67048945922247
29059,19.0339520816684,15.6242256522825,41.9865610903509,42.3892132573667,138.128576179003,0.176706235595281,0.292938533078675,5.80880547338166,57.497206285067,3.31886278033324
29061,26.3191780483984,12.8873438899416,48.6318591144116,38.4807969956468,225.16133779472,0.313147677323652,0.315815422968652,6.17135312450632,56.1519597122847,4.62038799994008
29063,28.1736811874085,19.5317467753466,43.6234262223429,36.8448270023105,232.648801189058,0.311257412384216,0.311335946258831,6.22240283697235,53.867656640624,4.83236369326272
29065,21.7695064309081,28.8575606942955,42.7911917996861,28.3512475060184,116.995841448573,0.227201561879921,0.348179159237058,5.16840022669626,32.4735538490294,3.61042899945131
29067,18.8722155301642,17.31120636683,41.0107099632426,41.6780836699274,112.1533470255,0.146736980035409,0.287192324843843,5.43208359115096,46.8359789873809,3.75072244874242
29069,27.6211495851603,36.8152131438582,36.4731616055936,26.7116252505482,116.497012856226,0.314613026015505,0.314613026015505,5.97190474589365,58.2389325150851,4.65867918755942
29071,26.7729695066764,17.0934624757677,53.6422904298663,29.2642470943659,121.807480987166,0.353404263036838,0.398872531839622,5.85498950859062,29.4875234264158,3.87725567137506
29073,25.138054181902,16.1506275639199,51.7023641793685,32.1470082567116,111.467324920785,0.317215223599525,0.38408635143874,5.62683776646937,30.0418998435689,3.73735650472078
29075,28.4026401672899,19.7412955921536,43.7240207204202,36.5346836874262,214.821774547195,0.314601490099596,0.314834124874606,6.25257640547992,55.8453300031002,4.92921214732766
29077,20.9136810932002,15.7615304499195,45.6678834896286,38.5705860604519,144.953508901779,0.190928198171747,0.317354760222622,5.75402343107939,56.331023239433,3.62344078702626
29079,27.9924056030323,19.7704447637093,43.6306875111076,36.5988677251831,220.49949040705,0.312908884484239,0.31312566590808,6.26085007594153,53.0518031153351,4.89694343229854
29081,29.5700009531352,20.9607765157836,44.3061114311867,34.7331120530297,235.775114178343,0.315358058050097,0.315713813726555,6.32297997966901,52.5645811716717,4.70513455068087
29083,31.5408790662585,15.0458474990902,53.7129553122458,31.241197188664,157.112397774741,0.359268981128708,0.368669828571674,6.08482212543269,79.3093596860177,3.90777350745138
29085,21.907945025779,14.5750850188976,43.1894634221852,42.2354515589172,124.156120408954,0.225147262039379,0.304352706194926,5.9458521291529,69.2038864101283,3.53437216409817
29087,31.11491657112,10.0628061574041,60.7346328100421,29.2025610325538,222.737516434565,0.411026973605886,0.411397825463513,6.8669278996166,48.5300272113444,4.75799032730821
29089,31.5791476774291,13.875469669723,57.0663829641591,29.0581473661179,144.688968532772,0.411579289377013,0.416167853592385,6.09808959964252,43.500957645456,4.51646084669926
29091,23.0128925297122,17.6335899952476,42.7910360172233,39.5753739875291,99.9616628167333,0.200653609695929,0.308800869457032,5.24439066952732,53.0241173600203,3.76525356136695
29093,22.141022936861,24.1135394398496,41.1610809583914,34.725379601759,114.191622528752,0.242357135380355,0.297675122196347,5.65538537307403,54.0052422635377,4.03554133340124
29095,31.5407728076296,8.50684217687729,59.7295642068372,31.7635936162855,218.420102414185,0.401164502805876,0.40127572177007,6.40261882697095,55.9650829345421,4.72188122745729
29097,27.194483780112,11.1775594175122,48.6248199372352,40.1976206452526,184.246273735446,0.259393810833579,0.333850174942616,6.20047879587413,56.7024949615112,3.98209250204282
29099,26.068051103042,14.8954548664243,57.338693884021,27.7658512495547,131.03169984665,0.362200522286382,0.399648820118659,6.12766686613264,29.450413931753,4.03656739747531
29101,29.5117708274954,9.41517653639994,54.367057072511,36.2177663910891,166.36305055158,0.363382382905545,0.371227532829259,6.21949504035885,68.4643049531563,4.2642443140707
29103,27.330541022668,14.3471781048717,49.5407407630896,36.1120811320387,148.035046473519,0.348851667664103,0.349423354875173,5.99197971751776,43.8007176623497,3.86952006515457
29105,18.5126496206969,17.8649218627704,41.8794057365453,40.2556724006843,138.94087628746,0.15495492047556,0.298775143085964,5.62507243864004,52.2946123462427,3.42566690347655
29107,35.485218120148,7.25086768045425,64.2278422199079,28.5212900996378,223.296496721091,0.434747293429023,0.435605854958341,6.18509792751638,56.7140907438239,4.73281511646966
29109,19.7158048910198,14.9761610499174,45.6653227423119,39.3585162077708,153.991970699126,0.184229118442592,0.318888682170045,5.66000737566911,61.289002440589,3.50797727142406
29111,27.2827283618879,15.7409834716616,50.0154935228982,34.2435230054403,129.044993026476,0.362695496175452,0.36358264516121,5.79710318257315,42.1021369140715,4.38226183581606
29113,27.812744258921,9.79938452427851,56.2149342372138,33.9856812385077,142.48359720008,0.392981774194833,0.397619836470963,5.72190143999149,34.2654802679773,4.3498529023815
29115,27.3064703370321,18.8579241601993,45.1744682177905,35.9676076220102,150.562860196875,0.340877334488784,0.340910995442918,6.28031820239469,51.316436996196,4.86774272025601
29117,29.2026068086135,10.615002149682,50.8622811618729,38.5227166884451,218.85655360913,0.334092981768199,0.336504541467633,6.24419905601444,55.4134441107413,4.65403010803329
29119,14.2057367328206,16.0040284381819,47.4880771294553,36.5078944323628,133.836228361853,0.119482974578853,0.323406939883637,5.34434657373271,54.3546193209198,4.06276291705685
29121,25.9352917598334,17.804993955831,46.4930625114022,35.7019435327667,134.932696391248,0.3447877365578,0.346684637631615,5.84367445000516,37.7337250098255,4.38442593600406
29123,26.2873492433569,23.70420810557,48.5901625915205,27.7056293029095,112.328389178946,0.302173373233921,0.351416316535008,5.45656295127524,45.7544840511478,4.0869042687957
29125,20.1395006239351,15.5837311189432,47.2046103995696,37.2116584814873,95.8941926876085,0.260943871513319,0.358661588606873,5.67536002941547,30.1889057808434,3.40059995804687
29127,31.0966272614961,11.793066142622,55.0758229375455,33.1311109198326,153.127228454777,0.389081122864806,0.394277938745175,5.78526656188544,39.1836416481101,4.32574108945491
29129,26.9237555090875,25.4531422051514,40.2771545837583,34.2697032110903,158.637551886214,0.318883295810713,0.319029602379912,6.32026749419165,44.8826297190319,4.89806273301892
29131,20.3972357493129,16.0416864790393,44.5604292127686,39.3978843081921,112.616012174223,0.233157503092775,0.335885571154424,5.89045465569311,30.1113045281414,3.76897562005335
29133,26.7940782595715,37.2980165854975,35.0829270638924,27.61905635061,136.531179908943,0.309526357944633,0.309526357944633,6.35457484703654,49.1518478845983,4.82812308166438
29135,26.2703567344613,10.8707504093312,54.2173703324797,34.9118792581891,153.249005846465,0.321286266376735,0.382411849950283,6.04995515378159,46.6179127817707,3.83275490655334
29137,29.7355076311039,12.4881814141972,50.9033226905611,36.6084958952417,146.682709975973,0.359914104880819,0.36170312865073,5.5990993146639,41.0348732613788,3.91999782277443
29139,31.1968978946083,11.8810334729206,53.4903948190908,34.6285717079886,143.514117017137,0.381672288420106,0.38434675764951,5.67530979495415,43.3266366281981,3.97207674596083
29141,23.61698106118,11.8227788079669,47.2658095678835,40.9114116241497,144.574143723288,0.253422890764714,0.335054437411574,6.27483148459353,46.3312604901829,3.58202614946135
29143,26.6159495144374,35.2671210471765,31.866637049569,32.8662419032545,132.205899764028,0.288891834309659,0.288891834309659,6.09744059547046,59.7684261203758,4.7772155925691
29145,18.3158685921118,15.6444948308674,46.5883288107322,37.7671763584003,154.097828377845,0.182690302176165,0.34583825558043,5.37803462394985,62.269838876448,3.74223665153949
29147,31.9839944201012,20.0491793875581,46.5377274477369,33.413093164705,221.356997589937,0.334611200509259,0.334679952723088,6.52236582378389,54.5031052817723,4.98207589132215
29149,20.2522851775714,18.1793282683154,42.3180679508869,39.5026037807977,104.262304845305,0.173307979923587,0.306896805217583,5.33869021286179,53.7262213886318,3.76828593833222
29151,23.4294800889257,14.4918501389592,53.0340894199645,32.4740604410763,102.641637209537,0.320303881846386,0.394222557401626,5.84171366110082,28.7408527787157,3.75391796033586
29153,16.395873304042,16.5839638510753,38.8091349402294,44.6069012086953,122.9946963915,0.143787148841611,0.28610068755934,5.87557475893133,49.2213273624728,3.27392180694344
29155,27.6794476276592,19.5101248026185,42.7776810506955,37.7121941466859,157.59718147056,0.371303555523163,0.371303555523163,6.72949114695101,116.438213007035,4.89471150042863
29157,30.9761027440426,11.4740918853062,60.3585335654332,28.1673745492606,132.445564582378,0.416938808388893,0.434497452565903,6.18494004164475,28.8224346541191,4.57146461568844
29159,31.5403862543031,8.6233045022802,55.1099129467745,36.2667825509453,146.543101089914,0.360321667239119,0.381708018563135,6.2358261232726,67.9907512927647,4.18657142424925
29161,19.7423687857494,22.4336224009243,43.3568509740992,34.2095266249765,101.792510862307,0.240621591019045,0.345586231359928,5.4162478881535,31.5422424109275,3.50989407267772
29163,30.6669424703383,11.3829460099908,55.3928618392337,33.2241921507756,136.695419006002,0.387995848531844,0.397373819786747,5.6217152275078,41.2134759047315,4.32065096565082
29165,30.5921755433685,10.6079174713408,61.9779954495452,27.4140870791141,163.941044063561,0.433008164724722,0.433013765263721,6.41711178187188,46.4180862263418,4.5955565985477
29167,21.1731776491721,13.0205685365834,46.2369028897595,40.7425285736571,137.570498109051,0.221775352423914,0.321386215865122,5.90958149459753,56.2348967415058,3.69985746692951
29169,21.3437640820883,15.1216441009622,46.7260080257041,38.1523478733337,123.365796671446,0.216935275511877,0.339759784737648,5.48506070720969,38.419000878942,3.70859439211091
29171,27.9832080075725,24.6248186329669,40.639301174594,34.7358801924392,160.043490554491,0.32454126429444,0.324602490139309,6.27349741526097,46.84406845549,4.68872876585242
29173,31.7357562896504,8.64301060808399,57.2143044398076,34.1426849521084,149.96756781995,0.394341022558476,0.403009577336207,5.56874412248629,39.1069396052211,3.950061485776
29175,27.2677851302517,14.5274377318367,49.5258271339206,35.9467351342426,156.910888225822,0.346742395167534,0.351414121237904,5.43035576368379,38.4236753295932,4.37622615193862
29177,27.8480781502608,11.9045946576147,53.293231529817,34.8021738125683,199.00550512858,0.363533722236398,0.363533722236398,6.44651084498454,50.872285603005,4.65450815404379
29179,20.9383343389387,39.3952244992145,35.9232530835465,24.681522417239,124.437850198978,0.162575326975594,0.275228980914577,5.5710736329093,43.9035027566532,4.25407142221352
29181,24.5046015234556,24.1374300414198,44.3490516634314,31.5135182951488,115.950020672627,0.29822566196073,0.344619794229093,5.3433237165497,49.1066219354662,3.98156072945734
29183,29.7764923553999,17.6415961945463,51.7588030007964,30.5996008046573,178.587413166591,0.404924475572414,0.407750141080965,6.4650452259705,29.4162494202107,4.70867166791661
29185,22.6614448524551,23.7442156198891,43.5452289339129,32.710555446198,129.758498849002,0.288021816315334,0.311224993307866,5.9360274036571,75.0554431727852,3.26860149508439
29186,26.604531037887,16.5430729542836,54.6509492173689,28.8059778283475,118.45324826125,0.369587704947603,0.395254940878434,5.76908770605702,36.072651140819,4.12922210095975
29187,27.1523454854466,15.828400529024,53.7585068210745,30.4130926499016,97.5935240860763,0.360168653684823,0.378327745214452,5.67545625218385,44.9621526608072,3.86567082015703
29189,33.0162920597442,19.0976033795504,57.8521149074659,23.0502817129837,154.27846433003,0.453175241520495,0.460716537856516,6.99366625925056,28.5889954655278,4.88652041099644
29195,33.3207305534072,6.5607476412926,64.0068927386329,29.4323596200745,178.922080445126,0.435532869779085,0.437918040182535,6.30271972759655,56.5239109685934,4.72450324352108
29197,27.0366680342859,24.471513807843,41.4120380698718,34.1164481222851,168.151605817989,0.323395109443482,0.323411639818742,6.22614032803024,61.4731777500629,4.66354961266806
29199,26.3166160599752,17.3910900044971,47.70789535556,34.9010146399429,134.286237231476,0.351301877816326,0.35161343459059,5.93316377405396,42.5407920423026,4.27812468354823
29201,26.0921812610332,43.378573885528,36.6582584067597,19.9631677077123,116.973743435219,0.283745529039533,0.283794303806126,6.13656279672741,46.3242212627689,4.84830604442861
29203,19.8478687968206,22.9118508322149,41.7373078462782,35.3508413215068,104.608745625659,0.172622515715286,0.30769473861822,5.10753603840738,49.8206604837639,3.81363878364458
29205,30.9814381542697,10.9988403466208,52.448784030537,36.5523756228423,152.056569096733,0.36682520842758,0.368063032087061,5.54968340431202,42.774769312742,3.88952068612571
29207,32.6975944577348,20.9094868749564,52.7820362155319,26.3084769095117,115.886878566094,0.406166780810596,0.406240348438364,5.72046040571181,68.0281898529055,4.55306265901435
29209,12.4103733826969,13.6404644192758,45.9448662699378,40.4146693107864,116.072489401529,0.0979524892684188,0.302990969951004,5.3975481092776,51.650705778428,4.3357287213122
29211,27.4701269006897,27.5639916466108,38.9523759417398,33.4836324116495,138.286938421762,0.323957831833487,0.325587037443896,6.42910982316048,48.2059115711644,4.82594808834844
29213,14.1315343595167,17.5713126886202,39.0067675397708,43.421919771609,115.569961319822,0.130093929821973,0.276948518401295,6.08037007929618,50.596417725777,2.91601265302208
29215,18.2113922121557,16.6106407488983,42.8822845070609,40.5070747440408,104.130715170692,0.173966479175194,0.311104513753575,5.26220475497012,49.4138681489887,3.40224025281311
29217,25.3456262948449,22.4630212333944,42.3457805842553,35.1911981823503,147.657554691,0.308638170648806,0.312757988638809,6.01720722663293,64.358060304246,3.31824442160599
29219,30.0546902177976,14.9942646378682,53.1417287032477,31.8640066588841,150.026652785415,0.390636830908022,0.39681271355831,5.93600765983141,35.3353535272159,4.41035844886434
29221,19.6463019066443,16.5447523247309,41.9092495738617,41.5459981014074,116.770092186472,0.245849795558441,0.301299712728155,5.99336668996585,28.7628155240815,3.68841689497931
29223,25.7211620057121,26.9038812482285,45.8556011356261,27.2405176161454,126.051872553557,0.256621896906467,0.333605157462082,5.57433862216792,45.2599469516432,4.37582748585031
29225,19.5950375547749,14.0797153836339,43.74313029093,42.1771543254361,125.51009407149,0.177881874914611,0.306332515607839,5.3940461186247,57.2155207965514,3.66474902366822
29227,26.3065859058612,21.699347258671,43.5989034082634,34.7017493330655,272.344275792613,0.311405691585013,0.311405691585013,6.22449525912581,53.5795448036657,4.67998971561616
29229,18.2157208352775,18.860965515242,40.2581656815925,40.8808688031654,137.054056880807,0.147798587180654,0.276076307453053,5.41495376427746,50.1548568080823,3.75240179961583
30001,17.6918086700276,58.7898672142748,25.7544341559241,15.4556986298011,308.034007653084,0.202677395821,0.240519671851399,7.81436341809565,86.3577685641057,3.81135011239789
30003,20.7284396891043,22.5664505971071,42.0904846833118,35.3430647195811,105.660350721772,0.320533097455463,0.329774732025271,8.06367374640564,71.591914049214,4.3273403010281
30005,23.4584023653491,36.3516881893761,33.9801138159086,29.6681979947153,110.961647962215,0.30982597775478,0.321650022071263,7.94559706094779,78.3906693332604,4.55348591470005
30007,22.5125184303519,41.5894125169649,40.2985495727101,18.112037910325,139.991437955421,0.312535728509296,0.353624139245572,8.01869123737271,76.0728247465898,4.21334075877696
30009,19.0697424096941,37.9177055622223,33.7693534537023,28.3129409840754,129.652690164911,0.262710511181707,0.282270009725307,7.76573153352026,78.1250498846982,4.15385582444396
30011,18.7817376800015,37.6257716961822,32.1233005805896,30.2509277232282,95.5957018132556,0.302042304339879,0.305476807161761,7.9313098708143,68.4432512320488,3.86480084192926
30013,18.2401418928686,26.7016697808689,37.279417609198,36.0189126099331,107.308115369405,0.287179344347463,0.311928396205765,7.96493827363978,76.0004106492453,3.93393415402685
30015,24.7225421436129,31.7188134130429,35.7729514939395,32.5082350930176,104.70020374483,0.321707230222148,0.322189316246431,7.93554731526386,81.9778524833385,4.84278488602361
30017,21.887182311995,32.174115953506,40.7850668807434,27.0408171657506,98.4364543964965,0.352108909090023,0.353345831419546,8.14695959676446,78.4999011560931,4.51909108116525
30019,20.4682247894728,45.8814743469529,32.8351910389423,21.2833346141048,141.966334222211,0.280270590187875,0.286943105215157,7.82923675643612,52.8100907255542,4.35255677446784
30021,21.6832678518916,29.8225418942455,46.2384734240165,23.9389846817379,94.0657811859682,0.374122296904519,0.386224073953883,8.20955020358769,65.7810857764554,4.29353370778176
30023,18.1288030327973,50.9442617289042,29.0723946465082,19.9833436245876,358.405218587977,0.190247661836729,0.254308468741631,7.68852612579562,86.5074083763084,3.97780156006043
30025,18.6417790793284,35.0029512908611,39.2695936074161,25.7274551017229,101.06501391692,0.357331780551435,0.359912472553801,7.99043080143589,55.0725885995406,3.81576541123309
30027,16.5956360671127,33.4655281590804,34.0215035694805,32.5129682714391,124.013494933749,0.235577728811129,0.289568702880399,7.94759535337955,73.8726613022889,3.43921898049939
30029,20.871131554313,49.7185857612878,33.3298931564316,16.9515210822807,413.084690517153,0.280972040346439,0.308807217527629,7.45843839717106,78.0697166840972,4.26017699082264
30031,20.8903045458204,39.0741784534118,43.2744614400337,17.6513601065546,219.527267735739,0.314382028405954,0.345493680194013,7.82029857932451,76.7208866516698,4.25818114991452
30033,20.4370940619925,20.511732716703,52.161474325381,27.326792957916,87.6349749298329,0.415606461254964,0.416543638125291,8.13631657310555,61.5388231888446,4.12016529597212
30035,20.4597580485114,35.7140739140849,33.3063441880401,30.9795818978749,117.093521610711,0.297752642021941,0.312896716953614,7.855319730779,63.1477590447609,4.27213921932754
30037,13.9787530693981,36.7883599389803,34.870102159328,28.3415379016917,85.2135128581224,0.276131595458232,0.309850538516438,8.05790313294741,60.1739278900112,3.2278066587786
30039,16.5107116690643,49.3032371327324,30.1863471053426,20.510415761925,269.047588103213,0.206283311334433,0.262001339016678,7.4871944864785,79.6071872036091,3.85605994399971
30041,25.6609632783023,35.3064910784031,33.8216571822799,30.8718517393169,108.657469483575,0.322677106760613,0.323503362523577,7.99650335042019,83.8187239134633,4.6298865629516
30043,17.8968715750596,51.0526005014066,31.7447165018361,17.2026829967573,165.336403619891,0.23816063803806,0.288117023614779,7.86214032457107,85.3063461704218,4.31221093903979
30045,16.5286568311825,41.2352359822728,28.8231806930889,29.9415833246383,136.599254065489,0.186183120148115,0.257849889496793,7.95609266552734,83.2728782415389,3.09468344890774
30047,19.6509740868368,24.4815547774306,42.3978728925983,33.1205723299711,137.384146842462,0.312042184401809,0.342889364705366,8.00612467815495,76.7255034710146,3.49161374750564
30049,17.2690324929866,45.3597314095733,35.247345497375,19.3929230930517,165.438813841993,0.253871923837309,0.29481143754077,7.86260719767769,83.8213471277333,3.61181315581667
30051,24.6798129502795,32.3008394841651,36.2092619529164,31.4898985629185,99.5479257957265,0.334040447010708,0.335421060642202,8.03527500635088,77.6223214143905,4.78293057055173
30053,16.7163529639964,51.3080846377882,35.6502485634235,13.0416667987882,397.558121329262,0.228138733638317,0.381354629062856,6.78973506641114,63.4049520092099,3.98936088165511
30055,20.1692943278657,27.9499202578115,44.5138149492461,27.5362647929425,100.103956632052,0.39012066334597,0.390640011070638,8.08627940516346,60.3862058493466,4.19768153483019
30057,16.3183805160605,53.6417327690822,31.3875288370086,14.9707383939093,112.713680849626,0.22941135697715,0.278180065459904,8.02542370426679,74.2897545072121,4.03029528219059
30059,18.8508470850153,45.6658207033983,32.5422534179438,21.7919258786579,249.699936437092,0.223463844843461,0.29246033242525,7.81556507519675,78.5650976952895,3.76775850747766
30061,19.9898425448809,42.5051577657665,39.9294750870909,17.5653671471426,269.862900029839,0.344204560335741,0.371963396197817,7.15014722220426,79.1935812013272,4.38472682716125
30063,17.1043757063577,54.9013874823927,26.6702986220231,18.4283138955842,242.028197489379,0.202368093631212,0.263651824704633,7.28548095420686,86.6753920722373,3.83562230396712
30065,15.2277906890613,35.0992761203227,35.4670914833785,29.4336323962988,95.6613658243084,0.277859375061664,0.309398952933271,8.10278086546481,63.58403413139,3.49141681721721
30067,16.6672144989195,46.8717100270337,30.4265458011182,22.7017441718481,159.218039702214,0.200165849281472,0.293501453235766,7.8011890205554,74.014002038924,3.49953311712057
30069,16.0410051683601,28.2977691839516,38.7894664375878,32.9127643784607,87.8110281626172,0.301146901683081,0.318682590262881,8.00743142866232,61.8187245597487,3.38828774060057
30071,22.6994866550049,32.6964521234459,32.9398447248048,34.3637031517493,103.905882528809,0.3069020138968,0.312629400982404,8.02903218204162,75.0374788045938,4.64549644274576
30073,24.8555702567562,29.2357361763601,36.5753161561199,34.18894766752,113.023520370884,0.310584842060026,0.318562177370035,8.0056224360638,77.6907451888743,4.74350842099773
30075,22.527877177666,32.5898745365787,39.5536776157251,27.8564478476962,107.543813274047,0.340611543150013,0.342969635721055,8.07065782860981,75.141911966612,4.61506383057176
30077,18.4438278052672,44.5103358134506,31.8700968679129,23.6195673186365,269.108843004823,0.206156427421162,0.274425450196356,7.69572846871587,79.3689478066007,4.08376437190412
30079,20.4121063816447,34.9023376910375,42.1783223623054,22.9193399466571,96.5830664748983,0.353916017018735,0.359948040097153,8.16579090139039,73.0807201656021,4.13641303763761
30081,13.8665715978295,64.1433922036847,25.0464102064667,10.8101975898486,206.249438411627,0.152284735200897,0.21215516737734,7.16631814806799,61.5665091767435,3.24686662367483
30083,23.1066590930307,30.5915307202988,41.9182175604997,27.4902517192015,126.673910838935,0.366036749308622,0.367899649047027,8.13050190841522,64.8008119301837,4.66513823763712
30085,24.0197487864101,36.4562818016529,36.0930785828747,27.4506396154724,142.715487123253,0.322487290248064,0.32502318747612,7.89298535380922,60.2479892546062,4.84374002969911
30087,20.2507615475907,27.7683314782994,44.9749924511917,27.2566760705088,85.1781562972262,0.391437246143714,0.394481307750858,8.16839785579531,68.2202418318754,4.11160629138417
30089,19.1942857183117,28.6842356403303,44.3206255701671,26.9951387895026,181.571284324013,0.359143439996207,0.384489100376962,7.85556375919455,73.1161443422116,3.57638681133217
30091,24.8240059150042,36.3041557059236,35.9405611592459,27.7552831348305,150.504516140305,0.310051183264629,0.310214011754557,7.93937631837414,67.260928298391,4.91965428434149
30093,16.4700584015371,62.5324772020973,22.620769314506,14.8467534833967,279.471042481065,0.155447298612374,0.205008821394009,7.4161051933335,127.812483359449,3.93165928890977
30095,15.5464569804246,31.6307435135028,39.029834333232,29.3394221532652,117.361951958557,0.298513087205127,0.328254054220318,7.76316434260056,49.9039422829717,3.40153116874023
30097,16.2436478246731,43.6180632442734,31.2958806079676,25.086056147759,127.718212031489,0.255056608599665,0.293463554730692,7.82835280431341,69.6718852584798,3.67051726207624
30099,21.1485037247783,32.5370622462425,35.3998396278141,32.0630981259434,115.485173293746,0.270327082568125,0.30906092331904,8.02978046360682,76.1608317098198,4.15575592093605
30101,23.3830131619255,33.697936381587,35.6575398734808,30.6445237449322,99.196397040306,0.327238023015788,0.329585799510817,8.01150810470133,77.6574885809292,4.75584372135757
30103,21.027388581775,40.9593000281517,32.6928289576258,26.3478710142225,112.400107808574,0.285687621625845,0.294233489481452,8.03202301503853,88.6732509697101,4.44274528455474
30105,22.2131733078453,39.2507348469916,30.9244327600713,29.8248323929371,114.281843819711,0.297503070311349,0.303344606303988,7.93816159322159,61.4532394711929,4.49149783794567
30107,15.8618941988727,49.1364109271162,28.8675119468964,21.9960771259875,103.661834080831,0.198848444390102,0.282848886867275,8.09234188660487,74.0915050711799,3.18185748946016
30109,19.5786341761824,27.1177227469128,47.3346234757193,25.5476537773679,128.721844610769,0.369521100500797,0.37113809306254,7.86288267482368,56.1277763650047,3.89244862632007
30111,16.7751875566251,34.9141316027383,33.6768044517626,31.4090639454991,98.7709495003214,0.285870199493478,0.303239130131887,8.00888292320379,71.2484213390342,3.69464882312753
31001,38.547070371571,13.1279416747817,62.200785141044,24.6712731841743,154.315223640049,0.454114864334223,0.454229582776955,7.31670637178944,69.4947966558343,4.81439246741455
31003,25.0030032610636,54.2989162805243,31.0156152327695,14.6854684867062,124.002982651513,0.248814279246928,0.248855871451081,6.92853028166416,62.0868873459418,4.90945217811281
31005,17.4282205324973,91.2369211837297,3.81102452480585,4.95205429146441,137.240317190851,0.0728672827168527,0.0728672827168527,6.87443257903652,52.195870979156,4.91644486646413
31007,23.0804095630149,53.5359551406052,31.8309682919488,14.633076567446,126.848156336194,0.409603333709913,0.417517321608142,7.67120023952571,71.7148418602807,4.45951107675681
31009,17.1301738481021,85.8795507425054,6.76300389795972,7.35744535953488,103.731216218527,0.128966606413031,0.129300886903138,6.7770100162929,67.0790825996533,4.98806098748484
31011,34.8985557431082,14.1382298048543,61.0965768566408,24.765193338505,174.395719214815,0.437030750477525,0.437044225498003,7.39913166746691,55.4448702673928,4.98020120014086
31013,22.9542922813167,49.7003365270314,32.4358716102067,17.8637918627619,125.861914856087,0.414327007202472,0.417114338935382,7.64805156305685,73.7692922510657,4.32395423058334
31015,24.5025675298587,32.8719855493616,40.9797502864724,26.148264164166,189.752229616638,0.311856440488155,0.312545675150705,7.29616611289422,72.5368361682807,4.78550063327635
31017,18.4157868255473,69.8798403589687,18.4191049825491,11.7010546584822,143.715023906371,0.201348731639417,0.208233001715378,6.74061926729651,72.2477620054377,4.14823099274915
31019,33.4198088986378,23.9991968697773,55.7213638093243,20.2794393208984,165.666709595127,0.427832533630338,0.428756322491454,7.57159443752525,62.6789124557901,4.66654564053779
31021,30.8552912821827,10.0000960618895,59.3583412492735,30.641562688837,247.933567150733,0.397204918610445,0.397207882521719,7.41311689555064,60.2076470015032,4.94912118386862
31023,33.1251395181001,14.370126647803,57.4816172841405,28.1482560680565,172.880380036086,0.404922044172912,0.405158834366032,7.19607545765417,68.4905092651144,4.72543094378918
31025,35.4624642152505,9.29324463833938,60.4873147857654,30.2194405758952,203.420919652782,0.421678583426387,0.422236900958909,6.83481230415594,54.1447356099189,4.98197150906705
31027,33.0685800493685,20.2640254516329,55.9794347430854,23.7565398052816,146.873258609845,0.405846351393635,0.406034045618916,7.54319116954235,55.1171453786714,4.81464677809559
31029,19.2896659538323,51.6530121788517,32.618417180782,15.7285706403663,125.903348284437,0.319459390776862,0.32215643758567,7.55068083838787,72.177738233493,4.28633680473479
31031,16.2899135176733,81.6717927654343,9.34664951141321,8.98155772315245,135.162280493567,0.163704716060236,0.168570733952057,7.05079742499528,68.0305317535194,4.54639970899054
31033,25.3775768971231,35.2975589666492,45.6804785644237,19.0219624689272,168.234428878545,0.412828899481631,0.416440528101622,7.59256936850627,75.4850343731793,4.39406788363658
31035,37.6292706182885,9.31366222227223,60.671753303693,30.0145844740347,182.423438734088,0.42728232023502,0.427291756262478,7.21508710959298,68.8293521888968,4.66499788901222
31037,34.7922692258526,15.1122479345787,59.102691184393,25.7850608810284,201.801236726139,0.407739391519756,0.408097599855169,7.47543414061006,55.8115540432366,4.87920458654384
31039,35.8270186775564,12.9758833304633,60.4403811016985,26.5837355678382,208.570772148221,0.413164563352334,0.413164563352334,7.3870923288572,54.4664499570018,4.9664046709455
31041,33.552170150674,34.5355678231821,46.6371509179021,18.8272812589158,148.385859599261,0.407258200352988,0.407258200352988,7.39100461295453,61.9422974541733,4.96720203731855
31043,32.992869703242,12.9430963722348,60.8427766364584,26.2141269913068,169.13895754979,0.428610730904828,0.428610730904828,7.75755816581274,57.9697418634407,4.91315625545944
31045,26.5531264790832,31.2304467502459,45.638529758899,23.1310234908551,137.103959728371,0.419023058230369,0.42225851292102,7.7479139082913,70.4188143097516,4.58657449505406
31047,36.5983629944486,30.0594492254674,51.4821105604,18.4584402141326,169.024577724903,0.4382462823739,0.438413801792146,7.4490370253935,66.009145058232,4.7597196622133
31049,24.4475483969086,56.6186291047513,28.2872750217317,15.094095873517,138.740086434935,0.340910596534015,0.34756885852399,7.49580514571273,75.2540390633819,4.1193610514058
31051,36.3209425278613,14.8456211564456,60.1741026775992,24.9802761659553,186.507328479113,0.422339714180259,0.422339714180259,7.55990057441217,52.2398624765838,4.95242718522739
31053,31.9094379137927,14.2590258166725,56.906850471901,28.8341237114266,235.832363238213,0.39304526644508,0.393282162809215,7.38083735226789,64.4518702415581,4.91989650395631
31055,35.0124204058737,21.203897410272,56.052017903404,22.744084686324,213.632763274799,0.38826863446963,0.388311912325875,7.09728413513609,69.744690175156,4.80197408024285
31057,23.951753692107,66.6501713070424,22.1665128196687,11.1833158732889,95.7788305567141,0.258457322721215,0.258457322721215,7.64544639739685,65.9364522965129,4.98985278901087
31059,35.1556301018617,7.33433734504931,60.9133910210198,31.7522716339309,194.316730214556,0.419943910013996,0.419943910013996,7.18955983267959,69.9546993799762,4.51894659587546
31061,37.1220041959395,17.4968079368975,61.0790614686089,21.4241305944936,144.413494011661,0.464293070722287,0.464501146007966,7.67156258121157,66.5137405808758,4.89641556733908
31063,38.8763197169465,11.820476136945,66.2799441752621,21.8995796877929,155.108966134602,0.4959774111599,0.495977438182948,7.66279137829519,71.1296510180344,4.9798794046777
31065,38.56752746054,16.7322947267935,62.190749011366,21.0769562618404,147.329039714543,0.491954871164417,0.491954929487985,7.75754294055887,73.6430172477575,4.97931500589959
31067,34.8306752310907,10.5374737756753,54.2117210709922,35.2508051533325,167.031394493383,0.379183441651776,0.379225679480017,7.01941862323662,61.739945704932,4.77385416614507
31069,24.2485332816533,54.0765609355242,31.7420468052987,14.1813922591771,138.753941513989,0.365753014347402,0.367772336398758,7.44164048478173,73.9033207868863,4.62681573106441
31071,25.6225081897928,61.0177293464203,27.1708508517118,11.8114198018678,112.953747497658,0.275542194277255,0.275542194277255,7.1561187345458,66.4655561193127,4.93257801705709
31073,37.2769256680716,12.1874329524145,65.277523935886,22.5350431116995,145.262913030136,0.48624772954424,0.486279360376839,7.68140294504162,73.7321407454238,4.95134784807558
31075,14.0248929923496,90.2655292339186,4.98101982473436,4.75345094134704,167.525878683219,0.108424105162214,0.108424105162214,6.94881528452553,65.1556925789893,4.69827516253637
31077,31.8238717388181,36.7778407515045,45.3413579660439,17.8808012824516,160.856740192676,0.368669382134307,0.368925859249324,7.41209968186868,58.6113247474742,4.95533294930764
31079,30.8469054251698,40.6508631302115,40.0469860459911,19.3021508237974,173.177129263151,0.337426132896959,0.339971412601237,7.22595748673131,73.6744091689456,4.36597103425362
31081,37.4163647400011,9.84473608512406,61.4859714147458,28.6692925001301,160.007111224411,0.432741292110268,0.432817283761274,7.26032909430182,71.4577499676864,4.79680233415849
31083,39.3595309230026,14.2646118080334,64.1521511085618,21.5832370834048,135.960609724711,0.495076780493641,0.49516489974291,7.80414365555566,56.8859503782686,4.95109723757626
31085,30.5164912703259,48.9475216041556,34.2778810148875,16.7745973809569,155.086668517887,0.45083220061885,0.450917383723946,7.51445442331352,74.1213741159738,4.98729440242751
31087,37.5460493122775,22.9841796335254,57.4087706533176,19.6070497131569,152.837541257256,0.487181465593713,0.487183628836809,7.91257474676937,77.7311973092493,4.98247434703518
31089,15.0756951580571,81.2600984037375,10.869687773685,7.87021382257748,117.088139642517,0.130547007847982,0.139424835664138,6.73343644812742,73.1314971116588,4.23165030521277
31091,16.252279295474,92.4767944096151,3.1534994949758,4.3697060954091,92.5284108103456,0.0549886913120285,0.0549886913120285,6.70853089119079,58.4786402075992,4.96925805094231
31093,30.3095526198599,34.0890131132281,47.5679060275635,18.3430808592084,131.530449869997,0.383812451777394,0.384013522474331,7.30887622875908,64.3655847815806,4.89242625228171
31095,34.5071328663546,11.6117779664486,57.8450948678831,30.5431271656683,183.171899906651,0.409112355154089,0.409820331718219,7.09936921532342,65.4872138788077,4.83949211299463
31097,31.1900363107396,12.9006133546533,52.2197995415318,34.8795871038149,223.3214351126,0.358488935491465,0.359019670009139,6.93526160943977,60.2881354245703,4.91635266709483
31099,32.3134676431857,23.2002356061335,56.5295896365197,20.2701747573468,137.726640982646,0.422804302156793,0.423629482835268,7.52625861933991,70.1987120494813,4.76618866837136
31101,25.3179730592714,44.901863510375,38.282774541833,16.815361947792,173.235225961749,0.39267927976684,0.394900268568523,7.59592706439821,73.5977754846952,4.8689479855969
31103,15.1918608491968,70.8804101583491,17.1722603910776,11.9473294505733,128.284512591548,0.19803628155807,0.204817155961777,6.93740253755111,71.8233499687261,3.82844864253866
31105,14.7274152481806,66.0602153178602,21.8257005508129,12.114084131327,97.3343614379435,0.246969767459208,0.260931923163008,7.53299420890399,70.1342851096175,3.13234398346171
31107,33.1893665991872,21.7290501987622,54.8680696983464,23.4028801028913,184.694190539,0.389095220245605,0.389269308148446,7.35645117622468,59.3592696131865,4.65684418404494
31109,33.3483346766427,10.084697714915,56.2442129316298,33.6710893534552,202.567571898284,0.382054968127427,0.382774559499756,6.81701435094489,59.6609411555665,4.95382627021869
31111,24.4610382303522,54.6615575273676,31.7356466006726,13.6027958719599,132.432214644205,0.28596326259749,0.286681498312166,7.40963569316111,60.5613980259929,4.77430771878918
31113,25.3331465254341,52.4580965111146,33.9605110993932,13.5813923894922,122.518446530059,0.311706692373279,0.311706692373279,7.17399460983354,63.7205804693625,4.93724729936426
31115,24.5412954302799,58.3105688537846,30.1783795115119,11.5110516347035,110.383444083692,0.317046449571198,0.317046449571198,7.11533444595307,67.6445576757964,4.94473507257676
31117,17.5603403633449,90.308884733091,4.59539146151314,5.09572380539584,102.994966997129,0.0860797905366278,0.0860797905366278,6.77562050962717,54.3867694001178,4.93668265063616
31119,33.471557059374,23.9342677003265,53.3696069373883,22.6961253622852,163.989534149847,0.381899999932479,0.382272720343257,7.38516523488008,56.4236067144764,4.9199708065839
31121,21.084715011995,62.6314152257003,25.2729363448831,12.0956484294166,152.353554840242,0.232197254414699,0.232717480587127,7.12841990924749,74.2378437681055,4.07871868205893
31123,21.3152132178375,63.7679685624492,25.4588728021661,10.7731586353846,109.439397393611,0.347994482804494,0.351524594222848,7.60758755049155,70.8312416408888,4.88737662826055
31125,30.1177277288408,27.2208650271757,51.6636741201208,21.1154608527035,156.951322963626,0.386458375658625,0.386557806467133,7.35374086581537,66.2719141974776,4.7564188774056
31127,31.9062191753751,11.0689586130222,57.8586608261472,31.0723805608306,183.367101472083,0.403200894535556,0.40484281899039,6.92160148026373,58.9429154607607,4.95449803036001
31129,35.8608236853671,12.8336218182653,59.3251138178339,27.8412643639008,184.397573399261,0.431027413949387,0.431035585111412,7.22204546105659,65.1088502384141,4.85230862763115
31131,33.4897926374743,11.4921841553782,54.8761133454215,33.6317024992003,215.532553290705,0.377450727801758,0.378277354990369,6.95363204312878,56.2043952104705,4.9726315066756
31133,30.7887467595533,15.0291052026864,49.819019346527,35.1518754507866,212.165216394983,0.345681193041683,0.351817111743436,6.94598404281307,59.3532576955537,4.83421773419056
31135,23.7014568919475,47.6358691205553,35.6692277681736,16.6949031112711,145.516932319514,0.362527737414419,0.362609844957703,7.52990969324968,72.8918169788376,4.52371158181388
31137,37.0787875533567,17.3432377578411,61.6543466733107,21.0024155688482,132.043890471114,0.471964590980832,0.472423262946532,7.65898161650955,65.1569527837636,4.87882503344657
31139,27.2837406847809,43.2428129963057,39.0344023548592,17.7227846488351,159.984725414718,0.288771589433547,0.288814373753098,7.06380317759652,64.8005259157217,4.83381594173832
31141,34.7569586676993,15.9488729825223,59.2050551408841,24.8460718765936,163.730876923184,0.419747573379074,0.419811656196809,7.48304166811672,56.5568972934201,4.90037165263428
31143,34.0058788349342,15.554603721046,57.910078358317,26.535317920637,166.920911883004,0.408005483083565,0.409437369126875,7.209385347802,72.7634299072791,4.71823232565689
31145,39.1534796405865,17.6133647291963,64.1951414559432,18.1914938148605,129.988926864276,0.498682082687346,0.498763608259823,7.66352538605351,75.5940943597056,4.97839671119896
31147,31.7776454159342,8.02146733094033,60.0482425893933,31.9302900796664,202.125707263639,0.391624820222701,0.398018045811642,6.89189227791565,59.2053819731985,4.88505655480664
31149,15.5801438122495,89.0123957776034,5.14589019059895,5.84171403179766,101.85609011755,0.0795185248800387,0.0818121216985337,6.68881038076645,66.5817149660321,4.95198818767358
31151,34.6038764727572,9.82654875005746,59.5012040315535,30.6722472183891,184.894790177608,0.417023841395074,0.417027556063435,7.13048038632122,66.2847910098954,4.83379173501058
31153,38.1043014097557,9.94661330806371,63.5279457267193,26.525440965217,208.937800143678,0.432722140173765,0.432749647252348,6.75670801130452,67.3510421959627,4.93652213566908
31155,36.9627526534028,12.4295978282454,58.7226100134704,28.8477921582842,173.717066246345,0.430201309260005,0.430313840358571,7.01978954904422,58.094603900851,4.82360813511243
31157,24.5789746311376,49.0221318583175,38.4110443738022,12.5668237678803,119.655290119029,0.426885006989962,0.428293329597905,7.87101942103807,74.1463143656099,4.86564464254696
31159,33.3915403509931,10.6763058618328,58.7996682323602,30.524025905807,200.401046647612,0.409746589039648,0.409870019990345,7.02615437950199,68.9432988604937,4.66622122483318
31161,21.4870786563938,59.5208481423476,25.9583372366672,14.5208146209852,137.14058311701,0.31004644137287,0.318458895889927,7.48218773057121,73.4139379753536,4.24134220314961
31163,34.5893632819466,21.4653400689603,57.5583395115269,20.9763204195128,154.886421381618,0.444009316158397,0.444009316158397,7.6433411538534,56.757979871391,4.95207721583841
31165,21.110802752255,62.2571322274201,25.2051728239255,12.5376949486544,102.953501795125,0.38544869719185,0.38663458747074,7.64758133997321,71.7952005195327,4.84210592570874
31167,34.8035126539487,20.3628410977773,56.7358194477073,22.9013394545154,156.950755852115,0.40557939079204,0.406001617897654,7.47683219203943,51.6085842890253,4.93253001451942
31169,33.9676481209777,12.413641870163,57.731865095708,29.854493034129,162.198310372622,0.40760060453959,0.408650797118307,7.09782947083081,63.2361900194792,4.72315460190207
31171,16.4432690587753,90.684667691404,4.36935059935341,4.94598170924253,85.2688250659167,0.070983994370136,0.0711027532859705,6.66221395754515,53.2266339162471,4.92492912882586
31173,36.1823449558615,10.4416673547384,64.0933038545878,25.4650287906738,198.190645001574,0.437674581248755,0.437674581248755,7.5975282273554,50.2866473534526,4.99249102874502
31175,35.4645345558518,24.7037366388056,55.0042498375945,20.2920135235999,160.757700294543,0.442652440508633,0.442652440508633,7.49292945114695,61.4018656718787,4.91058179556459
31177,34.5296579695664,8.59259090102027,63.2305597624271,28.1768493365526,190.723853407228,0.420215770101709,0.420231277916779,7.20893574387916,56.7650742196558,4.95357215595835
31179,36.541157294511,10.2035838043733,63.8795214261221,25.9168947695046,178.143953506903,0.441152709089582,0.441152709089582,7.55497855164446,51.2071348027369,4.99278319774826
31181,37.4295964893815,17.1847625292077,59.8073760764556,23.0078613943367,157.392689093911,0.454248201467381,0.45547882847951,7.56951393446604,63.8799377042052,4.69234223174868
31183,16.7069900513569,86.6283022459365,7.32555189746427,6.04614585659924,127.634257070048,0.0988021292397534,0.0988046904985788,6.74069784942164,59.7789216241876,4.62402896541712
31185,36.6730864674953,10.4838690492361,60.6531230875596,28.8630078632043,164.747982450815,0.434281388966717,0.434281388966717,7.23403011026176,71.672353459685,4.77803882288805
32001,18.6172987539194,58.2628613883199,21.5868252366284,20.1503133750517,100.343961712976,0.216434262950506,0.217261356375647,8.13592157969138,275.731053968702,4.29759599705083
32003,19.310862194108,52.3287029037008,26.5053041662186,21.1659929300806,63.0897191431791,0.286023919004882,0.295874464309112,8.38819970786641,298.267057529733,4.40640348754229
32005,21.1274558014132,53.6113273065542,26.9321062701966,19.4565664232492,157.389342955039,0.255818929563037,0.281587010349997,7.54201126817528,237.750769937945,4.47315944057689
32007,23.8471930995495,32.8418072225736,42.7145496881725,24.4436430892539,201.950591410027,0.315133175706104,0.343325200832727,7.85142263631277,239.242189172675,4.13427677619337
32009,18.7954212290314,45.0462517450008,36.7134720086418,18.2402762463575,43.3837144554484,0.351390742237598,0.362335773115616,8.94800821008064,76.9676388628855,4.51597118808339
32011,19.0827479373363,58.4129411079313,27.7820588503183,13.8050000417503,96.7608692859911,0.259539913469739,0.296398594306454,8.28421771346998,279.168216618687,4.00610682832239
32013,22.6729483454184,47.1232156095095,34.2748268420272,18.6019575484633,117.768714533096,0.331503472673276,0.34999462176258,8.48255056442608,280.44895128107,4.54179500219851
32015,25.9469338988113,29.9372760025337,50.0485883237295,20.0141356737368,66.6721269291928,0.425931311492766,0.445782138116519,8.58358422882052,280.77225215202,4.54921190575173
32017,20.2075728246502,45.6955063452328,37.075665093327,17.2288285614402,109.2958131332,0.31840812746099,0.360194667879783,8.29225915477866,290.063252779426,4.57033492226929
32019,21.3624612509882,53.6287022796077,29.1252588040894,17.246038916303,86.0822052188056,0.293649696632261,0.30458353589778,7.84099404893582,228.290577272444,4.6880599585066
32021,18.6687452264147,52.9510439208604,32.1826639459628,14.8662921331768,76.2417659529362,0.33736196407277,0.352753870619523,8.14091848422161,285.949883918058,4.63572092228669
32023,20.3212757845741,46.0108821315509,35.0826551825433,18.9064626859058,64.0434670291533,0.321001962023305,0.357142070222647,8.54915278041195,213.188300577227,4.64098802067569
32027,25.8217013314145,20.1238774599813,45.6613820985738,34.2147404414449,239.404848642668,0.357941847744609,0.364877590035157,8.52183873911457,296.056661702527,4.24348511054939
32029,14.2040176104616,77.4527708379628,15.1051213850909,7.44210777694634,74.6689660237841,0.153951049303701,0.214105893646028,8.03826956314027,246.760582089552,4.36952337189249
32031,18.3185955111659,50.339563109479,29.7612752809495,19.8991616095715,87.5967405859626,0.289543411153987,0.308449790690556,8.13535195997288,231.361673518015,4.2207993202014
32033,24.0911638067644,27.349898692668,46.5546453254769,26.0954559818551,92.2587029304746,0.358692894085382,0.387155209546021,8.72567832284923,239.335431842773,4.2987889024181
32510,18.2187940898792,58.571300971789,27.0494585979192,14.3792404302918,273.296285504875,0.256877293026129,0.267377310405594,7.57575542222438,NA,4.96972194825508
33001,16.5071904938118,71.8721235620505,23.1092201304215,5.01865630752798,715.845500633103,0.305518197275947,0.328323020906147,5.09018514826041,64.3052490847088,3.18204439160247
33003,13.918952873489,75.2371104495102,21.027020789061,3.7358687614288,310.785561446997,0.228224442314109,0.270351364362116,5.22175560316937,67.057811815918,4.00133100566231
33005,16.3265238963519,65.935671666565,28.7838974381953,5.28043089523974,262.367016583182,0.226741805999135,0.355234992110962,5.21540620442594,69.312534962382,3.65385125028644
33007,22.4374427762922,62.9320541357267,31.8518983281148,5.21604753615854,555.9325283684,0.31245935469753,0.36510144390716,5.53775531870865,65.4510616943631,3.44918372689291
33009,17.3565251948135,70.4957130089678,24.8934002108189,4.61088678021325,313.537147388462,0.286630159513054,0.320132882620718,5.2891462158543,64.5235488093406,3.69368667533266
33011,13.4417070840894,75.142450510219,20.3001690605124,4.55738042926859,253.372950229076,0.239672115303116,0.283700306438091,5.14528077150829,64.8090694132816,3.47937362244521
33013,15.9662209194559,73.8836132205708,21.438226943968,4.67815983546119,584.979490260319,0.281994135729084,0.303359685923379,5.11300230191902,64.4698475376499,3.31679438561355
33015,15.3530192641698,67.4476265701244,23.6503697095774,8.90200372029815,467.039260370749,0.235956935855569,0.293875507221503,5.35259591226871,60.0714890988197,3.41022464989212
33017,12.925099280258,57.8502409733765,29.4805350577853,12.6692239688382,192.672033795684,0.221482571943114,0.270174453190765,5.36507716462277,180.382335649193,4.31457944538044
33019,16.8032491695951,61.9575270612174,32.2826600383721,5.75981290041049,215.100887584401,0.300463403525352,0.357451370310499,5.18654182417265,68.2039420295103,3.56751031529801
34001,17.5959361471984,81.6940878782017,10.8453737248294,7.46053839696892,218.115102535975,0.10290264777915,0.111452120171478,4.83154743399863,129.953484853422,4.49980781496604
34003,14.6143279492879,67.0622060367595,23.8670732944107,9.07072066882969,584.858453558159,0.184920770278225,0.281437939328074,5.2987618782677,130.340853230962,4.02267366412893
34005,20.291345537865,70.4248289541738,16.1013664147038,13.4738046311224,150.257501816448,0.167923584055309,0.168506789942144,4.81914680328711,153.683726235731,4.25255523684155
34007,18.1776237437432,78.4588876751052,12.8061071831765,8.73500514171827,132.189888177654,0.129771333152862,0.139789579849308,4.91922398390097,125.957997205095,4.38645933494571
34009,18.8346597251324,78.7944173197596,12.6479614356245,8.55762124461591,209.629616823763,0.124080771001754,0.132662957087682,4.83826518929436,145.552536898041,4.51014496045222
34011,22.9749055932026,66.6856778901757,22.1203643875546,11.1939577222697,142.382404767547,0.194583231382771,0.202998212154532,4.88681595804995,132.085082429429,4.26008330895048
34013,20.4782360796429,66.6695147786701,25.6055842415908,7.7249009797391,421.57681764288,0.275652172036196,0.300379137823389,5.49396235682694,155.458739783812,3.7117768205957
34015,21.8998595897144,73.1038071748574,15.7530417402794,11.1431510848632,119.516878957191,0.1554190567889,0.166837501968324,5.0753472191712,124.282542698993,3.94597577353833
34017,15.6179678910368,69.9727657741854,23.5772384257692,6.44999580004534,768.749545545641,0.192756672099764,0.266058133057516,6.71599237347405,91.3596830985915,4.73581488933602
34019,17.7334385999238,36.7427370718047,43.1684380205913,20.088824907604,98.5127942553527,0.27613517622191,0.393399442585846,5.13988844376454,130.976872186924,3.07710766104749
34021,18.8949467176976,51.8483468502566,32.2642259949915,15.8874271547519,119.804155245523,0.258685448254195,0.311665929332399,5.10717494607442,127.316207093349,3.4169303417523
34023,20.5617972578026,65.7988876571794,21.3947656651003,12.8063466777204,170.60887413834,0.191566395914722,0.200349905355141,4.90414034189226,140.835629902621,4.06491342028045
34025,21.6390823174197,70.8504167035916,16.9626790233518,12.1869042730566,136.615551149555,0.163099821667086,0.165691122711117,4.93850928377846,124.150430168641,3.92631159278222
34027,23.6241689497092,54.6334091697332,28.9321010905242,16.4344897397426,164.173044674123,0.246793994834741,0.323053378379058,5.46210884039831,130.890745464364,4.24499211722502
34029,17.6750805777778,79.6676857445626,12.0173484323736,8.3149658230638,330.700754337358,0.112188735564446,0.114301868706283,4.7593705910251,130.191908920457,4.43029151534602
34031,14.5295308740567,63.7558164892757,24.2081944385595,12.0359890721648,141.548155129162,0.19803896957063,0.311316718119959,5.08838011617953,132.500062817578,3.81197960096894
34033,26.1420638914692,57.4878994973413,27.1900336194851,15.3220668831736,270.294168043761,0.235559301816795,0.240219048354309,4.92402858821687,127.767310485003,4.33188891186353
34035,16.3787382682212,37.6945033626656,40.5253385551422,21.7801580821922,100.326580756069,0.267034917068013,0.37671348106185,5.16017903633129,125.30714873782,2.96161220411443
34037,9.79553001539033,63.3087551379665,27.701790300237,8.98945456179647,342.110272700286,0.160479764524433,0.337114741156907,5.91712994571811,122.609671972119,2.28576697162275
34039,16.5324484400863,50.3137988333599,31.646871944604,18.0393292220361,399.897036161846,0.320764855631502,0.349966102598563,5.68726453579966,118.958591065292,3.82316950021101
34041,18.9460317771933,52.571299084023,30.4242591804414,17.0044417355356,335.027618474568,0.228647795680835,0.325117005980782,5.98740846142675,130.134547538471,3.34457093884125
35001,17.0192564221952,62.4356956899991,25.9824943764201,11.5818099335807,57.6930567597013,0.282810521908716,0.298378664002134,8.2345045862177,78.2102132762699,4.43282523061638
35003,24.6248642737624,31.6293116594568,28.4004660055638,39.9702223349794,100.821762271204,0.272619612368314,0.272619612368314,7.7785329063685,61,5
35005,27.8888474514042,25.9458005957033,45.8653321325281,28.1888672717685,103.668592876466,0.409432927915534,0.411370638679815,8.13196824772172,40.4111356300545,4.81094362280972
35006,23.4184095892689,36.9079518932018,29.3182324477378,33.7738156590604,36.7937662614592,0.2798229237613,0.291807149266036,8.00619284149844,49.3800374915216,4.98584114717482
35007,25.8460729522754,18.926582004838,46.8708987889239,34.2025192062381,68.5392976629889,0.352138520602809,0.357256988182243,7.66073427469921,59.3614371757629,4.86572507227365
35009,31.3260735829302,44.8436398168532,25.5331680725306,29.6231921106161,95.7742400898099,0.270295633106132,0.271013248919699,7.93503410997903,35.6548870185057,4.92763890333095
35011,22.1632680079187,56.2604899587345,19.4665552458862,24.2729547953793,99.3722668743629,0.292344021487515,0.300967825631589,7.98769298430733,57.5921873144341,4.72211739421533
35013,21.0534899016366,47.2240455798023,34.9672811259238,17.8086732942739,88.1683276164786,0.376168423713216,0.376092678776724,8.15641478221569,92.5536833846165,4.60988413283885
35015,27.7712156478276,38.2019857170765,37.2813328015511,24.5166814813724,139.371938605189,0.346471513340137,0.355893698011525,8.01951895833114,63.231121588114,4.64959467380333
35017,20.4054501974764,50.4986029074407,27.52924404529,21.9721530472692,102.719377645536,0.273523318587972,0.292334336364685,7.63844584808312,68.6500995301899,4.94171681374207
35019,20.6535598053733,53.0327468158824,26.8593575210578,20.1078956630599,101.624019481738,0.290375403035264,0.291316811243774,7.90627812564715,52.8134139565675,4.32212416444782
35021,21.9539402116796,48.0736525091162,27.407919374897,24.5184281159868,62.7111538937288,0.309879992828209,0.310926175755886,7.84072051537729,75.4096639209193,4.52394155142763
35023,22.3253039997652,38.0621163058291,33.9316266418748,28.0062570522961,63.7145014917326,0.287094405190757,0.311135528972755,8.19932057500742,65.4927990977635,4.89973908324004
35025,17.5966460849319,50.9411388641105,23.1112041162775,25.947657019612,67.1850492816388,0.266700086241602,0.283859876528793,7.83292355735981,54.2910794632228,3.30019484713771
35027,22.7481603164427,39.3371829253543,38.4575462729843,22.2052708016615,114.680120975195,0.3371173529343,0.348456899144836,7.85345535043538,58.1431224712598,4.68534810018846
35028,11.2541446909005,47.3754801590463,26.9659042151408,25.6586156258128,69.1408028758793,0.279678201049764,0.314003751402762,7.08586003738867,42.2038834951456,2.66444174757282
35029,23.6735317503338,33.1975195341978,38.9066182488677,27.8958622169345,55.8329532996415,0.318729931474601,0.327566178683623,8.12898780558305,42.8158371418051,4.51103170544684
35031,25.3374486191748,44.2925545848085,27.5508077876798,28.1566376275118,52.4745312369757,0.299832111876355,0.301055857157505,8.08848753357856,60.1230972706253,4.9332141927879
35033,25.6456421092207,37.9624356985889,31.5031727048221,30.534391596589,136.405038712109,0.273817672987572,0.289436940830592,7.57000248480042,70.8152987939067,4.8079416754758
35035,20.1395873220207,30.5749031909388,46.6829605741552,22.742136234906,100.61864933741,0.414070011409541,0.424276352793114,8.04764379643881,64.8436479152202,4.08175509844131
35037,31.8777769197785,39.4914246394615,29.6859505275921,30.8226248329463,88.4170279797702,0.298117242147166,0.298985851772958,7.94844980104919,49.2130952493945,4.90120762400635
35039,19.4814169475257,48.5785335404976,25.8921098286115,25.5293566308909,90.2601370561537,0.22876622021486,0.241835846252849,7.76478363216172,72.3083380275818,4.40561398413117
35041,23.3686403816501,61.8682780683955,15.6235308466381,22.5081910849664,80.4192054231486,0.232235829859669,0.253858338782417,7.94346781194965,54.0397871712967,4.29411185044853
35043,19.6707720699847,58.0133531669039,26.6278199951736,15.3588268379225,52.6795593042838,0.289479251611333,0.293931932057764,8.00179156751546,68.5447866697043,4.49016628413346
35045,18.6531527820462,61.3001949055722,21.3785246176405,17.3212804767874,46.1817126579582,0.253920764378828,0.261051156366494,8.1798876938518,60.9488287064769,4.84989354875884
35047,25.3962233697347,31.9464856701357,37.6955881472403,30.357926182624,99.6812078774239,0.3101963539288,0.327617659581644,7.62332991570027,64.7705734019946,4.78506667652412
35049,39.3190290661045,44.4582893441773,34.7258997645243,20.8158108912984,130.548873463957,0.358165873534687,0.361770914916527,8.22923542744543,74.6119960776234,4.71458234220435
35051,19.2326830452825,53.9120329425571,31.1851578122194,14.9028092452235,84.4851912350425,0.307032812168963,0.32627322973207,8.00864415661744,69.8169430723268,4.48869396174991
35053,15.5105763208704,48.9541462494604,30.271144380128,20.7747093704116,87.0761434202811,0.301997268661773,0.311931509677765,8.08856909583072,62.0005694709557,4.23634809680294
35055,22.4036216782178,45.5618046298778,32.3905690869873,22.0476262831349,110.097992373934,0.264252478309332,0.290644010844837,7.87096010291908,79.4156972904222,4.11494327419025
35057,26.9132075281711,36.9864180539888,38.2446309331387,24.7689510128725,58.0047096818361,0.369274576763731,0.384014416102764,8.09387207647091,38.8458684379425,4.97711183042163
35059,21.3951442920662,45.1267448083163,26.8626902077734,28.0105649839102,92.2291913026023,0.298742805823397,0.299698814350879,7.9044879472539,71.2298710617474,4.70081466310946
35061,18.5095013343248,51.2298971681376,34.2627567601909,14.5073460716714,79.6219800476765,0.330501944258652,0.348669307663698,8.38202091457708,85.5574827649127,4.73257747182795
36001,17.7071719552703,30.4935406190526,45.7050769786043,23.8013824023431,191.292220116704,0.333938969674706,0.409285100579073,6.25921863557116,60,4.15415785089643
36003,14.1780347329323,31.7210544692692,48.0556750827738,20.223270447957,229.204030424468,0.252592486665239,0.421369647887436,5.84391143009668,42.7841118293158,3.34455918241746
36005,16.9335086500435,60.3207672920719,31.2184872217169,8.46074548621117,72.5440086214533,0.27467728376842,0.324225926404302,5.72511423079647,54.0582524271845,4.93153838454609
36007,10.5969987998837,33.6176500329061,49.4899452570906,16.8924047100033,209.194690785164,0.231018060441814,0.471368213996852,5.70314672951422,33.8996543686336,3.33313960069993
36009,15.5544814757245,36.8419456339898,45.1727719395403,17.9852824264699,214.947680811777,0.265290084399077,0.412407510110783,5.85213744083253,40.7367519639922,3.87054079262948
36011,18.012133508615,38.344733236118,40.278076603917,21.377190159965,272.298169752289,0.293752360728631,0.388250343129774,7.01622959560858,60.728025529463,4.56500648283717
36013,21.0388863631053,35.8308303212073,47.5746289369562,16.5945407418365,241.770457276365,0.275157607195606,0.429022998789882,6.02880720921054,47.3927653576027,4.49031510842773
36015,11.914936783938,32.8895823328942,50.0331777657152,17.0772399013906,197.372176473134,0.24870665584396,0.461917815787771,5.8077852096326,37.085573070474,3.45258483800991
36017,11.7595289829737,36.5491361082395,48.4141026315584,15.036761260202,201.19781213814,0.245627124619219,0.450072375748732,5.62710295002822,39.7662678117428,3.4581544492697
36019,20.7466148054661,55.6771106449878,28.1181384146889,16.2047509403233,226.261389554256,0.252919949833691,0.337698739193051,6.5767841155524,38,4.35794207658181
36021,15.9699889638989,41.5899156975177,44.1603224935516,14.2497618089307,196.522349025857,0.284651482010208,0.432875362834324,5.82059123450246,17.4878008640197,3.46418901171633
36023,12.0508698103821,33.9967421615765,49.3666166218719,16.6366412165516,255.69199354885,0.212078219564795,0.440728034007799,5.88854698732111,43.2433096748374,3.18508744665629
36025,9.82274031813349,43.0345650875061,44.7787176932022,12.1867172192917,171.780807558952,0.231810222221647,0.462803244575918,5.1894940102938,30.9531438635305,3.59869660818881
36027,20.4168155512479,44.8057237179336,43.4504952114693,11.7437810705971,204.332345240542,0.319318828180336,0.432171308297167,6.00694056629824,32.3772544027159,3.68003230533713
36029,16.2564409132338,32.5714878618294,46.5669715724197,20.8615405657509,217.125247841263,0.293451656293634,0.423628885482013,6.30273480134554,48.2592884036837,4.01224543216213
36031,23.0684623957179,29.854366201544,35.2246214884633,34.9210123099926,214.820632434744,0.39235184531642,0.412586161400269,7.28562974517187,53.66305085879,4.65011782323714
36033,15.0617368442311,57.6365358929741,25.4495445160302,16.9139195909957,461.295573194262,0.265057903797848,0.344548476249613,6.32119652468539,NA,4.01962408488626
36035,20.2054145423622,47.3601469105043,37.6113616838021,15.0284914056937,232.134826923373,0.337515759835166,0.403004619668898,6.75807956177996,54.5813161152256,3.88362817452324
36037,22.2363151378639,35.7677727825987,41.3674647506795,22.8647624667218,280.308060294077,0.292852564279917,0.384298190367362,7.15099335825804,60.2059783091316,4.54420104691287
36039,15.0065230253516,36.6895162124099,41.407570196199,21.9029135913911,192.176386650654,0.289677269328699,0.427190163822008,5.87868555160412,43.607138496513,3.72056708726487
36041,15.7160174947564,79.142822309232,16.0708281058793,4.78634958488874,902.976968684852,0.183740522434443,0.248235450977334,5.29419684063168,33.8171677982541,3.45432070328101
36043,17.6469168471784,33.5212765478377,45.6656328634336,20.8130905887287,210.334516257588,0.266083315789534,0.397668301758004,6.79905547590499,60.693385223873,4.17514331088413
36045,16.8971521353304,27.8025095584864,39.243934600297,32.9535558412167,192.82345934688,0.385175960102802,0.43132595250583,6.76178738870906,55.5881315859047,3.63727075979391
36047,11.1140788729785,95.0676451209664,3.98055337850165,0.951801500531951,114.312362417369,0.0610884498961876,0.0610884498961876,5.56267514495597,65.2991452991453,4.58967381824525
36049,16.503316677663,47.2447431494549,37.2932044000937,15.4620524504514,206.576040197747,0.267780617383812,0.374555789304396,6.38689209052284,60,3.93558731131658
36051,18.0166529443019,33.1518352304456,45.7609287162491,21.0872360533053,250.499168362638,0.277775672351278,0.429020203621927,6.76266700812805,46.5274084936649,4.3628402510971
36053,16.8350760733481,35.1553456471646,46.539209630519,18.3054447223164,229.936338654661,0.258871687150815,0.418395130699457,6.65630481287665,38.9227455697559,4.07446856258414
36055,19.7146718595613,41.1853767933873,37.4845182734575,21.3301049331551,215.004011597371,0.321447729283726,0.389873436916171,6.87825899357147,60.1230585627824,4.59966512823695
36057,18.2610100520611,25.7196796026941,48.854020281376,25.4263001159299,204.622583058123,0.291788492012768,0.422873507710119,6.95026013755863,60.0550697937056,4.29514281810003
36059,14.3201994953721,74.6618825451815,19.9538803009996,5.38423715381892,182.413726286788,0.212543019061637,0.234415233207215,4.94875981855562,56.2854166666667,4.06938200782269
36061,NA,NA,NA,NA,NA,NA,NA,NA,NA,NA
36063,20.7427295191424,32.5591168946597,43.1134406765175,24.3274424288228,226.759347273638,0.39083461846809,0.415756540261762,6.95251972765057,60,4.74489421968356
36065,19.9826089050603,40.0432313019282,44.1445716826648,15.812197015407,239.412796380652,0.294878798110177,0.426134035499662,6.78920382003204,60.8496549326261,4.0382913703515
36067,18.842998001881,44.4690645216305,36.9721835468369,18.5587519315326,225.736819614206,0.267825044088972,0.369930136114962,6.92976583653208,50.8718301023394,4.36167710847352
36069,23.380825952725,38.3597040224143,39.457031778789,22.1832641987966,236.154224604804,0.311430735716487,0.40079320834038,7.36343241986278,56.2176202227745,4.57986742451633
36071,21.5337637345362,38.3141301814203,46.7902049921504,14.8956648264294,1888.36466458567,0.290991561842531,0.44336178318844,5.89119937706158,40.4828387958834,3.48390473758971
36073,20.9122153429491,38.9569045632493,39.953544931818,21.0895505049327,377.197246627791,0.338069101585696,0.386231148550899,7.00531649544582,60.3538259992092,4.57390515620311
36075,13.4704500901523,59.0043966803962,29.0050125982345,11.9905907213693,404.191863605878,0.29630777044007,0.378500559361833,6.13148975712056,60,4.11966758852612
36077,13.8095898608427,39.279915596096,45.7870276793801,14.9330567245239,203.975258584502,0.232185854388389,0.440623804524705,5.92993426513207,36.5700784342188,3.50463388722064
36079,16.3033984561035,56.0330255378551,35.0910089362665,8.87596552587844,223.46403190927,0.298360313019725,0.395296069600974,5.55167751079273,45.796520057999,3.64597268319441
36081,12.3747706583207,73.6565719482865,18.7729298175078,7.57049823420571,265.126891879817,0.223727956317846,0.22645916751167,6.50576942542727,52.3451888613179,3.07695455327072
36083,16.7593174735453,43.726548513706,42.5231451413007,13.7503063449932,195.597758802949,0.253811561103098,0.412476878437337,5.52703788437329,55.6554189573323,3.37206891522023
36085,14.0155564035272,61.6552266589837,27.4543603404239,10.8904130005924,451.438025867683,0.266965674691517,0.294028341686854,6.4176770769948,44.607250755287,3.81597869295596
36087,16.8846695329444,53.6438945141144,33.8883546161159,12.4677508697697,857.353048428673,0.215938170971209,0.348509495619207,5.58485460095936,37.007333767927,3.53464020543202
36089,21.8715951973135,40.688652653585,32.6189577540969,26.6923895923181,251.711250397939,0.351882628629662,0.389504676013071,7.04343696304964,54.4379562043796,4.29288193407918
36091,18.7328128621078,47.7943374389965,33.0646828875718,19.1409796734317,204.780950049408,0.331685663057755,0.398245255552986,6.2645702847439,57.6019606552341,4.04960513255689
36093,15.5016657739865,31.8683099655286,46.2983918462829,21.8332981881886,193.471950827249,0.250416469486838,0.416385829434904,6.29068609811873,60.1304300211725,3.80943249141767
36095,16.3984008774358,32.5935573035952,44.4308687943613,22.9755739020435,195.464965108041,0.27763801623121,0.413710873496533,6.53639548681661,38.5739790185207,4.20405035759183
36097,13.3827698275869,31.8723228622442,47.9722248089111,20.1554523288447,194.835671778104,0.249745492245315,0.43500193457547,6.04151918245239,43.1388880619644,4.08360294649187
36099,19.5139974181693,26.8738282427871,45.8581462132716,27.2680255439413,281.083507559138,0.348256104071671,0.419509952927486,7.09829694052419,60.081917141318,4.59337488158042
36101,11.7881515063783,34.4421792487024,48.3820405224193,17.1757802288783,261.552343084079,0.226634991114353,0.451108568436827,5.68900169184332,36.9997071183735,3.44362704088986
36103,14.292569169131,73.5466432913024,20.2393625700627,6.21399413863495,262.422341094828,0.179518236037568,0.205530919544325,5.1792489658413,11.9442231075697,3.97904214139249
36105,9.9357629226431,47.7696562213469,40.081184669729,12.149159108924,272.283321989913,0.248312699291859,0.4295987199628,5.12695903661152,46.9125116713352,3.44294096077444
36107,10.8367268264964,35.3440814997924,48.9772237862416,15.678694713966,201.512380090041,0.236035007277762,0.464313197697876,5.80574315974509,37.9523210401554,3.48360694493774
36109,13.9933795634229,31.7242975022698,48.7819339862959,19.4937685114343,211.44208815468,0.273757946033785,0.438651283154354,6.28518700619183,43.1145538129361,3.98691414390365
36111,14.5530883003394,43.6524353497807,39.5673025573445,16.7802620928748,208.375582725036,0.277021774941837,0.397598312091514,5.93043925143546,50.1444456387029,3.63959632012136
36113,15.6609689155589,70.6410498463584,19.4324676873618,9.92648246627981,243.595130158319,0.231576463889113,0.247918153251566,5.91242869864374,51.7567567567568,4.68124325216504
36115,14.6881140427602,35.7096564971075,36.8194985710438,27.4708449318487,200.9454236082,0.316873662690238,0.423443616024651,6.10567134065694,53.3405476444266,3.8081580987154
36117,18.0942214260509,48.1594789346969,35.4884214350162,16.352099630287,400.170970728765,0.292644937146377,0.366247648099335,6.74261277597598,60.2264427681992,4.3653275803103
36119,15.7171316636108,59.0401668742415,32.2733185998973,8.68651452586115,188.890487078944,0.283447094972094,0.383657014209305,5.4028540865138,45.9810650887574,3.46981327636569
36121,13.7731070123611,36.2986946166709,45.5223843014098,18.1789210819193,219.919823605497,0.2417213546164,0.420766859987516,6.20728633674294,50.0531703301799,3.85822649428206
36123,13.9718404757324,34.7942954851322,44.3837397297451,20.8219647851227,385.728364665456,0.277848394245222,0.401798610355782,6.54599682494426,47.9868917723194,4.26251179904219
37001,23.1965036979649,40.4153146420342,27.7697626577583,31.8149227002074,61.9082369938147,0.254447718989965,0.259446840558813,5.27457520385553,48.9950502329281,4.29802664778722
37003,23.0665326266711,41.5614288148638,29.329177311431,29.1093938737053,76.1921139688101,0.259243200778927,0.268707621837742,5.29510827915866,97.2402205981672,4.71660672541321
37005,24.3510596101142,59.3706733115231,24.515061717399,16.1142649710779,158.456282626017,0.259880647170864,0.2673290899667,5.25768587935568,200,4.76093465408158
37007,18.6823832318204,39.8301596116818,31.5154410915177,28.6543992968005,50.8281651682405,0.257901622452766,0.31276389766965,4.92214432614203,50.3922584419123,3.68712596102494
37009,26.1678748121366,58.0176934730229,23.8118525002134,18.1704540267637,221.322949506592,0.227158010475303,0.255487976690996,5.36621662721852,15,4.8226207302908
37011,20.6595666405778,57.7973723895521,25.9020946873183,16.3005329231297,255.110844711819,0.22311688733942,0.266169241779524,5.22813965544964,36.9666666666667,4.00986075058969
37013,26.4461551419467,54.1892694383376,22.7077575514951,23.1029730101673,330.770886038452,0.236810442187083,0.236810442187083,4.93096748275055,NA,4.18788563706433
37015,29.952223099314,52.3944049355856,22.4645581288186,25.1410369355958,97.7264082791448,0.243978061878767,0.243978061878767,4.73823273956882,NA,4.99349352863705
37017,28.2905472106373,63.561779132947,17.2210023740147,19.2172184930383,361.62391437103,0.203686230069685,0.204149790879505,4.81354838232629,NA,4.6261809255372
37019,23.7688576954842,68.3065973832064,14.912604541967,16.7807980748267,161.47356809088,0.211634795659469,0.211634795659469,4.92234018074736,NA,4.92118895530455
37021,26.5135085534308,47.2026667852169,28.3025511408335,24.4947820739497,133.665915883457,0.23524715454465,0.259270051055137,5.40196137255717,30.1332603938731,4.49796087784986
37023,22.2894281362867,47.3738438478096,28.507137575234,24.1190185769564,106.977906053548,0.258692407665085,0.275110751360969,5.40922352405004,93.1689347239804,4.65819396719818
37025,23.5549192899728,34.0059569488357,33.384426035831,32.6096170153334,71.3206795716733,0.277243093503389,0.307085040430891,5.64253966944775,40.8016171950238,3.87063189527588
37027,23.6289437261647,45.0339854857907,30.3021462332582,24.6638682809511,106.119796152689,0.26672858344006,0.279634103814758,5.31011363697326,101.868412028561,4.58863926358878
37029,29.0575933488787,45.35388537753,34.5866387677286,20.0594758547414,400.444338826396,0.323480088259015,0.323480088259015,5.02109283242659,NA,4.06551600260761
37031,31.8109632687874,59.1596118181206,23.6294864776647,17.2109017042147,2150.4306784731,0.231755496834017,0.231755496834017,4.77349069311925,NA,2.91490500492052
37033,21.2849021513124,42.2977421486265,28.0463397244586,29.6559181269149,57.9443426941929,0.27106184559305,0.27240843441889,6.09429389604216,49.8131311482545,3.60843350059398
37035,26.784437972946,39.9883466937146,26.7150263506474,33.296626955638,73.0820844885719,0.251827334320472,0.253504342296129,5.15723500000772,82.3213138171983,4.88871216718678
37037,19.902179744002,24.1010894074297,42.0869353727965,33.8119752197739,49.2360531226751,0.338045861562265,0.346382510963972,4.93053668283969,61.0098115448145,3.71128572566711
37039,21.2327060858522,56.2818400194839,24.9986869705641,18.7194730099521,226.60740633297,0.230800067074439,0.252017118692465,5.14790323261395,29.0837848520536,4.14932890718155
37041,22.6185382573,66.9134351413447,16.282455035149,16.8041098235063,197.623701319698,0.191092656392526,0.191092656392526,4.94163384156221,NA,4.58260863718442
37043,24.2068302182496,53.3178816789116,26.2379794395173,20.4441388815711,191.776939921044,0.226265620770751,0.254101503807153,5.21558256099409,30,4.39230360398806
37045,23.8305033380873,47.3191576035694,22.7558034992602,29.9250388971704,59.0261230524583,0.230813353158697,0.236343083191493,5.31325066123686,41.020268684072,4.59746399964802
37047,27.5198550421634,61.297101774756,17.7281144905597,20.9747837346843,134.943758924989,0.21790548151338,0.21790548151338,4.95147705043349,NA,4.86700383169967
37049,27.0135515314325,58.8235378793486,18.2480039242418,22.9284581964096,205.780614503498,0.209004565634222,0.209006055306461,4.80416139713557,NA,4.77788374067462
37051,26.3931974408552,64.2940788641385,16.8698921757578,18.8360289601037,182.691261611985,0.197111544830062,0.198795469215034,4.89591685094771,NA,4.85631556810346
37053,25.4401406337214,60.029275641088,19.9260001694972,20.0447241894147,516.316002646585,0.210855091204458,0.210855091204458,4.80563508986994,NA,3.81628419932914
37055,35.5635964513838,34.3739234566029,44.2755783403868,21.3504982030103,944.675052783434,0.4237740088978,0.4237740088978,4.58190760357469,NA,3.9906135650039
37057,24.4359038890214,40.6781929035915,27.8464411636848,31.4753659327238,72.3920031931547,0.247917479501904,0.258791400662106,5.43333496601532,41.3875477596765,4.1760872958141
37059,27.6719594941862,40.446961081679,29.5211246567606,30.0319142615604,79.9224453093645,0.265684746282594,0.266548475881305,5.78699984450552,73.0391946417079,4.92004722917686
37061,24.6162864020233,67.145540925947,15.3957255407305,17.4587335333225,111.567243923491,0.207142573116769,0.207266491444198,4.9459921349646,NA,4.93775119666694
37063,24.8749703833859,33.6046211811419,32.7341254656036,33.6612533532545,69.0504111953933,0.283657936923849,0.285373709301459,5.10204434575032,55.953142433831,4.54156518948695
37065,30.2001211327415,57.8186219098822,19.6358796475863,22.5454984425315,124.273508892471,0.22121981716985,0.2237425379604,4.82958900351351,NA,4.88855639404804
37067,25.9553153278146,47.4217384826717,24.5883552637529,27.9899062535753,86.7142288496009,0.245352860262058,0.247425579333361,5.2305651617762,139.237881265034,4.8336417375774
37069,24.7972568074016,50.5463236383597,18.6684257269942,30.7852506346461,60.7643467974634,0.209691028789594,0.213156768284329,5.14350433868954,52.8150832115884,4.36990769810005
37071,25.1896176646079,40.247489685657,26.3406743032912,33.4118360110518,64.9690890347338,0.248782363714502,0.252896318745992,5.31645713006806,43.1818285140012,4.74663343006395
37073,27.0220049128112,52.2100724887569,21.1667064570493,26.6232210541937,136.165270553725,0.227184725777047,0.227184725777047,4.67222562430622,NA,4.61797496667851
37075,20.3010093286585,55.3904847341555,27.4192432940515,17.190271971793,296.105292836856,0.192761077009677,0.258243850484158,5.11389001967688,40.1617211510354,4.07094405187622
37077,25.8253993420436,36.5390897767773,30.5384725717147,32.922437651508,65.0723998151604,0.278632590099661,0.280990674490339,5.15859403814908,56.7680904884102,4.4995656858174
37079,29.0505811285721,59.7224751165235,19.485434301147,20.7920905823295,111.507768253118,0.229179350790588,0.229184452155148,4.78725127713952,NA,4.83065245576193
37081,27.3918360285375,42.1999936198248,26.2074498661109,31.5925565140643,66.2203905704357,0.261206903922866,0.26206498029968,5.86959482129206,88.1492517435643,4.42131751773651
37083,28.0140273008697,50.408978862687,23.7212789045844,25.8697422327286,82.35261735807,0.252989703660752,0.253434573853251,5.00438351957618,53.8016163686813,4.86713369343162
37085,27.3954277802051,60.438324597376,16.778964306401,22.782711096223,88.1490672698558,0.200610908484644,0.203593040868998,4.94603482220742,62.0191703416003,4.49471375136291
37087,24.0405154783595,56.3481634278449,23.7357107315164,19.9161258406387,194.885491204119,0.205500403542097,0.244854179216331,5.20251618969987,15,4.52922404486818
37089,27.429081907877,48.7741155736906,28.5004203915182,22.7254640347912,211.259995561183,0.267576815071025,0.278107467825341,5.25533307302699,29.3999003156671,4.75325497254903
37091,27.8191806467604,49.2276731417102,22.1541154119447,28.6182114463452,101.200553547834,0.229070968055401,0.229071031834432,4.6769840832776,NA,4.98037183193379
37093,26.8742976964219,63.2296778913585,15.0183310686873,21.7519910399542,106.434727833747,0.186452293621457,0.186452293621457,4.81957006148965,NA,4.8725854256192
37095,37.5034145098566,44.6550943977031,37.558605653658,17.7862999486389,2862.05415849332,0.297382553555106,0.297382553555106,4.85453689975222,NA,2.29080704153749
37097,25.4598092247491,39.8973344881961,27.9762655592439,32.12639995256,76.1020245633679,0.251905509925828,0.255991825504067,5.3449588731559,105.688502522852,4.85450678121283
37099,22.3945427204171,59.5953028319703,22.7693569070105,17.6353402610191,232.357281078362,0.193329472827177,0.242339307008038,5.2229253561126,15,4.55184317506614
37101,28.9079903836437,56.248795824544,17.5325591890633,26.2186449863927,96.8026995706113,0.204704962151715,0.205243534765508,4.87889454393805,44.9117851495792,4.87439333940097
37103,26.6167616164631,59.6460293275923,19.2539548442264,21.1000158281813,168.250288865476,0.227596601379791,0.227596601379791,4.84659076173264,NA,4.79190641708028
37105,25.7325974312395,53.9419275344763,21.7883304255581,24.2697420399656,66.7651236369399,0.247557723733395,0.248449756880211,5.15104300450864,53.7632225605048,4.14147294186404
37107,26.1721929633574,65.1185819618399,15.7870254095249,19.0943926286352,158.145225721321,0.192011646796892,0.192032658542008,4.7988861702179,NA,4.47732279878245
37109,26.9977824688036,42.2066756453447,25.1475057296487,32.6458186250066,64.7013008289317,0.253074984774568,0.253160356818483,5.36176555300653,41.2411604035234,4.93787585283446
37111,25.9939043163053,51.9498253674477,27.0701930584271,20.9799815741251,154.922443772768,0.259181893061159,0.272510359522368,5.26139687066994,37.7685950413223,4.87719984909034
37113,24.2001813312908,56.3785697666132,24.3543120292937,19.2671182040931,231.182252732875,0.216929220682818,0.246574286498816,5.26971623241262,20.7677419354839,4.53570957580234
37115,22.2096225081766,52.4494890502819,26.9194297321351,20.631081217583,130.498523979964,0.235346001177217,0.267297262947845,5.44367897036409,43.9394925909295,4.11012002544275
37117,27.6555259649702,55.9064061670717,19.3280342816438,24.7655595512845,114.339790658271,0.22245797261096,0.222458306774764,4.71954188195056,NA,4.99885786395018
37119,28.0745482531765,42.838838481307,24.8287569986417,32.3324045200512,68.0826951828021,0.258740616667618,0.258996996122331,5.76593925295102,41.0928755644215,4.54376065162087
37121,26.7951535332854,51.9249173228141,25.9498819709748,22.1252007062111,186.286076467677,0.220019096377357,0.261049126005031,5.42303140645794,15,4.71390731041309
37123,22.7088068289537,29.5193930211732,38.0155137908156,32.4650931880112,63.6465385758798,0.270574187884238,0.279076040466445,4.88544927885648,67.8412905717867,4.39348430333553
37125,20.1845457878729,55.506772297807,23.9812396135102,20.5119880886827,64.936870026361,0.245665485942065,0.261877285373495,4.97517941464568,65.1210859694919,4.23292528691126
37127,29.7861196840814,53.6630205291108,19.6137441666887,26.7232353042005,98.7545431615459,0.211726749900267,0.212454645902739,4.80300988104567,53.9176102853294,4.89545089374642
37129,21.0346759598252,75.5840788896985,11.4069500756288,13.0089710346726,315.404625972816,0.155642949735385,0.155642949735385,4.94331231926433,NA,4.65861742349861
37131,28.2722865423071,50.3321821398002,20.9453179433268,28.7224999168731,89.6861074894098,0.218541629193125,0.219031052947853,4.74204606178701,40.7417970667649,4.98399915895798
37133,24.8826537366811,66.2739151837652,15.8068877075391,17.9191971086956,156.644066468144,0.216316867287624,0.216316867287624,4.8887845362643,NA,4.94414476389669
37135,25.7965389716931,34.1497167925306,34.0412534367264,31.8090297707431,67.7689309614643,0.289853592433225,0.29089450865624,5.2166617125565,50.3562473995154,4.47539594702767
37137,28.6669646484337,57.2593747050341,22.1196511284946,20.6209741664713,501.867789193139,0.24788229600275,0.24788229600275,5.81328932992493,NA,4.15809440758637
37139,29.1259913827592,45.4076352806013,33.7981926152138,20.794172104185,479.604341558674,0.30659181383752,0.30659181383752,4.98894886523765,NA,3.90081448373043
37141,28.590753976625,55.2462518299991,26.3531603802473,18.4005877897536,149.067475411162,0.285688508872789,0.285691780388012,4.86313483141807,NA,4.87882943459815
37143,26.4744348303241,54.4372434547649,24.8926293696727,20.6701271755624,399.566152121774,0.243401813765477,0.243401813765477,5.01995467267369,NA,4.19758815303681
37145,24.8103403916111,39.4144164897865,29.9368410731229,30.6487424370906,64.1164367380414,0.277270741211816,0.280749940427608,5.27981107919756,56.1899315736601,4.39836268341487
37147,29.8656590865359,51.9573827180243,23.1037764530915,24.9388408288842,117.547093700257,0.247008889190544,0.247019641305972,4.80914025457414,NA,4.85402105974143
37149,25.5809158505856,46.8553350567632,24.7987056512182,28.3459592920186,73.9175250605903,0.247228340309667,0.251718397831566,5.36208952876596,41.3297780855797,4.83045397416054
37151,22.746310261017,29.0736878031504,35.3040960404867,35.6222161563629,55.0491971260214,0.279121763072981,0.289224945308288,5.2397778941272,42.3059132720412,4.01012132427558
37153,17.819681901551,67.8712810473518,14.6567223844807,17.4719965681675,84.4024249765567,0.166402634045665,0.167696849170614,5.0191841201564,69.1380287659061,4.57158151611869
37155,29.9507257215032,57.7222370594612,18.5335055360826,23.7442574044562,123.512296979587,0.217344766015933,0.217344766015933,4.79800809664225,18,4.82074226999281
37157,25.9218065095684,40.7165434643976,26.1024193544364,33.1810371811659,65.671225089566,0.237556811972819,0.241084098403788,5.25717528105518,166.147625603273,4.74181537256934
37159,26.6044553679841,40.6611268829329,27.1923350449677,32.1465380720994,68.4007329767108,0.26945909832627,0.272461479532486,5.6363995396502,40.3213625676545,4.46280133266399
37161,24.211540606404,47.8947979471904,24.0092605177375,28.0959415350721,67.7323459949217,0.237444793043904,0.242349925290828,5.38269661666081,43.1326978404437,4.6531278044185
37163,28.7300735945723,61.630746963644,17.4691903403798,20.9000626959763,121.559130368422,0.209902262296914,0.209921396702735,4.84982418573751,NA,4.95708615987528
37165,25.114328117081,63.4445173489993,14.7391134152393,21.8163692357614,106.732078778223,0.186199491889825,0.186199491889825,4.90823340445437,61.4772983729369,4.83821069464862
37167,14.1757067613395,18.252035191079,48.6361480554412,33.1118167534798,40.623105703321,0.270584487034918,0.373187011279416,4.76837657679745,39.6601867711319,3.04393979953395
37169,26.5735962770512,45.151803235845,29.4025787487124,25.4456180154426,73.5247182882412,0.281351144508316,0.285878900774769,5.3773432101262,176.576603446856,4.78993668164461
37171,22.5006062549881,42.472508533808,30.1787893097985,27.3487021563936,73.590137599616,0.258434411265731,0.276980280953543,5.36136204286156,150.654698294735,4.49925635053407
37173,22.0736752062929,57.5870154057806,24.0624976599822,18.3504869342373,212.437478566695,0.192865844422451,0.243099774739825,5.17179819093404,29.886,4.35783546272959
37175,26.1358840974003,52.2753951940226,29.356628680267,18.3679761257104,418.999943518394,0.251842394685064,0.265334888685292,5.4547504798854,15,4.74365687582587
37177,33.9485840167777,45.6168175276513,34.9613736294431,19.4218088429055,1496.48613816163,0.325790705581941,0.325790705581941,4.8490216105052,NA,3.04234739003297
37179,12.9333405954776,18.4121319634832,45.5617408327842,36.0261272037326,44.7717527146935,0.260866292382498,0.346753128732174,4.7330807315587,40.3430385732313,3.00236019929705
37181,26.2069405086279,47.9002992947687,19.9456592042828,32.1540415009486,64.5280685502725,0.215955103646526,0.217553207486339,5.15365664513915,42.2330495427805,4.5400690718761
37183,25.3886091489073,52.3655834738537,20.7456091243875,26.8888074017587,77.7472959942851,0.224975292346053,0.225833922287633,5.00888138647651,48.6406615110999,4.83830809904241
37185,25.8003709917619,50.0229087615311,19.7761866826031,30.2009045558658,64.1770366137573,0.217023965743172,0.218412194349786,5.1756157739526,46.0752221393691,4.79349329002847
37187,29.3070985535581,55.0863459775737,24.8177535358869,20.0959004865394,1186.35557695638,0.236700297612596,0.236700297612596,4.93109661976325,NA,2.91868721281091
37189,20.6757355615831,59.4067593161652,25.1010990038788,15.492141679956,257.126690815965,0.218538255429848,0.260209076802438,5.29614216849726,15.0343039920884,4.20968436661921
37191,27.4287240350085,61.741637135111,18.1620551905987,20.0963076742903,128.145928753774,0.210872086230564,0.210906629422183,4.86174467621545,NA,4.92557710912365
37193,23.8290736435662,46.6717641132472,28.9237417157255,24.4044941710272,99.1469135126394,0.268947393103327,0.2765870321799,5.35255454244791,82.171001508355,4.77354803667526
37195,31.9579428382858,55.3494966121462,19.375236912063,25.2752664757908,112.485495966459,0.225732577798204,0.225823055716294,4.74484708805209,53.344830273442,4.89614279666628
37197,25.1632335755851,38.9920211094239,26.2881491912945,34.7198296992816,67.363128710402,0.229932148419444,0.232920904799132,5.23517371438382,143.328402232977,4.78211702027621
37199,24.9906494413644,52.028988958174,24.8801644983726,23.0908465434535,168.185237764412,0.214870355530476,0.242938311583439,5.40546933943041,NA,4.56612215425799
38001,21.9914351844471,40.3551467221934,33.959281962909,25.6855713148976,166.647596423061,0.319269999265848,0.322409032255382,7.72521213502232,51.9967412477716,3.5596711823652
38003,27.9883156707874,38.7325442717421,36.0929828749622,25.1744728532957,257.824560289098,0.290308860713043,0.293261637685614,7.68583123895808,123.627505857692,4.71595863453112
38005,25.7013146080492,44.5464770334392,35.0137603457939,20.4397626207669,230.988174547421,0.302630891527801,0.307346207324175,7.67990237315551,111.831342330642,4.57754099863374
38007,19.751161972326,28.3709943323207,40.8343588930999,30.7946467745794,140.595935537217,0.32561801322803,0.329549857075762,7.79533403816412,51.0817012612298,2.91743769625026
38009,29.0382342006486,35.5494159861519,39.4696624567822,24.9809215570659,289.971443307076,0.310514180481706,0.311119147265472,7.64012510680039,141.388730267351,4.78596032674282
38011,21.4668581925643,38.0503102294179,35.8216022013273,26.1280875692548,154.48707617001,0.325098480161001,0.328697386786735,7.75012032014596,52.8947571821196,3.36655381416218
38013,25.1055310034436,35.5265087958967,35.5066657281128,28.9668254759905,230.125965576547,0.32915109755757,0.329724475503468,7.75638310974478,79.0300704617512,4.42730057516161
38015,28.7726833901385,40.2903920540291,35.7386059542571,23.9710019917138,229.136684229595,0.299369591203965,0.300067698501041,7.68434581067443,81.6849779250619,4.52051223394828
38017,28.4690309321241,24.8396044112373,41.3640523564839,33.7963432322789,283.766836034134,0.30426351935335,0.304976856384168,7.75403220382451,55.0533751114362,4.82303041744623
38019,27.1716138452058,35.9320174642692,36.6546740442171,27.4133084915137,265.812799838211,0.29406531271162,0.295919212832493,7.6641802540656,119.339997815235,4.77466780118117
38021,26.8000007323784,41.7226518024678,33.7136759197199,24.5636722778123,252.180284139954,0.282208635637571,0.285094304821277,7.6746378863721,125.510242450109,4.49462765809024
38023,27.1214044139269,36.261139056744,35.6864108512937,28.0524500919623,215.351149140166,0.324739281456496,0.325973041869602,7.77069150338575,69.569108550702,4.56820675505106
38025,23.0944314069118,31.532408700506,40.4213586369872,28.0462326625068,172.141130876292,0.331569295271169,0.335789442205014,7.72827053414831,51.1467634228862,3.69800984085323
38027,21.1249573587107,58.6885532017604,27.662805561903,13.6486412363365,202.33225336011,0.262171603631212,0.268273460462308,7.68300199965603,100.96826054227,4.13723548219996
38029,25.6569426521185,37.183288851992,39.4593231217281,23.3573880262799,209.391954643581,0.326001884439706,0.327499798258606,7.63312026126215,72.2736279149997,4.26486235465014
38031,26.1917193554375,44.4156559800068,35.8963306913859,19.6880133286073,241.211675657003,0.323032602568676,0.324374377213445,7.68740823404274,111.134866846909,4.76429959818752
38033,24.3694339423498,21.4751406514011,55.5178478354624,23.0070115131366,159.773035503216,0.378449579552655,0.381425889744891,7.84171961121314,51.9939796356337,3.72763310922299
38035,24.5224922555034,34.7945883654959,42.2467248088544,22.9586868256497,249.409869474385,0.340315176754691,0.341719749126117,7.7659691158132,32.813222879593,4.59288501307544
38037,21.5777921393723,40.6134682750375,34.3605456765696,25.025986048393,168.593257189649,0.320807654786288,0.323123372385651,7.65479347131002,50.4587028564661,3.56836867848295
38039,24.7712467184992,47.1350658773947,32.7521740613105,20.1127600612948,227.59843465748,0.279785136648468,0.286890251070552,7.69095764416524,129.019514482313,4.34114691748421
38041,22.5676202883489,31.6666692796568,39.4836200628572,28.8497106574859,162.727316677947,0.331714877215939,0.334400145048168,7.73422087516992,48.2608034857672,3.61648333507282
38043,21.6192501009012,60.6856676915579,22.2980810022389,17.0162513062033,194.019541426893,0.197959027901996,0.199489494741374,7.63570328651217,71.7076789609933,3.87416244926063
38045,29.7679566375156,38.3291480995838,36.0077908463219,25.6630610540942,267.249578272558,0.296101508584652,0.298461481858709,7.65930390709663,126.190250896196,4.77344163547117
38047,26.327913182211,46.5308994334404,31.0265985003765,22.4425020661831,195.086079207669,0.273556945595223,0.275577057567029,7.72350112164975,72.292302941256,4.1656155591576
38049,21.691261581879,58.1744026927322,24.5864442584921,17.2391530487757,214.182787667184,0.234316776227005,0.235356394063285,7.6170766957984,119.326564064475,4.68776186764274
38051,24.5146477916179,46.3478430934021,30.8155278272461,22.8366290793519,190.032455027041,0.258048177489957,0.260088094444237,7.70742865398401,72.9999931271609,4.11301386759561
38053,24.51720831337,34.4008956198924,38.0393976806083,27.5597066994993,160.333452958689,0.333520237492345,0.335419686715474,7.7593056511506,50.3245299751276,4.18949617606551
38055,30.4657926624721,37.6330643413289,36.2112404808011,26.15569517787,241.608521485007,0.314180087359554,0.31534529975007,7.69170044009158,82.1968795513561,4.76733581757512
38057,24.2560682105054,36.6830247210265,37.0859459794647,26.2310292995088,200.606710561398,0.333047301815025,0.334320591596389,7.69249238376382,55.1415440762734,4.18318111063427
38059,22.5950542998954,30.7112947312784,41.356924966609,27.9317803021126,161.65712911829,0.341705168404239,0.343837042196344,7.73833333124417,45.8239034580081,3.57460310257516
38061,30.7474819794354,36.8694192024634,36.2654907925539,26.8650900049827,222.464130841745,0.317735731451009,0.318381655161544,7.75234854600187,75.1274410381668,4.73590494380674
38063,27.0278846022241,40.2203993399468,34.7985040874147,24.9810965726384,250.701797760648,0.284623135009999,0.287790635112378,7.67511847964828,114.732379134383,4.71778374429465
38065,25.0915056207502,34.7599765778635,39.1923827781867,26.0476406439497,200.115977907764,0.331151951760798,0.331906152784562,7.66029307761919,53.5405578691337,4.24514002337445
38067,27.3426858188188,32.3401225358074,39.8249523294379,27.8349251347547,272.040658121167,0.340834670052211,0.342006461630486,7.79960715259627,20.7486081683657,4.71329959333073
38069,25.7894958800804,46.3157394857638,37.8309117488597,15.8533487653765,238.394172546193,0.339711476009006,0.340850276436503,7.62492753219279,138.440414346595,4.76946361555111
38071,27.2063499432519,35.1211208560147,37.2997074183312,27.579171725654,254.902122770252,0.295139259927883,0.296461028498704,7.71545201196583,119.245603719223,4.86504920362471
38073,25.4392509299439,49.7709190540315,29.4716541327398,20.7574268132287,239.624122245721,0.256559254013521,0.261575477874745,7.64677872989992,118.878660744969,4.46097214422751
38075,31.3109313250504,37.5380366292119,36.2908067367863,26.1711566340018,281.615602987563,0.29682430553458,0.297601384075854,7.65287485195832,127.941137264921,4.90192506558837
38077,26.0327094804292,39.1998356921782,34.7943553368605,26.0058089709612,253.656961900808,0.301566095639931,0.301834091642437,7.7008121745581,29.8486824423007,4.49402005636614
38079,25.7499142916117,41.7596767903554,34.048143091226,24.1921801184186,274.305852613634,0.279586716540321,0.281198477284687,7.62025390790287,126.234053712938,4.59858993179368
38081,26.0195613538019,38.5383239638107,36.9744167969104,24.487259239279,259.844432550069,0.309834045390615,0.310219003248813,7.6314454222281,102.420324020553,4.86091893022418
38083,26.7637154116236,42.29459822846,35.467738880798,22.237662890742,222.812652944466,0.32095536736454,0.322516645044556,7.69100658416686,82.5168937827723,4.62334345598787
38085,22.5297131445906,34.8548317573824,37.1918497718867,27.9533184707309,171.937795013446,0.322154503515885,0.324042560518275,7.7043783986829,45.3654540938027,3.66922993283434
38087,22.5540526119573,30.6933766827633,42.8722966900717,26.4343266271651,156.938551869856,0.330569048861566,0.335128023773059,7.77731057416565,53.2352682932023,3.48318057331029
38089,20.6813896238374,30.9612650060951,39.2978733739521,29.7408616199528,153.314276147649,0.33803684661386,0.339715137285626,7.73208775482927,48.338586462409,3.28166545284848
38091,27.5415253348346,41.4158334625204,35.6301694795029,22.9539970579766,250.131933596026,0.304241486876593,0.306930226923749,7.68634161168308,108.633160698533,4.72803787846168
38093,28.0231734804704,40.6547805547502,34.075023238134,25.2701962071159,238.770918887531,0.287723576460995,0.290396675683121,7.69562703992172,108.264047404787,4.69158881737281
38095,29.0568588266881,35.9154174222743,37.8622548939805,26.2223276837452,276.240064977533,0.298802011451521,0.300381638003427,7.70900498180392,129.132791423126,4.86412726943261
38097,28.2944304251181,26.6531370318844,42.7568934861158,30.5899694819998,266.100329368966,0.342528283767678,0.3429627226869,7.76758592582186,23.4993393509078,4.80818376419384
38099,28.2067226614292,30.6994581981795,41.3750816669338,27.9254601348868,266.714140675408,0.329734198155984,0.331962095477788,7.7677951494547,49.1768836243465,4.76919235762756
38101,29.9337159231269,37.221731950362,36.1219109225083,26.6563571271296,253.298793635474,0.307520869966968,0.308004438672691,7.68380517859639,107.792589371456,4.8691708892088
38103,26.4947921196584,43.5435691517259,37.1999332690081,19.2564975792661,236.331457193144,0.341767797016083,0.343432600844322,7.67654062957875,98.6941145366142,4.62539024162315
38105,28.6396642651522,37.3200390393827,35.3247194358412,27.3552415247762,217.345685657605,0.320195966015931,0.321757485586876,7.71770327533745,82.3335547400868,4.76770299912151
39001,20.2004652163822,18.1973138086976,46.7517919565508,35.0508942347516,91.88174364225,0.323685538355106,0.332731801650934,6.14131238543452,49.2563117818608,3.4179250397686
39003,24.2795991900391,23.379928124006,41.5392300083814,35.0808418676126,186.322838574734,0.316434600978406,0.31757184755956,7.21407546628985,49.6944841402733,3.93696434063535
39005,19.6373846207191,32.8040423773083,42.2750111139572,24.9209465087345,150.431445268653,0.358723236377622,0.371925315646467,6.18399620513691,46.1440404231143,4.39673556875413
39007,26.2230045221905,23.2944253059441,53.1295078772306,23.5760668168252,199.199342499113,0.421141182938102,0.441200861757789,6.64807507583713,37.4865729837064,4.430113019037
39009,22.6052739304042,19.533057678376,49.9438963645667,30.5230459570573,104.078789802766,0.327562986637928,0.380693127822969,5.85216729183909,41.5688792965959,4.18131229881951
39011,21.7021276083306,20.9506698678389,43.4636295158249,35.5857006163362,196.800330469502,0.324791008991609,0.326885118257957,7.20091842930956,51.3741899741319,3.88799920253061
39013,16.7981634193063,20.9240508715894,48.500674002515,30.5752751258956,78.5184186240955,0.262060950951165,0.357998683160838,5.81961488675011,35.7818397145945,3.47834612120645
39015,29.4165862308361,19.6362448239964,48.9774717094965,31.3862834665071,96.167977985662,0.400511514585089,0.40231570009897,5.96866683984724,70.7168054030016,4.43534638764401
39017,21.1670997648908,29.68123503179,44.7140850455732,25.6046799226368,114.28835508169,0.352443874142554,0.377840367045693,6.89376258937675,45.0028030430453,4.19113071149404
39019,19.1894241659015,27.2682077024647,48.1936735360862,24.5381187614491,85.3290482196728,0.259857607915808,0.387509707045395,5.42025940683263,45.4247273037088,4.29987553048216
39021,20.1428975319274,36.2957677669196,39.9771688034187,23.7270634296617,286.101571234177,0.337587212727135,0.341525678133348,7.18367382670924,53.2161861215181,3.88529897782988
39023,23.0069953484794,36.5874536016735,38.673495447082,24.7390509512445,252.448030655744,0.315583757589607,0.327265551617236,7.23958782420269,55.196316505385,3.48049966677251
39025,30.9904296497076,20.5864841357048,49.3336714178859,30.0798444464093,99.018501652604,0.407722663194125,0.409870290458215,5.93232022303508,75.1448004646839,4.35734937695685
39027,29.3570481821858,25.3158132617253,48.22143725611,26.4627494821647,170.584943091982,0.4140665224331,0.41601833032047,6.85279914404543,60.7020132886932,4.19377647220386
39029,17.9857697381289,32.429286483257,45.6163749322369,21.9543385845061,127.8900966193,0.343701435054874,0.417979837267987,5.88738920430043,42.3288420324241,3.8964060306431
39031,23.7379847140155,30.6664378777256,45.2913272347514,24.0422348875229,101.801451704622,0.301742252021067,0.381895909647073,5.53231575059834,46.7284032015831,4.22616318354864
39033,25.8958874812364,21.5005173217514,46.9911572206832,31.5083254575654,202.008012196559,0.360978646814884,0.362045779085215,6.90383416817668,49.6504813150941,4.81894529814368
39035,18.6642776082925,27.6878008416172,45.1178761805649,27.1943229778179,157.554791864771,0.350312794126688,0.366215708778238,6.1520380745482,49.487013588864,4.36722870902458
39037,20.5206202315968,27.4637492222617,43.1764566045916,29.3597941731468,210.666087794135,0.365351486541978,0.367422981161897,7.23123678200441,55.3531301984888,3.62732244693089
39039,17.423372818022,18.3587132356419,36.4289691300492,45.2123176343089,218.813074748049,0.269431400090232,0.27258353055451,7.21852903970318,44.9501641811956,4.5053441194071
39041,24.1068789293809,20.0413802991973,45.4319789215421,34.5266407792606,192.863816003368,0.343188216748246,0.348969516814942,7.08684326402424,49.6384116440398,4.19123170816699
39043,24.0321520924539,38.5580754162467,35.9095094301815,25.5324151535718,165.860616714609,0.294485610847411,0.313389121866296,6.87756617437304,48.4097220810866,4.39899595527644
39045,29.5166644788093,28.3370029400714,45.4432084916378,26.2197885682907,201.579966283003,0.377723023596374,0.385674313672855,6.78924072973326,51.5008461045658,4.73134732148855
39047,20.5229552835209,29.8774684276877,43.1451313055853,26.977400266727,169.173272710018,0.37251497916057,0.374507559427377,7.18365889764232,51.1513096324793,3.81942344700592
39049,23.2154423282661,31.5646195643694,41.7129892094266,26.722391226204,211.444441577181,0.363864524797336,0.367030192844634,7.14014018763165,57.0328706944507,4.17787642865745
39051,18.667943378708,44.5304106193071,28.2086813636972,27.2609080169957,160.316069242774,0.253928206519244,0.254757795862805,7.08805890542915,56.0565947194439,4.68346318184601
39053,20.6727965729125,23.3736439340673,48.0870050515927,28.53935101434,90.5746086687488,0.326599111193428,0.372696011230262,5.38844830010819,33.9944043833398,3.91585087769363
39055,17.7804155064912,27.2596963636697,45.5086529705782,27.2316506657521,138.406509779871,0.376872617720104,0.38598850599415,6.25017115093738,48.7070970280047,4.20016211610693
39057,24.6010737587632,26.8128253168066,48.9597819664033,24.2273927167901,196.422837255368,0.38109876286981,0.387281330390845,7.05620461393719,51.9597263065134,4.30393107978214
39059,22.2668472316016,16.8339056790987,51.3217773623597,31.8443169585415,96.7072984874892,0.312815433798374,0.381442472006093,5.86913179678741,34.0216976638896,4.0086054585938
39061,26.0607283918623,30.5740651558624,45.2557096563428,24.1702251877947,136.197118498754,0.356309655106102,0.365397225748684,6.96638343250302,54.9211550063721,4.37975413380454
39063,24.2500491372499,24.970854938811,40.429521856338,34.5996232048509,200.223044214179,0.311239164256039,0.313952301607946,7.20050048219239,45.8822618022585,4.04111312918544
39065,22.6763473306534,20.9996728276484,43.2962142918227,35.704112880529,278.690724857868,0.329186196713855,0.329776285139443,7.24022643147078,50.9321208816781,3.75814873241325
39067,19.1342894240283,19.2557933691051,49.8409300314412,30.9032765994538,76.5292894470891,0.241443822059668,0.398322135303042,6.40436158439296,42.479708499179,4.03520184373296
39069,17.9543892342693,29.7476774063574,34.5840344721029,35.6682881215397,200.017296660299,0.267002986243025,0.269571294831076,7.31938978506722,56.4655314859456,4.30482509269861
39071,26.9676819415337,24.4949340644612,46.5173654103207,28.987700525218,124.370949135036,0.379159646989782,0.389954923111809,6.27531891826894,57.4810613747526,4.25346962310871
39073,24.4915624818455,26.5216581831905,48.5789536977196,24.8993881190899,113.380776383344,0.321415023791412,0.395109576742027,5.5800645301794,41.6161664753909,4.12835106737554
39075,23.153528306472,34.0847045046821,43.9859133082087,21.9293821871092,125.983132843838,0.35616037237852,0.394735646571978,5.60346444622595,42.6386889055607,4.34754083629125
39077,21.337366284433,27.2487658601827,42.6112181344663,30.140016005351,200.830044097305,0.342241144343946,0.347097281104596,6.7205812491165,49.0292578405767,4.85814172216582
39079,21.3114462853813,23.2768714847826,49.1887859434786,27.5343425717388,91.147414197418,0.331400001208883,0.383619315882941,5.05300673011937,42.5393653052045,4.13788191098989
39081,14.393353195101,20.2212564040296,48.1736890389166,31.6050545570539,69.044812883292,0.265357456183989,0.375417530595102,6.12777184300527,43.923035684814,3.74461306581444
39083,21.5761161426586,31.7599073545024,43.759768589552,24.4803240559456,130.48122756368,0.336740218012574,0.369843329387905,5.96733715879998,42.9114313351596,4.20284335021416
39085,17.0283629963508,46.2111399321809,36.1949982819147,17.5938617859044,144.009501686425,0.313919948152169,0.321116799951095,6.13737112561765,51.3036522232381,4.43732911056116
39087,21.8630496559496,24.3949904081713,47.5904611919522,28.0145483998764,101.6060672293,0.320639072790856,0.373606280335082,5.7321024617332,34.1157678131641,4.17081157970063
39089,25.3227846702466,30.3829094328555,43.4784962489805,26.138594318164,152.116304928043,0.348529828656742,0.372941416144904,6.50086602181498,45.8524890916648,4.82110441805075
39091,20.7522127018506,26.7295546383629,40.0518217718954,33.2186235897417,346.189222796776,0.313179350816798,0.317304273736039,7.24448037483393,46.4919781333821,4.15939787619497
39093,18.3535289628062,20.4243187535589,47.4288860026975,32.1467952437436,137.232016443529,0.38608595706115,0.387823025776564,6.57959163380823,57.2772522787282,4.86661396216765
39095,19.7091425139001,39.0684567172657,30.4956222137204,30.4359210690139,174.569853665862,0.247420869715161,0.247587928254961,7.13925720632069,53.9204445795552,4.79057750015065
39097,23.9316965622781,30.2415871286463,40.9066054055474,28.8518074658063,190.578454620872,0.348072450443136,0.350052988294837,7.08401365790801,54.4405982743043,3.78982294086926
39099,19.78970714184,29.0815299249888,44.9719804798894,25.9464895951218,137.521440448397,0.369227709417481,0.397307906973902,6.1080395379311,52.1598511001231,4.27600837194143
39101,22.6450514810432,21.3093527717379,43.3494279068261,35.3412193214359,205.035207440949,0.321302278461167,0.322645533257125,7.0416856051245,52.3987452854552,4.25611863016579
39103,19.383676028024,23.5219110903002,47.8984863361871,28.5796025735127,313.3563806062,0.396834804616157,0.40107104218394,6.46563209178863,50.901053270009,4.6431363872722
39105,20.8091411867903,22.4813413139661,46.6656832278687,30.8529754581652,86.4360831385592,0.316103863277704,0.35474513957526,5.68292201454363,42.7983736969536,4.07364994569736
39107,22.8538824000226,22.5399739182007,41.2859101616908,36.1741159201085,245.011133851742,0.314495078503573,0.314909884841002,7.21085222728287,51.3999293458498,3.98387453030632
39109,18.3982822049514,31.7975162108381,42.4688595888408,25.733624200321,164.430653932082,0.370840927858556,0.37350461503197,7.26294967267881,53.7689463481045,3.52882245933084
39111,19.9810790694808,18.4909179531662,51.8103559674642,29.6987260793696,83.9137411814358,0.314382581881849,0.390995686238345,5.12141172386826,31.8697283515524,3.19279919919097
39113,20.4374149205315,31.7653395376805,41.8353751241761,26.3992853381434,153.205662732374,0.364295880467418,0.366524568409108,7.12446848171945,47.0150930079681,3.84381060191061
39115,23.8366940108858,13.3254370388569,51.361946926619,35.3126160345241,101.546033325354,0.330978793879482,0.36702298609811,6.11131055865893,33.1213150237521,4.25252669620517
39117,26.113824763564,30.5776137371625,41.9806773303067,27.4417089325307,171.027393440627,0.369959426322145,0.374262950144831,6.86100932668792,47.1412280168672,4.49477664594629
39119,23.6864171754531,19.6292730398178,52.9858846632146,27.3848422969675,97.199552759228,0.348754340500241,0.41059736543998,5.84249216460893,38.265213257397,4.33029233444695
39121,21.9123359886963,12.965958807674,50.5157419461992,36.5182992461268,101.532270813378,0.294221545882225,0.356469012409055,6.05150719738443,32.825541848863,4.14955505555188
39123,18.4266190464079,11.2913598494535,44.5557642658802,44.1528758846663,161.569127868046,0.298429962210268,0.298627482910274,7.1781096422518,48.4461100840277,4.80590942298793
39125,17.2031396054056,14.4111657158827,34.3047340024945,51.2841002816229,215.281997172875,0.258020275201698,0.258318606275651,7.39621188565865,52.1927369429421,4.63998040691936
39127,26.7465421487106,22.1469623177849,51.5879910692117,26.2650466130033,103.904371204974,0.391800604880016,0.428631215314155,5.77281008877405,43.9193879401517,4.20659286552608
39129,22.2143860939881,35.2807754632638,39.2168921621761,25.5023323745601,188.333166459456,0.333435964420544,0.340832729369153,7.10999913017259,54.3753777888866,4.18570817101413
39131,25.4662365027892,20.7541121215293,52.8625156408495,26.3833722376212,113.087268747579,0.368585401977557,0.39985426312058,5.68039301238999,50.048809298105,4.27711083026242
39133,17.9406060884179,30.5994513630471,42.6607310712534,26.7398175656995,286.900810294369,0.357174730817993,0.369412384927068,6.05663617318984,50.8808193084445,4.13047787870992
39135,25.8801488855289,33.8302963491016,40.5307726294281,25.6389310214702,155.82253007535,0.363701398191423,0.369651830647522,7.14144934082193,49.6456322113752,3.52225690684598
39137,17.9278245389555,17.1791351986144,36.2737496085391,46.5471151928466,212.034908104373,0.267606250879832,0.268641140096985,7.2635022077351,54.2250214472245,4.5754298613833
39139,22.0130679820377,26.5586907974273,47.1006894754039,26.3406197271688,189.769431325614,0.378443136399327,0.387743059064821,6.31186865792958,46.0031941845487,4.52226648056253
39141,25.2569462141368,35.4637221651975,40.852733268208,23.6835445665946,167.622616860035,0.342270128966172,0.355060340897471,6.91611129436409,60.228171411581,3.87771699542284
39143,19.9065663559669,31.1057632434432,36.8886892471751,32.0055475093817,154.401231764478,0.300991562439648,0.305026018312671,7.15490913698587,53.5926663746024,4.46035571210693
39145,27.5197259480515,19.1380419879967,56.0023786238572,24.8595793881462,140.777835810021,0.376679505366482,0.42498279264089,5.56787321887986,46.3314746832856,4.43848227647791
39147,19.8422427032386,24.1578358317682,42.5920792377523,33.2500849304794,159.860197887882,0.330387004792807,0.33430081550365,7.1269279088556,46.2953675957816,3.98672241704954
39149,20.2961515736519,22.9353990951187,43.2838901154522,33.7807107894291,186.395393340217,0.341877741880437,0.342543080119463,7.27568265739508,50.3500133518753,3.6590717368465
39151,18.1659399699894,36.7517775466544,43.3311500467995,19.9170724065461,251.333193235245,0.349885277514451,0.386096858283091,5.65776883359145,44.0648249401985,3.83686394817239
39153,19.5856994366898,39.2940609455224,39.3736638773789,21.3322751770987,441.320979928397,0.334082333938987,0.348906612397686,5.86505948022269,50.2827859391071,4.2193400618393
39155,20.9736583285388,28.7197908225328,43.2750995298378,28.0051096476293,176.99946641093,0.362379212352043,0.376931204635879,6.30914976909209,48.5880172974781,4.46886400821651
39157,23.4433164283488,24.0251081039062,49.8998934396836,26.0749984564102,100.770353495489,0.319500433469447,0.391107525484578,5.66793270375989,42.6941282513007,4.31184348498838
39159,19.625216858992,19.9910605626163,44.179141158556,35.8297982788276,157.983361741973,0.332542679448298,0.333345865162723,7.28021405058629,49.3172674400542,3.69461186859443
39161,20.8275565836468,18.5254844812118,42.523582301516,38.9509332172722,225.892561255528,0.30747809799318,0.307966323423594,7.22957062527683,56.1463381017216,4.04813539722332
39163,21.0573992942562,29.4394919739611,46.1065553463164,24.4539526797225,93.6161773066657,0.305069527208211,0.375633267595762,5.10156344657162,43.0331798324478,4.02873977949106
39165,26.7677476709185,24.2923531075376,48.0936962054838,27.6139506869786,121.528927212436,0.393390043291157,0.395790362412445,6.39238843464529,60.0959629490178,4.52897802815591
39167,22.6515444113582,19.6216284180968,48.0908996247592,32.287471957144,85.4005707948622,0.322925730859339,0.37512906028858,5.64388207424348,28.8568695055578,4.04956700228066
39169,21.18810210752,31.0811642625824,46.5419730424174,22.3768626950002,205.467601140586,0.384512105876272,0.410560744824531,6.06046525593731,47.7785895115958,4.21647134044659
39171,20.9183009271063,27.1676085220369,39.1044042914817,33.7279871864813,397.57620401422,0.311346963428048,0.311800523311359,7.15542999746473,51.4165342094624,4.12824633487817
39173,17.6100644844414,28.2613331351269,35.5772634721272,36.1614033927459,191.13003817304,0.279214634485714,0.279974409013588,7.33337103082802,54.6211133835868,4.17855072810106
39175,22.7859769183396,22.5581653561138,42.9051034896916,34.5367311541946,192.023600112685,0.326942199292979,0.328594022395423,7.00212882588106,45.7375787701382,4.31170453635791
40001,17.0323840463298,19.0694697882363,47.861791758336,33.0687384534277,112.718016138247,0.175282476570567,0.344192997315064,5.23789905825093,68.2562680832471,3.78360844959913
40003,28.3146399299673,29.9871575061555,47.1911456535612,22.8216968402832,165.849718114852,0.380665984211723,0.380666059603683,7.30485782282377,88.6744407043379,4.61511248410491
40005,26.5823788949697,39.8561968888753,29.1449495965112,30.9988535146135,108.831895025026,0.276421019331358,0.281037211212994,5.85704397948972,71.9556551859756,4.26641757049413
40007,26.1411197634285,33.7908194667337,40.7231854376164,25.4859950956499,98.8779921300869,0.318643039398536,0.31888695080857,7.98643346264885,87.0248567782905,4.85824055195371
40009,20.1372858120153,52.9571968220918,28.2962985253496,18.7465046525587,107.912204420397,0.333255688819119,0.333261102639689,7.35044591630956,78.5921519850704,4.18809717131821
40011,28.4285895699965,36.567182679407,39.1096904928752,24.3231268277178,167.067481458691,0.33335255012742,0.333352562564976,7.2172714229509,83.2673952963522,4.66075173973725
40013,26.3931986732546,31.9324117316506,33.9067647682555,34.1608235000939,115.364864632539,0.303873953499976,0.304635274095895,6.37622295738502,79.0056105995814,4.736995607275
40015,26.8328164424121,35.6471402676496,41.9817581991797,22.3711015331706,159.394076092617,0.357599990465246,0.35771106246721,7.0115302851403,79.8449453519837,4.54186537022974
40017,29.3875700820894,21.6013166675609,49.8114999969291,28.58718333551,181.597754440687,0.371168311226782,0.371168321963695,7.02831701487758,85.2974185286562,4.72304482686373
40019,25.722423714947,36.3808621033731,29.502886858689,34.116251037938,117.725889480572,0.266191606750703,0.269304464411806,6.83766824660633,73.136185295366,4.57211288958314
40021,17.9675078717481,20.1325663919017,46.3423114340564,33.5251221740418,115.216598132596,0.216292691567232,0.33529491680831,5.47563195512125,65.3230014658108,3.81474893079402
40023,27.5049269699529,32.6393053746672,32.8065369411784,34.5541576841543,122.876476443256,0.28279611827797,0.289515732402673,6.11685393799376,74.4319093264914,4.52909406018387
40025,25.8680598491777,42.8560647668695,27.3441248865365,29.7998103465941,80.76009333739,0.272543285430715,0.272551442329206,8.00622091076549,85.8733425589863,4.99470917893676
40027,29.139416209793,36.1290780023393,38.9271771043279,24.9437448933328,154.831386384488,0.34029678922369,0.340766614664531,7.0624160046513,83.1040926258608,4.70270790275255
40029,21.9046840403853,26.6947542654063,35.4838059987347,37.821439735859,112.063724672158,0.283950527737986,0.288498636060115,6.23846948628284,74.3685858277692,3.9003742638869
40031,25.6619659941114,29.2263904806193,36.6200116791708,34.1535978402099,133.296968573082,0.330832111406219,0.331573518196042,7.41449321415186,83.9395637703164,3.84494094131286
40033,24.3549110319461,20.6919996731458,45.1935030810312,34.114497245823,130.228349081685,0.365785877894178,0.365896102879955,7.63498610858874,86.5603345537637,3.93864976920386
40035,23.2334509028533,16.5486456690501,46.8294549991139,36.621899331836,148.533958991812,0.32853940444992,0.344854354602841,6.3608807998182,72.5028268788531,3.6168308852423
40037,20.7714161034726,35.4653689467644,37.0380398763805,27.4965911768551,114.458271500324,0.318957724137603,0.330836364625594,6.37765806038323,71.1636146085555,3.72920905481921
40039,25.0866166129553,26.1124182528714,51.0501324217904,22.8374493253382,168.793926086783,0.430337227548846,0.430337232618234,7.56774062050324,80.7268420577967,4.32127740009711
40041,19.3912884150827,18.6404113642356,47.2880900530619,34.0714985827025,129.962689954487,0.208683199597015,0.341660741911342,5.32821807751627,73.8234530801299,4.20686935409374
40043,23.8900534724793,47.3184660766177,33.7325008141798,18.9490331092025,151.021369646209,0.346833131418196,0.346842020736953,7.46462738345987,73.5293005391284,4.63548759420382
40045,25.270268880961,52.0670188356872,29.9280303840784,18.0049507802344,131.923995504053,0.306582287502913,0.309743815196034,7.57649087815853,73.2865423904733,4.60378272716316
40047,26.2605836940667,18.5410774203668,48.8511774747706,32.6077451048626,157.85805054726,0.367132484106291,0.367145216753416,7.41103578223051,83.1868426794448,4.30251162481046
40049,29.4201434401603,30.7306289550405,40.7614546392328,28.5079164057267,158.634219224728,0.337491059613188,0.339345670137402,7.2366733059768,84.9526253608913,4.76951399249528
40051,28.2552569060775,27.6700979908463,48.3569760335668,23.972925975587,161.105363361217,0.378171616009786,0.378193257792913,7.10740915372009,84.0376565153681,4.62475343356179
40053,29.9481863899466,18.85548253148,47.7343933538445,33.4101241146755,180.79383846125,0.366524451864054,0.366535250771517,7.41769477370963,90.1827795807715,4.55690532658515
40055,30.2385765498566,37.5070087421114,31.8245529002933,30.6684383575953,128.665760607038,0.293389324774975,0.295348424042442,7.7734266751196,86.1944903513935,4.82482719367863
40057,25.1416023188615,34.5216748567533,34.0034028499283,31.4749222933184,105.468158005982,0.310707260349892,0.311717815592975,7.78133747257631,80.4247422974864,4.54051700510245
40059,28.71021896588,38.6912376556287,39.5637988274355,21.7449635169357,138.642130149647,0.380481394269545,0.380864098362537,7.84677080289298,75.350007555687,4.51947076977589
40061,23.7847255336684,24.3493338253733,43.1823681884766,32.4682979861501,92.4083582410784,0.30941021816606,0.342500128341464,5.54658441382518,72.3162088859929,3.36635634116868
40063,24.3838099581222,40.5125416790354,31.5671647419085,27.9202935790561,133.863883204561,0.298151020285638,0.318571093535172,6.05167843399143,69.6052563361623,4.10061983473983
40065,32.8661885255868,30.058114724325,35.848622936884,34.093262338791,132.248663740161,0.307058661008674,0.309711974329343,7.88745742680699,88.1661217971371,4.82019261277983
40067,24.8253107398467,34.6078378399932,37.715829619943,27.6763325400638,160.884911151335,0.337847156721951,0.338001430756475,6.91779158556098,82.6411262645451,4.09715622405371
40069,22.2780037669103,36.0835333093398,30.8215059022182,33.094960788442,106.289370699162,0.271153051180382,0.301327968475563,6.57502406342286,79.5334669898713,4.14328792532222
40071,29.4530838885411,20.2006389262513,45.5661039612963,34.2332571124524,162.642966014976,0.350412874284817,0.350727644601796,7.40447251490241,87.3150145832277,4.60835116162278
40073,22.8458312583613,40.5107400310345,35.3429356483722,24.1463243205933,112.756608907968,0.316994940439571,0.317084392093778,7.22824607006346,82.4064893498997,4.42275724620822
40075,25.925588771873,23.0812344645404,43.5349471035181,33.3838184319415,158.700084512893,0.34417541114467,0.348093582720137,7.78549309352382,86.5607398788976,4.70990323511309
40077,25.5401222045168,24.1275024073967,43.9490291648292,31.9234684277741,92.3685167301804,0.309070839530829,0.348521142035699,5.62380152682945,74.4253748161911,3.99330794381812
40079,24.9562285135431,21.8681757058865,46.6601128442161,31.4717114498974,95.9334006584607,0.318315489290518,0.338623073351507,5.75704918880469,80.0086510278862,3.79791064929789
40081,21.2597854255964,45.913801825735,29.3842479884799,24.701950185785,107.313085071741,0.295636637916382,0.295679110712932,6.78638495274988,75.1750844255386,3.81269482286286
40083,25.4970131021084,36.9826155687579,35.4970674021772,27.5203170290649,139.896006191965,0.316768225918123,0.317901881199956,7.03221257259329,79.0082831975519,4.36843495249209
40085,24.4079388528527,54.0450677647516,22.5717227708259,23.3832094644225,125.165068358177,0.255149109954289,0.256097914931007,6.75280414592611,78.4430619071197,4.707678013527
40087,26.9168565921193,26.1456762645776,49.2975997627572,24.5567239726652,148.811236195329,0.395854794700252,0.395854907659721,7.2678673421097,79.6468721937225,4.4862143559356
40089,27.8071902956314,32.5815297949793,36.706068287265,30.7124019177557,117.671337182785,0.320001107277621,0.332103698480058,5.95890174037979,81.0293510133456,4.75523922630264
40091,25.4844117753956,25.6089453938307,41.0572824446941,33.3337721614752,131.609240519666,0.33072403741108,0.341170513403689,6.05064741354575,75.3482380532695,3.89556214681944
40093,22.1494449993853,54.5114745421502,27.06806858004,18.4204568778098,126.783040379298,0.283379216977593,0.283380765871829,7.07740685987855,78.6696390278804,4.77603714259514
40095,24.1288169486319,35.6528421354316,26.0027119795067,38.3444458850617,104.570552987193,0.22635672011562,0.234907708509242,7.26956114537857,71.0498428893513,4.08622252919359
40097,24.5354233645478,18.8883218309205,45.1531910156921,35.9584871533875,150.564812114154,0.297109725801346,0.346829804415303,5.96773591987915,71.2080980248458,3.90515326509341
40099,28.0349695345805,23.7203463830116,37.1787082048811,39.1009454121073,147.829738791259,0.291160200978503,0.3061962303492,7.26415191364484,76.3289788507202,4.3946207501038
40101,26.3299435157325,21.9967559310168,44.8344192177981,33.1688248511851,148.294336470794,0.344852895148802,0.350780383725547,6.15242640337326,77.5213436579449,3.98909235896671
40103,31.6240194401535,16.6750212620802,50.2975191407509,33.0274595971689,168.996351338713,0.37508285425816,0.37525904043046,7.20625504187797,85.2561614700184,4.67609388478057
40105,21.7058093730372,15.3192649133184,48.2252301011277,36.4555049855539,151.782694327001,0.323361706110693,0.351056120241783,6.39653842525023,76.5641072855723,3.1857588441032
40107,23.9970293097056,32.7931836511096,37.4994697334903,29.7073466154001,128.626829302194,0.312963905197866,0.32310589094457,6.44045848468833,70.1620828416941,3.81959916550241
40109,28.4866715099343,34.4207577966301,38.475306530816,27.1039356725539,149.420611705906,0.332274725093674,0.33290519205865,7.16658429044051,85.3243072170492,4.49546785024219
40111,25.329479372792,21.8792527365573,43.1635151912159,34.9572320722267,149.477082303602,0.309643661135969,0.327824836876863,6.23187867947703,71.8402641045173,3.81928861580619
40113,25.9295976408196,21.7856560853382,47.0036506665169,31.2106932481449,161.216846850542,0.338836150174793,0.347205245067204,6.60757170071598,70.7348193403995,4.0906814883297
40115,26.259697437958,15.6169151971468,48.0689160240365,36.3141687788167,147.197393117488,0.300135501797302,0.355432063259008,5.95411793451806,74.005565466967,4.1594809055422
40117,30.3559730542295,22.7026345460001,47.2163473275031,30.0810181264969,158.659504141314,0.369769964876264,0.371112053053553,7.05659992182899,83.301151152341,4.51351970560281
40119,27.3277236233066,44.6192425218697,31.6588492076091,23.7219082705212,139.703091737122,0.30851615604407,0.309213723303701,6.96358637353691,81.3675025818829,4.57362365654665
40121,22.054715986784,31.2271339610305,36.4187498546223,32.3541161843473,108.933059950144,0.270505404575013,0.291331630645922,6.06472141081627,70.6240206680475,3.45548590043771
40123,24.311463520711,33.2575922697348,35.0273741508384,31.7150335794269,132.436578774099,0.284160522017605,0.297335749295045,6.52918748563608,72.8719520483452,4.09477511963432
40125,26.5778070894005,42.9069562106087,33.031943929443,24.0610998599483,124.144438819122,0.329146595435933,0.329368520273821,6.99547779095593,82.5505613950901,4.52819932664611
40127,21.512001975497,47.0827602362685,28.8746114992425,24.042628264489,70.2713518979155,0.278394163348921,0.310493597264462,5.66084623596355,69.1180384411811,4.10986089317287
40129,22.5134884930709,51.0305722229227,33.4049223553276,15.5645054217497,106.456659975165,0.34269285538722,0.342877185651107,7.44919530506066,83.9662040937788,4.50484498691077
40131,23.6798496142141,20.7713727022603,43.1797700224974,36.0488572752423,155.97170092514,0.31388716165884,0.333619110468373,6.27072150028449,68.6632152370588,3.6755301565653
40133,23.9709877041252,43.6980916520361,28.3017255551954,28.0001827927685,102.878602078652,0.271664942937138,0.274429151076157,6.46740073453934,71.4928303571238,3.73854862455889
40135,20.3947059305399,28.3006919240094,43.692817971039,28.0064901049516,101.574776812272,0.314868969870905,0.364637785953201,5.62702611743796,71.5459690049734,3.4419520495115
40137,22.7019251060603,33.94703751926,36.0193181133692,30.0336443673708,124.816668713081,0.316731516937191,0.317623538651518,6.87964452490568,80.9480644028877,4.08847242750859
40139,27.3275265326062,36.5575635297474,33.7512016706868,29.6912347995659,82.7383074071656,0.299086216871752,0.299115452584929,8.03452815513787,88.94591890912,4.98512396914683
40141,25.9702491343229,38.8347139211478,31.2431387252733,29.9221473535789,133.729487937709,0.295291239163808,0.295471805282705,7.75638044119092,83.9231662958015,4.53837217055301
40143,29.3379613228463,19.0967673554734,45.4305727357448,35.4726599087818,155.896422891601,0.334227301669614,0.343619685067699,6.54178175693625,82.0940132058326,4.40405452179773
40145,26.6412058937905,21.4215353779571,44.6294564683338,33.9490081537091,148.405162163622,0.331116399567598,0.339157338575579,6.2582460927166,76.5473098807098,4.26743603579513
40147,24.995708291626,16.6260467404176,45.9895853640074,37.384367895575,174.730256604182,0.321480889505713,0.332043213932232,6.46539479683153,66.5472756945056,4.11409459605952
40149,23.7997695285662,33.4287845776523,43.9072347566988,22.6639806656489,152.461230325608,0.398388268500132,0.398750234241697,7.61917017754908,77.4351751887083,4.17915282575798
40151,25.243215474562,40.4230936393784,35.251103367542,24.3258029930795,121.862544052476,0.320331796442385,0.320347602699467,7.52768698792169,79.3249083841516,4.55378306331351
40153,20.0475787799307,59.3954738945528,25.8742941271888,14.7302319782584,105.953344192302,0.305572412157721,0.306564571425233,7.4037524313778,70.251396452252,4.47338756702402
41001,23.497481190559,27.5454683117905,52.6165626053515,19.837969082858,147.558500511168,0.344306272774551,0.418184926689554,7.73484153422243,NA,3.95180476655715
41003,28.1434160721737,19.9586676669608,48.3712818530162,31.670050480023,226.670587938583,0.331607200455106,0.336889829751469,5.9929260324903,54.035978377617,4.45519593461758
41005,26.6315778082511,16.3597984947481,52.2800389996566,31.3601625055953,322.24830047964,0.338289696762543,0.353438929184324,5.76005335761206,16.8598708983324,4.52840593739695
41007,28.7149057619773,21.1360327089391,53.7273070160979,25.136660274963,647.497931527138,0.352488767728683,0.360853217407254,5.14909631483709,NA,4.62699843838304
41009,26.941405485171,19.6655649787349,57.9076596027205,22.4267754185446,322.66980928075,0.419016043246113,0.421493488166306,5.60813455696163,NA,4.54373304546664
41011,24.9218141883474,21.3670707656841,48.413626209431,30.2193030248849,455.989873648063,0.310684115166644,0.32294894677363,5.28821605606145,NA,4.64729952886435
41013,14.2227010784857,57.7688029034581,28.8444135422439,13.3867835542979,149.629404739337,0.2839543268848,0.324221077108779,7.60281293315053,NA,3.06773128783584
41015,23.973799828926,33.4690275822528,42.0216867757152,24.509285642032,582.08512361838,0.274562379010073,0.29702669112347,5.16650417166411,NA,4.38065362090114
41017,11.3357948529678,73.7785860348908,18.8812609127932,7.340153052316,79.5080864727276,0.225057164867318,0.264829868185806,7.24652242419314,NA,2.72257778711586
41019,20.1257834856068,23.0842565682149,36.7217653749906,40.1939780567946,242.633597154114,0.251680315493332,0.27727424417732,5.89089102542158,NA,3.97516076189624
41021,24.3373509959345,24.6946598409959,63.6739873987061,11.631352760298,109.534512780704,0.540622581807465,0.546191063423804,7.55138103010223,NA,3.65247407996841
41023,20.7899995297193,24.4748389468863,33.8864512066076,41.6387098465061,466,0.256578947368421,0.256578947368421,6.90322576953519,NA,5
41025,21.0350421543553,33.6505376999073,42.3781135187248,23.9713487813678,214.055624233398,0.362628958069902,0.37866308791125,8.34818726316916,NA,4.53886303941544
41027,34.8270483678892,37.8129895786972,40.6603648351326,21.5266455861702,330.971925991052,0.32584382110096,0.349398193678017,6.22638697224354,NA,4.87193329468753
41029,16.9967559402484,32.8257085687459,30.592168516494,36.5821229147601,188.418557466823,0.230964682124065,0.258911835958037,6.64926735478975,NA,3.62655894305203
41031,10.7813255102931,46.2708136299951,33.4351357109003,20.2940506591046,73.5125166982728,0.312698221732546,0.340423183275246,7.51038122277876,600,2.27173646042014
41033,18.5463599413105,46.8792190772614,29.1597941357078,23.9609867870309,206.165478334815,0.207701947360574,0.261711535835898,6.28633990344185,NA,4.15874003273896
41035,31.1502741217598,45.2595265044267,35.6513276466978,19.0891458488755,1008.1562307926,0.278914029269212,0.304559217185416,7.50736639442723,NA,3.56047032747678
41037,20.0074032436575,50.6991125269822,29.9612822116975,19.3396052613203,160.293922347323,0.269575456626175,0.300556017954755,8.03440462394298,NA,3.93957007120347
41039,21.4761930486064,25.2297676989639,38.9993583181782,35.7708739828579,305.614849220573,0.260489316521649,0.278690391613517,5.98252890829341,61.3225806451613,4.1554277581452
41041,33.7799291465132,19.1821535862378,56.6533718864542,24.1644745273081,823.405896491496,0.342831600492536,0.355126087056387,4.94947226378926,NA,4.73196254930435
41043,24.3159835300759,19.0072617039391,47.7832197300147,33.2095185660463,288.654219295766,0.309817175831857,0.331076381049383,6.11494293365346,55.2865563972785,4.02139499087062
41045,18.5453975020814,28.3694649526951,56.3692723335336,15.2612627137713,86.6746987534002,0.474038208394044,0.488135728070483,8.27106141225864,NA,3.42812589571001
41047,25.7465246457777,18.7084246084179,53.0277956098813,28.2637797817008,343.633524044158,0.32934734750306,0.353426952083154,5.86383698312148,57.9617040625977,4.11455024124717
41049,23.8486996343347,39.2873404818644,52.2127958750063,8.49986364312932,82.7678381456035,0.473098694801776,0.479052411932293,7.75659480688665,NA,3.99790749345915
41051,24.8753229717777,23.4593006411683,54.2232507958887,22.3174485629429,223.960387939125,0.420620859041781,0.422596571376103,5.96498180218539,NA,4.43364844372199
41053,23.9039044372554,14.1965473984398,50.589513467797,35.2139391337631,295.246723992625,0.324373040072215,0.33202596814288,5.88679932344183,59.3965867748986,4.34890941944629
41055,25.5850576993056,16.6454246168501,68.4600873498981,14.8944880332518,205.984062787678,0.489383083434069,0.495386061094884,7.18176402236447,NA,3.86279188265835
41057,32.1491029499864,17.0416885716398,55.5530808336382,27.4052305947221,662.068521022425,0.339117321433066,0.348456889431447,5.3496609579669,NA,4.72470439178544
41059,24.9345740058864,26.2526525017709,60.468570336098,13.2787771621311,140.457881653758,0.467947446301825,0.482515919786213,7.57343645226093,NA,4.30074846328993
41061,27.0383803077027,32.0316470977842,47.4257086492262,20.5426442529896,243.161434429547,0.34202231746181,0.383799778664636,7.37101048814899,NA,4.03204873858679
41063,21.1824622975005,34.8109503047577,43.477369736244,21.7116799589983,227.216099001079,0.281004236843829,0.344181792546834,7.11958062696451,NA,3.6274475190382
41065,23.5639882605776,26.9555972678611,55.6049507076865,17.4394520244523,149.424620899506,0.393377784642877,0.422450813207782,7.25724243933604,NA,3.6396111628227
41067,28.0481240847555,12.9458959017106,58.6019009087954,28.452203189494,333.649385679785,0.406271604135132,0.408795168463278,5.94496515247963,46.2871498750122,4.71867946376816
41069,23.1687208527911,36.6842972862176,39.5252115125769,23.7904912012055,192.149073459763,0.242400528896653,0.321232500559735,8.0430610961253,NA,4.50266339869281
41071,32.1846111234287,14.1568924596211,54.9200341896131,30.9230733507658,248.274643366909,0.364355850556605,0.3672010105371,5.83021755046085,54.9460258074569,4.65488223849446
42001,15.1796315154154,27.7725505260987,48.9670753601433,23.260374113758,82.2030416175508,0.264367035969163,0.416993881533905,5.59528290301787,61.2874388503151,3.1511824477309
42003,18.43751341734,18.4957175304749,51.9841315662925,29.5201509032326,90.4998497270339,0.276384266710304,0.388224479911878,5.60717401202121,47.4311899727074,3.64078432726476
42005,16.3681455380281,24.5696279316811,50.5929255370494,24.8374465312696,101.273210250001,0.24186843137679,0.407767758854575,5.09952799194656,76.3224887855719,3.20058894528463
42007,16.544463464236,26.4452790844374,48.007894354617,25.5468265609456,95.703063491102,0.279382932393044,0.397537885153094,5.29901687755294,55.4520477817701,3.52824498882657
42009,15.6662314573209,24.8701122134065,46.1901359558578,28.9397518307357,80.4378915498138,0.223395215721433,0.370386320859757,5.48539871814935,45.3727809057916,3.28637761722354
42011,15.5745453112096,29.4416276653841,47.5554489945849,23.002923340031,92.243726901285,0.223954787779428,0.391447760332298,5.52981215965129,44.3893587439757,3.12899307744054
42013,18.6458484928906,25.3555701698348,44.3745447543659,30.2698850757994,92.7810711763541,0.230828763489823,0.338994276798675,5.43813501104411,42.0884903942957,4.15546524900492
42015,11.0533807561979,33.4596899381404,48.6387983564398,17.9015117054198,176.400210344019,0.222016373800065,0.467794630587673,5.55892416522744,37.3001589238649,3.26346332287672
42017,16.6833777025876,25.0477329755689,52.4991978941583,22.4530691302729,89.7654100332547,0.294624490608279,0.435558375452822,5.66457647328319,62.0953099686238,3.1662197605596
42019,17.0982015150151,30.5574830298457,45.9037845349791,23.5387324351752,86.596704301686,0.263977557243022,0.387645718753864,5.1019429014551,69.2133606780783,3.54148674048653
42021,15.7800575784602,28.8208545143578,46.2596718643203,24.9194736213219,101.725172105052,0.233217161988008,0.397629053121455,4.94292260807052,84.9249528389697,3.24058722424526
42023,15.8505054959709,40.1742847570643,39.8918095094157,19.93390573352,107.223999295887,0.203215395276922,0.369976961661749,5.20156048391613,58.160925352225,3.51848082534746
42025,11.4872326420422,34.7162497807609,44.5312710732621,20.7524791459771,65.4192060369137,0.162995619570356,0.400718966522016,5.1006645628375,51.3234997872039,3.0519479052898
42027,19.8143219903783,21.9433055261305,44.285147349624,33.7715471242455,91.2337101445016,0.252711541332417,0.30895211682262,5.83077199680652,51.1324563494618,3.71863463614814
42029,21.2671661577518,42.8298233869841,38.9868731531759,18.18330345984,91.6830069581658,0.32594599163766,0.382047474550761,5.41380422907123,58.9015641491024,4.55293679974328
42031,16.6828019579515,26.1072762989383,49.5614884837237,24.331235217338,86.2964140817873,0.237759356630181,0.41262634743148,4.99671559169968,82.8184777637048,3.72638008097125
42033,14.8639593340599,25.3877208551771,49.7534436173744,24.8588355274484,144.384026676599,0.187961371841735,0.41019177109022,4.76875075496881,82.6320163572367,3.74749492948327
42035,18.1306278778461,27.5073112936244,44.0921511343356,28.4005375720401,97.352463814613,0.23719026683523,0.342747564440785,5.33641575940907,50.3839883459961,3.93946879020005
42037,11.8923562594186,29.410711416691,48.6371948290659,21.9520937542431,76.9071997463519,0.210909182477956,0.401102438345595,5.34442532378989,50.6963313481602,2.81909311600737
42039,19.9242484776059,33.7062958546061,46.35961295327,19.9340911921239,125.433504358986,0.314561288823969,0.431548667701338,5.9619567699172,50.5378950064349,4.07465525270181
42041,19.0000793959729,19.8109193803637,48.2328501289685,31.9562304906678,98.9100342391858,0.260243794897466,0.363635371414223,5.75655772645028,49.0565580580274,3.87420929976053
42043,13.0010553553235,27.6496035112289,50.0867261612786,22.2636703274925,67.0086853415202,0.20251752250154,0.428525579498757,5.50401074718417,50.9739121956986,2.92920596353938
42045,22.651654995366,37.0977967324653,44.378217480143,18.5239857873917,151.743722166781,0.245817445754923,0.414659912599874,5.39514504222955,55.380013095433,4.76516658408834
42047,15.9839165037412,30.2440979906266,44.0803102134615,25.6755917959119,106.203578263145,0.230226962423641,0.391424100239766,4.93274441764638,81.0595299786556,3.49742273419199
42049,21.6157355799565,39.0758430122372,43.4754220311275,17.4487349566353,168.251439820819,0.322344123083131,0.387454813369265,6.1892327353814,44.4452185502114,3.83875510989722
42051,19.4272615704265,20.0187508796235,50.9069943425547,29.0742547778218,137.506068940165,0.266397644271584,0.385068990523527,5.59025647642518,71.6958927813115,3.61478897233854
42053,17.100485560795,38.393897110802,38.7917123401983,22.8143905489997,108.56166126919,0.229709863444358,0.368931901828162,4.83096772962993,98.1723164496123,3.36008115339034
42055,18.430614053689,21.3760910414525,43.8655802931471,34.7583286654004,87.6826539317229,0.227806345678231,0.331881382656964,5.7653126476143,44.8001129522152,3.57500697734392
42057,11.4316577220003,25.9716077024074,47.6123203487205,26.4160719488721,61.9990874419857,0.192309430044985,0.395834396614015,5.51111754620706,44.2289822615131,2.49863403075014
42059,20.283314928324,13.7435497040916,56.4700235623805,29.7864267335279,100.504091404711,0.301848066461655,0.401735961787743,5.9022189754238,63.2367776336514,3.82895356027503
42061,16.2398504355738,26.1455217731982,44.6981362997741,29.1563419270278,76.3254110472241,0.233608264758603,0.349039913596761,5.53989908867965,34.9861318541004,3.36778826085093
42063,16.219911329735,26.3905891256556,49.8781963078219,23.7312145665225,89.8477764861508,0.241387687786766,0.407199751771569,5.10173534978551,67.0348359319064,3.25429349792149
42065,15.1367997826506,24.9138400055399,50.6633504199011,24.422809574559,159.529085382585,0.237845410890182,0.410931577428067,4.92703890474516,85.3541796806378,3.22884604574861
42067,16.1407672228932,27.1722334833361,45.2514132405507,27.5763532761132,82.4869986248854,0.219246789548075,0.364973552207618,5.53748666701077,42.6499490284914,3.45558139149444
42069,12.8645096146251,33.8224388506871,48.8557401426276,17.3218210066853,139.149026041047,0.203050056517304,0.47521889944784,5.39507189840636,39.1464907078189,3.15636687058874
42071,24.4089399797971,27.9589477797444,46.9026162997644,25.1384359204913,99.3595315746497,0.319054153811887,0.374373969121688,5.65732809289883,45.954624286917,4.49584450261777
42073,17.1765172227511,34.4618534042397,44.6371910728624,20.9009555228979,97.2603080490423,0.327225296190475,0.417697370004961,5.98692649226939,38.6689740668725,4.04088733774449
42075,19.1828368307204,21.7776235990691,50.406245708416,27.8161306925149,97.2488581648318,0.257504601894225,0.381587149108707,5.68257447855016,43.496069598211,3.66278173355364
42077,14.006035855555,30.4945425535364,47.3311830225425,22.1742744239211,91.186796604713,0.203926269941247,0.389250340494462,5.55629687657236,53.4140662078785,3.07100665162175
42079,12.5797583831599,36.2912739641958,46.9822025798573,16.7265234559468,133.607848735396,0.207748672863325,0.452514572258729,5.24924859723991,43.4639526933277,3.33543371947446
42081,14.2785540500963,34.8404499122929,45.0854031039938,20.0741469837133,80.7251528540619,0.195284802963376,0.387494826985231,5.34377814147941,45.3519607650228,3.12269271297119
42083,15.4674960924668,32.7960845535256,44.2234609458848,22.9804545005896,91.9813579553577,0.227265126836214,0.389619919089378,5.19107949995994,52.1781519548275,3.39636598689026
42085,18.2883263179966,33.7116048503123,46.4456885963883,19.8427065532993,107.19292776023,0.35423037570583,0.437458357555418,5.98280705194767,42.0158569002498,3.92487636887646
42087,18.2951754046505,21.1405011737049,46.1410506722612,32.7184481540339,94.1993192519951,0.249164564581458,0.334481594324168,5.84279086876535,46.1417479554758,3.84305327879087
42089,13.9599300965143,37.7028194232523,42.8572676336349,19.4399129431128,99.5735339330261,0.181160956106907,0.359029802361338,5.28988337094371,48.3442830588016,3.27931622334451
42091,14.3955454327005,23.9727208687669,52.776814767776,23.2504643634571,75.6297157002944,0.277648640807599,0.435106465315325,5.69755076876685,65.1491848576955,2.87809204173369
42093,15.665581879156,23.9442485258089,50.0234632191156,26.0322882550754,77.3490463483847,0.224417621349153,0.400644934715422,5.32157698637285,50.0045108247634,3.3591161777797
42095,14.6078867932335,33.1216851082997,44.6881181946519,22.1901966970484,92.9230638188167,0.211910478938781,0.380766193643837,5.5845761985166,61.4690298939248,3.27711534119085
42097,14.3241762038729,26.0227720119819,49.4974463149462,24.4797816730719,73.9935933173832,0.209888457851767,0.397964060363695,5.33360209669878,42.4342500924134,3.11146963633658
42099,13.9282627492844,25.6528307958093,49.4828259534884,24.8643432507023,71.5842498288624,0.210187226807653,0.404124064382619,5.34454713886571,48.2199960508152,3.04097139229631
42101,22.6227370601759,30.4620677243584,51.6375458585646,17.900386417077,81.0581838929063,0.381193865359575,0.43708568811039,5.35722876996335,55.7574345943911,4.73391756289789
42103,17.6482762165863,62.0277073612433,26.2585673802561,11.7137252585006,133.744185758672,0.211833673261578,0.324522424027202,5.49027908204269,44.4355567264912,3.81522313037793
42105,13.7744920422045,35.2871781168144,46.8288563688435,17.8839655143421,125.963634482444,0.223236526425042,0.433122689597351,5.45321767174249,37.0735367426899,3.43654022791469
42107,15.1515272440635,28.9533346067915,47.7132213008426,23.3334440923659,73.3398470362501,0.182842167690433,0.394809662128292,5.29089213645742,38.9354218349714,3.05620338542343
42109,14.0899003453967,25.3027401473186,49.7908947067246,24.9063651459568,72.2835478616858,0.196389224672722,0.393192042612812,5.19295516229577,40.6925487932892,2.99130385471881
42111,16.8345536836523,24.4587285356849,49.6765818942095,25.8646895701056,119.484158621563,0.234231550699817,0.413733890678897,5.02017326306107,75.4805941993209,3.2754053528309
42113,11.820870623184,37.0049800283759,46.2645216977795,16.7304982738446,135.955559514622,0.202446712229342,0.456947886861523,5.25085709814408,41.633312980354,3.1062731779143
42115,12.168001239135,35.4864705709652,47.6860036163506,16.8275258126842,127.423183724157,0.231549635205816,0.482435606124887,5.45568484671693,39.721189239022,3.15748676448545
42117,11.2307355197559,34.3927318187034,47.2901267694545,18.3171414118422,171.842508865523,0.211846465401606,0.450990823351559,5.54042585512398,36.0640380148428,3.04438731062098
42119,17.3077817719672,20.861825258792,50.0143583361611,29.1238164050469,82.0141521064482,0.222355332068339,0.369582315305641,5.67299691293158,44.2090696925739,3.50528465751938
42121,18.7132623364632,28.166487350049,47.9209678534252,23.9125447965259,99.0087871825045,0.313899082539405,0.42384524483363,5.23973892535,74.6337064112942,3.75608169362331
42123,16.726822816341,35.1176119316246,45.1889566291152,19.6934314392602,104.265999355105,0.271808343430937,0.424920968125631,5.5168246278366,58.4139862121471,3.80552851611642
42125,18.5262796837008,13.6956122946905,55.3297798047936,30.974607900516,95.6369792268082,0.280922794479701,0.388209051604095,5.92710962834695,62.0031997102799,3.44253774242598
42127,13.7034287917116,35.6672938859817,46.9998161107896,17.3328900032287,134.131362765349,0.195514157542609,0.463182689882414,5.43008888826293,42.6511736869175,3.188649548146
42129,19.5263233936684,19.2623090731179,51.9860465918304,28.7516443350517,102.317767133931,0.282811366092471,0.395966420185324,5.49695517028686,54.8769075346671,3.54305870170058
42131,13.1644500786305,36.162897202474,47.7144169272941,16.1226858702319,148.219431419835,0.218943050074887,0.46819779351705,5.379139314957,37.2187205809471,3.45283317305389
42133,18.6614891369985,32.8450217053259,46.0791718734623,21.0758064212118,79.6330977639067,0.261473182281035,0.397722257145857,5.31762746457235,50.320852563676,3.80244348740036
44001,17.1584443462382,57.4343717916246,37.322686932131,5.24294127624438,211.814881474813,0.282069488359887,0.428917713434563,5.33047055174492,46.6777953148209,3.2208491791569
44003,15.13756186864,70.1875968977664,25.5265007724649,4.2859023297687,417.452613403727,0.202679134040015,0.298146465829546,5.29716994746344,40.7448332203087,3.30629729879652
44005,18.8011451864583,44.9668984474132,48.9997068461669,6.03339470641989,150.995809097663,0.358088055187988,0.544856127122593,5.24248189304703,49.900569240818,2.86907291187898
44007,14.4324951967287,68.0267106772923,26.9018064869138,5.0714828357938,251.945079448489,0.229449564853951,0.339249961737311,5.30639761387563,44.826045246117,3.30860281313328
44009,16.5793349475925,68.3864745190825,27.9855126640841,3.62801281683338,335.659181840402,0.226109314887911,0.287469800318919,5.3291905732165,41.1229645950615,3.38344056897058
45001,22.9469280640662,39.2605427858212,21.3883937950782,39.3510634191005,36.9247090035283,0.20457190276196,0.20443245490129,5.41300827314609,42.5917654934419,4.66683383421643
45003,18.0207700840784,72.5898325659686,9.95737353266379,17.4527939013676,66.8610082715286,0.151809298142752,0.15184661754811,5.15228186108597,196.406266654689,4.99585706083155
45005,19.5101703606166,67.3196023008143,11.9479542060414,20.7324434931443,68.724814932981,0.17272123673786,0.172776021905395,5.04045637214362,46.0311211248997,4.99965937783852
45007,25.9706603068248,40.7906286581143,20.1873784965829,39.0219928453027,38.000027308152,0.195004611875182,0.195004531343247,5.16923354044558,42.3089912417292,4.9579734693053
45009,22.9081851009429,64.0843193420221,12.2361039811344,23.6795766768435,79.7001876419978,0.17099477803084,0.17099477803084,4.84216825883774,111.274221961245,4.94025233046082
45011,22.2819420095251,66.8682448971788,14.8525600366074,18.2791950662138,87.2729419860931,0.194959319199456,0.194959319199456,4.88698407333211,200,4.97469710825197
45013,20.3776680126453,73.5247252693668,10.6858758758617,15.7893988547716,129.714658028561,0.174251826306436,0.174251826306436,5.07934656000161,NA,4.86138993860641
45015,25.2284036142019,55.0202600086702,18.8734248679218,26.106315123408,82.9756832416541,0.218171217932204,0.218171217932204,4.83305780464738,200,4.99231558010762
45017,19.331539917885,62.5812012734249,13.9816119163655,23.4371868102096,65.0711973135071,0.182247481508598,0.182247481508598,5.02893984460237,100,4.92533133981826
45019,15.5649070390972,78.3997670858649,10.410242841776,11.1899900723592,115.610233889005,0.164980027836957,0.165147882059833,4.77452993289034,200,4.92127882764349
45021,24.312734674991,39.3357695139948,26.3753150650296,34.2889154209756,38.1736720055466,0.254093012125161,0.257314142128839,5.19466242164919,43.676711797959,4.38161350558727
45023,22.0786997124939,44.2612049438551,20.2606743142012,35.4781207419437,35.9912621566381,0.238223045786406,0.240683111155319,5.66064238169093,43.8144666342217,4.35288607034379
45025,16.0459690987367,71.1731250634502,13.6309386548588,15.1959362816909,69.3277218236751,0.185888828543566,0.195694751667046,5.10522059698442,241.655176874977,4.44704205770921
45027,23.3189984835814,63.0943170954865,14.1322784057262,22.7734044987873,87.3780317520306,0.189051516136942,0.189051516136942,4.70679160725675,154.688839281379,4.92416506941309
45029,24.4910512879507,64.5210655560583,15.48372022477,19.9952142191717,117.373952868566,0.208778671492299,0.208782453079123,4.85862467537861,100,4.93483928011006
45031,21.0098421954171,62.4832158708432,14.9062924153179,22.6104917138389,76.4251890870253,0.192103848566363,0.192103848566363,4.75340364546923,178.248684110388,4.95898098138602
45033,21.6753840795821,48.989462450644,19.8304977058238,31.1800398435322,68.572301307754,0.197815890160903,0.197815890160903,4.88061735650571,184.147922610898,4.94001771874543
45035,25.5092469063849,60.7034038436709,18.3865620279313,20.9100341283978,72.0235325625428,0.224959313044941,0.224959313044941,4.86677306212993,198.773006134969,4.99477032593445
45037,23.3361618370121,51.5316609973203,19.5565508166735,28.9117881860062,60.4693591390792,0.19802279183287,0.200333480222816,5.19294743624572,69.5271173450061,4.85182402456074
45039,24.5166781770936,42.3858964675758,24.4672745124642,33.14682901996,48.9309363330605,0.242808826232191,0.243285098324946,5.46631930007919,44.6356922051476,4.66153434888348
45041,24.758920355806,62.0603699520241,14.8652865144118,23.0743435335641,78.8682785078574,0.190566010698038,0.190566010698038,4.82174963255212,168.611923199546,4.97575588028339
45043,21.6380763696455,63.2579913525828,14.9205049115588,21.8215037358584,100.396236204687,0.177653902481463,0.177653902481463,5.22040870875501,192.17083993618,4.91813130473186
45045,24.3826236144623,40.9413233771511,21.1006295271036,37.9580470957453,40.8529671552499,0.196805937318032,0.199669987273112,5.16372056215445,40.7926189385383,4.95101106662487
45047,23.3555860233913,36.7943460249781,24.547218556128,38.6584354188939,43.3702389924712,0.222803864500838,0.222860876526622,5.50385902745795,44.2724456915935,4.7463155318886
45049,20.978108414231,67.7861213835559,13.288348231239,18.9255303852051,62.1841561825155,0.185463164644675,0.185463164644675,4.86409866265337,85.3228821223998,4.99876511091383
45051,19.515390791338,70.3181594041206,13.4115750226166,16.2702655732628,92.4048760699619,0.18546026598327,0.18546026598327,4.96263535156225,197.087660362263,4.91784616569147
45053,19.5681192879898,72.2657494416902,11.3468551820888,16.3873953762211,101.146581157904,0.18806859039369,0.18806859039369,5.02588254234043,100,4.96564529624047
45055,16.4257202731029,74.8350274291119,10.6646861205837,14.5002864503044,165.764944071204,0.134690260800239,0.135185095424782,5.3151023188361,186.472751870465,4.8768091527604
45057,21.2105539939016,32.4141687002879,36.484588909101,31.1012423906111,52.5179290719955,0.288898554576026,0.29944175688662,4.90145903681108,79.9179682490116,4.40784120164811
45059,25.7419951193283,42.8711488619727,18.9956293199652,38.1332218180621,38.1637051931955,0.194316661401864,0.194741052164265,5.25458637751129,44.0461649506298,4.82432740763338
45061,25.4761679864756,62.4340620492995,13.786570974402,23.7793669762985,71.2955299055379,0.195411684538961,0.195411684538961,4.84202948184551,202.174001838493,4.73778279094767
45063,19.2879092521248,74.7732073904318,10.8192417213322,14.4075508882359,66.1866881988715,0.164084138645847,0.164183866902519,5.28541309786291,103.485666718496,4.86151001297494
45065,22.7435268407766,32.8882279807118,31.712827156976,35.3989448623123,48.1525077377093,0.269989101265128,0.2735956385639,5.62057424207947,46.0126455824312,4.53923599038677
45067,22.8486297148932,57.1392571708093,16.7174457245268,26.1432971046639,129.654027943981,0.188493382300168,0.188493382300168,4.97076079433015,174.19777558451,4.9427044032765
45069,21.1963518113441,54.9897915973546,18.5339413256743,26.4762670769711,75.8209808869055,0.204878439273755,0.204914572166958,4.85668993274907,166.41528794486,4.95989719793773
45071,28.022317484845,41.7315319016389,19.8291031882516,38.4393649101095,41.9788153915539,0.203006723169231,0.203740446908474,5.2201745953755,44.6848035460217,4.82446135130612
45073,20.8052902458636,44.6802598069366,22.1118203776448,33.2079198154186,47.9345393028971,0.216541491928098,0.216644893717557,5.34458868653105,36.4502309419891,4.82246820047331
45075,21.5539835451956,62.0996218645736,14.7825194444804,23.117858690946,66.0748902000754,0.189816714652935,0.189816714652935,4.99792088428449,100.27499881466,4.97957206051188
45077,20.1146233288728,39.5176622349176,22.2387878578943,38.2435499071881,36.8012751132505,0.195946169288211,0.196080168122424,5.2299051531777,59.2814846772998,4.70372753270957
45079,23.7367497431289,56.851629477797,19.1965939887122,23.9517765334908,79.5559185138386,0.209438324109179,0.209438324109179,5.37508219621001,69.414700030025,4.87979267035602
45081,23.28240777953,24.4741340617235,42.0939205944204,33.4319453438561,57.1881505642251,0.335894272924729,0.335916862813284,5.07492223078584,51.2305222504453,4.62863073454639
45083,25.2565802323405,40.8369056010933,17.3046332508718,41.8584611480349,27.8091805177349,0.16647007997818,0.166471460336829,5.1448824482549,42.3951071817006,4.78339082288774
45085,25.6442410133419,61.8266698082144,13.8513241947457,24.3220059970399,84.9000585159948,0.187764778134095,0.187764778134095,4.91264753458494,170.856707998131,4.90288266193428
45087,25.616760121196,47.7469004034625,17.7811818694554,34.4719177270821,51.0181240790882,0.243181535483169,0.250552812609475,5.53827327616419,43.5680514506909,4.73562577569464
45089,25.5793327616103,59.9401307287744,16.8988310554793,23.1610382157462,58.554617051081,0.218528579984146,0.218580665405223,4.95305992008146,194.638728794243,4.91754196714972
45091,24.821042108806,38.6056691887596,20.8046771088728,40.5896537023677,37.7751574860768,0.200091161444607,0.200116513813575,5.5239964582536,43.7196304978595,4.46270396260409
46003,25.9191470332118,32.7475194159496,36.7440365351004,30.50844404895,184.094328222912,0.309155847178422,0.309830053055243,7.66543777778052,60,3.93147572542268
46005,26.5874564161011,37.2232134035965,33.9489514002561,28.8278351961474,199.269092944913,0.295357329258842,0.296263830213801,7.62853405785011,56.7947098187224,4.48427835284147
46007,25.8928898472148,28.5391125349702,47.5055105409582,23.9553769240716,157.859263083422,0.38158951117166,0.384516340578985,7.72985473322787,49.6316801362954,4.27366066476045
46009,26.7726501902025,27.8559238562165,43.3630838327513,28.7809923110322,218.186663130659,0.336819371077741,0.337392729527377,7.51784346163787,60.9015876141326,4.96758653738423
46011,29.935560686122,33.1581195480162,42.2589852665097,24.5828951854741,287.890008216878,0.314520379175144,0.324647865228058,7.67336855161378,61.8877397593908,4.58098395325574
46013,27.5266995799774,30.3633500255988,44.0311221630107,25.6055278113906,241.630493046639,0.352621102220303,0.353302692435506,7.70215192269035,95.319262918754,4.49362212329239
46015,26.6487382360585,17.4263507620655,51.4617923986654,31.1118568392691,173.422767833988,0.378703158164314,0.385267754291714,7.63638791992859,51.473942965214,4.40852461258204
46017,20.842335323834,15.3793096840684,41.972230108016,42.6484602079156,185.491417304079,0.357085992648111,0.361425081852713,7.76024495795217,55.1516834840298,4.51072237155605
46019,17.1259496006748,27.5868143016114,28.1291685857303,44.2840171126583,103.408131464417,0.321541067466687,0.324439705127976,7.61084764204065,44.9065730938205,4.02343517568607
46021,27.8352927923207,37.922160276684,39.1136174326742,22.9642222906418,226.717410549954,0.333643064437481,0.334284008832102,7.67024675754973,80.4981097154799,4.57269300877105
46023,27.8952367755808,19.0035372999418,49.5669661693018,31.4294965307563,175.999000419169,0.355069191606018,0.355255061559825,7.62560372867947,58.1080959629402,4.7615381490144
46025,28.1701677293253,30.0693277837962,43.0653708648444,26.8653013513594,246.636327427981,0.330949499826313,0.334234914723991,7.63322425224323,75.0291137267684,4.78006026114445
46027,26.5325478703186,21.0841335247302,47.7710997658442,31.1447667094256,209.722677631689,0.347361883232957,0.348174574462566,7.54301712877608,57.5385163000786,4.88041931423203
46029,30.9748132058934,27.6330537287278,45.9416348027971,26.4253114684751,226.233961157529,0.335625138542487,0.343814983934894,7.76943540266626,59.7869524760983,4.69634034394456
46031,17.419227914681,33.5070768960693,38.4043265521122,28.0885965518185,150.649249542911,0.31263422657402,0.313151948749486,7.63587406749278,51.7835872843454,3.32185686206193
46033,23.8785546059108,31.8031663095015,36.4060398580106,31.7907938324879,169.497819654342,0.30191877174651,0.321433734296808,7.65482215372924,57.0273144155273,4.41310969857107
46035,27.4330131213117,37.9428187154121,34.9641686912331,27.0930125933548,198.68044232557,0.300053877982613,0.300658165568953,7.6071531140619,60,4.76933654725777
46037,26.6373108072627,31.188378855103,41.9095013155176,26.9021198293794,234.96857928407,0.327576227157193,0.330021300122948,7.67777998217363,62.3222053772144,4.7391345797675
46039,26.9222268261408,28.6889946573838,43.5806276068791,27.7303777357371,282.687632842605,0.321790126916005,0.326214875223901,7.5913968152218,58.6759036156947,4.78609518324815
46041,17.355079397674,30.4422777865383,37.3493596513479,32.2083625621138,147.095570566566,0.32518632894284,0.325195704584283,7.69205252236196,50.3891086493757,3.3043831623891
46043,26.9506024995041,26.2936023390975,43.5450263838464,30.161371277056,192.926706743789,0.328173760325121,0.328632220834037,7.57932664907628,60,4.77885479621018
46045,26.9150302392684,32.7566063114449,38.4270842490191,28.8163094395361,245.141042425891,0.339145687301248,0.339483741618361,7.67475739991329,87.7084643658874,4.51832446159284
46047,22.3057639220519,33.2003016414375,34.8276836801062,31.9720146784563,129.993463735636,0.308061742887182,0.311170925823575,7.63454699063542,50.1685735517544,4.58186342397057
46049,27.4284775388563,34.8265510945665,36.5947098548535,28.57873905058,238.129507540785,0.32147922775857,0.321919213965051,7.66591425985475,86.6751695642236,4.64616845993453
46051,25.2145414032317,34.5858779169024,37.346069474146,28.0680526089515,237.253300456486,0.294494970064906,0.300140865123174,7.63216779009783,56.7409755221813,4.74231215018611
46053,21.7176650750203,23.927802299724,39.3653935817246,36.7068041185514,161.62928083509,0.312767940607049,0.314472033068555,7.44613011442784,58.0442156119678,4.38684247356649
46055,17.5096243808379,20.251773833167,35.6255536916272,44.1226724752058,156.754168569504,0.342464483823379,0.343565267512076,7.75044731006138,48.7359585937447,4.38896877923185
46057,29.0070459121632,25.4409024672771,48.8589037154012,25.7001938173218,254.939598872745,0.348936732090086,0.356602243851025,7.63382669247348,58.7764105193136,4.70230493144355
46059,28.4146211425375,33.8024948309615,37.4088458046919,28.7886593643466,201.83353758412,0.318126061048828,0.318599271493002,7.66611780060848,57.5949705338727,4.59816508902361
46061,26.6723137059971,35.6816907538441,37.4533607712522,26.8649484749037,201.231382867973,0.321253494317946,0.325483190929719,7.55848248752727,NA,4.88841259367975
46063,14.9615078412633,44.0658778335467,31.4148704217992,24.5192517446541,113.993514049045,0.315039892557918,0.315155949464704,7.63101304965923,60.0506342802285,3.0340745398492
46065,27.3920423528277,17.9740383226342,52.1726949718231,29.8532667055427,171.298562979739,0.374539238657244,0.376159119238521,7.66758403488766,63.6689250287907,4.49083596742857
46067,26.831898341733,35.3484470919875,37.9194446996705,26.732108208342,203.640115368766,0.32246303479048,0.326914735087317,7.5638982589618,NA,4.91423904154172
46069,25.8741174851613,26.2560552235981,42.0783239239697,31.6656208524322,145.010741772371,0.338084812536488,0.338394010030852,7.7029372540463,56.3426574371133,4.31387843909214
46071,20.4545997309898,27.6452981618117,42.1118185318062,30.2428833063821,137.035464067167,0.336711138311191,0.338658785739773,7.71465533469475,54.5607147421269,3.92206636992614
46073,25.599087956793,32.8748912550504,37.2535688823983,29.8715398625513,197.429189707565,0.298356504220968,0.299233796934547,7.65399331147822,59.9875211474626,4.46294060125312
46075,17.5766964736507,14.9469164853959,35.0105345056648,50.0425490089392,171.276600653592,0.327008236045891,0.327898865187721,7.75280703206777,54.8886820999754,4.29903325515161
46077,28.1056231014191,26.3643085231657,45.2956967694132,28.3399947074212,229.161462616437,0.344132815995912,0.347569532467011,7.5938156223648,57.1427973421635,4.72276679363114
46079,27.9691064259625,18.1098149081928,51.039978124971,30.8502069668362,216.513136930816,0.365544738992185,0.366603331085548,7.5273092057338,56.7986996575386,4.91229123256012
46081,22.8719880086713,29.4331778069506,43.6359278758429,26.9308943172065,141.175742684095,0.38355861814214,0.392799922846774,7.74069173518034,64.5530979572291,4.52417668003092
46083,28.5584120073235,13.8475150991001,55.5835189161756,30.5689659847244,232.203957347404,0.376771659596973,0.37751439352261,7.41146948508758,47.8437467939362,4.94469206723231
46085,20.7781845786625,5.70298926415058,39.4586333606112,54.8383773752382,151.819641697713,0.36194941722969,0.358648635521565,7.79630086702019,61.4320382276011,4.76232685268842
46087,26.6109154000818,33.7005438244422,38.3251662817931,27.9742898937647,202.831291462077,0.307429447248781,0.307925639366061,7.53218784282593,NA,4.93406964536499
46089,24.3559390413744,41.0022686797122,32.7887563089218,26.208975011366,206.848648460897,0.288389969379742,0.289675362542169,7.75288504359012,83.2377169742474,3.91978985786758
46091,26.7825863258632,28.9568259540927,45.427530438614,25.6156436072933,267.553961515897,0.335689206664937,0.337041365151992,7.64822425205782,102.208777534321,4.71694386633676
46093,23.3202248417758,32.7612392579234,34.6270107540649,32.6117499880117,132.862580413604,0.315372069041329,0.318130800872604,7.72029262352248,64.6937919332062,4.22963691927187
46095,18.3137118579125,28.1796360125094,34.1905134320924,37.6298505553982,158.514281330887,0.319622362176999,0.32504018605738,7.67170077548791,52.7341069777503,4.03724416193045
46097,26.2491465473352,32.4716116651813,38.0910942193006,29.4372941155181,208.956478232256,0.310770561311439,0.312013579229388,7.56500260211277,58.5114503816794,4.47085066457347
46099,36.8256678587735,19.8358344844171,53.2300661243565,26.9340993912264,233.109356077713,0.382476645443233,0.384637881608359,7.58745354268309,47.896908700075,4.84636524195895
46101,29.013989997234,21.2772894799513,51.7839990759475,26.9387114441012,235.004933638627,0.359471931265331,0.361530138244124,7.47106066279251,55.6809088106179,4.79990266641338
46103,22.1977762800021,28.7269659985664,37.4005923940722,33.8724416073613,144.25910088558,0.326728311514596,0.329597241230594,7.73221911503061,56.2774446083297,4.04567078442288
46105,17.0099094435456,33.2610072116531,39.4359010854116,27.3030917029353,144.040618727234,0.334839916654198,0.336276032136791,7.65685295867509,69.0035859770203,3.40077549738294
46107,28.7887198019831,16.6218328690988,54.4179742065983,28.9601929243029,185.056637118357,0.386901639691704,0.387755609556532,7.68472928642143,67.3805772154826,4.7313656211768
46109,24.9802428503844,35.4272686824898,38.4108259409024,26.1619053766078,231.346565753533,0.318319159197205,0.322177656382869,7.63412900174779,51.5147619025524,4.80599550140123
46111,24.972964505645,38.5789101897275,34.4818295320389,26.9392602782336,193.035449737906,0.299624538319446,0.300325437125218,7.58840158804266,57.7679891024621,4.49547852183264
46113,22.4708012609329,33.4929809327026,42.8421328922422,23.6648861750552,136.78625773124,0.36498476248414,0.3654101057202,7.72978732033092,60.822221797612,3.97227608342618
46115,28.3939207486045,24.1257358672352,47.1120451213356,28.7622190114292,225.168820062429,0.363000271752703,0.364092436991199,7.73346388356206,66.9875045214786,4.29469170349919
46117,13.8020247660399,8.37145928485027,34.4525046405319,57.1760360746178,197.555957749011,0.35294579542807,0.353112640083226,7.80034894762742,53.2487226718686,4.01573984847762
46119,29.4868301735219,18.4842531402991,51.0074951992699,30.508251660431,167.757594379657,0.373619751061265,0.373834114511825,7.66421997741215,58.6896210104103,4.70498337549896
46121,18.3120887311206,53.6671614746912,26.1031414725028,20.2296970528059,126.26145987885,0.257515210797047,0.265260304767986,7.41836116889841,70.5106065324228,3.71260989890877
46123,19.9630557249533,18.2820693748101,35.8434852255009,45.874445399689,143.221587020771,0.3338936704908,0.332987072837418,7.64482233952268,60.1334521716832,4.56268945173659
46125,27.0289127366863,26.7535184298239,44.7082329198686,28.5382486503075,206.270422802378,0.336089453687144,0.337391674240775,7.52495535428683,60,4.80340351285153
46127,30.43129530928,13.8363552628885,56.2290911971362,29.9345535399753,221.753331697121,0.379564700956363,0.380099541615883,7.51426406488883,43.6698536068503,4.90672532906134
46129,27.183889516812,21.428183406044,51.0342248724569,27.5375917214991,181.130816989433,0.384569072361414,0.385565387096327,7.67102785708958,70.4559398837948,4.72425513952172
46135,26.9782978485486,27.0808694721387,43.727740271425,29.1913902564363,211.01133357863,0.330570100719704,0.330873911856608,7.52119665214823,NA,4.92176080933198
46137,15.3234604236676,22.686079103385,39.8139577389054,37.4999631577097,127.806059200394,0.324311464956907,0.324634752484535,7.73995161138364,56.6286092617817,3.0876572238513
47001,23.2412392873401,18.3251604926917,40.8064228836752,40.8684166236331,63.0809873246356,0.241755243248808,0.320611685085383,5.19859055285541,32.0180695445713,4.29766407437834
47003,18.1027564767686,17.9385322688698,40.5274912850223,41.5339764461079,87.2995734936653,0.264186790704879,0.281637133433433,5.9167457556546,43.8536416529952,3.4061146551546
47005,25.1996685106293,29.007710728133,47.526435373174,23.465853898693,89.4353338865206,0.350275519276853,0.402533344540863,5.13400792382741,61,3.82973178947121
47007,18.2362636088747,33.1035542917479,36.2971142332183,30.5993314750338,53.2867232230345,0.271497308456269,0.296012997280032,5.02455503829818,32.7953095477526,3.53801471472566
47009,21.0027113995359,20.4549872822894,41.3639636127452,38.1810491049654,84.0625527259129,0.242237484533754,0.295516984367184,5.3323800264032,33.5885337493181,4.41064168437504
47011,17.6803851912008,16.6225774363501,47.2030898919132,36.1743326717367,54.8838937301706,0.295514158168945,0.355308930951407,5.22934446190511,44.9521799998252,4.03255466025536
47013,19.6457604831781,25.3027704769171,38.3219603744283,36.3752691486546,74.4139566691405,0.208537000332048,0.293570620432773,5.0801865100081,24.3980094298721,4.60070707837755
47015,22.2589502675769,18.5461994169972,48.5490918222738,32.904708760729,88.0335982554866,0.322945376717025,0.364168805775711,5.45507677054899,52.4488956460051,3.58332680536267
47017,25.7823111009949,21.5342618726311,58.1904872260035,20.2752509013653,72.2048135074107,0.436733569800177,0.436733649389773,5.21606800204707,58.465920723478,4.59021160456197
47019,21.6117780546436,35.9469758440989,32.2091097740433,31.8439143818578,82.5719918996653,0.254683238563001,0.289948512163337,5.40636719382158,15,4.68416046882817
47021,26.8053111464809,17.5301705488613,46.297315433721,36.1725140174177,96.8436541022958,0.284222561904658,0.337829887399673,5.43518037366356,40.3756394943948,4.56547604821909
47023,21.6387267062422,35.2433579496044,40.831173096542,23.9254689538536,53.9589377747136,0.378695739428782,0.378695739428782,5.20112280673298,48.6175011337868,4.42579338151673
47025,23.4869236070092,21.6150445519335,37.5814227945379,40.8035326535286,82.4752486156944,0.198177845217816,0.278589433512376,5.15863714441739,60.8934037720944,4.3755906285322
47027,24.2556985384436,21.2364207916826,45.1781574397273,33.58542176859,93.5232695249736,0.285770827581756,0.360184581875929,5.44549350026813,51.9086752526384,4.3272077840251
47029,23.5461352393926,35.8519936428319,33.9962046971172,30.1518016600509,115.279697217513,0.259147804541873,0.29601937981082,5.71929520031034,28.3796757771352,4.1542482055237
47031,25.2833931960825,18.577578850721,50.3201274397092,31.1022937095698,92.1865113625459,0.327195528027682,0.379083190386424,5.14651938333375,53.2135998403988,4.41850226099917
47033,28.2965716324677,4.21998774046179,75.3203917585355,20.4596205010027,71.5122679784673,0.551323696943374,0.551323696943374,5.6519731703793,148.140593562321,4.16543526044961
47035,12.6271873349666,38.9080013717593,34.2991487226866,26.7928499055541,53.3958031225359,0.288845757408031,0.298021137375097,4.88531231115647,37.4803815220689,2.53663797135189
47037,25.6093187779563,17.4402098019811,49.4204775012571,33.1393126967618,103.852038388912,0.322856550538532,0.340433823806934,5.74797005814826,70.4856664844164,4.17640998804644
47039,24.6682539412202,28.8320274032832,45.1082929805071,26.0596796162097,62.5169915644473,0.368465045103311,0.384354906317682,5.15459634911533,47.2837051884765,4.27949305878179
47041,24.4541367358519,18.7425041160378,46.5699500118168,34.6875458721454,86.1397017047042,0.300279304427778,0.345277339612928,5.13912554635691,53.4624533293554,4.10360240122512
47043,22.1191997624346,20.7915533417466,41.361257862158,37.8471887960954,85.1980733944649,0.210260870069575,0.292212688622023,5.33347782928904,32.953772451839,4.63164074929094
47045,28.9204512870741,13.3852758110105,59.0139922832176,27.6007319057719,114.215907481419,0.442358831661912,0.442358831661912,5.79676655852001,58.2237741191673,4.70140912279509
47047,31.3694520684785,14.6979822005895,67.5516482061348,17.7503695932757,104.669554203166,0.5296553349164,0.5296553349164,5.37586140120022,57.2869326139879,4.4140759588152
47049,19.2368879171784,30.3651237485649,40.3833634651817,29.2515127862534,70.5463439597772,0.318169450807704,0.334805301367835,4.88270620030858,24.7341015625,3.25092850778259
47051,26.4179263052374,21.0725483960669,41.8281296433318,37.0993219606013,85.7908551382343,0.277562046226473,0.307957711841232,5.29996703798468,51.7742500827025,4.73269960248429
47053,28.07054288968,14.7370065867878,64.1132073786702,21.1497860345421,74.1480860522483,0.500483622609099,0.500483622609099,5.32301152710722,94.9721899341968,4.0195316878508
47055,22.311684478883,17.5014359011177,47.9031191126101,34.5954449862721,132.322243532247,0.236042082758904,0.325764086327411,5.63345973900652,41.1233839323305,4.42701143430345
47057,22.4065756850536,22.0996198607984,39.1214558165201,38.7789243226815,65.9830801009036,0.241643979784454,0.297305099404574,5.10045151340814,29.8887010748929,4.51443591375021
47059,18.2338307352351,23.9358309394288,40.5171112087742,35.547057851797,83.3117279646541,0.236936230244487,0.318867846603708,5.69582405767227,56.9446116599149,4.08000018414218
47061,21.0369890929912,34.9825981398455,37.5635435388355,27.453858321319,74.2728567612167,0.306912047492839,0.319409640227632,5.03806708558812,78.3979360337404,4.06184108243504
47063,21.3917120888744,19.5586972226283,36.3552039156569,44.0860988617148,70.3447514763201,0.21880088897787,0.275001945364753,5.46215803981992,35.376258420517,4.07657438834436
47065,21.3259923033241,22.7577969187748,39.1103493467667,38.1318537344585,63.6001348951958,0.244107970319938,0.310716519395335,5.14253069514165,31.350242858795,4.23311256014928
47067,21.9114026764366,21.8140514922079,40.0394123604054,38.1465361473867,98.9776471323045,0.225446730542135,0.304348960580489,5.31054938512218,33.5241465739729,4.48780442217281
47069,22.5023900466833,26.6614284361181,49.881187281503,23.4573842823789,70.0016458403661,0.403255337466151,0.403255337466151,5.22241551442098,57.6780561883068,4.6627425122004
47071,23.8235445139514,21.8662225197509,49.7526364188775,28.3811410613715,93.5566681985899,0.358912447644285,0.379449370681783,5.21345725777175,22.3386719686928,4.53428015262588
47073,19.6319539297782,22.2388368369969,42.1673335038412,35.5938296591619,75.4190232468489,0.266710715597172,0.326602159586117,5.59361372001732,32.2102650102572,3.97471970534948
47075,27.6188868287449,5.84442902067928,74.4266581591477,19.7289128201731,65.9443780651127,0.539769459369198,0.539769459369198,5.55166301059241,57.8094932643968,4.47505459852295
47077,24.6348068850665,35.1663587689383,43.2956515060457,21.5379897250159,80.984475687873,0.375851589389467,0.375851589389467,5.0703074864021,35.8236371965186,4.74635629175194
47079,30.532945136268,27.5543619154925,50.1425958847738,22.3030421997337,92.3237502469277,0.393439782404133,0.396504047472056,5.34765429075388,102.365662055336,4.28969581876061
47081,25.2419245616074,17.4280988314212,50.0049982715137,32.5669028970651,95.9128312059514,0.275023812723479,0.348340741997922,5.39019965454798,53.8943913797107,4.37376976776767
47083,22.6919367103101,19.3916954728611,50.3867808100075,30.2215237171314,89.2861561884632,0.28120423549031,0.37975159014225,5.20485190807556,44.0201046671242,4.57791721067217
47085,25.0787439713894,19.0847696784251,54.4041475779261,26.5110827436488,114.172680657871,0.303932869635022,0.408894614552487,5.31001044261986,55.3393284302294,4.21871750235193
47087,24.4974309455622,17.8217254923879,47.03639183447,35.1418826731421,109.670937837514,0.291167903146357,0.34302727563983,5.47281206186327,51.1954604365778,4.2000176359438
47089,22.3558934309973,20.8898822072733,36.5917922112498,42.5183255814769,64.420939016014,0.231659118294687,0.27143427318171,5.27457929491927,31.4691731371659,4.40092025607123
47091,20.1634790159411,37.0685156466194,39.5385171212732,23.3929672321074,123.587412672653,0.26139525911722,0.342088696543167,5.2383067404671,20.631780167264,4.33437702773665
47093,22.2056410716795,26.7627771782123,37.6193162194025,35.6179066023852,71.6501836588279,0.255612697599285,0.297043789108933,5.54398125069854,65.0515272898009,4.38184812560584
47095,32.8950200155559,16.1148997020793,54.4129588452424,29.4721414526782,199.024288434348,0.402953350318307,0.402953350318307,6.82341895941367,66.6084587809793,5
47097,30.8566651598687,10.7412060691477,65.9986458000011,23.2601481308512,85.8559512745673,0.492983761586355,0.492983761586355,6.04900771764051,89.9713631640621,4.79169749863249
47099,18.6458097621422,16.429094320602,54.3253756450064,29.2455300343916,65.6137834804392,0.238295035889892,0.402253123203088,5.03797873961173,32.7844902648784,4.5559110021917
47101,18.3603747116986,22.4277749044536,50.7460527268368,26.8261723687096,75.5090388645178,0.248761044705131,0.394111693504406,5.15244738189869,53.5442724349226,3.663261127877
47103,23.9073602458254,17.307022010871,48.2038868961209,34.4890910930081,87.2475490481366,0.310874345923478,0.350146933118729,5.4445899405317,49.5059826628755,4.0974852060233
47105,22.1616798687074,20.5224077676737,39.0233394465656,40.4542527857607,79.1024547853641,0.240847770022615,0.278563012523481,5.18262170099664,35.258966127261,4.71386761726177
47107,21.5130319791264,24.4958684454814,36.6791900024724,38.8249415520461,79.6071397895925,0.215058419194003,0.278774214691674,5.21928879649362,27.8648513694758,4.19005130971888
47109,22.8205297027363,39.9481707716632,37.1243567685063,22.9274724598305,70.0156038291221,0.349188339439777,0.350091590467809,5.14615406191251,21.87,4.69598637116689
47111,21.8219664239913,18.6033172997656,48.2683163037501,33.1283663964843,80.6358058820695,0.258917604721506,0.375124902345042,5.13743717000601,43.1105954901732,3.96160100916774
47113,36.1138450171042,11.5238703560039,67.9349150246412,20.5412146193549,90.061732799112,0.488868508073866,0.488868508073866,5.317178246906,73.6863273955555,4.63273765161492
47115,21.2670600115772,30.2131678820277,40.4583113285684,29.3285207894038,100.465452826256,0.292882099815538,0.314259976265476,5.28977289015525,55.0381781911578,4.37748999118943
47117,20.2809685873129,19.1843410386217,40.1943966296668,40.6212623317116,84.5650841651082,0.272412263289729,0.287780515707584,5.7745236299414,54.5682230971778,3.66258734189531
47119,21.9946461797357,16.3548526755385,47.2309382742596,36.414209050202,97.4129527365984,0.278564314997449,0.316469591905578,5.82961898187821,61.3254554366644,4.06001512310057
47121,23.5902986907155,23.1668328692315,38.4487129623115,38.384454168457,87.1552243686752,0.252506893988556,0.297927785008579,5.599346838653,37.4365790802344,4.26133746522695
47123,22.5125922650763,22.3078233645324,37.1827064173637,40.5094702181038,61.6294585216645,0.255641014652433,0.290872074119419,5.23242518088809,30.6029263175398,4.34875241729694
47125,28.8494196038024,17.4991816199996,46.6341370491033,35.866681330897,102.889913134357,0.284242135503056,0.326451723318733,5.46168309223303,46.4363099057139,4.74465906097571
47127,20.7443913210879,18.6613903462654,47.2095288613244,34.1290807924102,88.5848387152103,0.261097596438633,0.345309558134218,5.38640230130315,35.3553279898668,3.75192126670051
47129,14.640082847991,30.4970498817741,44.096895706846,25.4060544113799,73.9283721249929,0.350070521360059,0.371005595681855,5.03601069755795,40.2818984337921,2.89484346393677
47131,33.4749906989069,4.45994745752281,75.5027103267977,20.0373422156795,83.4273126967329,0.54408839929526,0.54408839929526,5.65963376648607,40.2902324250428,4.49241416017356
47133,25.4847138741244,27.671555855283,37.8392840069537,34.4891601377633,83.8679155352133,0.256292607272996,0.305752912103617,5.29369739519671,48.3587226984321,4.5294024930648
47135,23.9893113092852,23.1010151505761,50.5985704602371,26.3004143891868,109.529998465081,0.295933530975511,0.383944928665116,5.48240887013324,58.6854185356626,4.07518143456663
47137,26.8724777165483,23.9678838813761,38.3199234364234,37.7121926822006,81.114207347522,0.268597209132176,0.286561742946134,5.0047972958946,23.1513763553293,4.85352870301404
47139,23.21417035546,30.2921685906964,36.1849941548596,33.522837254444,131.918352374706,0.273981563385461,0.293681533167162,5.19816354705086,31.4588946839747,4.63982133307486
47141,25.6139857156415,21.454719220999,44.2571424700434,34.2881383089576,84.9094241132685,0.295377667494297,0.33022344340036,5.20824452986536,42.5366457549406,4.39462853605852
47143,20.4760676661774,27.7778903630921,36.2249454402108,35.9971641966971,64.5698729020353,0.228095416729678,0.292359311588953,5.39646070128632,29.0644399665703,4.245032693079
47145,21.7614542465702,23.1890502168988,38.0664660510067,38.7444837320945,61.297645871711,0.227111970325784,0.316333807529056,5.05563673727977,62.3269259817916,4.20986647566237
47147,27.8663237244694,17.9772673528361,45.1786438651155,36.8440887820484,102.137411627747,0.284071364798242,0.321712982162638,5.42481019570205,37.4293944604555,4.70908799859495
47149,19.209670950579,16.5715416671777,43.6835583181946,39.7449000146277,99.4363268097183,0.274689514274184,0.294055470883494,6.09413107587367,57.9354066618829,3.3754648183519
47151,17.3845069950811,29.0975278965861,46.8176581096999,24.084813993714,88.4080041432682,0.361706598908279,0.38773001951022,5.07596761043321,48.2638265802125,3.33088829608798
47153,22.9571644941028,34.7914412170991,34.7595819223927,30.4489768605082,69.7759094583486,0.266972189939752,0.297988606390081,5.09284639209255,40.5311891891892,4.38876284693834
47155,20.6547080919415,26.7785361335865,38.2583202887039,34.9631435777096,69.21454613686,0.263003064566164,0.311579092132725,5.64104451309374,28.8948468626139,3.95145670586988
47157,32.9567391712677,9.67852361116234,70.0952436129891,20.2262327758486,113.693581581625,0.496234450539391,0.496234450539391,5.60681428767061,67.9922527592725,4.36332581753925
47159,21.7655417066456,17.0601222576362,47.0021706745121,35.9377070678517,94.9574889868759,0.293354724671153,0.329556240656595,5.82418908003775,55.1945104410098,3.60481616655049
47161,24.5327383413637,21.4113611461137,50.3950347379315,28.1936041159548,100.224216396327,0.316688293904286,0.39290379008555,5.32046913717996,55.3885846691296,4.22151432706603
47163,21.6759057747015,16.7488007310239,44.4103706459522,38.8408286230239,74.7630182831031,0.299745370101572,0.32904380649218,5.41582260571586,30.0146432002795,4.405251596091
47165,24.2550480718416,16.5294487603729,49.3607788880083,34.1097723516188,88.8437407669499,0.33292446970769,0.366149496335434,5.48663509916343,45.658162424044,4.03986241070623
47167,29.7042052026898,11.541744642904,68.1722890285105,20.2859663285855,81.7129266996706,0.507560634614001,0.507560634614001,5.87412634115521,52.2895943513686,4.54615718483715
47169,21.9443360274499,16.2466809059747,47.910201617822,35.8431174762033,92.0189268017357,0.320071264696866,0.333347581265514,5.91204667453382,59.1965032826498,3.74206462135159
47171,21.9929153466932,40.2546800593639,33.0378710377283,26.7074489029078,127.654863839097,0.245500746061537,0.28985242891699,5.4357292471073,15,4.59806213555434
47173,19.3745450406659,18.4413253526219,39.6121403821626,41.9465342652155,74.0299330083395,0.203610265079175,0.295524755855821,5.17619705073517,37.996486764795,4.05999344673711
47175,24.4337789624117,33.1804954959386,35.6601916076871,31.1593128963743,80.1540210225946,0.278224311174327,0.312320412604058,5.07793057287936,69.3771496035362,4.26506685273635
47177,26.6149671611792,22.008894302276,43.3620845479298,34.6290211497942,91.2462357773339,0.312746601424796,0.325220769761476,5.22546168288303,49.9312197659228,4.56307325293866
47179,26.6701878287852,22.885463332331,35.5524419934941,41.5620946741749,83.3417270531158,0.251685163240289,0.26460652763019,5.26051833258035,54.6815769131937,4.77585831069019
47181,18.3984779666134,25.7546376336446,47.2827246378703,26.9626377284851,75.6367489586945,0.232297664505762,0.373308451797487,5.11173801118328,41.416245174654,4.09743407887806
47183,27.3755948525896,7.92147500010237,73.0324314897381,19.0460935101596,63.4174665149833,0.557872394289358,0.557872592617056,5.304476532756,63.2649225087371,4.24198084546438
47185,28.3118304599368,24.5320435624123,39.9457064611463,35.5222499764414,83.7061959437986,0.285044237639742,0.308778133912402,5.2179368477551,46.0912354036216,4.82206488031068
47187,22.8607163552876,17.2891602929233,48.9383762733121,33.7724634337646,99.7676945487503,0.296665932198683,0.333651964129484,5.80556014643644,56.3751309566074,4.21688254404981
47189,17.031143796848,18.449271101747,41.9528478733166,39.5978810249364,73.2396466826684,0.265026583300074,0.286897760321019,5.93289138671109,60.9454749511076,3.10361161007591
48001,22.6681974319011,57.4362548824262,17.040593118511,25.5231519990628,142.016873034521,0.213960933319354,0.216717560593164,5.55351103574334,52.1831028979631,4.81638939676279
48003,21.8031105450044,66.977167586547,13.2923349712803,19.7304974421727,123.546662807793,0.176341914906676,0.183795497596408,7.43029766815059,64.1240647034588,4.63956818415206
48005,24.8377149125884,42.8762360958618,32.4948851525188,24.6288787516194,132.795510455896,0.354338688364531,0.354624508937323,5.4162390209716,56.4728978318572,4.10620467245255
48007,22.7362006673718,32.0021572216107,24.3918874500429,43.6059553283464,167.081621224749,0.254139214627547,0.255056186286876,7.94717937427173,32.2804342722851,4.69010376781863
48009,27.3997038496634,30.1436879197768,31.8248442361042,38.031467844119,124.152697818577,0.278990985733344,0.279805672641727,7.62703950426071,55.8731855240858,4.59988492872275
48011,36.4067012838378,25.2054848835083,31.2712494560187,43.523265660473,215.557163169963,0.267211031999111,0.267242596622089,7.651727285261,36.9657193583631,4.98284967694168
48013,23.9636004601351,52.5975145543889,17.5310554458867,29.8714299997244,161.804740036987,0.217545926412572,0.221120841631791,7.22817550158936,77.1075728813437,4.79391146912841
48015,26.6068929780199,39.051113379053,25.2891202952456,35.6597663257014,180.897972415722,0.256337957431303,0.258154480976375,6.78150271966199,48.3539462396835,4.88173608698769
48017,23.6515851483296,54.9410175951245,19.6551766683148,25.4038057365607,80.1846283997262,0.22548214576037,0.227400761203639,8.01289808616559,43.1286661055309,4.22942416285548
48019,25.6005034290902,18.8461958650661,44.3475755026174,36.8062286323165,245.809642950977,0.277747596805947,0.290138541048158,7.99026219272848,60.0546142098756,4.22229662758533
48021,24.8426268784461,43.6889949305537,26.0170223118579,30.2939827575884,137.437929003913,0.286294383531607,0.287369462937796,6.78054097674377,55.8969035971647,4.9780856053212
48023,26.2444453852106,36.3184496491505,28.1873855155361,35.4941648353134,145.235051209708,0.270779874722507,0.271570543188493,7.85128766557891,62.3232224754894,4.7114004504869
48025,25.4169845957713,45.8032301631013,22.6738682292179,31.5229016076808,153.1674823642,0.233166762884326,0.24569570758974,7.64266984366637,56.7824483472242,4.6380424439363
48027,27.9112806019537,19.2809597495747,31.6881783128168,49.0308619376086,241.530604221321,0.278149555323136,0.282235943770617,7.92932956251839,63.3249037555248,4.58506043809131
48029,23.3304295686863,42.2921459694666,23.4596217537015,34.2482322768319,150.061583494415,0.239639523881149,0.241819526827616,7.5474879191508,68.0225691266372,4.92462682702697
48031,20.7179667578079,32.007152228607,30.3863309487611,37.6065168226319,166.823412205777,0.230938498398816,0.242725153027868,7.88983491478925,72.9624295810714,3.89034225153986
48033,28.6598466830245,37.7572583654704,27.8499431995746,34.392798434955,130.201391918434,0.264533608590339,0.265181002280598,7.98621160160466,43.5574095855092,4.78248797309185
48035,22.4915287624081,27.7371521895798,34.0739975064735,38.1888503039467,180.767170092545,0.242509756333979,0.261907425846155,7.86882720526797,67.3260507111273,4.16771661274054
48037,32.4249408361133,27.6403155340592,37.363486464524,34.9961980014167,182.536980058167,0.330106195015419,0.330278081253621,5.61588534918138,56.4568345286854,4.92439475083386
48039,31.6492466642809,20.1828920756733,31.4624859536785,48.3546219706483,314.522702165405,0.259229327522241,0.259229327522241,7.15682503331294,30.0408122145201,4.99986659943836
48041,25.7042738218676,32.8161380866462,30.6953161663725,36.4885457469813,166.874263245125,0.300980087692936,0.303369468131537,6.88930496412184,56.7537332481039,4.84777197123511
48043,31.3522242527173,22.7892120171211,42.7885343197562,34.4222536631226,178.989396048512,0.31002180815169,0.327118588776974,7.96516833952415,75.723227452185,4.80925867035896
48045,31.5118523178946,19.3715486344306,41.3275538931597,39.3008974724097,148.55508349954,0.305393028569056,0.305397660718568,7.83170513660802,38.7860004290226,4.97843499160383
48047,21.2353692484781,71.1593835427154,11.4724794535293,17.3681370037553,84.4396727258363,0.166217096356937,0.16624018596061,7.26795739424563,69.0647976844392,4.18422749837071
48049,24.3063297869311,37.2076681214524,29.1471757690164,33.6451561095311,139.160852830311,0.254542622759274,0.255798182147877,7.47541447395689,67.2355793442184,4.60019819989783
48051,25.594137616169,38.8461029913942,24.7319444993253,36.4219525092805,165.588422554022,0.276831490177917,0.2783509598217,6.97127801494643,61.0417944084706,4.82990568582913
48053,18.8170558009151,31.6576602750356,33.8558956907494,34.486444034215,174.245936232205,0.234535845233886,0.26367259016805,7.81961484246071,63.8791593122835,3.63310618966496
48055,26.1059461504498,32.1651590179778,26.6767285854605,41.1581123965617,178.173191420891,0.270405763206389,0.27353446177462,7.40444872815277,58.9089103792222,4.85843977031207
48057,30.1935529980559,28.3512890719295,28.8115866723201,42.8371242557504,241.807476066621,0.27392151264968,0.273921544185952,7.31447279390685,33.8629277451172,4.59378820224186
48059,23.9117624480587,39.2654806951101,23.8533853756471,36.8811339292427,153.27093748216,0.23080015391347,0.2312530402092,7.4767853147767,77.1257517179282,4.58703781667345
48061,24.8598670714283,29.4715345330416,32.0278818205851,38.5005836463733,175.230071176358,0.264131970717716,0.264131970717716,8.07691881853192,31.3285890516105,4.85325030503014
48063,28.3274519438171,49.9728261735504,22.244358528797,27.7828152976526,89.2145166693424,0.269449436296465,0.270266495178511,5.01247146269131,49.7267446606151,4.62505686093001
48065,34.4168072468651,18.3499549258314,42.3042554617763,39.3457896123923,180.821328007135,0.344459946792461,0.34446819559487,8.08306309993412,41.3793405346484,4.99623977951472
48067,27.9953125261764,53.8881020795763,20.2052975863272,25.9066003340965,98.4934360452782,0.250408823945446,0.25157822170558,4.95922167958813,51.4616246226912,4.60609185849143
48069,30.6991536957798,28.2463871111919,32.3150271759689,39.4385857128393,150.794334563504,0.291330489912964,0.291348473250459,7.93120538726827,37.7747446264196,4.98527169429286
48071,27.4971359003699,22.1344618974134,33.9888781065577,43.8766599960288,165.035101073758,0.335694591822435,0.335694591822435,5.96972995972639,32.3292122385598,4.96199800642558
48073,24.4025282990507,54.0190968538084,20.2253891739799,25.7555139722117,129.019668175079,0.238139646439396,0.244004058669298,5.31809632584197,50.2566123870173,4.79226521009682
48075,26.0670128026843,39.1161666955147,35.4492873481859,25.4345459562995,141.078507100357,0.345829195203196,0.346206290877551,7.76024157510662,68.0244217304913,4.46331680859551
48077,26.6646648992344,39.0397044083332,31.1709519074548,29.789343684212,177.410168967067,0.306193899563287,0.307874720205789,7.34845239312451,65.2787923828576,4.6885999166322
48079,25.8946810469744,57.1058847928081,17.8277364467481,25.0663787604438,72.8653477114845,0.212502659653204,0.216561149332704,7.945072303751,58.2385202933386,4.85138089041585
48081,25.1653671570316,38.8611531198408,30.4471890126692,30.6916578674901,111.284122555563,0.27664858288921,0.277728193563636,7.79986775460261,46.2156818633344,4.85005488502806
48083,23.5597391506835,23.473373974175,36.4735641430561,40.0530618827689,202.834267193415,0.26734258983675,0.269082740774435,7.95335090818358,71.5858354096553,4.27627972677136
48085,28.3000435845778,19.1843989468489,28.4833844291927,52.3322166239584,274.540423400875,0.286326469979505,0.288726982685394,7.91432949593056,68.3841295697632,4.71151296924316
48087,24.5141259818272,55.0285915292104,21.9912435696244,22.9801649011652,81.176918861175,0.26292068381593,0.26332288837313,7.54246903279238,72.0417032034497,4.7105822456154
48089,28.9764589568838,46.7318706401239,22.5400601362514,30.7280692236247,147.429658447785,0.281473821321526,0.282024865429301,6.87638189555188,45.9533823134285,4.86323284167666
48091,28.9139680830636,18.7735811818813,31.4935989843184,49.7328198338003,241.37958003548,0.280485270335745,0.284947133846771,7.98556585047338,62.0211859528157,4.79020176902544
48093,20.9507353608514,52.4784054835187,15.7007862692042,31.820808247277,99.1074611125443,0.197766953331923,0.200067733258399,6.74098908621398,62.3828202534109,4.48884361445076
48095,28.8563856691074,22.0911292451525,39.263498607318,38.6453721475295,218.981381146669,0.273761243186512,0.276826615359287,8.15881660353761,51.9151371280909,4.39142305888589
48097,22.0355234831568,32.2737878829161,27.0256613238189,40.700550793265,163.746723617233,0.237606958606542,0.243390361786424,7.35245514316761,64.4395488370111,3.99892411654655
48099,20.7975233952098,19.3210561901184,43.2288951612753,37.4500486486063,202.030700813434,0.258437313337284,0.295582076842678,7.94413844101054,71.8052864881149,3.40301776375295
48101,25.0586604589288,46.2550604570209,27.1700499064473,26.5748896365318,101.912184681864,0.313679349470831,0.313695217911696,7.76815912253611,65.9446883029505,4.49441034092769
48103,17.9424317724605,69.2737320350731,17.2852999986118,13.4409679663151,260.457569806758,0.172439305273009,0.197431607433765,7.97981687062791,74.5742210779756,4.51473068487926
48105,33.6901263449567,7.69808316749377,55.3330359746605,36.9688808578457,244.37038002582,0.334310565199545,0.336105140388216,8.15014442546577,83.1985151494883,4.99432263039655
48107,25.5014026011226,34.4013873237058,29.6164338434315,35.9821788328627,104.976988460576,0.274439636095922,0.274930509036856,7.83554866062099,37.582978058573,4.9678754794411
48109,29.5004799744655,38.9155654773071,27.6514752841287,33.4329592385642,147.905318658166,0.260662412317888,0.26681976889364,8.04389795503652,67.8048197184481,4.85338831603182
48111,28.5298984780267,42.7475388602348,28.9452105745101,28.307250565255,87.9262574450642,0.275802533831591,0.276130370582159,8.06082371857218,55.1505575136207,4.94102478888823
48113,26.7743493737673,19.293642871115,29.017350197542,51.689006931343,231.39700856498,0.255888341239453,0.262168146785011,7.78930721146382,51.7111376573047,4.75983053060752
48115,28.8340765484398,58.1336317387033,17.3998360604798,24.4665322008169,84.7042919178513,0.269346907373889,0.271374097858779,7.95883832438393,61.7483923355966,4.89323331140633
48117,31.3365495775789,28.271345162469,31.5922139590854,40.1364408784456,126.410973271948,0.287126268023787,0.287270061800568,7.96629812904984,38.0944501384544,4.99471844076455
48119,28.1456235104812,21.0097707548348,28.4347489711581,50.5554802740071,252.21569475915,0.272993620596443,0.273102996903536,7.33885833267486,67.5510303866808,4.94162493454282
48121,25.6826669281352,25.2197584128986,31.5167527013623,43.2634888857392,184.450490211686,0.254847387572285,0.268383690001891,7.50551816459771,72.4696288490013,4.41533829150355
48123,26.3029677522267,49.4244250195775,20.9900676879233,29.5855072924992,166.404864446168,0.235221759285479,0.241430015764196,7.40535426127025,64.2222759294813,4.8247156686528
48125,29.8114922185555,35.4998801413931,27.8790054550491,36.6211144035578,129.958297360024,0.257881019465113,0.257814081738779,7.7959515797261,45.9541926510004,4.86834366956997
48127,26.3281246292706,25.5235720375755,39.7788897713461,34.6975381910785,198.093725011873,0.315742545007849,0.31787106717908,7.87945736213454,48.339826524681,4.64966555235111
48129,28.912234200293,52.1996968013997,20.3972160968963,27.403087101704,96.5865602656199,0.231699178524026,0.231848748525315,7.59612645226848,64.6687695587098,4.88698712140958
48131,22.0159150646863,56.5973219942704,19.3401159747994,24.0625620309303,121.273996240389,0.227208391923805,0.247823233204156,7.62258012509283,79.8598840462965,4.07709921679587
48133,19.6518869679511,55.0349895619747,13.2405579442042,31.7244524938211,80.4742013232785,0.191387903527496,0.191480282952131,6.50257395881763,66.0767455494247,4.51469886393749
48135,21.4268841733461,54.7398063461057,19.9401141471863,25.320079506708,105.671847314852,0.211396782262473,0.223375585947882,7.8044742676443,89.1971538183016,3.30373415348483
48137,27.9205577464357,26.9533686536709,32.6388499142904,40.4077814320387,239.804445939825,0.24827629968736,0.262242016884409,7.99826835793699,79.7642626838745,4.60502227965143
48139,26.0639045362289,18.7101880410838,28.9610677279991,52.3287442309171,250.034408537426,0.235643833894673,0.241047357155185,7.87160996560506,64.0696251180367,4.68129523547997
48141,21.5455135901139,32.7608990319886,44.0774283351867,23.1616726328247,96.6810205180645,0.390513277373462,0.399991487671431,8.08468408165148,31.7673306141103,4.54529054430197
48143,22.1640389998297,48.2857829323363,20.9189434837152,30.7952735839485,109.024687955472,0.22605614200006,0.231659565872518,7.06938278477846,64.6712349501053,4.51537493020314
48145,28.4390116443693,24.7409543151544,32.0263468629933,43.2326988218523,212.823524359872,0.290485005319466,0.292997624055381,7.54679657397495,57.7588027205746,4.92736891648808
48147,26.9877041209301,25.2141925458676,33.6202329273422,41.1655745267902,180.769175667234,0.299858350222783,0.300372544402305,7.24743434485584,59.4064948284504,4.52627476411903
48149,24.9559032746233,36.5291308245175,26.7649115538048,36.7059576216777,166.33506030718,0.268430264021374,0.269723683785627,7.22770843283366,64.5441803003307,4.31545417738692
48151,28.1135286980528,42.4411835402056,28.4463813033955,29.1124351563988,94.5752766736155,0.338800998400196,0.339133852697097,7.86710406695411,62.42084526247,4.43707631709743
48153,31.7076015822438,27.5010364281233,30.8047158833224,41.6942476885543,119.121021926961,0.284136430818781,0.284163331122505,7.95747302131694,35.4688021742407,4.9848198500009
48155,29.1151669353849,34.9702971541732,28.7528312683809,36.276871577446,133.530555819256,0.258450138006475,0.25858194289189,7.8897596537117,46.0605559405834,4.95364202224209
48157,30.0276916582337,24.9700068570903,31.2298718138554,43.8001213290544,264.664506356342,0.288676466187528,0.288676466187528,7.0938418001992,21.3147964414081,4.99655004455714
48159,26.6266851688757,37.6107569984411,28.2897332080499,34.099509793509,110.369208097339,0.296013013193423,0.296350886835223,5.95683952880483,57.6470668368531,4.755229621995
48161,24.0047708896495,44.9303055620047,26.3980697813961,28.6716246565992,103.669477151464,0.295752730125402,0.298640727120273,6.17022299399581,54.714013443058,4.91276842185117
48163,21.0171733730921,56.6384505264969,16.6453907408662,26.7161587326369,131.788258744195,0.312814381732102,0.320475837403361,7.33404886415853,72.9641242865901,4.39357839214503
48165,19.1872970019728,66.5257280194112,12.031025097978,21.4432468826108,53.2937191131614,0.181799685982204,0.184535625727718,7.4307699946528,82.5185067354492,4.61113072960433
48167,27.9054856790864,30.5257062652806,30.2047697905441,39.2695239441753,225.553011960351,0.277740729101189,0.284760029945233,7.05588112069815,32.1011592150367,4.98221869223384
48169,26.7498459936448,38.1010731427818,28.3505104546904,33.5484164025279,106.156699044172,0.267713333599042,0.267886153539246,7.78555467116696,39.8785495007535,4.93350613271942
48171,24.3330977298631,44.0714613846722,25.7889117765872,30.1396268387405,140.404962410362,0.242648880586395,0.244463358246116,7.52214521453788,68.5320647064484,4.47456773742193
48173,27.7451542275059,26.9207519917911,40.3166088361256,32.7626391720833,153.390748162818,0.310852347197799,0.311569232547541,8.11794926349463,39.3482843786078,4.95718664852644
48175,27.230761822283,51.5747991686494,20.465508044782,27.9596927865686,143.631060822095,0.257132753155755,0.258010469217908,7.5983890539637,51.7276444351016,4.59785396860867
48177,25.3219396058358,36.4346575173001,28.6545006580896,34.9108418246102,151.470981654396,0.278328293376627,0.283588145166709,6.9001016971518,62.1656647711334,4.47743759498194
48179,37.9479930737684,28.8121582731801,29.8264192612951,41.3614224655248,177.784608072066,0.270368333992948,0.270416558779492,7.73868585130888,37.4307686585238,4.96170181728137
48181,21.2047336795033,24.1154106202728,31.244573806868,44.6400155728592,143.71171030241,0.271902902069827,0.274484082993472,7.35431516306936,64.3071383938924,4.2877302877376
48183,25.7232549970975,48.8374664324798,22.9216842856281,28.2408492818921,104.546074817237,0.262330564021061,0.264612279033529,4.84761478443716,48.2787352991587,4.39785134284591
48185,21.8893271329552,35.3737087151971,27.0798137114551,37.5464775733477,202.839400283216,0.269350474906486,0.269789347712886,6.55846182839754,55.2688808835916,4.42757919297103
48187,27.4289640440321,29.4059724069909,27.9108267544647,42.6832008385444,200.08467539828,0.272925011249136,0.276430925366799,7.48035399241101,57.4329801948009,4.92589405926517
48189,30.9672173555658,30.678022654724,30.6125127518297,38.7094645934463,155.091017163664,0.282668241111316,0.282708660600616,7.82994524311323,38.6116606211788,4.94783473436981
48191,24.895856955448,48.418695855072,29.2056425156351,22.3756616292929,105.232021103179,0.33230002118474,0.332519258472902,7.76494285147707,59.7888371037544,4.5712443908776
48193,22.1938254516852,23.2524605392168,40.3861781380639,36.3613613227192,187.481532147148,0.254213206438858,0.290885625966765,7.98865632482314,70.9515869439464,3.43439704865605
48195,32.5824338844286,18.9496735006551,40.0169666537345,41.0333598456104,236.620375499072,0.29933891005382,0.300008777778414,8.17182873956755,32.0199802774868,4.98109756039145
48197,25.3514073950688,43.5275559336716,25.8348359313188,30.6376081350096,134.342032329658,0.258143059517081,0.258352922669727,7.71522132145881,67.1329572271458,4.79898119288354
48199,30.5705100204607,32.6378188615232,35.8921749539494,31.4700061845274,120.06833462623,0.422595068997889,0.422595068997889,5.49875928764377,38.7722165776053,4.81756695541555
48201,29.9412102392951,39.6646202590413,29.9546764322691,30.3807033086896,114.801789731853,0.343681491305118,0.34420647801845,6.28709682921956,32.1559766609494,4.99839840249847
48203,28.851866865502,44.8323070849471,26.97399349083,28.1936994242229,131.684560949401,0.304776421420166,0.305847770287063,4.99457233009685,57.0955303034485,4.60336036680773
48205,30.0692696589626,43.444429097512,25.0695782329534,31.4859926695346,93.3990138605371,0.246419097286311,0.246471430945433,7.98283443485433,45.7943039343176,4.97197001397756
48207,28.3168897844273,38.0558566008447,26.8326410058069,35.1115023933484,173.448520333278,0.243123110908722,0.243275209219618,7.79560571289021,45.7776859757678,4.88123017450375
48209,28.5809412537054,18.6575662692348,32.715982134005,48.6264515967601,245.265647794258,0.280176746490022,0.28717022564063,7.96882198715619,59.4073620372335,4.73168301722531
48211,24.8989607994619,53.8637398462215,25.9022012888288,20.2340588649496,103.426793052569,0.285289392337637,0.285731487305414,7.6607225959664,67.0215073775833,4.98405612489417
48213,24.6077767047071,52.6642353078936,20.7940189532687,26.5417457388377,117.430413543641,0.247766468400332,0.249293559658297,5.86780122837192,52.886445940658,4.74957888165236
48215,25.1072535936178,46.1526173691491,24.4465330787911,29.4008495520599,125.811166560056,0.251672580780723,0.252624227899154,7.94741400028924,40.0304254214238,4.85601176043232
48217,27.6874417443381,24.249784423653,28.6395965117671,47.1106190645799,211.559102414792,0.280025128904524,0.285342316335929,7.73328206592532,67.9146226401107,4.68596968642686
48219,26.1531823070545,52.0860033554014,19.8026714857269,28.1113251588717,105.314323897268,0.253754280891387,0.260254076395747,8.01195777467871,47.4395694243543,4.78894994034809
48221,22.6874752069468,48.705576532179,20.8545949982709,30.4398284695501,111.548600883712,0.240558953541581,0.246126150737165,7.1075427518615,61.7889618547296,4.62587276324008
48223,27.4065181850652,35.2624796904287,28.9541917079028,35.7833286016686,114.493549174448,0.298631193761119,0.298918973487336,6.44875633463827,63.8879508902718,4.82422742023956
48225,27.8861436812468,42.1164094480511,25.8854370493925,31.9981535025565,133.276854160538,0.277728204879303,0.277965432440073,5.63853301761943,63.6868857726947,4.61659593963797
48227,25.8278066896069,47.1036042279695,23.2924266856585,29.603969086372,118.880473088366,0.253689734968519,0.255275306127389,8.00511322497488,48.4863014646932,4.84606127391342
48229,28.2042611233302,47.1237599785593,35.1019466609582,17.7742933604824,93.1383942882456,0.315193707331222,0.357993316912454,8.18447173561959,54.4468258766297,4.46596002070736
48231,25.2806735441724,24.4942096456787,30.7476379861738,44.7581523681474,164.161990965432,0.297332082531768,0.297778524857173,7.29111699177319,65.6818524475414,4.9202090836316
48233,30.5996935025221,27.2982129133201,29.5367704720335,43.1650166146464,104.611203684734,0.246658989590308,0.246667406192327,8.04740379499337,34.8349516700311,4.99611410671832
48235,31.3975750824523,13.6933825384956,49.6087763014717,36.6978411600327,225.845704981144,0.329172580533555,0.329981484967456,8.16717777685976,33.543098510882,4.82083559690182
48237,23.8829392770436,37.3840000821742,27.1504486635363,35.4655512542895,154.803117573846,0.27780854269462,0.280415075767335,7.30427328712046,68.5017419203823,4.3946479436998
48239,30.4347682216799,37.81973568285,23.8780382850104,38.3022260321396,174.964538712673,0.266969250391178,0.266969250391178,7.27949065516772,32.2658781879798,4.78265147118797
48241,30.1302184603226,47.1809268999845,30.6167279301116,22.2023451699039,93.7225753820767,0.396651100772546,0.397127274968195,5.07241974753955,54.3781550607273,4.71682820608097
48243,30.4707095487918,34.230802102839,34.3511550939065,31.4180428032545,204.90096985776,0.292216512726373,0.294899742210232,8.0632920776977,65.5116596895545,4.95518190155916
48245,27.8010632007134,20.8384866288247,35.5783377715127,43.5831755996626,172.533752124561,0.346289298095557,0.346288554214413,6.01176821320053,30.6724411050099,4.96082622945911
48247,15.949505638012,70.9604278981053,13.1998235371028,15.8397485647919,69.4584503677783,0.212516951754247,0.215946010647945,7.25835475682416,80.2730481799265,3.92650907246701
48249,25.4175668534432,48.6999485024558,20.3586009154196,30.9414505821247,138.687184125137,0.225728063029431,0.235965026764614,7.8305657285738,49.7304840023839,4.76509096480002
48251,24.9851485994412,25.0181007712289,30.1805422268103,44.8013570019608,165.227148817691,0.278622209349826,0.285013733212815,7.66916168324887,73.8679626120028,4.52722281916079
48253,25.0982961031706,35.9412255428309,28.5973444082067,35.4614300489624,161.188496115833,0.248666797598743,0.248819811667114,7.89190874096779,46.3483881711122,4.90451915157839
48255,25.9724108042559,40.0407444062346,26.274337790182,33.6849178035834,187.315722250721,0.251194350074064,0.259978484423528,7.8736292027558,67.9324764216065,4.53062289099135
48257,26.8620727726181,29.4130566116965,26.6531505455437,43.9337928427598,191.917036063342,0.278596651724793,0.278823419147691,7.13995701306869,56.1771814308826,4.94867404597366
48259,24.0296633872079,24.4789651943102,42.5842422992915,32.9367925063984,183.142392177784,0.302565927097049,0.309499892824705,8.14268612718793,71.7857025016015,4.519728534188
48261,19.2545966969759,67.0264946511591,13.8192483085233,19.1542570403175,64.0409126627659,0.207822680576032,0.207822680576032,7.3112551224182,65.987817936891,3.20871867131974
48263,23.5033955183276,45.7621008356166,25.2696446354399,28.9682545289435,97.1953084916227,0.276107990055862,0.276192866563264,7.78002048340707,67.8442305276092,4.64760866153395
48265,26.810431554924,24.3746620734702,42.9017432003199,32.7235947262099,206.824209549941,0.305934926239849,0.313454149702033,8.13007575847534,66.5897784946454,4.81082384137889
48267,29.9596873967743,27.8161560419334,39.2737526605791,32.9100912974875,173.533365940684,0.28740642322907,0.291860407987195,7.94966949495738,66.3493259941797,4.7369139887542
48269,27.2156475730506,34.550548358485,37.2917663757203,28.1576852657948,117.249712113124,0.393015651093379,0.393061552856211,7.83191442483728,52.2726097197656,4.41936213534856
48271,26.0946345344274,19.0915994719829,35.1229572860969,45.7854432419202,206.478482843925,0.280156110542799,0.28304370576034,8.07832700271303,30.8228954727949,4.93285299468655
48273,26.6460286785546,45.0631837792642,20.5138250372361,34.4229911834997,147.655021877239,0.222438939322636,0.22246032432191,7.69197868839749,55.1980036683259,4.45695468782118
48275,27.2979695261148,47.9758592162867,22.6144832809933,29.40965750272,111.602610024515,0.241592455048814,0.241592455048814,7.69461076569523,42.6766387495145,4.89733832882125
48277,28.1878861589185,26.6427237043472,30.376545234587,42.9807310610658,183.292554419009,0.295869701135485,0.296321263781886,6.90755050880171,62.4803767136477,4.8265422464871
48279,24.7965408897765,51.3846889378736,21.2927278628659,27.3225831992605,88.1660317125462,0.23566523610381,0.23646587323781,7.90109038926475,47.6911733925752,4.82966640560645
48281,25.4011015446322,28.5102518896373,41.7808682428328,29.7088798675298,190.107445004201,0.300129550148126,0.315523326390615,8.01110581335921,56.2486614915921,4.23537009783796
48283,19.0297655114152,43.7950716637334,21.7170853223931,34.4878430138736,146.377789987355,0.288431360099346,0.294329680761466,7.61550469018448,75.3168712386428,4.35885182710239
48285,26.6481290252925,44.4581202500639,20.1885039971155,35.3533757528206,177.15214671315,0.238902808866529,0.238937686125348,7.26634190047625,66.0794282253856,4.44125491214065
48287,25.5824949495404,44.9872360916391,23.8437227268147,31.1690411815462,112.133846902498,0.282916498869629,0.285482021693246,6.57645649495798,68.0112338983941,4.86895359899458
48289,23.2017081431962,54.0726556001537,19.9376803278967,25.9896640719496,115.810259529377,0.246772002108138,0.248451217848613,5.94174271143276,51.7306419090861,4.77722839629579
48291,28.491778334671,23.261883321244,35.3141462182985,41.4239704604575,140.985594394481,0.356728729479031,0.356728729479031,5.78811879800996,34.2191120055681,4.89377300305074
48293,27.6042864430843,31.6766024044737,28.2334044111995,40.0899931843267,156.271398469389,0.293579103613388,0.294368703935663,7.08056547829801,64.8515870327713,4.84591494058098
48295,26.9903170556873,39.9468123827005,32.2649513446236,27.7882362726759,110.408331804591,0.287953169177285,0.28859673686436,7.84988306530305,63.4305623075025,4.81466452912301
48297,27.4373645971286,43.8681470902405,24.9285268935083,31.2033260162513,184.484570623511,0.251535796307742,0.258748364504304,7.92706464896983,69.4182609605074,4.4994967662602
48299,14.0202929148185,56.2844490686804,18.4534194106872,25.2621315206324,85.6657928707804,0.176997023467361,0.212310118801655,6.77630016368422,66.8498804429256,3.18794833902897
48301,NA,NA,NA,NA,NA,NA,NA,NA,NA,NA
48303,29.4107164337907,42.043401361815,25.8363387589213,32.1202598792637,132.745526718451,0.26350417939164,0.263955967348517,7.9443858599108,37.9357563193561,4.90022181474196
48305,27.5968808687348,51.6536084342008,21.0365453464008,27.3098462193984,118.184336093645,0.27544235571878,0.277197758994698,8.07015412545549,48.6316834112631,4.85683171278041
48307,25.8575598307616,24.2602488832529,37.9088312229708,37.8309198937763,201.851130047508,0.274913604177899,0.278190138131905,8.02420907694758,58.5811806185037,4.35771724842111
48309,26.3985100306921,23.0581572132746,32.8493795272578,44.0924632594676,218.622200437622,0.281865483796503,0.290053853191527,7.73388389325664,63.9806309611606,4.51239998449572
48311,25.5322841689174,39.5617410378085,26.3799141601077,34.0583448020838,168.599037120826,0.270640249280813,0.273919329102293,7.91995374054138,72.3903640528386,4.47513472910558
48313,26.0535639580028,40.8225047222818,27.0606568707616,32.1168384069566,130.420717370385,0.302958032288072,0.303545611042184,6.55469636461396,67.3261220419886,4.87096477889206
48315,28.2382899787138,53.4900568168541,20.5931173148361,25.9168258683098,100.772669081871,0.252232675132604,0.253625802142939,5.00022874168605,52.2834733001503,4.63631685938874
48317,23.1859531024737,55.1415277056492,20.4219958731194,24.4364764212314,78.8137730205225,0.242479234605955,0.243863023106677,7.97984999315872,48.7574041266685,4.84224634679699
48319,16.454825196159,50.470166689632,21.5033172670947,28.0265160432733,83.8119454915196,0.218950949575459,0.234038974670918,6.75063307944089,75.4933832669261,3.53379426077802
48321,27.762366561045,27.4248679724412,26.7209507549409,45.8541812726179,223.010982910335,0.256809554805046,0.256809554805046,7.27821773051988,31.2220557198333,4.84910185334628
48323,27.0422567378212,31.1953073735042,35.732054009952,33.0726386165438,173.223228760864,0.340677942318737,0.343111097751908,8.131659422907,42.0082634082661,4.83431782744103
48325,28.4510318882458,37.015169473265,25.6444590332703,37.3403714934647,202.791111835625,0.244624975416147,0.247408816389532,7.75680649353402,46.4248633696461,4.87828210380956
48327,29.1873957237644,24.2373130425155,41.2140394522634,34.5486475052211,187.139284956956,0.301043009981377,0.304610409669947,7.95967547383936,52.53482587326,4.85583902521689
48329,21.7911982131547,47.0013397596458,26.5160512572197,26.4826089831345,74.8097020621135,0.251302103961014,0.253534976344366,7.9737021833213,55.8349937429221,4.72096413528912
48331,29.4313389848178,31.3403939082783,29.0561106718785,39.6034954198432,199.885873255292,0.280823612248375,0.283220679948934,7.29804663662775,55.9065014381623,4.95708677958467
48333,20.9526740214535,28.9385723477047,38.0138369695418,33.0475906827536,168.839569520274,0.265591573062966,0.274426930974445,7.90159194876622,66.3072387472938,3.82677830944332
48335,28.7033989892614,42.4480944358318,26.7004081143503,30.8514974498179,113.570867125132,0.241591949030777,0.241696682635814,7.82313410629904,64.5924621228623,4.8399976798635
48337,23.8853584632232,50.2418027988035,21.6903150721893,28.0678821290071,124.524044254395,0.252056859083954,0.253996663877945,6.90280217904179,55.900968443613,4.69748125846158
48339,26.8732788517368,35.2275397093019,25.8103401199718,38.9621201707264,147.974442462406,0.259932042870577,0.263573417868256,6.31664940768189,56.528832575847,4.88815506107872
48341,28.4688033636134,25.7615505916471,30.9444989147412,43.2939504936117,106.013249434452,0.254317876923357,0.25432632912553,7.97429906663577,33.2981645669914,4.98090834122149
48343,27.1341293369776,43.1146742125624,25.2867696288824,31.5985561585552,102.877455370028,0.279587624891171,0.280324205664754,5.21478667166478,48.7531490073494,4.58556614002771
48345,27.7500661438317,51.5029697298563,22.1940385915774,26.3029916785663,110.629804712628,0.246367233106697,0.247122448968006,7.6310094256789,63.7136982904546,4.86933311474123
48347,25.2455478305774,44.8204537649008,23.9343382425836,31.2452079925156,106.095345035194,0.24389903152539,0.245817517132056,5.37481000564196,49.7662538177994,4.62463392492706
48349,26.5964054428203,24.505093708125,27.7501191079881,47.7447871838869,202.485099633352,0.276986589167898,0.277240818178531,7.44346266818155,56.31446287741,4.95966806856902
48351,28.8044589747616,51.550271080607,27.870285087152,20.579443832241,97.5005712365825,0.365303092155992,0.365498359374433,5.1276739970367,52.4415062509521,4.72491086176331
48353,27.9133465831689,24.5458811148561,36.7994688437103,38.6546500414336,143.007470778797,0.272556530831046,0.273364879362143,8.0211337577684,40.8330702524177,4.82693933686825
48355,28.7181673255061,25.2523501808178,24.1880149277355,50.5596348914467,159.014007635002,0.226028865568265,0.226028865568265,7.90715488228314,31.5021054531032,4.99730596900869
48357,31.7024060525462,22.7931046266736,33.1653971173022,44.0414982560242,126.598298682986,0.263694113958656,0.263699069063541,7.90402981088009,35.4849187833211,4.99992071832184
48359,37.0220368619632,26.7598878896513,31.8863619956769,41.3537501146718,167.370037604403,0.357723648854092,0.357745184690876,7.76532966013646,34.0954631365382,4.97463812807873
48361,26.2573949436383,26.1689463308475,40.6436965405872,33.1873571285653,163.995740797752,0.423956869029653,0.423771460492146,6.03864646099498,39.437198902565,4.72658148229105
48363,24.4862131563432,36.8719780712302,29.4525954947005,33.6754264340693,148.165543030764,0.294077119708338,0.297941456149597,7.38927214862989,68.8243851865385,4.40872028919634
48365,26.9608561777487,43.9810092643359,27.0519323892553,28.9670583464087,111.520349386879,0.301533081347722,0.301590515137507,5.11826075155408,56.5052726785887,4.55569765586241
48367,24.1524367005312,45.5369510614432,24.8559387582552,29.6071101803016,119.083518430372,0.239855734765285,0.2504178915755,7.18707480050618,56.9221452424429,4.28531751288305
48369,28.8202317984596,38.5423029886211,26.7344373204013,34.7232596909776,149.247501891174,0.302851185969873,0.305300075713947,8.01503401328577,39.4202659159237,4.8352918809304
48371,24.3061856952806,11.5550184366332,51.1164635012255,37.3285180621413,138.44463954753,0.335928341644353,0.345968281468068,8.15530150727963,34.5499179808561,4.82289183269427
48373,28.4857615594737,38.8830594314451,25.6741000603223,35.4428405082325,120.481803101616,0.276617795064423,0.277372623776371,5.47854215319276,44.7701885323793,4.79829679480587
48375,32.893015003368,25.1219562363637,34.6180349020613,40.260008861575,153.087432745362,0.299874613994147,0.299897369671692,7.90486689564149,40.0810092064472,4.98089803092048
48377,34.4075763768045,29.8294976378109,47.6260834144332,22.5444189477559,112.625444820944,0.449510723132317,0.451415130570208,8.06892705120115,33.2444813383007,4.97398792235807
48379,28.1443069420145,36.6137058161376,28.6060852509189,34.7802089329435,113.897520025515,0.293955189376614,0.293957606221603,6.20275355853189,64.4802477786255,4.78587827118699
48381,32.2737149044137,25.93290747313,33.2530468697618,40.8140456571082,129.914381568497,0.29604929097198,0.296145378056614,7.99210612923816,42.361731985567,4.99068281102245
48383,27.2236245952411,26.0348379120289,40.4598216517772,33.5053404361939,160.036208394605,0.342319079851077,0.347367912642597,8.19698267998436,33.0387065455767,4.89784174417029
48385,26.0816819362249,36.3749014282723,31.406184223988,32.2189143477397,225.361971145655,0.241067222988271,0.254454762585054,7.94626839354321,70.8471947473056,4.88410291047526
48387,28.6066086755385,29.4378725234744,28.5785618635101,41.9835656130155,154.533879308824,0.272454987503218,0.272454987503218,6.28204952356039,59.1930751277621,4.78247651727899
48389,24.848590735262,21.0679445951753,40.0272782325645,38.9047771722602,147.691245279317,0.303420972511537,0.30915488378058,8.20301536896822,35.9712962210283,4.68584169206175
48391,27.774169456876,32.5058303387871,22.5317936646591,44.9623759965538,154.394848239004,0.239548747013469,0.239449901048414,7.7250098246221,32.8745327483119,4.95627432504618
48393,32.9256491856666,28.1433212006862,32.5420873692167,39.3145914300971,155.076938323678,0.271966632249382,0.272179965226302,7.82258742886512,38.0812492479349,4.99601104297798
48395,27.2356353302568,41.2081128539063,27.3291075453845,31.4627796007093,161.433626996052,0.290293603019764,0.294260175508804,6.6606006386461,57.5337580134327,4.88472133899178
48397,29.0241433036054,20.1534209378213,27.2126780895733,52.6339009726054,262.464727805789,0.298211669854546,0.298211669854546,7.82326175206757,74.8567032232575,4.92123087910195
48399,26.1882113578526,28.2796646749321,35.8710261559244,35.8493091691435,189.449913683504,0.278490578258873,0.282304019742584,8.12201980094756,45.5986118927948,4.75981117731275
48401,26.2174684509355,46.6301082050126,25.0967601735288,28.2731316214586,120.476029858804,0.272124497809743,0.275755011995652,5.04752567160347,54.3092995948276,4.46930104368873
48403,29.0525294272742,41.5669579170787,24.9992196660623,33.433822416859,112.60845525166,0.265645482356429,0.266571155296625,5.16273762234263,57.5064690964322,4.57291092488267
48405,28.1613108048292,38.9614731541684,25.9600461995157,35.0784806463159,105.599966570179,0.257821287938293,0.258940973721812,5.323501732514,55.7228021648958,4.61798450929361
48407,27.4783418888355,38.8793583137051,25.012945247808,36.1076964384869,134.858164824088,0.282116122823657,0.2846141739963,5.61933020505545,43.5114330370386,4.73782143047092
48409,26.1926331151677,31.4013861300255,23.1859042308615,45.412709639113,143.460169463294,0.239213494394191,0.23943659800256,7.91947531934946,32.7718757668494,4.99155625615522
48411,24.025007637251,32.6981750603552,31.7816709015415,35.5201540381033,162.68241883292,0.261194981265746,0.268216591294186,7.51827060877089,60.5744223521957,4.39719791076037
48413,18.5510465048902,23.6134885324613,31.2517274566,45.1347840109387,229.037274550539,0.21428015028809,0.22520017582008,8.1043370725946,31.5517507002801,2.66212074055211
48415,27.6945880859951,29.9854763955455,34.1861599532104,35.8283636512442,120.821543631645,0.268087695831874,0.268859466090513,7.94749501304082,54.822363905841,4.84626497761418
48417,24.8032177740943,20.061647881925,39.5949191198394,40.3434329982356,210.487995046616,0.288688277553724,0.292508727155522,7.96595885282038,62.4673950131563,4.63249216340367
48419,30.8391196983309,40.3294535657007,29.7829959223137,29.8875505119856,96.938891248208,0.331047342623729,0.331202489446372,5.11107019305613,52.7701613873314,4.59417785981442
48421,31.4830837960766,32.4153037103251,30.7348853753764,36.8498109142985,88.6147039673328,0.280966354107074,0.280966739307182,8.18494834377348,34.4972475115176,4.9588386687554
48423,23.2744226860867,57.3860965939508,19.0980770406482,23.515826365401,106.782495861341,0.238267777417484,0.241262227808974,5.26499781814317,50.951982900058,4.63038768820535
48425,25.1225185502103,49.9516560898303,22.6667545868391,27.3815893233306,123.239139283802,0.265564050562564,0.269457912930369,7.393576562908,62.7261689787767,4.78719248581929
48427,20.4595984630104,55.0329708169341,20.500953294318,24.4660758887479,86.211201280859,0.226725859740517,0.22878840072858,8.00239256757367,42.1687699956723,4.54071696307695
48429,21.057458785162,26.7940088547032,35.143928953198,38.0620621920988,157.100835428466,0.30411409864003,0.305242362772094,7.57687415393176,75.2060388423356,4.28361223818672
48431,34.1248931533517,10.1460165004827,50.1268466671626,39.7271368323547,284.553578388247,0.310714471983654,0.310714471983654,8.08551475265263,50.368819080861,5
48433,27.6731843968685,39.6416997739412,28.3625769946608,31.995723231398,125.413003316386,0.285773772483216,0.286237362240059,7.81372224740718,54.7571131939272,4.70758013737319
48435,29.43911077194,16.5469394268366,43.7820362914229,39.6710242817406,222.554725744153,0.261711830924321,0.269259298592461,8.142622276078,68.3943476832074,4.68430277138788
48437,32.9287240436886,26.4047505092564,30.2177231237708,43.3775263669728,189.66657181145,0.263363738295473,0.263372559828472,7.80534897138737,35.7887689221124,4.92820613314256
48439,22.8394196399682,26.6133148661888,32.2550711193451,41.1316140144662,176.375455350771,0.24493356817534,0.262133047699017,7.54054872994851,71.4209613834481,4.04117723048843
48441,25.8464935620518,31.7181196838258,31.7545006616759,36.5273796544983,153.274433558627,0.275669849334561,0.276371915794074,7.94065816939894,45.354966537193,4.8610320667719
48443,24.9787939726388,34.766677442843,40.0978357056014,25.1354868515556,159.446990037635,0.275891474048023,0.350286642295487,7.98746400569476,49.7896734877371,4.95335586673105
48445,27.8710569728682,62.5022406403079,14.1177023693205,23.3800569903715,75.1126404721523,0.232733085376268,0.235170535340768,7.8606705194027,57.9774701011034,4.86434378866282
48447,21.9247542241283,24.4221655516247,37.4148227425166,38.1630117058587,185.994495097738,0.289936292358228,0.293617680297714,7.84361170681767,53.3889070384034,4.41318767112447
48449,27.3971354270538,35.8102119804268,28.7283498242034,35.4614381953698,120.145855166654,0.286314741021988,0.286690534688765,5.54666969281935,54.7183061269795,4.64993104843591
48451,32.0619638891189,17.1364313902148,44.2609036371092,38.602664972676,125.946713985374,0.227985203846133,0.313178220920084,8.17638644814517,38.9940117020362,4.71171453847101
48453,29.8842230791247,20.5423245688322,31.7303106829923,47.7273647481755,281.358091254127,0.308276938198424,0.309465149731803,7.88808792191499,66.129730904588,4.92895265182145
48455,27.074588661594,42.5589509594937,33.7453175520284,23.6957314884779,127.552323677665,0.358003723109793,0.358054468427625,5.7524457943642,73.6446332353455,3.96689790238383
48457,27.1468789923868,46.5464288781633,24.2799607285957,29.173610393241,96.5515197491463,0.299770815362523,0.300940586051179,5.35094852379072,56.0826760140445,4.7408346365866
48459,26.3464294354942,54.3621167105511,20.4417415415834,25.1961417478655,103.987340381674,0.25339951335763,0.254892576409161,4.93888216359922,49.3126097265809,4.63372789176489
48461,27.3028818322065,26.803766392731,40.2325706560383,32.9636629512307,162.529469751387,0.347074451428801,0.348015993773519,8.19209035319096,31.4582287931696,4.97313221421207
48463,28.28090498522,21.7136660924206,36.6848761148989,41.6014577926805,256.35378901722,0.250584554871458,0.254401522271102,7.921661310353,39.9596129521211,4.90043981673644
48465,28.0405864484744,13.4294359493206,48.9677076759207,37.6028563747586,234.954711868355,0.272596855403237,0.315392392514567,8.17713608208009,29.9302906068719,3.75527381858589
48467,26.4114468658223,41.7880826638469,27.3049018357171,30.907015500436,106.676431283977,0.281902287563161,0.282027028416802,5.95162335125861,61.5038557370992,4.75676588632684
48469,29.967042376543,40.6690727853224,23.4834434605622,35.8474837541154,198.221883553763,0.265752836936512,0.26821345677522,7.22184569930653,39.1649116398377,4.99512114349228
48471,21.1036976858272,34.4254313567096,23.5053758675369,42.0691927757535,132.661175197545,0.244396786404737,0.251133122775919,6.2727563670932,55.7180681246445,4.28488808601874
48473,28.4370502730937,41.9473448073156,27.1288173417321,30.9238378509523,154.29818952603,0.313375334173377,0.314142114821227,6.39799932307815,41.3150257768323,4.95868331118437
48475,19.7313059177743,59.3297232649897,19.9062152241345,20.7640615108758,86.9336544227037,0.210224534843248,0.244871976698964,7.85760348004475,56.0349415712137,4.50690732384589
48477,24.9070521308951,28.3728848418569,27.9859907980452,43.6411243600979,175.819495044023,0.256435163182742,0.257073496486151,7.42746444821321,55.018323938778,4.33690671445748
48479,16.2910584145846,39.9097038162378,25.4646540481863,34.6256421355759,123.772963876989,0.255903890779057,0.265144365797666,7.88401392550982,65.2738210041801,4.0787900941564
48481,27.7933584978003,29.3047574541455,27.698845860611,42.9963966852435,290.64247081395,0.262387495633832,0.262387495633832,7.0283012286183,31.9602413041923,4.9999641237071
48483,25.0912454469738,61.3431662489921,20.7137924406767,17.9430413103312,90.8972848946856,0.278837760880653,0.278885599912864,7.32186040481262,77.1919783662109,4.82414666344327
48485,29.5693094416961,36.4170984796057,31.4043600527296,32.1785414676647,174.991606292752,0.317724747141633,0.317724747141633,7.74542777605972,65.4330915112936,4.80128005529107
48487,28.5636365361798,47.6883272131926,24.078184158241,28.2334886285665,110.858710847145,0.251394250240688,0.251394346825476,7.75389200950185,56.6513900731749,4.93809589455226
48489,23.6496927537733,42.6923260272754,25.4247642497723,31.8829097229523,149.777969450054,0.244883623686933,0.244883623686933,7.91908413996478,34.8379790743308,4.79914308560968
48491,29.0641956867234,18.1648139260868,32.4021210998864,49.4330649740268,237.01285676533,0.284994969692392,0.285638616531415,7.80409947453592,61.9037962095686,4.77024102574633
48493,24.2799306859178,48.1878748438111,20.4959683551784,31.3161568010105,151.673157906962,0.226000708519523,0.229031497451973,7.35576269595177,72.2216173931372,4.83285593385749
48495,16.1970107341527,76.5494039197276,13.3312971266,10.1192989536725,64.148584701231,0.162577227746716,0.179207982837144,7.48125626454061,61.7710557532622,4.17262669698168
48497,23.0969751054044,43.3587851296116,27.6278046508731,29.0134102195153,121.584548977398,0.282669286524198,0.292730913642378,7.09306691039057,57.2792678953161,4.41624159779133
48499,26.7666029168129,48.8208027295676,23.8794740547899,27.2997232156425,104.803308087069,0.272938393920391,0.274247546988283,5.26096282772487,59.9068133646941,4.69264974281257
48501,25.1817391671112,60.8714283325862,15.7488534982713,23.3797181691426,66.0220716270766,0.199389375080128,0.203586514003013,7.63578875780435,81.0804677395358,4.75652451079092
48503,22.7949161976591,34.267899624181,31.2513532146944,34.4807471611246,141.863797427719,0.281904657470579,0.282525164549092,7.55774061143183,72.4816461918484,4.42503608883241
48505,20.1615767623633,68.4781832815479,15.783069904687,15.7387468137651,86.4463254300147,0.193827246747418,0.194660050574017,7.47011856865253,77.0915315487338,4.68179437298488
48507,31.56663060345,16.2018839690731,45.5565469872971,38.2415690436298,287.187685685753,0.286728147378804,0.287262725076457,7.94958199271035,41.2828427169825,4.88972996726122
49001,21.3699620752435,36.7804672516103,40.0020287881985,23.2175039601912,196.977552999808,0.307051160239023,0.333409648118361,8.10114562526563,102.391870202072,4.35937019428709
49003,23.4295897180831,23.1908572648893,53.7575460935984,23.0515966415123,191.10230422073,0.406731446711564,0.43382698123105,8.42167471534877,97.233134274524,4.35485623736401
49005,23.8713032222794,30.2542554672424,42.602525420853,27.1432191119047,167.639379108413,0.343996134401409,0.360733154327161,8.02179085692169,92.9107169521597,4.2946169829563
49007,20.3768614376956,27.5756402992753,50.2023977060554,22.2219619946692,55.3778622358403,0.431825512229574,0.441165217530662,8.21334046082357,98.6026694136348,4.56052663447348
49009,19.8253113113844,46.1775110288683,29.483310084251,24.3391788868807,94.3079596865731,0.274932736694838,0.288990078480506,8.3122140350591,117.665110073382,4.68872609530374
49011,16.9916682430161,50.9667172365117,30.7791007905629,18.2541819729254,136.526164039116,0.324797914628612,0.330880056955993,8.3292818142658,110.435320577113,3.829748632422
49013,19.1465189828801,47.9138760746033,30.152754245793,21.9333696796037,75.9494682951534,0.276885160126675,0.29813216094777,8.53175555571529,111.020507180748,4.32938248066246
49015,18.5469657454106,34.672931139717,41.7243196771663,23.6027491831167,117.381095104998,0.41556465519884,0.427684664804024,8.15937040669423,NA,4.37979735322685
49017,20.1367015109224,48.0349659703938,31.9932833184209,19.9717507111853,126.749633108849,0.29320620919586,0.305258389644118,8.25487573443752,97.5873439574914,4.64813294872802
49019,17.6897940987715,58.8446211509749,25.6167603419766,15.5386185070486,124.670890373056,0.270390518438133,0.295234240028921,8.3901994148571,NA,4.56019985829307
49021,23.3820746017356,37.5908617076232,38.9910096445475,23.4181286478293,139.722750481642,0.338958570787125,0.345407054963841,8.35113582789415,114.830993249944,4.84241850178934
49023,22.9489435198129,25.1858567659156,49.6392788505392,25.1748643835452,135.426954236914,0.389965722951739,0.408173318316073,8.53114362976213,109.87694200771,4.6502820184826
49025,16.6734785965586,70.1452171530085,19.0692623716484,10.7855204753431,89.5275793648599,0.278680020636081,0.297654123760561,8.01701527127266,68.8073134975532,3.90959044874922
49027,19.7271070382628,32.0181105712781,43.6910976608223,24.2907917678996,94.7679405011159,0.39523503273266,0.400145950409374,8.59503144801934,115.199830976731,4.69010627951739
49029,20.3417740181988,46.6548881732009,31.5265873233824,21.8185245034167,251.055739023748,0.268150761959558,0.288592279138901,7.47246507587386,98.4958046392671,4.20360931345679
49031,19.4119973442769,58.7843702410348,25.1055193999443,16.1101103590209,187.395635339669,0.25364351237723,0.274619713361709,8.01603026401296,NA,4.78215417106653
49033,22.7057625337433,32.856038678987,44.6820958015463,22.4618655194667,115.840221540313,0.348508478549812,0.365225035714485,8.46726155168833,113.822851130884,4.24911666072138
49035,16.7940139450632,34.0298925613264,41.6990541531573,24.2710532855163,139.19401665372,0.302104623642977,0.352549001109437,8.5140891183496,93.9491503924885,3.42059046537478
49037,18.0040058903728,39.3986046978488,37.6642828129977,22.9371124891535,115.650968913291,0.386734481806671,0.406364690341362,7.74273269115669,81.337453857425,3.50482225282288
49039,22.5310692767469,26.0191394363964,46.1129323216493,27.8679282419542,239.870762440171,0.362250173396813,0.380718801305598,8.59486965247926,107.311917467539,4.58886666120964
49041,21.3062021837056,34.7097643046132,42.0919875493248,23.198248146062,175.792382788311,0.348898757964736,0.362893579335097,8.36464740615174,NA,4.50199824382284
49043,17.8329672526158,49.4963599876799,29.0174761975895,21.4861638147306,267.245630162621,0.201821375987143,0.275684664985412,7.24220783952829,91.2826085446577,3.9600018731113
49045,18.9916373805514,34.4271337407587,44.8459849116185,20.7268813476228,137.699720572114,0.350776617408234,0.383041831967275,8.56258488485593,101.027875716417,4.69318222191631
49047,18.794118518409,49.2440992885852,30.1005900546378,20.655310656777,80.9764183600922,0.275536985577835,0.300110120790481,8.41536264835054,105.385852500653,4.3745572497528
49049,21.197837434779,31.1492191993855,45.7059039049248,23.1448768956898,203.822273985925,0.3773124355468,0.396713709965481,8.37215331193814,106.278707127505,4.35527566778531
49051,15.7447560393175,53.9018471128063,27.5817730431276,18.516379844066,282.131461726932,0.177946891193119,0.250021750537068,7.05365385250552,98.8018594770243,3.49407358127003
49053,20.5442745236239,46.316895815794,34.7770686483678,18.9060355358382,123.811986714203,0.329019488768317,0.343649220967669,8.1201837941314,105.402719661304,4.67065863530448
49055,13.4783628354168,58.3544107092519,26.5772927835124,15.0682965072357,52.4890877104233,0.266531369784382,0.279017576553034,8.27092811306485,105.679988826576,4.15408512274428
49057,17.238786559261,51.4727659589309,30.6955781136899,17.8316559273791,151.717701750941,0.310096103550484,0.32908657677474,8.08189113319155,109.48644815317,4.11125345636448
50001,17.8166378983222,17.991840136078,23.1406869879154,58.8674728760066,265.152076753992,0.454881778301855,0.462638998403849,6.98745086861118,52.5840159032867,2.37627394188325
50003,17.7396073816487,57.1981206986236,34.1888864789697,8.61299282240669,244.727600902125,0.260311794537633,0.375204192198769,6.35020450486508,39.1032004266496,3.20071454908795
50005,16.084004583916,60.230941697792,34.1570839561664,5.61197434604162,320.149205912294,0.462852191416494,0.475504659020004,5.96738363265319,33.5575716869578,3.20132370296648
50007,18.0189845035974,40.6407962643179,30.4275668627177,28.9316368729644,241.741837411491,0.377434111849664,0.417947207277341,6.39565362126336,51.2889118060413,3.15753927803343
50009,20.7730236326266,66.9592378257919,28.4058071423507,4.63495503185733,446.475371952771,0.284707022352346,0.303656062375956,5.71820972094015,52.073212108421,3.56239405695698
50011,15.3836980646859,51.3374164195488,35.5567545122256,13.1058290682257,261.491222570128,0.349155635109342,0.386689028429642,5.98183728640156,50.6809147773256,3.47186136189187
50013,15.9793399889053,26.5932996532304,35.0874714472643,38.3192288995052,207.862194608916,0.37524977176221,0.443703231023409,7.05642544597623,60.2680660787518,2.66010550023224
50015,17.3327603919113,61.9891642823463,29.9282012003545,8.08263451729915,354.536393390064,0.298924399993342,0.322108974724345,5.48936324960134,41.7032287178103,3.76662260153409
50017,15.6234545467276,54.7472568731284,38.7272663258855,6.52547680098607,262.351218970562,0.400430888630039,0.418289691867968,6.03981932418571,35.7157306845356,3.06196096475969
50019,18.3790642253703,56.4205756773824,35.6346618572941,7.94476246532349,337.672198357907,0.419485365082248,0.436077986639655,5.94840598000245,41.4759024951339,3.18588048997976
50021,14.8344385334499,47.7200088887192,31.8206330551819,20.4593580560989,217.071419733635,0.265062351653414,0.3665722764481,6.23402736291421,43.727412334853,3.11502172274644
50023,15.1978918315418,60.019519824522,32.013783451526,7.96669672395201,344.272152131019,0.328809649503953,0.390399507256076,5.66149234561002,36.7222059469683,2.97698963243824
50025,15.5181561177831,66.2839536928258,28.2936942840402,5.42235202313402,297.83911365762,0.243827330946339,0.337032998109262,5.34074991796699,39.6818298992131,3.42732426043778
50027,14.5636808240434,62.678740114142,31.456661325625,5.86459856023304,326.411673781445,0.344073241717143,0.366462320983558,5.71912086777678,35.1856050693403,3.17307178446643
51001,18.5629023047493,74.8204175709894,16.8207195155986,8.35886291341203,103.114248633977,0.204454414666608,0.204454414666608,5.16644618211515,NA,4.01100747508148
51003,24.9208419104479,31.0954913538718,36.1043326603233,32.8001759858048,94.4317411393247,0.263454384189253,0.297998831568032,5.18118546278363,53.6027077136869,4.2601506721974
51005,20.4846609195061,30.796048795341,39.8497972388154,29.3541539658436,83.979636885014,0.269967440338808,0.327674354925083,5.39414265069848,59.8081515415425,4.47648338774258
51007,22.6139151865376,39.4329177275807,28.9197474152459,31.6473348571734,55.5766767884296,0.261038745302532,0.261101844155045,5.0605606892309,60.9993200181101,4.84367595660505
51009,22.2799284228961,29.0217787865164,31.6557644294851,39.3224567839985,75.6603305246822,0.235586935393615,0.242983558022731,5.3816553987251,60.9964680924259,4.64465373867936
51011,17.2433205764835,31.3070744066454,31.4184563797064,37.2744692136481,58.955973369148,0.251835402853578,0.275503440124919,5.37788595731426,61,4.17851690468844
51013,NA,NA,NA,NA,NA,NA,NA,NA,NA,NA
51015,20.477546840285,26.6988884239321,33.4842950990576,39.8168164770103,75.159835832379,0.205370729918527,0.242090744427925,5.37120859769232,45.9131938823712,4.44925797556123
51017,20.2464422814838,33.0170467540189,39.6887212287775,27.2942320172036,87.0496851137037,0.274223921387205,0.337720607494709,5.22573043636847,60.6790451450564,4.41134579881004
51019,25.3487354037748,40.1869002107504,28.8242338199594,30.9888659692902,67.4765410393909,0.25525735789835,0.260225000395356,5.13978669026996,61.1496075367005,4.68195917144859
51021,19.5943788731551,27.3758478419489,37.505742065492,35.1184100925591,82.4564344322559,0.231878891766659,0.286782889155197,5.42332408786511,61.0478206781623,4.22273447580727
51023,19.8950516861037,25.5099008355648,35.2882536600424,39.2018455043928,93.7140772213476,0.237277910930273,0.276444862421854,5.48781991614693,60.9714320425377,4.35560384100671
51025,21.9779081136773,41.4002846831355,24.1963622115663,34.4033531052982,69.9995803834849,0.221274766201846,0.222952968488792,5.17938900830162,40.0897654790284,4.73394902170491
51027,14.4360982887944,42.66275591268,40.4005945529114,16.9366495344086,101.38819127837,0.181065958924716,0.379914350953838,5.45972158151983,31.1443384985816,3.65448040940882
51029,19.8114662275295,37.6983151540328,30.3378464906995,31.9638383552678,55.9550517781104,0.277039052564085,0.280035166369838,5.47358415656797,111.451443372547,4.2211745539388
51031,23.6827751502645,34.0009635821883,31.342425080033,34.6566113377787,57.8154155274923,0.263953832329138,0.277223086907113,5.298361765841,61,4.5814708330263
51033,29.344277233441,61.6872794306234,16.8227107774886,21.4900097918879,98.1264286282251,0.226986960941814,0.227157240798766,5.21688886783296,60.9980786269103,4.78526270654117
51035,20.8787249097025,41.5775804744583,38.370034081501,20.0523854440407,84.3120247897165,0.327526520033806,0.362153062301147,5.20732658565568,60.9531742277126,4.2154884072598
51036,25.048567813744,39.7086515067588,30.6539950925352,29.637353400706,77.6545791972557,0.278634343822023,0.279370918516346,4.97080481684508,61,4.79844906242901
51037,23.8950157354646,30.826349214753,32.315592690503,36.858058094744,59.2733401992387,0.247135442751446,0.259538700937051,5.20549429800147,60.9993789178086,4.33998945610817
51041,24.6717664221879,46.8516295842835,24.3111504550516,28.8372199606649,92.2337674323099,0.241384328973869,0.24455405729217,5.05113536141175,61,4.58713634237919
51043,20.8423407395708,18.3617648195421,38.5181909720258,43.1200442084321,84.3378726835776,0.27924425065221,0.281929623310184,5.89759513565502,53.7871144257149,4.01118901183117
51045,19.9288028714147,27.3588117192539,40.0170271167671,32.6241611639791,75.4807664476045,0.245811297747692,0.311066915573834,5.43454692773883,60.7769996595126,4.16473957192594
51047,21.4311377710074,34.2552841259801,38.0135814706815,27.7311344033384,52.0929192666094,0.30913841481309,0.351649008772297,5.38344915537978,42.5299034284435,4.15679900437655
51049,23.3612323781452,38.1231106171646,26.5914392228287,35.2854501600068,53.0349490887163,0.248695600239947,0.249028760081822,5.43223681352155,62.903087072004,4.56077003802289
51051,13.4102280361447,38.9326022595759,44.2568661970155,16.8105315434085,46.5363103959073,0.181666484078633,0.404826720594084,5.64094616110875,37.5410971141042,3.28676807986629
51053,25.5142105263335,39.6456794679654,28.7850429985716,31.569277533463,38.344260908006,0.253303997524629,0.253373631147926,5.07289555055962,57.4291207382722,4.97658325695199
51057,22.7223976289963,59.4606719673379,21.9422443079459,18.5970837247162,80.0708733086488,0.244130854566792,0.244147885132255,5.03605176833026,61,4.50848048041097
51059,21.1666249621879,37.97772090441,37.146615152396,24.875663943194,66.5462202485382,0.313042352643616,0.357796971861787,5.48870095264819,61.5031354692573,4.1315654047574
51061,20.2941950016803,28.0459603218327,44.9819917164159,26.9720479617514,60.1705846313285,0.348430305090224,0.379007184087378,5.40520330325313,60.3451640737572,4.10596806618736
51063,17.3310054234519,53.2606523636069,27.2746558851378,19.4646917512553,71.9772562471642,0.251251118052221,0.302306891950826,5.30464673328347,61,4.18326131819277
51065,19.6191933645453,27.0589289880026,40.6733604691136,32.2677105428838,67.7003633633276,0.307714201292726,0.331225564389033,5.1123209269846,60.9665294651063,4.03394026902567
51067,25.4561088980703,38.286031290477,35.170822072837,26.5431466366859,85.8600544768303,0.309778372789875,0.313981452071251,5.29029443859393,61,4.86879069227591
51069,14.6676657911494,21.7437705776841,38.1960879001813,40.0601415221347,79.3852848730171,0.203389653241665,0.318199920213913,5.6009004108946,45.3140394352119,3.32066205284346
51071,21.8163052921363,25.587873533603,33.5600942597002,40.8520322066968,74.3675683254625,0.222974913761431,0.24252106064287,5.27072372991799,46.2830259583507,4.70029095218226
51073,20.5701373884846,60.7307088683016,18.4181018647488,20.8511892669496,84.1234985265773,0.218630600975365,0.224145991111292,5.24174558463819,60.8080250047215,4.59313236207508
51075,24.757483263741,38.4453658382964,33.2820277986759,28.2726063630277,73.3213381330857,0.308551142475194,0.308727044634804,5.31943725546279,60.9966285661071,4.07425806366741
51077,18.3318879592477,57.6931949056365,23.7743512684846,18.5324538258789,85.4251231050664,0.237357590315309,0.266622408880566,5.12051049315099,60.8253099826111,4.48153259861458
51079,23.3181778431644,42.5197909472409,26.2621078563288,31.2181011964303,78.2748392572293,0.228260331312241,0.243275178331003,5.21448671635983,51.0131564801513,4.23954148031163
51081,22.6913266508882,44.5558644565877,24.6564057048114,30.7877298386009,79.5102757607051,0.24255471445533,0.243455114751577,4.87813284092695,61.0897452410726,4.81086821250502
51083,21.5863793776983,31.8500622778892,29.9261962301425,38.2237414919683,55.301614453783,0.24273426273505,0.249106822436859,5.39180592912348,71.2945969773547,4.32841533493821
51085,22.4662353015672,47.9380415006692,24.5183705510012,27.5435879483296,55.8152057576368,0.245561743195894,0.255385961632951,5.06584116097263,60.9994274108316,4.68855640280242
51087,29.209573837669,41.9233835597646,26.7106441672622,31.3659722729731,83.6006113687717,0.255059398805069,0.256284636086798,5.09228358893036,61,4.87226029338316
51089,21.6474351267919,39.81565660564,26.2262158933714,33.9581275009886,77.9185194423287,0.22541450439054,0.227067309234777,4.99515476227572,60.9322314754554,4.71864932540345
51091,18.2144021259241,29.5106175784721,41.4820213955374,29.0073610259905,65.3331062955277,0.231560154471678,0.326640596440112,5.30444491435508,60.4054471164877,4.3704294365243
51093,21.9506419536802,60.3173783982715,17.5309901085111,22.1516314932175,49.0604082597383,0.23480875004231,0.23480875004231,4.85189437985643,61,4.98733169472108
51095,23.9077419052032,54.0825196043228,22.1275856733869,23.7898947222903,50.7876135726361,0.256728880760211,0.256728880760211,4.99883837864465,61,4.98298793275703
51097,20.9344742873113,61.8133021584954,19.8094952875782,18.3772025539264,62.3364678821446,0.239003063226901,0.239060402738545,5.30528585151992,61,4.62283790705991
51099,29.6613470152015,60.5541316263407,19.3865686473675,20.0592997262918,105.718290529996,0.233574766925055,0.235551494963836,4.86770331445413,59.5131719722933,4.202482668757
51101,21.4650469244766,59.5332773164585,20.4858983155535,19.980824367988,84.5195365453859,0.234763618729981,0.235051795670011,5.04344731297036,61,4.91061732589556
51103,21.4028408830781,68.6447576702153,16.7833511578856,14.5718911718991,50.6980696085068,0.249667191927713,0.249667191927713,4.76947578181839,61,4.67754056366098
51105,18.7235440113035,22.9309549802642,32.9473421073463,44.1217029123895,63.035758375189,0.215936551945325,0.238072654744965,5.56766808091112,61.3557946051168,4.487924377857
51107,21.5745989281999,29.5668737364371,45.3170236397236,25.1161026238394,67.0358990211631,0.332984113851045,0.376563443330304,5.36490597658869,61.0601222055736,4.21980404145654
51109,21.5770369347388,39.9317640911251,29.9060053313947,30.1622305774802,67.5132022218763,0.276560628766805,0.283902663722421,5.21479917766482,1.53181335713972,4.19082276198683
51111,23.9588745506804,46.9249953545253,24.500355318392,28.5746493270827,60.9514416811438,0.222408343665052,0.223976643987633,4.9801924248829,61,4.00984357323607
51113,24.6334420608686,43.5551882021524,30.6184012154487,25.8264105823989,112.220289151972,0.263040857256519,0.292002840386791,5.29596939986594,49.0734881404563,4.66207463799638
51115,27.6171026233821,72.1002988707006,13.8588812785711,14.0408198507284,64.0061192578543,0.239484917061885,0.239486422385941,4.88731307519518,61,4.260504680771
51117,21.2630166182672,35.3488838771199,29.9823112294361,34.668804893444,49.7318203612547,0.252093378525415,0.261319101159912,5.2072372528767,61,4.55251404940727
51119,19.9957530582679,55.3268410183503,24.5353445264108,20.1378144552389,79.6733428853511,0.272374485100748,0.272374485100748,4.94880681633861,61,4.38520261643069
51121,23.136579504133,29.2559224495032,37.2634693638925,33.4806081866043,105.36824909616,0.241660164716827,0.322077247047922,5.46415803048652,61,3.86917792475375
51125,22.5153770297436,37.5015103761801,31.9073988375389,30.591090786281,91.6462589479352,0.244850801231556,0.263488368444737,5.02063723749132,60.133338039105,4.55893784992191
51127,23.8273429627395,58.6125722731401,19.7401276554365,21.6473000714234,80.4307464620966,0.229528773580838,0.229637589721183,5.06411135605247,61,4.79406834088654
51131,14.1467251858125,75.279606053016,16.047020712739,8.67337323424501,93.8692504265779,0.225059791625898,0.225059791625898,5.17702716686162,NA,3.47074750318897
51133,21.8217921813668,65.3040554446157,18.9813590164241,15.7145855389602,45.9578433825911,0.262821487090208,0.262821487090208,4.72204089767457,61,4.79769987850713
51135,17.2472839516969,43.3605641078675,28.7644924350705,27.8749434570621,52.9880588591608,0.283492101048785,0.281134823024446,5.24653062688585,60.9953531598513,4.51694177005134
51137,23.388291675106,25.7741073276676,37.2417789265773,36.9841137457551,96.3406787283337,0.306024664630288,0.312293600336258,5.3288712494712,49.5672847259226,3.94319309757539
51139,21.8079726772798,32.4216726608475,34.1794676806685,33.398859658484,92.9703007232032,0.235588277908297,0.27477696035974,5.14360784727056,50.4282291890856,4.63333941276807
51141,20.8243825798953,44.7748899437252,27.6769521059098,27.548157950365,97.624665809838,0.240934611782834,0.257589649765364,5.2863856209105,53.5952228574639,4.51538759817473
51143,22.5031723134195,33.4876686987852,27.6978758603426,38.8144554408722,49.6216949796316,0.223492141999911,0.225395412290822,5.11368898056125,61,4.78435264478864
51145,23.0028292188938,32.5350545789269,29.6124528012896,37.8524926197836,49.4185908391322,0.236313797852549,0.237075558935668,5.13742660944377,61,4.84798636993188
51147,18.0219493450854,37.0497546707557,29.0154656276129,33.9347797016314,49.3907097148791,0.289171279729243,0.289920252945823,5.35904466822327,61.0200030692431,4.23596503874678
51149,25.769856517422,40.6832873369004,32.5082257079764,26.8084869551233,62.4097384689359,0.29357264508207,0.293593927011001,5.02140328818926,61,4.90558465500474
51153,15.68855850149,31.8674978298468,40.5800948779687,27.5524072921845,61.5762497292802,0.30373903071174,0.383064480814218,5.30569894121376,69.5217578507993,3.53340327859312
51155,18.8003867896247,24.7930116687433,37.2028877101988,38.0041006210578,66.7999313036748,0.254017549449828,0.295118876323763,5.52465266869875,60.8723122260585,4.07898111454479
51157,15.0539143423133,53.8591556599282,27.7839973130122,18.3568470270596,78.7840812423884,0.268209188978474,0.285741791255554,4.98377605669928,34.2045008055203,4.86385586374934
51159,19.333535014349,62.6590822979711,21.04995271542,16.2909649866089,81.7926379702478,0.244469805422579,0.244470782777461,4.86922793515238,61,4.19729831006496
51161,20.5821330213248,33.7021435222852,31.7679203042503,34.5299361734646,102.941928683952,0.222923767137794,0.258495438180582,5.47588627714084,56.563146852116,4.39641277856581
51163,19.6109686138535,20.9090856259918,35.5511382930156,43.5397760809926,67.2339828805494,0.21673513957617,0.245837292253623,5.50754688678525,60.8694192098926,4.33235949597463
51165,19.8645476476858,26.7647561217702,31.5331217218803,41.7021221563496,77.8388317384724,0.213206918643991,0.236350054278419,5.56719531180233,45.9976232246375,4.27931029460916
51167,15.0695088656093,23.2050576249049,38.1992409215445,38.5957014535505,51.3656827745091,0.201208254869435,0.281783003796599,5.46250719850041,72.5088865789221,3.52359953345532
51169,17.4714476881043,23.5533511768166,37.3743056133357,39.0723432098477,61.2083993750884,0.215711871507495,0.280081218791836,5.34888397050422,74.2071995015184,3.88831304470789
51171,18.8487811321765,23.195655263957,35.2109070556969,41.5934376803461,84.6896419121627,0.256608284556978,0.269754255178723,5.72994964652416,47.4651000729804,4.00085790000821
51173,18.5164388456498,22.6255082907366,36.1860618114136,41.1884298978498,67.5988971910197,0.230846207180691,0.272612114156465,5.65643335458214,48.9322086744315,4.06240418260698
51175,23.1380439114462,62.7462373266468,18.4741524176026,18.7796102557506,90.1335600331912,0.250326601273781,0.250326613454991,5.23317143164747,61.0068485340735,4.96771985394688
51177,25.5692531306558,41.7965508065328,27.9610389453009,30.2424102481663,57.7286259401168,0.257745038908193,0.264377515745998,5.04298321837466,36.1963134999704,4.78294201124414
51179,29.7531090158851,46.1897380694179,27.2371612642785,26.5731006663035,92.3263472987743,0.273833694351654,0.281320037346742,5.03781085743427,52.5072930036888,4.46466610077596
51181,23.2382897793831,57.2898776427783,19.336491351941,23.3736310052806,85.7402066546547,0.233691437404424,0.234831063237967,5.01806280735588,61.0001187326447,4.92246477944534
51183,23.4912300096049,62.4245425155942,16.9945184260549,20.5809390583509,91.5648243779985,0.218887312521825,0.218887320636039,5.08234113216851,81.5745134812178,4.94293230267643
51185,16.9791524367077,25.2379201422783,35.7410783692497,39.021001488472,68.7791510514749,0.203914715748094,0.259597284757029,5.49415008844485,52.8857793843426,3.5846254288786
51187,18.0663391019253,28.8269562615065,38.3255436721549,32.8475000663386,69.2524057077679,0.260544416888726,0.314541452638808,5.39716448058931,45.4517999684045,4.11142658932337
51191,22.9585881624783,17.0549785161986,40.4661346181691,42.4788868656323,78.8295948915849,0.246504116336871,0.27562784868885,5.50302709589494,47.7944479021294,4.32275321597279
51193,19.0871018930169,61.2857593622349,21.4369882300666,17.2772524076984,79.1401533173906,0.242854643541604,0.243081730039118,4.958516384693,60.973070883939,4.35655147949907
51195,16.9379049260844,39.5787419878005,43.0478784335636,17.3733795786359,59.7723855677328,0.173933788379997,0.396458358530115,6.02878954835766,43.2546177044936,4.10578602643109
51197,20.2947051260467,22.5595287791916,38.2762209519609,39.1642502688476,83.6370871234187,0.239971848619326,0.298957445752564,5.21104993011259,52.8915009053679,4.23654053019112
51199,24.7340268565426,53.2209723789542,22.4952709050962,24.2837567159496,74.0648838349859,0.260161250453485,0.260505121677511,4.94354336721949,63.3623354479117,4.86022530588005
51550,26.6078062452375,54.8828864979115,29.2191980496267,15.8979154524618,221.603599378882,0.302604756863873,0.302614689938444,5.19677360797113,595.409004275067,4.61656094261009
51800,20.1735745008342,65.3728916786135,17.4557589084045,17.171349412982,51.1661700807307,0.238017830701173,0.238017830701173,4.90844265250948,61,4.82529482347177
51810,19.62766444124,55.3590583071697,29.1827395305244,15.4582021623059,56.490705812652,0.294966030178755,0.294966030178755,5.02578799040433,62.0496026215421,4.18693514769192
53001,26.7109701885436,26.3021097905283,65.5694961803348,8.12839402913691,88.9624589865452,0.57291214408026,0.581761102352292,7.83385125909317,NA,4.58458642803941
53003,14.6276198832264,22.0855875493435,51.530997470928,26.3834149797285,157.465135401356,0.295565390879599,0.392794600351872,7.7668525888958,NA,2.37537475871967
53005,26.0215784133443,30.1772456581233,61.5163795684959,8.30637477338082,73.9806749380316,0.543215841757096,0.552445422048974,7.86506631424095,NA,4.66038691775054
53007,20.6326389222528,55.7147837689913,32.2216418033033,12.0635744277054,113.609483348226,0.257545295135223,0.334048343966966,7.47686363574459,84,4.47010768837702
53009,16.577604969587,52.5111066050465,31.6005436427068,15.8883497522467,326.286618852979,0.223349369715889,0.306888128804652,6.07152945115998,NA,4.25751981521431
53011,26.8001719606295,27.8415991731137,45.4980420220106,26.6603588048757,343.628154666322,0.334347566343579,0.351190801673226,5.71277993591358,NA,4.68657846125719
53013,27.6530981420177,14.240539343318,68.015421201691,17.744039454991,212.293203065507,0.454767182212061,0.469293876365872,7.29360227016655,NA,4.66301668369608
53015,27.0513043314047,25.9273493049465,49.7967518361477,24.2758988589058,294.615895691263,0.33702219867689,0.34516560958477,5.85853130408615,NA,4.8092902033451
53017,16.8997671814377,49.1697984587454,40.1796601127251,10.6505414285294,94.0892597486099,0.329433286776104,0.40580298138982,7.50400206353862,84,3.20543534009407
53019,19.3806115282679,56.5302531817868,32.6825770257948,10.7871697924184,270.841148550375,0.252985623642699,0.314279640387006,7.07291989580759,60.4728911138924,4.20736125082029
53021,22.7161872778293,46.3999287526965,46.9685728232491,6.6314984240544,66.0308250102109,0.482708101682994,0.491399540192291,7.74779304865287,NA,4.61189017103885
53023,26.353099197008,14.752522699523,66.8544712142072,18.3930060862698,169.112554971587,0.440183162985433,0.475724422654789,7.43029094734059,NA,4.3517636238987
53025,20.1346912172311,50.1682878361015,41.8200972777148,8.01161488618374,76.0168869190362,0.391752879198183,0.423593165447116,7.87694954044961,84,4.08506619642764
53027,24.0606112651907,32.5923224928506,46.1243893571794,21.28328814997,573.676476235447,0.285338634810138,0.301219421503016,5.95501300494715,NA,4.47121124636921
53029,13.9286501099216,57.5998336916515,29.7407949679438,12.6593713404046,418.957900911674,0.272217293384036,0.3120569918838,6.43624283103962,NA,3.35006234846868
53031,22.7520361472737,48.2445375008293,36.6471224241693,15.1083400750014,1034.99500488224,0.256700471376169,0.355367683408431,6.10336699217059,21.77,3.51424815646192
53033,19.6202441771835,48.4768310465035,36.5811094402566,14.9420595132399,786.886919928943,0.243156050402299,0.328166236456676,6.07113487952968,51.597941944768,3.55727581030263
53035,16.1296452812914,52.6188379277161,34.9628798434357,12.4182822288482,544.611145781296,0.222734144003571,0.379482170370211,5.83741630554024,41.9521590330789,3.58681532462847
53037,16.1432943044595,43.948642601896,31.8378949456302,24.2134624524738,194.375434896645,0.211772011346742,0.298531666427938,7.19702892709351,NA,3.08172571260406
53039,23.014282494684,29.5967705315308,52.3211897263866,18.0820397420826,153.251358066802,0.398471100054417,0.425156111195139,7.04509434661483,57.9191478352812,3.71022471989961
53041,25.2132562235389,18.671924506872,47.2458292295353,34.0822462635927,334.915950372916,0.319047521415362,0.324767380017825,5.78656810308348,NA,4.91601160599643
53043,26.9012821023263,19.1068222303363,66.9660875831557,13.927090186508,131.987231505291,0.514139325319123,0.522542563146507,7.73188990142452,NA,4.51281560780668
53045,18.3400773745909,52.3327938804755,33.7963203425338,13.8708857769908,333.969529045824,0.239850496715895,0.284926557123259,5.73843836881617,35.025825100622,4.4970949055877
53047,16.6256703235005,64.3181875180836,26.733636745148,8.94817573676843,176.714736432204,0.220855685892437,0.2863752416881,7.29514893468203,83.9820907945896,4.12457739651682
53049,31.2025600738308,23.683857691057,46.4337798504232,29.8823624585199,1631.67257703122,0.275774087923067,0.280019963655273,5.08274889147395,NA,4.67691351155682
53051,22.2882704068368,30.1544015147033,42.4352621533057,27.4103363319909,244.834410256868,0.361147047277203,0.377722870173633,6.68727271431966,24.2140368342459,4.6160673766029
53053,17.812787574388,55.9302397287079,31.0872231882551,12.9825370830371,631.355098867745,0.22821737173937,0.312198568859608,6.08297719143504,60.4608360453672,3.72901690022268
53055,14.9672059792132,46.030792830024,37.9507400743612,16.0184670956148,403.173796035046,0.359165729008038,0.387741878090869,6.68651296845287,NA,3.23540305612885
53057,25.0185245753371,46.7041832057734,38.4341978417457,14.8616189524809,410.269913230946,0.308987509605231,0.326783341446463,6.41159937633387,38.0239865723946,4.2824933525027
53059,26.3637269859874,32.025226446792,48.2790229845588,19.6957505686492,279.82629306706,0.346882147899598,0.38461254337776,5.87050629071178,NA,4.97704241327375
53061,27.5110015204843,36.7520619063144,44.8095355739457,18.4384025197399,754.323707912257,0.310113266234345,0.340259099893633,6.18577549241021,34.1238227025831,4.06215021446252
53063,27.4220743642176,19.3370298698898,58.3675163297565,22.2954538003538,194.325948475275,0.408416194731806,0.43490024628253,6.82419153806114,55.2186454481934,4.41464523779845
53065,24.8866069509535,38.3027077957863,44.3137280938868,17.3835641103268,541.126227317545,0.350800083052538,0.380490818233015,7.25448134979299,53.4086965835305,4.44325453591146
53067,17.5743617495777,62.8833783711258,24.8026304544483,12.3139911744259,469.966778268554,0.179418353661709,0.223604476117154,6.16806837149734,21.7800653945635,4.60814231789473
53069,27.168131772648,19.4475398705542,54.3319767079864,26.2204834214595,307.351220697087,0.386226481497736,0.386766825490966,5.6741831172934,NA,4.97814678190368
53071,27.4782037453008,26.3692462123693,62.5875442627981,11.0432095248326,143.847598828283,0.51519792740657,0.520934702410219,7.63780513017469,NA,4.85204761026128
53073,27.1449991727152,52.7081241133837,34.5910005543647,12.7008753322516,754.155575795562,0.270160879437484,0.300333256738514,6.24077320675881,38.2684911242604,3.8884756225054
53075,28.7955939421323,12.8765723848645,66.7383883515575,20.3850392635781,252.322912823009,0.444346288112348,0.45178178675745,7.0166525145539,81.0082752523511,4.84980513127159
53077,22.3249214082858,34.713297462239,53.2964914653905,11.9902110723705,95.9624381798861,0.44138865268599,0.47037141773686,7.70677602900213,34.92,3.92497131740769
54001,14.2951162375571,22.2482370394351,52.778973475778,24.9727894847869,87.2592084683665,0.24353362792109,0.415375747473486,5.34356525961052,23.920039082714,3.19351946093023
54003,18.2467890392415,18.9763246052951,44.5170535086346,36.5066218860703,96.0569147715103,0.231810975480153,0.329297321467957,5.90397771189478,27.7178379852496,3.70584312735742
54005,20.3126174700178,46.8718933886489,35.5735790728243,17.5545275385268,199.684425502193,0.229020104588079,0.329141860095461,5.59113112334793,29.5260909548825,4.20691436042343
54007,15.5853724970517,25.2741859702012,43.284214419624,31.4415996101748,382.365461755139,0.259389902205379,0.359743921770803,5.50808210223926,22.0503797598949,3.76249173513113
54009,22.6093240876231,23.7068713606714,49.5671537951065,26.725974844222,129.263274215663,0.327600680100146,0.383076193589756,5.67404994540253,26.2656756926019,3.6555678238935
54011,19.7396259210325,28.1696898806856,45.1744632246533,26.6558468946612,125.856699979528,0.296431203081524,0.378859842913035,5.62498303474452,23.2878548891165,4.03735863806034
54013,21.3251461176231,19.5416579396827,48.0154418050775,32.4429002552398,302.929487573669,0.269448116324876,0.36454065537154,5.52792072054607,25.9072345934843,4.08528989004205
54015,15.5838515016687,24.9216005605618,44.9366878828084,30.1417115566298,296.261940853251,0.238880523863566,0.355520472142629,5.35181196222566,18.4113043318791,3.55571624231014
54017,15.8917319113704,30.3384231536104,42.6659944894356,26.995582356954,62.8152752191881,0.273746861796478,0.360116073780557,5.44557282986796,22.6220366189236,3.16172766083934
54019,14.7808999353389,34.6922189400309,43.2195533022705,22.0882277576986,195.168519454749,0.213365045567781,0.363396435628895,4.85321696242562,20.5624962133524,3.13736576505873
54021,17.5828580177855,28.0631729223111,44.2660591618672,27.6707679158217,78.3044589536375,0.274426870617372,0.393877406530379,5.51923276841205,27.9509987057551,3.8967238949215
54023,12.3840845033336,30.2300444774106,46.5572960490922,23.2126594734972,91.5304803387968,0.219818505296258,0.390513807986688,5.46311457537305,21.6094473450771,2.94640384718992
54025,19.8996926786381,22.144325087875,42.5555733670968,35.3001015450281,202.738988350918,0.232718724003795,0.335684801493902,5.67814322620919,70.3135435194217,3.72751835769135
54027,10.9951646666299,39.2984934845373,40.7672753765727,19.9342311388899,93.1689910862087,0.206332283506063,0.352840825477207,5.25339211401164,20.975859021638,3.24416894299995
54029,13.7019380333967,26.7277160872549,50.023794224701,23.2484896880442,77.5220447946561,0.253005950254738,0.416638777169233,5.42649411828713,35.1902370185153,3.14696759383352
54031,16.4190427620419,33.7376348673876,44.5200314363975,21.7423336962149,124.491152096475,0.241721724701252,0.372320844237906,5.65039534786133,22.1934410189718,3.50609750069169
54033,21.1506098654026,22.0335638221007,49.302278903619,28.6641572742803,86.2531409445099,0.285940926863591,0.389502275720762,5.57567591279264,21.2803970851491,3.8817282921456
54035,21.1410567143096,17.2761330258264,48.246903606309,34.4769633678647,111.38656727701,0.31401571588593,0.364178959314069,5.68376240203756,27.6800742854219,4.15172072671373
54037,23.1152466704932,16.8740326545233,39.9140358237068,43.2119315217699,96.3049182108441,0.241626125874504,0.2743714233219,5.86957995233184,48.5143537759368,4.47689766298598
54039,19.1160952810247,24.0320494510836,47.0403787480471,28.9275718008694,173.773289129605,0.276954670612904,0.362600773275262,5.53088083372081,24.0755028304051,3.86546818244705
54041,18.7256656789953,19.0193752491818,49.646793986084,31.3338307647342,82.179700679594,0.342201149970455,0.386027089588358,5.61250226753758,22.2586126448754,4.09198118141875
54043,20.4852344590891,35.1962888386438,43.2488470774031,21.5548640839532,266.964590623688,0.287984395160232,0.366473997333552,5.75719784872198,25.7416086150439,4.11267092671083
54045,18.4000700385701,50.3258540477106,33.2318534240408,16.4422925282486,150.059987373623,0.160595720229336,0.313973552099671,6.0910771565056,20.1562129300119,4.47901698248621
54047,13.1447408680261,42.333524831586,40.6401517213995,17.0263234470145,238.489726703388,0.169470664539055,0.38800180174118,5.03351649443655,20.9552580184614,3.96823302491073
54049,21.677509898433,19.7294634432401,50.503847274699,29.7666892820609,104.118851548432,0.30544484253304,0.382203031337864,5.62206350414139,22.3869035705819,3.40000827039118
54051,18.8415505690345,16.7459720490691,55.8502348626267,27.4037930883042,106.883610766603,0.273407947344112,0.397835455344939,5.91221982909528,37.7840103458569,3.46121418667604
54053,22.8414914187053,21.8092964397895,49.8546420954286,28.3360614647819,107.207509959497,0.346857776370814,0.389336446751831,5.72567491973749,29.7210994208829,4.31208437325549
54055,13.7733365144656,25.2431194154212,50.4572211748609,24.2996594097179,127.737441075501,0.26303698112517,0.390184961245019,4.98709420767255,23.5456904767869,3.04878533316637
54057,12.906532298895,34.7553097211312,42.3686611796598,22.876029099209,104.275148427976,0.216454195054505,0.35909626777492,5.22644327630966,24.5014484604446,3.64894905785767
54059,16.0909024785839,51.7492471725184,32.2223421292542,16.0284106982274,186.894893190678,0.120411357874596,0.305405321650497,5.82504219496553,20.0295968596174,4.39378873736467
54061,21.1432867490682,20.694409804096,50.2105969876954,29.0949932082085,106.212120395463,0.304270043875601,0.38128760865409,5.58086744197095,24.1874530484871,3.3564668548656
54063,17.9895360156048,22.9543610814972,44.0993091952599,32.9463297232429,132.225644329258,0.224915991284605,0.349430861420163,5.35972688374745,20.1621738074383,3.50007770530683
54065,10.2084031495499,35.0478071149666,45.2441923134534,19.70800057158,114.039493563555,0.181063922731926,0.390392931730947,5.25223145444084,24.543699466119,2.78011519460579
54067,14.8823392897142,29.5496084657367,46.6173204199299,23.8330711143334,148.646836703655,0.243313822472848,0.376953137648645,4.73930063143379,20.3523935906232,3.27346815000606
54069,20.3614077859082,17.9105464338112,54.0247878608511,28.0646657053377,107.033003489903,0.324115273931529,0.393975820528307,5.4616679451787,23.9902050585695,3.2416895093973
54071,13.9106588942378,41.6307991812239,36.9277025311564,21.4414982876197,104.748358341114,0.175785226113419,0.322013175317806,5.71777538425095,20.7118843479943,3.58786472565965
54073,18.5480523415698,18.0588074667731,52.5807234302934,29.3604691029334,105.08473061491,0.332758106499038,0.406383015064481,5.64214533369986,21.1869194139194,4.04756085977728
54075,19.7303291794913,29.5599385692612,44.9787789302702,25.4612825004686,290.866167351813,0.235197550955654,0.351439258979609,5.59805728332522,20.0990978093252,3.80066505807368
54077,12.5706992528501,25.8863306309917,48.3695120617541,25.7441573072542,138.995260605988,0.243348367547368,0.402943911860037,4.95666471219286,41.9408628901409,3.27402812376012
54079,18.6784281569559,18.5524549611296,45.8404413483137,35.6071036905567,138.255329413369,0.269237556240723,0.352975298663676,5.69332258366221,21.8669266650964,4.01403316987313
54081,16.1904978841721,35.3311262716874,43.0821535502751,21.5867201780375,270.124870242892,0.220088350642763,0.365330574178794,4.74583759878276,21.17764712149,3.19638198288136
54083,17.1806877322556,34.8342888884972,42.7671175087753,22.3985936027275,171.507462469311,0.253367164903124,0.372694721758159,5.17956786394218,25.0594757763053,3.83563050027136
54085,18.3002710059117,19.8494075542977,46.0126620145547,34.1379304311476,128.176057525753,0.275528893946671,0.356339057498887,5.65403165908959,21.8359464353998,3.89452147429373
54087,18.9743674161418,18.8833419094533,47.0397579656947,34.076900124852,354.080141100851,0.242245043040929,0.358870492269642,5.42948843225326,20.9088861778447,3.82074721464056
54089,14.851974990973,25.4123630734021,50.1631282605761,24.4245086660219,125.008944367896,0.277609957406648,0.394042056157961,5.05883498724994,23.8654112938667,3.17807452668057
54091,19.1815301357044,21.7505633262752,51.4753024214818,26.774134252243,113.68489244465,0.286737529036092,0.40495290653943,5.35786599095239,24.5052758165884,3.56686289080653
54093,16.9322918003658,34.6862063206696,43.6874393990338,21.6263542802966,170.466114361263,0.215108379483668,0.366723377341499,5.16352412171412,30.441756908094,3.45185757674415
54095,18.7210153478798,16.759716409923,53.252034724852,29.988248865225,101.941572924106,0.330434307409477,0.410495387556779,5.59018162713745,20.8936374535339,3.90759928076502
54097,15.2899960991283,25.2691249783556,48.8543338837347,25.8765411379098,183.023468088824,0.292851838996472,0.385207311185233,5.05476964792959,30.530770730602,3.4622087461105
54099,21.2441656646553,33.926701055601,41.6368314059801,24.4364675384189,138.677165479099,0.280476057603457,0.36116549668183,5.57735688266847,33.8580413945267,4.15674115554381
54101,16.9453180704581,35.8443674213275,43.8041926705504,20.3514399081221,144.791085167144,0.26025738818094,0.381591643167412,4.81103934146366,27.9445854017283,3.71777211891646
54103,13.4757861704184,18.6971146588774,49.7939850124199,31.5089003287027,154.302403595012,0.292453109278359,0.351156168268455,5.32059956485095,20.0737267799286,3.24495991327332
54105,19.7514432267181,19.2196565069421,47.4143234272967,33.3660200657612,107.837096925768,0.334238401635978,0.369893376898865,5.63471805468428,22.1079934935284,4.13306507686562
54107,20.4896020293201,18.7906008754086,47.0797475144416,34.1296516101498,117.334237889358,0.334025172008224,0.364382167410815,5.8014294804571,20.7758492855736,4.16713019498301
54109,14.2953704757561,41.9273863424811,39.0017829495656,19.0708307079533,238.749474947789,0.175154797248026,0.35537855323942,4.94966423760354,20.1324110474308,3.50382695069169
55001,15.6721180768552,78.3825379940586,11.7181500676609,9.89931193828048,438.340153847781,0.117065128636369,0.117940798969525,6.068121047774,65.2119144118851,4.52199541939628
55003,21.1177823513686,43.1036950908724,32.2011219486858,24.6951829604418,274.187870149076,0.29774561066443,0.311186399720053,6.6384585779211,62.6781655963368,4.26528846304393
55005,22.3052190310617,58.1040739733705,31.0374197026424,10.8585063239871,231.508238475757,0.288614921310814,0.292462651888685,5.71039763052695,48.6556158039519,3.94300113925716
55007,21.7506415886684,34.081191335128,29.8077149224522,36.1110937424198,137.159424240689,0.292716866831416,0.293349279489601,7.16678563397271,63.6077332109256,4.63617467473462
55009,19.5073390475569,27.0277852008156,39.4464204310396,33.5257943681447,191.182529173241,0.326967389003494,0.349934295401119,7.42939753580609,64.154172927021,3.92407377294235
55011,29.2546243885434,33.2216651254691,51.0044860978579,15.773848776673,270.719801496264,0.390774469261223,0.396875778662142,6.2133837213917,47.0721883240271,4.26622731325454
55013,20.7432889032982,69.5875435209053,13.834175114443,16.5782813646517,672.802717268282,0.168434340378546,0.17399624420723,6.13182454271323,61.5400836106029,4.29416694417608
55015,18.6864721778853,25.2586106025025,41.2551188682228,33.4862705292747,340.810238132187,0.302811213804797,0.33737137189146,7.53203383183773,66.7282149728107,3.30598421348375
55017,19.0654793294786,54.5159255419588,33.1670219745224,12.3170524835188,280.12774499157,0.297316359889285,0.299141884953579,5.77600055774692,70.3376452735877,4.0038695753783
55019,20.9656369779364,40.9768110098382,41.7450743086338,17.2781146815281,207.654456871399,0.400563250261333,0.402591722625267,5.39435498460932,67.4197041560235,4.02209709657932
55021,25.6458517376754,46.0990007774471,36.6751026189557,17.2258966035972,535.618434678077,0.306213707240263,0.313007060498981,6.8584756542248,60.6140301212516,4.64079517227225
55023,33.1850287591159,19.6370579516282,60.8534903227403,19.5094517256315,101.448921074374,0.445978450099963,0.46758504315769,6.34748922271381,37.8514004858733,4.36267191146762
55025,25.5462761094277,32.5283236723047,46.0482767317028,21.4233995959925,566.970446686455,0.324325551654086,0.35386677019438,6.76127433237811,62.4731475149538,4.03412131006801
55027,28.9362060090431,33.8705280500406,45.263854138686,20.8656178112734,519.581884448516,0.369655614940056,0.387858350875588,7.15936527110956,63.3789778845408,4.33540692218725
55029,14.8827157357926,48.6879161579236,32.4281758518885,18.8839079901879,169.450165537166,0.305366280803582,0.334805991317819,7.24349356430312,61.1299465119142,2.90192945765129
55031,18.9213953728807,21.7464998537749,24.5606674265471,53.692832719678,178.704404500468,0.214957426603847,0.218851259949808,7.42385211450462,68.9337758621193,4.85657602089925
55033,21.7532255251169,60.8429975525166,28.2704931981679,10.8865092493155,250.920578477109,0.274302778238114,0.281598586242736,6.00292629868997,60.5651942634852,4.08085646300655
55035,17.1180858982267,54.14516658771,33.0925365932982,12.7622968189918,272.283633051726,0.302285020578138,0.302862485561917,5.88475200525579,33.5669947097536,3.76347416721604
55037,18.1000326248061,65.0015094393513,24.8030902051462,10.1954003555025,214.7920136903,0.219500285362651,0.235024388795056,5.71805577887956,56.6347730114296,3.90478893858661
55039,25.4584124885332,32.8996868787682,44.5463412187018,22.55397190253,346.596437392613,0.350165327179543,0.379590740501779,7.29916718779597,62.8246823798103,3.8507642241596
55041,17.7267782392408,64.8204129220959,28.2265575593619,6.95302951854219,272.997990551177,0.246805928601536,0.257726819507431,5.57795892279069,56.2526914653459,3.46295421004751
55043,24.7384805804447,10.1631328154998,59.787874645468,30.0489925390322,121.908134763712,0.399984959396392,0.40650438076519,6.07557630163261,57.5994875054405,4.21613186763715
55045,20.1380140429308,24.6385796139091,50.0382852736047,25.3231351124862,209.648891736351,0.355399856096904,0.361438315304488,6.46912930549805,60.9193475596417,3.11765315126001
55047,23.892447318271,50.0948529154336,32.8491396603977,17.0560074241686,484.409905905224,0.286600548344609,0.300364505227253,6.97346434514252,62.6302947148484,4.43049898731057
55049,19.9666965019817,18.1031544789838,53.3314427944403,28.5654027265759,138.919042547027,0.376395122989519,0.384871327360072,6.23283128169615,59.8004294772429,3.1150619817545
55051,26.4725719397982,52.07495790321,35.045725376038,12.879316720752,646.23889994966,0.311564172569311,0.331428790428419,6.1746801029269,70.6679171220093,4.2681840596107
55053,23.4678562060839,52.3068593578951,35.680814093458,12.0123265486468,374.19210111451,0.301682610123244,0.302666615499628,5.90690135423113,55.2713446442037,4.300859827063
55055,26.4280144284243,46.6072911982816,35.3090016417285,18.0837071599899,1115.39407681906,0.285792126296954,0.310549102693771,7.31058880219937,64.1067658330415,4.18883638588601
55057,19.3917704796482,54.842907992983,29.7807413806397,15.3763506263773,334.969705143783,0.273675495802028,0.275273901000968,6.08960118187528,59.435654612352,4.02950801051662
55059,23.3019236506748,26.0429812427274,44.3159293674509,29.6410893898217,522.730005180029,0.314916285447144,0.320200853612542,7.17798145760565,61.7339992005339,4.52319300675261
55061,23.9079021803812,38.0193253550906,38.0101175709587,23.9705570739507,267.578288499769,0.321650554653864,0.353901072441744,7.41267372169489,61.6705202488449,4.20989086194173
55063,29.0002116939063,34.7793951217558,47.7083920928724,17.5122127853718,189.103329455494,0.366888288810636,0.37473616165399,6.14600188962967,51.7847266234704,4.64555491310186
55065,23.5690297786002,11.2732568383319,58.4576335036779,30.2691096579902,146.64777236522,0.398836575925682,0.399595952876649,6.36273687167538,60.9353718013371,3.49084550852804
55067,18.5008788762853,57.7724460067762,32.6147941473107,9.61275984591308,173.585244822282,0.275057710923317,0.278515400826566,5.6616558250709,66.1937869937387,3.61968818506176
55069,17.8946334084398,58.7891891803677,31.9734656153323,9.23734520429997,194.42734414409,0.328340746329244,0.346148540648809,5.60539972075985,67.4493077953454,3.83521578074306
55071,21.2592370246725,31.5650543712974,38.2670262020271,30.1679194266755,354.110239242502,0.296844169546317,0.316658630945245,7.45249831677816,63.526300406498,3.99896544309723
55073,19.2253025580121,47.6691189689309,37.4351897629127,14.8956912681564,228.072645802293,0.344542036587767,0.369498909430998,5.58244857120373,64.9455951846502,3.96249652667465
55075,17.2663714053593,69.7979346871226,20.2236234946402,9.97844181823713,378.033318250091,0.208125203206652,0.237886426720011,6.95636558888581,61.7684015387395,4.08103770322647
55077,20.4702234007848,69.2428332475101,19.1803734475274,11.5767933049625,1013.87140435591,0.24734863600524,0.251321301290073,6.59971033300663,62.0814825123219,4.28875424063511
55078,17.8378885647913,75.4505221787132,15.8766189862418,8.67285883504502,477.461828461757,0.153608059168502,0.159437635443894,6.0244830865025,59.2248819949345,4.75467061206946
55079,22.4188603717783,19.4103900395107,47.7528956429637,32.8367143175255,409.395643815027,0.351253014547342,0.353789630231967,7.04941702466912,65.3161532791816,4.69995996424046
55081,23.1167371468659,39.1767005560674,39.4454960640334,21.3778033798993,299.866566954148,0.315542654386326,0.326431378126086,5.94181517355841,51.1699208690776,4.12906221235294
55083,20.342451931086,62.222476010525,26.0413261828989,11.736197806576,372.068792223613,0.251786392332007,0.304261246681487,7.10035696459044,70.1521633207446,4.20233445569917
55085,15.6926046588008,82.1980034725435,12.5428249860221,5.25917154143444,727.064490086457,0.0825276643998327,0.131121829995787,5.62238127755179,57.1711467868724,4.30418040676575
55087,23.7144766692704,40.1786999240886,36.707335933051,23.1139641428604,229.825414818957,0.321571062528948,0.340628402568821,7.3277320174925,66.252714534113,4.30503681417687
55089,19.9559917776605,29.0503231672472,41.0064833225207,29.9431935102321,294.984142028373,0.332321405472255,0.35046935942578,7.50857756641886,60.410848741752,3.47553625865594
55091,27.118923739831,44.9343744588055,40.4343528468948,14.6312726942996,274.953346580657,0.321675567113163,0.330463276691234,6.17427314243024,57.7074284910608,4.29462982726911
55093,34.3051451203572,30.0278875446347,49.5239348791628,20.4481775762025,119.114689581563,0.400956518476858,0.412426155829521,6.268776686748,53.0382901430931,4.34450320977429
55095,18.3778314406458,64.1170272427789,26.8132780353956,9.06969472182548,378.260418439404,0.273568387548541,0.285169177645861,5.8709970551426,56.1924302982485,3.52604738703697
55097,16.6286755975839,78.3378061151211,13.354928312835,8.30726557204393,589.632230034058,0.111280642296327,0.148575495319628,6.1219172957604,67.3506420543905,4.26440470887831
55099,21.374993904909,58.8516496977215,32.2180989785815,8.93025132369699,513.727302669447,0.340408686047709,0.351645516791697,5.54123332001262,60.6237252704444,3.77002430968671
55101,24.3942588810838,24.3066610721805,45.3799474044654,30.313391523354,855.713498929375,0.323396936425499,0.329514934563403,7.1724376272494,61.6526467996804,4.50997890825595
55103,26.3035799351594,27.7895961761314,49.8311647812142,22.3792390426544,150.656027442806,0.368879374516404,0.397817238603964,6.21549634045535,46.3093555388433,4.0992408647489
55105,23.8861836406425,41.8172724642561,37.9818355081822,20.2008920275618,303.474627165395,0.273439131492165,0.294267671288154,6.80214274752681,63.9106917369271,4.01248595016441
55107,23.557409311622,50.9221233910116,37.8253043358179,11.2525722731705,507.715568296532,0.351772420130511,0.357237432310333,5.56557370031834,60.7469659641536,4.03311836631136
55109,18.9536840297982,54.740632656528,31.5809197504374,13.6784475930346,151.654636931226,0.252473321630522,0.307991288932869,5.99599993035573,58.2448817142799,3.94117714455643
55111,20.3454293502787,34.2425191110086,42.4823588628811,23.2751220261103,269.811904184226,0.303396899333101,0.34802991773116,6.01225530401599,58.5450901359793,3.87979096821143
55113,17.9708030633492,67.817921413827,24.852186331511,7.32989225466194,370.931285907109,0.247648408869803,0.25264710576595,5.56624446657365,56.0288748821532,3.85906891602026
55115,19.0953028854648,63.1735196313112,24.884402517299,11.9420778513898,244.243540951133,0.229533122620462,0.276806318201798,6.68542873327786,63.4431919663239,4.33585650508559
55117,19.742544841616,35.915377299461,38.6395987501393,25.4450239503997,271.705294908244,0.290222177598241,0.3343113604225,7.53718524546468,61.6062926259049,3.57928884635638
55119,24.7771765323309,43.3787175564226,43.1434989043188,13.4777835392586,612.637004331641,0.407345157097596,0.412367125118419,5.53960603725412,64.3961999895584,3.93099276325702
55121,25.3048539247943,42.6243728918272,43.4040209172858,13.971606190887,280.080793257986,0.351625304497772,0.353995735073962,6.08503090844961,47.1234158166555,4.03874067216384
55123,31.9573575874574,20.2188908181335,59.7370583944321,20.0440507874344,131.318285945743,0.435921596779014,0.4596547062883,6.32400931571592,41.7592267056206,4.28933495269418
55125,16.2264267011015,84.9695639505624,10.4966772043625,4.5337588450752,1106.41705040001,0.119809564084729,0.133309605209831,5.60141710532871,60.3345797188154,3.84995648488947
55127,27.6436135983202,40.7417906110618,39.1855889149001,20.0726204740381,646.174007955592,0.297789519273908,0.307772524061211,7.03364100022605,65.6181469108779,4.29495986219392
55129,17.5302327813105,75.9459775338545,16.5191543863355,7.53486807980996,315.220502664112,0.183604840280273,0.195884099027098,5.62501106803275,55.7241689199645,4.20605367079183
55131,22.0025381677739,44.8715103320244,38.7287754104502,16.3997142575254,397.236297253603,0.314604578881691,0.372379823411782,7.50029658010673,60.3274009192449,3.19387578799668
55133,21.7557777964732,47.3180910948918,35.0903885314067,17.5915203737014,863.434417441536,0.273239399804661,0.327880636898116,7.34816111126278,63.0145095712739,3.31337375701065
55135,20.8436013706608,66.7338405791058,20.007034256836,13.2591251640582,482.532489047328,0.186437029363571,0.210579894389415,6.60348555392395,64.6816856419395,4.67523462260407
55137,16.2215452763118,77.6617295302798,12.2319341846809,10.1063362850393,517.947159735413,0.114077540884252,0.133689970822786,6.36823578054928,66.515235936837,4.4894016231198
55139,21.010077681448,29.9622235764813,37.4544213578548,32.5833550656639,339.197418126623,0.283221470829807,0.30344854901642,7.31069403373981,67.9726277592733,3.92494563255431
55141,21.0490601268301,45.4771058874114,36.7178636559548,17.8050304566338,321.371978652851,0.318296894002321,0.345088572909107,5.43580470630943,63.3198986046923,4.09162827042616
56001,15.4023792173497,64.3834367098535,20.206362260514,15.4102010296325,132.342371842124,0.164627306949157,0.222115792778252,7.98528403520951,NA,3.75572358557819
56003,20.5617135461621,50.4855557987434,28.0556437785263,21.4588004227304,67.3804711641495,0.241467937497055,0.264931948449127,8.12282164179326,NA,4.23016598052519
56005,22.2642331395225,39.5412852330898,30.6903004471684,29.7684143197418,78.6546389057245,0.307746660428605,0.308333033186029,7.95459690995766,65.9863751189014,4.38619561591094
56007,18.3682130257099,60.3644833961424,22.1407721306801,17.4947444731775,172.382805983603,0.210650041805006,0.255160249663369,7.90771106606511,78.6286867855316,3.69874089594837
56009,21.4775577317644,49.718140613195,29.0069804669464,21.2748789198587,72.1525734770766,0.325025935491028,0.32805255588117,8.06683588643854,57.1144260261615,4.57794302777578
56011,23.5794298016055,32.4799146370601,38.8202337544689,28.6998516084711,122.776377209411,0.34097973551714,0.344189030700167,7.85178246248881,56.8116201871365,4.44315864164959
56013,20.1021864121212,51.5028287663448,26.4833316266408,22.0138396070143,62.4274136017568,0.2842137354114,0.306931408317666,8.40142517364221,NA,4.4144186535669
56015,20.8854187190688,53.0833576288493,31.1827223577291,15.7339200134216,86.5491644126764,0.36828742110453,0.370544305007703,8.06722640778365,73.06616409993,4.64223316428658
56017,23.597818907649,45.1719673326543,27.5789851660721,27.2490475012736,61.3972498329996,0.326747220769058,0.363180479750977,8.60140635523354,NA,4.62725909733208
56019,23.6799371078093,42.0106117682885,32.4264248969809,25.5629633347306,101.179547874398,0.292844036493082,0.301858252980693,8.13019185014832,69.4062589359102,4.73021590740965
56021,19.2544437311338,60.7565591159815,22.1100063852574,17.1334344987611,122.68040778506,0.229041244539,0.239158873641672,7.78049135015652,NA,4.20222869426024
56023,18.5828429745806,47.0727923964385,34.0847125307553,18.8424950728062,182.830723640684,0.206551430479782,0.313474366379774,7.91217697016562,57.432077579078,3.88601772678894
56025,22.9751842575362,46.1560961342342,28.0818558563226,25.7620480094433,99.8850528126474,0.28774244507147,0.290109532354308,8.47768812520719,59.9895974344099,4.24725117164586
56027,18.3046448637933,62.1343215140872,22.2885238319102,15.5771546540026,114.613099904102,0.316283370054538,0.31631165172884,7.46505057581837,45.6011471013876,4.3811731062847
56029,18.2202521740184,54.6311240181612,26.0846779224459,19.284198059393,66.5140960600278,0.213436348062245,0.260549346350344,8.15051630974699,NA,4.20242516137288
56031,18.290841903412,65.2045803884324,20.9273541113505,13.8680655002171,89.4343778458658,0.277158993995719,0.300026763812423,8.07496643567779,NA,4.3158249171556
56033,23.2129941705479,38.0132661948185,32.9219078005006,29.0648260046809,143.606467227217,0.27003705643891,0.290309433143336,8.04475639822008,65.7648577463827,4.60771035399643
56035,19.1755047061338,64.2691194796605,19.4908601548384,16.2400203655012,338.191070995252,0.136223900762953,0.202635921860402,7.9017491606171,49.9072053745003,3.48592803886493
56037,13.0961126254353,74.241169418392,15.4738172828905,10.2850132987175,53.6811409191119,0.175120608014853,0.201441739110077,7.91294938143927,40.8018498407716,3.26276370450766
56039,17.7430932295732,48.902782584837,35.2853670369385,15.8118503782245,136.847352073822,0.255119064852831,0.311378468679124,7.38623674467713,NA,3.74157679361164
56041,13.6200360268511,71.9171839525176,15.4700540216014,12.612762025881,138.847876064803,0.127503988832976,0.163845011667287,7.97307463427743,64.0474581289827,3.17459964635377
56043,22.8152878814908,35.3940099133813,24.5215041835381,40.0844859030805,62.4633717932073,0.308820547710204,0.316505582228247,8.37570150947379,NA,4.76742839247361
56045,23.410275872549,35.479480566515,38.5555815948354,25.9649378386496,122.773637891474,0.324452334977925,0.335383448800492,8.20292663089237,52.1235059760956,4.72068872995247
